OMS_SKU,OMS_Inventory,Buffer_Stock,Amazon_Inventory,Myntra_Other_Inventory,Flipkart_Inventory,Marketplace_Total,Total_Inventory,Manual_InTransit,Not_In_Inventory_Qty
1001YKBEIGE-3XL,34.0,11.0,22.0,0.0,0.0,22.0,56.0,0,0
1001YKBEIGE-4XL,39.0,12.0,4.0,0.0,0.0,4.0,43.0,0,0
1001YKBEIGE-5XL,22.0,6.0,8.0,0.0,0.0,8.0,30.0,0,0
1001YKBEIGE-6XL,13.0,4.0,5.0,0.0,0.0,5.0,18.0,0,0
1001YKBEIGE-7XL,20.0,5.0,3.0,0.0,0.0,3.0,23.0,0,0
1001YKBEIGE-8XL,20.0,4.0,1.0,0.0,0.0,1.0,21.0,0,0
1001YKBEIGE-L,19.0,6.0,7.0,0.0,0.0,7.0,26.0,0,0
1001YKBEIGE-M,33.0,5.0,3.0,0.0,0.0,3.0,36.0,0,0
1001YKBEIGE-S,16.0,4.0,6.0,0.0,0.0,6.0,22.0,0,0
1001YKBEIGE-XL,24.0,7.0,12.0,0.0,0.0,12.0,36.0,0,0
1001YKBEIGE-XS,14.0,4.0,1.0,0.0,0.0,1.0,15.0,0,0
1001YKBEIGE-XXL,24.0,9.0,17.0,0.0,1.0,18.0,42.0,0,0
1003KDMUSTARD-11-12,13.0,6.0,2.0,0.0,0.0,2.0,15.0,0,0
1003KDMUSTARD-13-14,2.0,1.0,0.0,0.0,0.0,0.0,2.0,0,0
1003KDMUSTARD-7-8,38.0,5.0,3.0,0.0,0.0,3.0,41.0,0,0
1003KDMUSTARD-9-10,13.0,4.0,1.0,0.0,0.0,1.0,14.0,0,0
1003YKMUSTARD-3XL,75.0,10.0,29.0,0.0,0.0,29.0,104.0,0,0
1003YKMUSTARD-4XL,104.0,16.0,21.0,0.0,0.0,21.0,125.0,0,0
1003YKMUSTARD-5XL,45.0,10.0,31.0,0.0,1.0,32.0,77.0,0,0
1003YKMUSTARD-6XL,17.0,8.0,17.0,0.0,0.0,17.0,34.0,0,0
1003YKMUSTARD-7XL,9.0,6.0,16.0,0.0,0.0,18.0,27.0,2,0
1003YKMUSTARD-8XL,16.0,4.0,7.0,0.0,0.0,7.0,23.0,0,0
1003YKMUSTARD-L,4.0,4.0,7.0,0.0,0.0,11.0,15.0,4,0
1003YKMUSTARD-M,13.0,5.0,12.0,0.0,0.0,12.0,25.0,0,0
1003YKMUSTARD-S,9.0,5.0,8.0,0.0,0.0,8.0,17.0,0,0
1003YKMUSTARD-XL,14.0,7.0,18.0,0.0,0.0,18.0,32.0,0,0
1003YKMUSTARD-XS,19.0,3.0,5.0,0.0,0.0,5.0,24.0,0,0
1003YKMUSTARD-XXL,9.0,9.0,19.0,11.0,0.0,30.0,39.0,0,0
1006KDBLUE-11-12,23.0,6.0,1.0,0.0,0.0,1.0,24.0,0,0
1006KDBLUE-13-14,17.0,6.0,1.0,0.0,0.0,1.0,18.0,0,0
1006KDBLUE-7-8,21.0,5.0,0.0,0.0,0.0,0.0,21.0,0,0
1006KDBLUE-9-10,20.0,5.0,1.0,0.0,0.0,1.0,21.0,0,0
1006YKBLUE-3XL,85.0,12.0,10.0,0.0,0.0,10.0,95.0,0,0
1006YKBLUE-4XL,126.0,15.0,39.0,0.0,0.0,39.0,165.0,0,0
1006YKBLUE-5XL,96.0,9.0,18.0,0.0,0.0,18.0,114.0,0,0
1006YKBLUE-6XL,63.0,5.0,12.0,0.0,0.0,12.0,75.0,0,0
1006YKBLUE-7XL,47.0,5.0,15.0,0.0,0.0,15.0,62.0,0,0
1006YKBLUE-8XL,30.0,7.0,11.0,0.0,0.0,11.0,41.0,0,0
1006YKBLUE-L,45.0,10.0,5.0,0.0,0.0,5.0,50.0,0,0
1006YKBLUE-M,46.0,8.0,4.0,0.0,0.0,4.0,50.0,0,0
1006YKBLUE-S,75.0,6.0,7.0,0.0,0.0,7.0,82.0,0,0
1006YKBLUE-XL,48.0,7.0,10.0,0.0,0.0,10.0,58.0,0,0
1006YKBLUE-XS,16.0,3.0,5.0,0.0,0.0,5.0,21.0,0,0
1006YKBLUE-XXL,66.0,16.0,15.0,2.0,0.0,17.0,83.0,0,0
1007YKBLACK-3XL,66.0,7.0,17.0,0.0,4.0,41.0,107.0,6,14
1007YKBLACK-4XL,63.0,8.0,4.0,0.0,0.0,6.0,69.0,2,0
1007YKBLACK-5XL,18.0,10.0,22.0,0.0,0.0,22.0,40.0,0,0
1007YKBLACK-6XL,48.0,4.0,1.0,0.0,0.0,1.0,49.0,0,0
1007YKBLACK-7XL,13.0,4.0,1.0,0.0,0.0,2.0,15.0,0,1
1007YKBLACK-8XL,50.0,5.0,15.0,1.0,0.0,29.0,79.0,0,13
1007YKBLACK-L,46.0,7.0,27.0,0.0,1.0,28.0,74.0,0,0
1007YKBLACK-M,82.0,8.0,26.0,0.0,1.0,27.0,109.0,0,0
1007YKBLACK-S,46.0,9.0,20.0,0.0,1.0,21.0,67.0,0,0
1007YKBLACK-XL,41.0,6.0,16.0,0.0,1.0,23.0,64.0,6,0
1007YKBLACK-XS,17.0,5.0,13.0,0.0,1.0,20.0,37.0,5,1
1007YKBLACK-XXL,69.0,6.0,29.0,18.0,1.0,71.0,140.0,4,19
1012YKPINK-3XL,77.0,7.0,15.0,0.0,1.0,30.0,107.0,10,4
1012YKPINK-4XL,90.0,4.0,8.0,0.0,0.0,62.0,152.0,0,54
1012YKPINK-5XL,73.0,2.0,0.0,0.0,0.0,4.0,77.0,0,4
1012YKPINK-L,68.0,9.0,25.0,0.0,0.0,25.0,93.0,0,0
1012YKPINK-M,72.0,9.0,8.0,0.0,2.0,10.0,82.0,0,0
1012YKPINK-S,86.0,4.0,5.0,0.0,0.0,14.0,100.0,4,5
1012YKPINK-XL,109.0,6.0,14.0,0.0,3.0,17.0,126.0,0,0
1012YKPINK-XS,16.0,2.0,8.0,0.0,0.0,21.0,37.0,9,4
1012YKPINK-XXL,121.0,8.0,9.0,0.0,1.0,10.0,131.0,0,0
1014YKAZKBLE-M,1.0,0.0,0.0,0.0,0.0,0.0,1.0,0,0
1014YKAZKBLE-S,1.0,0.0,0.0,0.0,0.0,0.0,1.0,0,0
1016YKMULTIPRINT-XL,2.0,1.0,0.0,0.0,0.0,0.0,2.0,0,0
1018YKBROWN-L,5.0,4.0,0.0,0.0,0.0,0.0,5.0,0,0
1018YKBROWN-M,3.0,3.0,0.0,0.0,0.0,0.0,3.0,0,0
1018YKBROWN-S,5.0,3.0,0.0,0.0,0.0,0.0,5.0,0,0
1023YKPBLUE-3XL,129.0,11.0,35.0,1.0,0.0,57.0,186.0,0,21
1023YKPBLUE-4XL,71.0,10.0,14.0,1.0,1.0,29.0,100.0,0,13
1023YKPBLUE-5XL,120.0,8.0,6.0,0.0,0.0,46.0,166.0,6,34
1023YKPBLUE-6XL,49.0,3.0,8.0,0.0,0.0,24.0,73.0,2,14
1023YKPBLUE-7XL,53.0,4.0,3.0,0.0,0.0,10.0,63.0,2,5
1023YKPBLUE-8XL,56.0,6.0,2.0,0.0,0.0,7.0,63.0,0,5
1023YKPBLUE-L,469.0,20.0,75.0,0.0,0.0,85.0,554.0,10,0
1023YKPBLUE-M,284.0,19.0,91.0,0.0,0.0,109.0,393.0,0,18
1023YKPBLUE-S,474.0,20.0,46.0,0.0,0.0,46.0,520.0,0,0
1023YKPBLUE-XL,319.0,24.0,39.0,0.0,0.0,39.0,358.0,0,0
1023YKPBLUE-XS,121.0,10.0,34.0,0.0,1.0,42.0,163.0,0,7
1023YKPBLUE-XXL,216.0,9.0,41.0,0.0,1.0,71.0,287.0,0,29
1024YKMUSTARD-3XL,17.0,15.0,8.0,0.0,0.0,8.0,25.0,0,0
1024YKMUSTARD-4XL,2.0,2.0,4.0,0.0,0.0,7.0,9.0,3,0
1024YKMUSTARD-5XL,0.0,1.0,4.0,0.0,0.0,8.0,8.0,4,0
1024YKMUSTARD-6XL,1.0,1.0,0.0,0.0,0.0,0.0,1.0,0,0
1024YKMUSTARD-L,34.0,7.0,6.0,0.0,0.0,6.0,40.0,0,0
1024YKMUSTARD-M,20.0,6.0,7.0,0.0,0.0,7.0,27.0,0,0
1024YKMUSTARD-S,14.0,5.0,2.0,0.0,0.0,2.0,16.0,0,0
1024YKMUSTARD-XL,5.0,4.0,2.0,0.0,0.0,4.0,9.0,2,0
1024YKMUSTARD-XS,9.0,3.0,1.0,0.0,0.0,1.0,10.0,0,0
1024YKMUSTARD-XXL,40.0,15.0,10.0,6.0,0.0,16.0,56.0,0,0
1025YKSKY-S,4.0,3.0,0.0,0.0,0.0,0.0,4.0,0,0
1034YKTEAL-3XL,1.0,1.0,0.0,0.0,0.0,0.0,1.0,0,0
1034YKTEAL-4XL,2.0,1.0,0.0,0.0,0.0,0.0,2.0,0,0
1034YKTEAL-5XL,1.0,1.0,0.0,0.0,0.0,0.0,1.0,0,0
1034YKTEAL-L,22.0,7.0,12.0,0.0,1.0,13.0,35.0,0,0
1034YKTEAL-M,37.0,4.0,9.0,0.0,0.0,9.0,46.0,0,0
1034YKTEAL-S,2.0,1.0,2.0,0.0,0.0,2.0,4.0,0,0
1034YKTEAL-XL,3.0,2.0,11.0,0.0,0.0,16.0,19.0,5,0
1034YKTEAL-XS,6.0,4.0,2.0,0.0,0.0,4.0,10.0,2,0
1034YKTEAL-XXL,18.0,6.0,11.0,0.0,0.0,11.0,29.0,0,0
1035YKMAROON-S,1.0,0.0,0.0,0.0,0.0,0.0,1.0,0,0
1037DPT19WHITE-3XL,0.0,0.0,0.0,2.0,0.0,2.0,2.0,0,0
1037DPT19WHITE-5XL,0.0,0.0,0.0,1.0,0.0,1.0,1.0,0,0
1037DPT19WHITE-S,0.0,0.0,0.0,1.0,0.0,1.0,1.0,0,0
1037DPT19WHITE-XXL,0.0,0.0,0.0,3.0,0.0,3.0,3.0,0,0
1037YKBLUE-3XL,93.0,12.0,24.0,0.0,0.0,24.0,117.0,0,0
1037YKBLUE-4XL,11.0,11.0,10.0,0.0,0.0,10.0,21.0,0,0
1037YKBLUE-5XL,118.0,10.0,26.0,0.0,1.0,27.0,145.0,0,0
1037YKBLUE-6XL,13.0,5.0,2.0,0.0,0.0,2.0,15.0,0,0
1037YKBLUE-7XL,3.0,3.0,4.0,0.0,0.0,4.0,7.0,0,0
1037YKBLUE-8XL,0.0,0.0,1.0,0.0,0.0,1.0,1.0,0,0
1037YKBLUE-L,7.0,4.0,5.0,0.0,0.0,5.0,12.0,0,0
1037YKBLUE-M,5.0,2.0,7.0,0.0,0.0,7.0,12.0,0,0
1037YKBLUE-S,79.0,6.0,5.0,0.0,0.0,5.0,84.0,0,0
1037YKBLUE-XL,18.0,4.0,0.0,0.0,0.0,0.0,18.0,0,0
1037YKBLUE-XS,35.0,7.0,2.0,0.0,0.0,2.0,37.0,0,0
1037YKBLUE-XXL,27.0,9.0,21.0,11.0,0.0,32.0,59.0,0,0
1043YKMAROON-3XL,4.0,4.0,61.0,0.0,0.0,63.0,67.0,2,0
1043YKMAROON-4XL,24.0,9.0,51.0,0.0,0.0,51.0,75.0,0,0
1043YKMAROON-5XL,12.0,8.0,20.0,0.0,0.0,20.0,32.0,0,0
1043YKMAROON-6XL,19.0,7.0,16.0,0.0,0.0,16.0,35.0,0,0
1043YKMAROON-7XL,11.0,4.0,5.0,0.0,0.0,7.0,18.0,2,0
1043YKMAROON-8XL,18.0,8.0,10.0,3.0,0.0,13.0,31.0,0,0
1043YKMAROON-L,151.0,22.0,189.0,4.0,1.0,194.0,345.0,0,0
1043YKMAROON-M,63.0,16.0,119.0,0.0,0.0,119.0,182.0,0,0
1043YKMAROON-S,28.0,8.0,35.0,0.0,1.0,36.0,64.0,0,0
1043YKMAROON-XL,70.0,20.0,157.0,3.0,1.0,161.0,231.0,0,0
1043YKMAROON-XS,13.0,8.0,26.0,1.0,0.0,27.0,40.0,0,0
1043YKMAROON-XXL,62.0,17.0,86.0,3.0,0.0,89.0,151.0,0,0
1044YKRUST-3XL,1.0,0.0,0.0,0.0,0.0,0.0,1.0,0,0
1046YKBLUE-L,25.0,7.0,11.0,0.0,0.0,11.0,36.0,0,0
1046YKBLUE-M,10.0,7.0,8.0,0.0,0.0,8.0,18.0,0,0
1046YKBLUE-S,26.0,5.0,3.0,0.0,0.0,3.0,29.0,0,0
1046YKBLUE-XL,7.0,7.0,21.0,0.0,0.0,25.0,32.0,4,0
1046YKBLUE-XS,18.0,7.0,2.0,0.0,0.0,4.0,22.0,2,0
1046YKBLUE-XXL,11.0,8.0,19.0,0.0,0.0,27.0,38.0,8,0
1047YKBLUISHEGREY-L,1.0,1.0,0.0,0.0,0.0,0.0,1.0,0,0
1047YKBLUISHEGREY-M,13.0,7.0,1.0,0.0,0.0,1.0,14.0,0,0
1047YKBLUISHEGREY-S,20.0,8.0,1.0,0.0,0.0,1.0,21.0,0,0
1047YKBLUISHEGREY-XL,1.0,1.0,0.0,0.0,0.0,0.0,1.0,0,0
1047YKBLUISHEGREY-XS,2.0,1.0,0.0,0.0,0.0,0.0,2.0,0,0
1048YKBLUE-3XL,6.0,6.0,59.0,15.0,0.0,80.0,86.0,3,3
1048YKBLUE-4XL,41.0,10.0,26.0,4.0,0.0,33.0,74.0,2,1
1048YKBLUE-5XL,30.0,11.0,32.0,5.0,0.0,55.0,85.0,18,0
1048YKBLUE-6XL,8.0,6.0,8.0,8.0,0.0,18.0,26.0,2,0
1048YKBLUE-7XL,6.0,5.0,12.0,9.0,0.0,23.0,29.0,2,0
1048YKBLUE-8XL,23.0,5.0,1.0,8.0,2.0,13.0,36.0,2,0
1048YKBLUE-L,15.0,14.0,41.0,8.0,0.0,52.0,67.0,3,0
1048YKBLUE-M,38.0,11.0,45.0,6.0,0.0,61.0,99.0,10,0
1048YKBLUE-S,7.0,6.0,11.0,6.0,1.0,20.0,27.0,2,0
1048YKBLUE-XL,3.0,3.0,33.0,7.0,0.0,46.0,49.0,6,0
1048YKBLUE-XS,66.0,6.0,6.0,6.0,0.0,14.0,80.0,2,0
1048YKBLUE-XXL,41.0,15.0,83.0,9.0,0.0,96.0,137.0,3,1
1049YKMAROON-XL,0.0,0.0,0.0,0.0,1.0,1.0,1.0,0,0
1050YKBLUE-3XL,27.0,2.0,2.0,0.0,1.0,3.0,30.0,0,0
1050YKBLUE-4XL,36.0,3.0,15.0,0.0,1.0,16.0,52.0,0,0
1050YKBLUE-5XL,13.0,5.0,6.0,0.0,0.0,6.0,19.0,0,0
1050YKBLUE-L,19.0,6.0,13.0,0.0,1.0,19.0,38.0,4,1
1050YKBLUE-M,44.0,6.0,7.0,0.0,0.0,24.0,68.0,0,17
1050YKBLUE-S,17.0,6.0,5.0,0.0,1.0,6.0,23.0,0,0
1050YKBLUE-XL,49.0,5.0,13.0,0.0,1.0,14.0,63.0,0,0
1050YKBLUE-XS,14.0,2.0,0.0,0.0,0.0,0.0,14.0,0,0
1050YKBLUE-XXL,21.0,4.0,7.0,0.0,0.0,13.0,34.0,4,2
1051YKMAROON-3XL,5.0,5.0,6.0,0.0,0.0,6.0,11.0,0,0
1051YKMAROON-4XL,2.0,2.0,0.0,0.0,1.0,1.0,3.0,0,0
1051YKMAROON-5XL,4.0,4.0,2.0,0.0,0.0,2.0,6.0,0,0
1051YKMAROON-6XL,1.0,3.0,0.0,0.0,0.0,0.0,1.0,0,0
1051YKMAROON-7XL,9.0,3.0,1.0,0.0,0.0,1.0,10.0,0,0
1051YKMAROON-8XL,4.0,3.0,0.0,0.0,0.0,0.0,4.0,0,0
1051YKMAROON-L,35.0,10.0,1.0,0.0,0.0,6.0,41.0,4,1
1051YKMAROON-M,7.0,5.0,7.0,0.0,0.0,15.0,22.0,8,0
1051YKMAROON-S,5.0,4.0,1.0,0.0,0.0,1.0,6.0,0,0
1051YKMAROON-XL,11.0,3.0,4.0,0.0,0.0,4.0,15.0,0,0
1051YKMAROON-XS,13.0,3.0,1.0,0.0,0.0,1.0,14.0,0,0
1051YKMAROON-XXL,5.0,5.0,7.0,0.0,0.0,7.0,12.0,0,0
1052YKGREEN-3XL,9.0,5.0,5.0,0.0,0.0,5.0,14.0,0,0
1052YKGREEN-4XL,16.0,6.0,3.0,0.0,0.0,3.0,19.0,0,0
1052YKGREEN-L,1.0,0.0,0.0,0.0,0.0,0.0,1.0,0,0
1052YKGREEN-M,2.0,1.0,0.0,0.0,0.0,0.0,2.0,0,0
1052YKGREEN-S,16.0,3.0,1.0,0.0,0.0,1.0,17.0,0,0
1052YKGREEN-XL,2.0,1.0,0.0,0.0,0.0,0.0,2.0,0,0
1052YKGREEN-XS,25.0,3.0,0.0,0.0,0.0,0.0,25.0,0,0
1052YKGREEN-XXL,1.0,1.0,0.0,0.0,0.0,0.0,1.0,0,0
1053YKMAROON-M,1.0,0.0,0.0,0.0,0.0,0.0,1.0,0,0
1053YKMAROON-S,7.0,5.0,0.0,0.0,0.0,0.0,7.0,0,0
1055YKGREEN-3XL,9.0,2.0,2.0,0.0,0.0,2.0,11.0,0,0
1055YKGREEN-4XL,7.0,3.0,0.0,0.0,0.0,0.0,7.0,0,0
1055YKGREEN-5XL,10.0,3.0,5.0,0.0,0.0,6.0,16.0,0,1
1055YKGREEN-L,9.0,11.0,18.0,0.0,0.0,26.0,35.0,8,0
1055YKGREEN-M,12.0,8.0,24.0,0.0,9.0,41.0,53.0,8,0
1055YKGREEN-S,12.0,7.0,16.0,0.0,4.0,26.0,38.0,6,0
1055YKGREEN-XL,21.0,7.0,8.0,0.0,0.0,16.0,37.0,8,0
1055YKGREEN-XS,16.0,6.0,4.0,3.0,0.0,13.0,29.0,6,0
1055YKGREEN-XXL,18.0,5.0,13.0,0.0,0.0,22.0,40.0,8,1
1057KDBLUE-11-12,1.0,1.0,0.0,0.0,0.0,0.0,1.0,0,0
1057KDBLUE-7-8,20.0,5.0,0.0,0.0,0.0,0.0,20.0,0,0
1057KDBLUE-9-10,7.0,3.0,0.0,0.0,0.0,0.0,7.0,0,0
1057YKBLUE-3XL,117.0,6.0,14.0,9.0,7.0,33.0,150.0,3,0
1057YKBLUE-4XL,128.0,7.0,4.0,9.0,6.0,22.0,150.0,3,0
1057YKBLUE-5XL,105.0,5.0,3.0,9.0,2.0,17.0,122.0,3,0
1057YKBLUE-6XL,14.0,4.0,5.0,0.0,0.0,7.0,21.0,2,0
1057YKBLUE-7XL,27.0,4.0,3.0,0.0,1.0,4.0,31.0,0,0
1057YKBLUE-8XL,23.0,5.0,5.0,0.0,0.0,5.0,28.0,0,0
1057YKBLUE-L,446.0,11.0,5.0,4.0,11.0,22.0,468.0,2,0
1057YKBLUE-M,646.0,11.0,7.0,4.0,1.0,14.0,660.0,2,0
1057YKBLUE-S,391.0,13.0,6.0,5.0,14.0,27.0,418.0,2,0
1057YKBLUE-XL,412.0,12.0,10.0,6.0,9.0,28.0,440.0,3,0
1057YKBLUE-XS,165.0,10.0,5.0,6.0,10.0,23.0,188.0,2,0
1057YKBLUE-XXL,116.0,13.0,12.0,6.0,4.0,24.0,140.0,2,0
1059YKMUSTARD-3XL,13.0,9.0,4.0,0.0,0.0,8.0,21.0,4,0
1059YKMUSTARD-4XL,15.0,9.0,11.0,0.0,0.0,22.0,37.0,11,0
1059YKMUSTARD-5XL,9.0,6.0,5.0,0.0,0.0,5.0,14.0,0,0
1059YKMUSTARD-6XL,10.0,4.0,3.0,0.0,0.0,3.0,13.0,0,0
1059YKMUSTARD-7XL,20.0,4.0,4.0,0.0,0.0,4.0,24.0,0,0
1059YKMUSTARD-8XL,6.0,3.0,1.0,0.0,0.0,1.0,7.0,0,0
1059YKMUSTARD-L,23.0,14.0,15.0,1.0,0.0,22.0,45.0,6,0
1059YKMUSTARD-M,41.0,7.0,12.0,0.0,0.0,16.0,57.0,4,0
1059YKMUSTARD-S,7.0,6.0,0.0,0.0,0.0,1.0,8.0,0,1
1059YKMUSTARD-XL,9.0,5.0,11.0,0.0,0.0,14.0,23.0,2,1
1059YKMUSTARD-XS,0.0,0.0,9.0,0.0,0.0,17.0,17.0,8,0
1059YKMUSTARD-XXL,3.0,3.0,4.0,0.0,0.0,8.0,11.0,4,0
105YK224BLACK-M,6.0,4.0,0.0,0.0,0.0,0.0,6.0,0,0
105YK224BLACK-S,15.0,5.0,0.0,0.0,0.0,0.0,15.0,0,0
1060YKBEIGE-3XL,45.0,6.0,19.0,5.0,0.0,29.0,74.0,5,0
1060YKBEIGE-4XL,26.0,4.0,11.0,5.0,0.0,18.0,44.0,2,0
1060YKBEIGE-5XL,44.0,7.0,8.0,3.0,0.0,21.0,65.0,10,0
1060YKBEIGE-L,26.0,7.0,11.0,2.0,0.0,15.0,41.0,2,0
1060YKBEIGE-M,54.0,5.0,22.0,4.0,0.0,36.0,90.0,10,0
1060YKBEIGE-S,14.0,3.0,11.0,6.0,0.0,19.0,33.0,2,0
1060YKBEIGE-XL,44.0,9.0,32.0,0.0,0.0,37.0,81.0,5,0
1060YKBEIGE-XS,39.0,9.0,0.0,0.0,0.0,0.0,39.0,0,0
1060YKBEIGE-XXL,31.0,10.0,26.0,0.0,0.0,32.0,63.0,6,0
1061YKBLUE-3XL,1.0,0.0,0.0,0.0,0.0,0.0,1.0,0,0
1061YKBLUE-4XL,0.0,0.0,1.0,0.0,0.0,3.0,3.0,2,0
1061YKBLUE-5XL,3.0,1.0,0.0,0.0,0.0,0.0,3.0,0,0
1061YKBLUE-7XL,4.0,2.0,2.0,0.0,0.0,2.0,6.0,0,0
1061YKBLUE-8XL,3.0,2.0,1.0,0.0,0.0,1.0,4.0,0,0
1061YKBLUE-M,4.0,2.0,0.0,0.0,0.0,0.0,4.0,0,0
1061YKBLUE-S,2.0,1.0,0.0,0.0,0.0,0.0,2.0,0,0
1061YKBLUE-XL,1.0,0.0,0.0,0.0,0.0,2.0,3.0,2,0
1061YKBLUE-XXL,1.0,1.0,0.0,0.0,0.0,0.0,1.0,0,0
1062YKSKYBLUE-S,23.0,7.0,5.0,0.0,0.0,5.0,28.0,0,0
1063YKRED-L,2.0,3.0,0.0,0.0,0.0,0.0,2.0,0,0
1063YKRED-M,4.0,4.0,1.0,0.0,0.0,1.0,5.0,0,0
1063YKRED-S,37.0,11.0,5.0,0.0,0.0,5.0,42.0,0,0
1063YKRED-XL,3.0,4.0,0.0,0.0,0.0,0.0,3.0,0,0
1063YKRED-XS,1.0,0.0,0.0,0.0,0.0,0.0,1.0,0,0
1063YKRED-XXL,0.0,1.0,3.0,0.0,0.0,8.0,8.0,5,0
1064YKBLUE-S,1.0,0.0,0.0,0.0,0.0,0.0,1.0,0,0
1065KDBLUE-11-12,4.0,3.0,0.0,0.0,0.0,0.0,4.0,0,0
1065KDBLUE-7-8,22.0,6.0,0.0,0.0,0.0,0.0,22.0,0,0
1065KDBLUE-9-10,13.0,4.0,1.0,0.0,0.0,1.0,14.0,0,0
1065YKBLUE-3XL,96.0,7.0,33.0,0.0,0.0,33.0,129.0,0,0
1065YKBLUE-4XL,111.0,9.0,21.0,0.0,0.0,28.0,139.0,0,7
1065YKBLUE-5XL,98.0,9.0,25.0,0.0,0.0,25.0,123.0,0,0
1065YKBLUE-6XL,35.0,3.0,6.0,0.0,0.0,6.0,41.0,0,0
1065YKBLUE-7XL,56.0,3.0,4.0,0.0,0.0,4.0,60.0,0,0
1065YKBLUE-8XL,32.0,3.0,12.0,0.0,0.0,12.0,44.0,0,0
1065YKBLUE-L,129.0,8.0,47.0,0.0,7.0,54.0,183.0,0,0
1065YKBLUE-M,99.0,11.0,33.0,0.0,0.0,33.0,132.0,0,0
1065YKBLUE-S,33.0,6.0,8.0,0.0,1.0,10.0,43.0,0,1
1065YKBLUE-XL,125.0,6.0,70.0,0.0,0.0,70.0,195.0,0,0
1065YKBLUE-XS,4.0,4.0,10.0,0.0,0.0,10.0,14.0,0,0
1065YKBLUE-XXL,63.0,10.0,47.0,17.0,1.0,82.0,145.0,0,17
1066KDYELLOW-11-12,1.0,0.0,0.0,0.0,0.0,0.0,1.0,0,0
1066KDYELLOW-13-14,1.0,1.0,0.0,0.0,0.0,0.0,1.0,0,0
1066KDYELLOW-9-10,1.0,1.0,0.0,0.0,0.0,0.0,1.0,0,0
1066YKYELLOW-3XL,6.0,4.0,0.0,0.0,0.0,0.0,6.0,0,0
1066YKYELLOW-L,9.0,7.0,6.0,0.0,0.0,13.0,22.0,7,0
1066YKYELLOW-M,25.0,9.0,48.0,0.0,0.0,48.0,73.0,0,0
1066YKYELLOW-S,5.0,3.0,2.0,0.0,0.0,8.0,13.0,6,0
1066YKYELLOW-XL,11.0,11.0,14.0,0.0,0.0,24.0,35.0,10,0
1066YKYELLOW-XS,4.0,2.0,0.0,0.0,0.0,0.0,4.0,0,0
1066YKYELLOW-XXL,16.0,5.0,16.0,0.0,0.0,25.0,41.0,9,0
1068YKBLUE-L,1.0,0.0,0.0,0.0,0.0,0.0,1.0,0,0
1069YKBLUE-3XL,7.0,6.0,0.0,0.0,0.0,0.0,7.0,0,0
1069YKBLUE-4XL,14.0,4.0,4.0,0.0,0.0,4.0,18.0,0,0
1069YKBLUE-5XL,15.0,4.0,0.0,0.0,0.0,0.0,15.0,0,0
1069YKBLUE-L,55.0,8.0,24.0,0.0,0.0,24.0,79.0,0,0
1069YKBLUE-M,26.0,8.0,17.0,0.0,0.0,21.0,47.0,4,0
1069YKBLUE-S,52.0,8.0,3.0,0.0,0.0,3.0,55.0,0,0
1069YKBLUE-XL,28.0,7.0,6.0,0.0,0.0,8.0,36.0,2,0
1069YKBLUE-XS,16.0,4.0,2.0,0.0,0.0,2.0,18.0,0,0
1069YKBLUE-XXL,14.0,4.0,0.0,1.0,0.0,1.0,15.0,0,0
1070YKRED-S,1.0,1.0,0.0,0.0,0.0,0.0,1.0,0,0
1072YKBLACK-3XL,14.0,5.0,11.0,0.0,0.0,11.0,25.0,0,0
1072YKBLACK-4XL,0.0,0.0,4.0,0.0,0.0,8.0,8.0,4,0
1072YKBLACK-5XL,16.0,8.0,13.0,0.0,0.0,13.0,29.0,0,0
1072YKBLACK-L,10.0,5.0,5.0,0.0,0.0,5.0,15.0,0,0
1072YKBLACK-M,31.0,5.0,9.0,0.0,0.0,9.0,40.0,0,0
1072YKBLACK-S,24.0,4.0,7.0,0.0,0.0,7.0,31.0,0,0
1072YKBLACK-XL,48.0,6.0,10.0,0.0,0.0,10.0,58.0,0,0
1072YKBLACK-XXL,17.0,6.0,8.0,0.0,0.0,8.0,25.0,0,0
1073YKBLUE-L,1.0,0.0,0.0,0.0,0.0,0.0,1.0,0,0
1073YKBLUE-M,1.0,0.0,0.0,0.0,0.0,0.0,1.0,0,0
1080YKLEMON-3XL,21.0,8.0,10.0,0.0,0.0,10.0,31.0,0,0
1080YKLEMON-4XL,14.0,5.0,6.0,0.0,0.0,11.0,25.0,5,0
1080YKLEMON-5XL,11.0,6.0,2.0,0.0,0.0,2.0,13.0,0,0
1080YKLEMON-L,17.0,8.0,12.0,0.0,0.0,14.0,31.0,2,0
1080YKLEMON-M,18.0,8.0,8.0,0.0,0.0,8.0,26.0,0,0
1080YKLEMON-S,30.0,9.0,5.0,0.0,0.0,5.0,35.0,0,0
1080YKLEMON-XL,19.0,6.0,9.0,0.0,0.0,15.0,34.0,6,0
1080YKLEMON-XS,13.0,5.0,1.0,0.0,0.0,1.0,14.0,0,0
1080YKLEMON-XXL,29.0,7.0,12.0,0.0,0.0,12.0,41.0,0,0
1081YKYELLOW-XL,1.0,1.0,0.0,0.0,0.0,0.0,1.0,0,0
1081YKYELLOW-XXL,6.0,4.0,0.0,0.0,0.0,0.0,6.0,0,0
1082YKPINK-4XL,2.0,2.0,1.0,0.0,0.0,1.0,3.0,0,0
1082YKPINK-5XL,1.0,1.0,0.0,0.0,0.0,0.0,1.0,0,0
1082YKPINK-L,20.0,4.0,6.0,0.0,0.0,6.0,26.0,0,0
1082YKPINK-M,19.0,6.0,8.0,0.0,0.0,8.0,27.0,0,0
1082YKPINK-S,17.0,4.0,3.0,0.0,0.0,3.0,20.0,0,0
1082YKPINK-XL,13.0,5.0,5.0,0.0,0.0,5.0,18.0,0,0
1082YKPINK-XXL,3.0,3.0,0.0,1.0,0.0,1.0,4.0,0,0
1083YKBLUE-3XL,1.0,0.0,0.0,0.0,0.0,0.0,1.0,0,0
1085YKPINK-3XL,11.0,4.0,3.0,0.0,0.0,26.0,37.0,8,15
1085YKPINK-4XL,22.0,8.0,12.0,5.0,0.0,17.0,39.0,0,0
1085YKPINK-5XL,22.0,6.0,5.0,3.0,0.0,8.0,30.0,0,0
1085YKPINK-6XL,12.0,4.0,7.0,0.0,0.0,12.0,24.0,0,5
1085YKPINK-7XL,10.0,4.0,1.0,0.0,0.0,6.0,16.0,0,5
1085YKPINK-8XL,2.0,2.0,4.0,0.0,0.0,4.0,6.0,0,0
1085YKPINK-L,11.0,2.0,17.0,0.0,0.0,58.0,69.0,16,25
1085YKPINK-M,10.0,3.0,3.0,0.0,0.0,17.0,27.0,4,10
1085YKPINK-S,11.0,4.0,6.0,0.0,1.0,7.0,18.0,0,0
1085YKPINK-XL,4.0,3.0,0.0,0.0,0.0,5.0,9.0,0,5
1085YKPINK-XS,9.0,4.0,5.0,0.0,0.0,5.0,14.0,0,0
1085YKPINK-XXL,5.0,6.0,9.0,1.0,0.0,40.0,45.0,10,20
1086YKSKYBLUE-M,1.0,0.0,0.0,0.0,0.0,0.0,1.0,0,0
1086YKSKYBLUE-S,1.0,0.0,0.0,0.0,0.0,0.0,1.0,0,0
1087YKINDIGO-S,1.0,0.0,0.0,0.0,0.0,0.0,1.0,0,0
1089YKGREEN-L,1.0,0.0,0.0,0.0,0.0,0.0,1.0,0,0
1089YKGREEN-M,4.0,2.0,0.0,0.0,0.0,0.0,4.0,0,0
1089YKGREEN-S,9.0,4.0,0.0,0.0,0.0,0.0,9.0,0,0
108YK148PINKRAY-3XL,47.0,9.0,14.0,0.0,2.0,16.0,63.0,0,0
108YK148PINKRAY-4XL,61.0,10.0,12.0,0.0,0.0,15.0,76.0,2,1
108YK148PINKRAY-5XL,49.0,12.0,17.0,0.0,0.0,25.0,74.0,0,8
108YK148PINKRAY-6XL,29.0,4.0,3.0,0.0,1.0,4.0,33.0,0,0
108YK148PINKRAY-7XL,22.0,3.0,0.0,0.0,2.0,2.0,24.0,0,0
108YK148PINKRAY-8XL,13.0,6.0,1.0,0.0,0.0,1.0,14.0,0,0
108YK148PINKRAY-L,30.0,6.0,7.0,0.0,0.0,7.0,37.0,0,0
108YK148PINKRAY-M,23.0,5.0,8.0,0.0,0.0,8.0,31.0,0,0
108YK148PINKRAY-S,44.0,10.0,4.0,0.0,0.0,4.0,48.0,0,0
108YK148PINKRAY-XL,20.0,9.0,5.0,0.0,0.0,8.0,28.0,2,1
108YK148PINKRAY-XS,16.0,4.0,2.0,0.0,0.0,2.0,18.0,0,0
108YK148PINKRAY-XXL,38.0,8.0,10.0,0.0,0.0,10.0,48.0,0,0
1090YKCREAM-L,14.0,5.0,0.0,0.0,0.0,0.0,14.0,0,0
1090YKCREAM-M,10.0,5.0,0.0,0.0,0.0,0.0,10.0,0,0
1090YKCREAM-S,10.0,5.0,0.0,0.0,0.0,0.0,10.0,0,0
1090YKCREAM-XL,2.0,1.0,0.0,0.0,0.0,0.0,2.0,0,0
1090YKCREAM-XXL,4.0,4.0,0.0,0.0,0.0,0.0,4.0,0,0
1091KDPURPLE-7-8,6.0,3.0,0.0,0.0,0.0,0.0,6.0,0,0
1091YKPURPLE-3XL,2.0,2.0,0.0,0.0,0.0,2.0,4.0,2,0
1091YKPURPLE-4XL,3.0,2.0,1.0,0.0,0.0,1.0,4.0,0,0
1091YKPURPLE-5XL,2.0,2.0,0.0,0.0,0.0,0.0,2.0,0,0
1091YKPURPLE-6XL,2.0,1.0,2.0,0.0,0.0,6.0,8.0,4,0
1091YKPURPLE-7XL,5.0,2.0,1.0,0.0,0.0,1.0,6.0,0,0
1091YKPURPLE-8XL,2.0,1.0,0.0,0.0,0.0,0.0,2.0,0,0
1091YKPURPLE-L,3.0,1.0,0.0,0.0,0.0,0.0,3.0,0,0
1091YKPURPLE-M,1.0,1.0,1.0,0.0,0.0,3.0,4.0,2,0
1091YKPURPLE-S,2.0,1.0,2.0,0.0,0.0,6.0,8.0,4,0
1091YKPURPLE-XL,1.0,0.0,0.0,0.0,0.0,2.0,3.0,2,0
1091YKPURPLE-XS,18.0,7.0,6.0,0.0,0.0,6.0,24.0,0,0
1091YKPURPLE-XXL,2.0,1.0,0.0,0.0,0.0,2.0,4.0,2,0
1092YKPEACH-S,2.0,0.0,0.0,0.0,0.0,0.0,2.0,0,0
1096YKBLUE-3XL,73.0,9.0,41.0,0.0,4.0,56.0,129.0,11,0
1096YKBLUE-4XL,8.0,8.0,9.0,1.0,0.0,13.0,21.0,3,0
1096YKBLUE-5XL,14.0,5.0,26.0,1.0,0.0,55.0,69.0,8,20
1096YKBLUE-6XL,62.0,6.0,5.0,0.0,0.0,60.0,122.0,0,55
1096YKBLUE-7XL,48.0,3.0,7.0,0.0,0.0,50.0,98.0,0,43
1096YKBLUE-8XL,32.0,4.0,3.0,0.0,0.0,25.0,57.0,4,18
1096YKBLUE-L,11.0,8.0,25.0,0.0,2.0,36.0,47.0,8,1
1096YKBLUE-M,241.0,10.0,40.0,8.0,0.0,252.0,493.0,3,201
1096YKBLUE-S,58.0,7.0,8.0,0.0,0.0,12.0,70.0,4,0
1096YKBLUE-XL,59.0,8.0,31.0,2.0,2.0,41.0,100.0,6,0
1096YKBLUE-XS,57.0,3.0,6.0,0.0,0.0,12.0,69.0,6,0
1096YKBLUE-XXL,49.0,10.0,16.0,16.0,3.0,120.0,169.0,6,79
1097YKGREEN-M,2.0,1.0,0.0,0.0,0.0,0.0,2.0,0,0
1097YKGREEN-S,2.0,0.0,0.0,0.0,0.0,0.0,2.0,0,0
1101YKBLUE-S,1.0,0.0,0.0,0.0,0.0,0.0,1.0,0,0
1106YKBLUE-3XL,11.0,4.0,2.0,0.0,2.0,4.0,15.0,0,0
1106YKBLUE-4XL,37.0,5.0,2.0,0.0,0.0,2.0,39.0,0,0
1106YKBLUE-5XL,44.0,3.0,2.0,0.0,0.0,2.0,46.0,0,0
1106YKBLUE-6XL,16.0,5.0,2.0,0.0,0.0,2.0,18.0,0,0
1106YKBLUE-7XL,9.0,4.0,3.0,0.0,0.0,5.0,14.0,2,0
1106YKBLUE-8XL,11.0,4.0,3.0,0.0,0.0,3.0,14.0,0,0
1106YKBLUE-L,2.0,1.0,1.0,0.0,0.0,3.0,5.0,2,0
1106YKBLUE-M,17.0,7.0,1.0,0.0,0.0,1.0,18.0,0,0
1106YKBLUE-S,43.0,7.0,0.0,0.0,0.0,0.0,43.0,0,0
1106YKBLUE-XL,24.0,8.0,1.0,0.0,0.0,1.0,25.0,0,0
1106YKBLUE-XS,10.0,4.0,1.0,0.0,0.0,1.0,11.0,0,0
1106YKBLUE-XXL,48.0,7.0,1.0,0.0,0.0,1.0,49.0,0,0
1107YKPURPLE-L,1.0,1.0,0.0,0.0,0.0,0.0,1.0,0,0
1107YKPURPLE-S,2.0,1.0,0.0,0.0,0.0,0.0,2.0,0,0
1107YKPURPLE-XL,1.0,1.0,0.0,0.0,0.0,0.0,1.0,0,0
1109YKMUSTARD-S,1.0,0.0,0.0,0.0,0.0,0.0,1.0,0,0
110YK239WHITE-L,1.0,0.0,0.0,0.0,0.0,0.0,1.0,0,0
110YK239WHITE-M,1.0,0.0,0.0,0.0,0.0,0.0,1.0,0,0
110YK239WHITE-S,1.0,0.0,0.0,0.0,0.0,0.0,1.0,0,0
110YK239WHITE-XL,1.0,0.0,0.0,0.0,0.0,0.0,1.0,0,0
1110YKPINK-M,2.0,1.0,0.0,0.0,0.0,0.0,2.0,0,0
1110YKPINK-S,8.0,5.0,1.0,0.0,0.0,1.0,9.0,0,0
1112DPT21MULTI-L,0.0,0.0,0.0,1.0,0.0,1.0,1.0,0,0
1112KDBLACK-11-12,3.0,1.0,0.0,0.0,0.0,0.0,3.0,0,0
1112KDBLACK-13-14,1.0,0.0,0.0,0.0,0.0,0.0,1.0,0,0
1112KDBLACK-7-8,17.0,4.0,2.0,0.0,0.0,2.0,19.0,0,0
1112KDBLACK-9-10,17.0,5.0,0.0,0.0,0.0,0.0,17.0,0,0
1112YKBLACK-3XL,3.0,3.0,9.0,4.0,0.0,13.0,16.0,0,0
1112YKBLACK-4XL,5.0,5.0,6.0,0.0,0.0,6.0,11.0,0,0
1112YKBLACK-5XL,4.0,4.0,5.0,0.0,0.0,5.0,9.0,0,0
1112YKBLACK-6XL,3.0,2.0,4.0,2.0,0.0,6.0,9.0,0,0
1112YKBLACK-7XL,13.0,4.0,4.0,2.0,0.0,6.0,19.0,0,0
1112YKBLACK-8XL,6.0,5.0,11.0,3.0,0.0,14.0,20.0,0,0
1112YKBLACK-L,6.0,6.0,13.0,0.0,0.0,13.0,19.0,0,0
1112YKBLACK-M,3.0,4.0,25.0,0.0,0.0,29.0,32.0,4,0
1112YKBLACK-S,6.0,6.0,6.0,3.0,0.0,9.0,15.0,0,0
1112YKBLACK-XL,8.0,5.0,20.0,0.0,0.0,20.0,28.0,0,0
1112YKBLACK-XS,6.0,4.0,9.0,0.0,0.0,13.0,19.0,4,0
1112YKBLACK-XXL,4.0,4.0,23.0,9.0,0.0,32.0,36.0,0,0
1113YKSEAGREEN-M,1.0,0.0,0.0,0.0,0.0,0.0,1.0,0,0
1113YKSEAGREEN-S,2.0,0.0,0.0,0.0,0.0,0.0,2.0,0,0
1113YKSEAGREEN-XXL,1.0,0.0,0.0,0.0,0.0,0.0,1.0,0,0
1115YKBLUE-M,14.0,3.0,0.0,0.0,0.0,0.0,14.0,0,0
1115YKBLUE-S,24.0,4.0,0.0,0.0,0.0,0.0,24.0,0,0
1118YKGREEN-M,4.0,3.0,0.0,0.0,0.0,0.0,4.0,0,0
1118YKGREEN-S,14.0,6.0,0.0,0.0,0.0,0.0,14.0,0,0
1119YKBLUE-M,2.0,0.0,0.0,0.0,0.0,0.0,2.0,0,0
1120YKBLUE-L,7.0,5.0,1.0,0.0,0.0,1.0,8.0,0,0
1120YKBLUE-M,5.0,3.0,0.0,0.0,0.0,0.0,5.0,0,0
1120YKBLUE-S,5.0,3.0,1.0,0.0,0.0,1.0,6.0,0,0
1120YKBLUE-XL,3.0,3.0,0.0,0.0,0.0,0.0,3.0,0,0
1120YKBLUE-XXL,2.0,1.0,0.0,0.0,0.0,0.0,2.0,0,0
1122YKYELLOW-L,9.0,6.0,1.0,0.0,0.0,1.0,10.0,0,0
1122YKYELLOW-M,31.0,10.0,1.0,0.0,0.0,1.0,32.0,0,0
1122YKYELLOW-S,23.0,9.0,2.0,0.0,0.0,2.0,25.0,0,0
1122YKYELLOW-XL,4.0,2.0,0.0,0.0,0.0,0.0,4.0,0,0
1122YKYELLOW-XXL,1.0,1.0,0.0,0.0,0.0,0.0,1.0,0,0
1124YKPINK-L,1.0,0.0,0.0,0.0,0.0,0.0,1.0,0,0
1124YKPINK-M,7.0,4.0,0.0,0.0,0.0,0.0,7.0,0,0
1124YKPINK-S,12.0,6.0,0.0,0.0,0.0,0.0,12.0,0,0
1125YKGREEN-M,1.0,0.0,0.0,0.0,0.0,0.0,1.0,0,0
1127YKMAROON-3XL,20.0,8.0,39.0,2.0,1.0,54.0,74.0,12,0
1127YKMAROON-4XL,26.0,8.0,41.0,1.0,0.0,42.0,68.0,0,0
1127YKMAROON-5XL,30.0,12.0,29.0,2.0,0.0,31.0,61.0,0,0
1127YKMAROON-6XL,5.0,4.0,9.0,2.0,0.0,13.0,18.0,2,0
1127YKMAROON-7XL,3.0,3.0,18.0,0.0,0.0,18.0,21.0,0,0
1127YKMAROON-8XL,3.0,2.0,10.0,0.0,0.0,10.0,13.0,0,0
1127YKMAROON-L,35.0,7.0,67.0,0.0,1.0,88.0,123.0,20,0
1127YKMAROON-M,19.0,9.0,36.0,0.0,0.0,57.0,76.0,21,0
1127YKMAROON-S,36.0,4.0,14.0,1.0,1.0,20.0,56.0,4,0
1127YKMAROON-XL,7.0,7.0,23.0,2.0,0.0,53.0,60.0,28,0
1127YKMAROON-XS,13.0,5.0,11.0,0.0,0.0,11.0,24.0,0,0
1127YKMAROON-XXL,24.0,15.0,60.0,1.0,0.0,72.0,96.0,11,0
1129YKBLUE-3XL,8.0,7.0,0.0,0.0,0.0,0.0,8.0,0,0
1129YKBLUE-4XL,2.0,2.0,0.0,0.0,0.0,0.0,2.0,0,0
1129YKBLUE-5XL,3.0,2.0,0.0,0.0,0.0,2.0,5.0,2,0
1129YKBLUE-L,3.0,2.0,0.0,0.0,0.0,0.0,3.0,0,0
1129YKBLUE-M,16.0,9.0,1.0,0.0,0.0,1.0,17.0,0,0
1129YKBLUE-S,10.0,7.0,1.0,0.0,0.0,1.0,11.0,0,0
1129YKBLUE-XL,1.0,1.0,0.0,0.0,0.0,0.0,1.0,0,0
1129YKBLUE-XXL,3.0,4.0,6.0,0.0,0.0,6.0,9.0,0,0
1130YKPURPLE-3XL,162.0,9.0,11.0,0.0,0.0,11.0,173.0,0,0
1130YKPURPLE-4XL,171.0,7.0,11.0,0.0,0.0,11.0,182.0,0,0
1130YKPURPLE-5XL,190.0,7.0,14.0,0.0,0.0,14.0,204.0,0,0
1130YKPURPLE-6XL,81.0,4.0,5.0,3.0,0.0,8.0,89.0,0,0
1130YKPURPLE-7XL,74.0,5.0,2.0,0.0,0.0,6.0,80.0,4,0
1130YKPURPLE-8XL,71.0,5.0,5.0,0.0,0.0,5.0,76.0,0,0
1130YKPURPLE-L,65.0,6.0,9.0,0.0,0.0,9.0,74.0,0,0
1130YKPURPLE-M,52.0,6.0,4.0,0.0,0.0,4.0,56.0,0,0
1130YKPURPLE-S,23.0,5.0,4.0,0.0,0.0,4.0,27.0,0,0
1130YKPURPLE-XL,92.0,6.0,5.0,0.0,0.0,10.0,102.0,5,0
1130YKPURPLE-XS,11.0,5.0,3.0,0.0,0.0,3.0,14.0,0,0
1130YKPURPLE-XXL,131.0,9.0,14.0,8.0,0.0,22.0,153.0,0,0
1131YKPURPLE-M,1.0,0.0,0.0,0.0,0.0,0.0,1.0,0,0
1135YKMUSTARD-S,1.0,0.0,0.0,0.0,0.0,0.0,1.0,0,0
1138YKMULTI-S,1.0,0.0,0.0,0.0,0.0,0.0,1.0,0,0
1141YKSKYBLUE-S,1.0,0.0,0.0,0.0,0.0,0.0,1.0,0,0
1142YKPINK-M,1.0,0.0,0.0,0.0,0.0,0.0,1.0,0,0
1143YKGREEN-M,2.0,1.0,0.0,0.0,0.0,0.0,2.0,0,0
1143YKGREEN-S,4.0,2.0,0.0,0.0,0.0,0.0,4.0,0,0
1144YKWHITE-L,1.0,0.0,0.0,0.0,0.0,0.0,1.0,0,0
1146YKMAROON-L,1.0,0.0,0.0,0.0,0.0,0.0,1.0,0,0
1149YKPINK-M,1.0,0.0,0.0,0.0,0.0,0.0,1.0,0,0
1149YKPINK-S,8.0,3.0,1.0,0.0,0.0,1.0,9.0,0,0
114YK243BLUE-M,2.0,0.0,0.0,0.0,0.0,0.0,2.0,0,0
114YK243BLUE-XXL,2.0,0.0,0.0,0.0,0.0,0.0,2.0,0,0
1150YKGREY-L,1.0,0.0,0.0,0.0,0.0,0.0,1.0,0,0
1152YKWHITE-S,1.0,0.0,0.0,0.0,0.0,0.0,1.0,0,0
1157YKMAROON-XXL,1.0,0.0,0.0,0.0,0.0,0.0,1.0,0,0
1158YKGREEN-3XL,25.0,5.0,13.0,0.0,0.0,13.0,38.0,0,0
1158YKGREEN-4XL,19.0,9.0,6.0,0.0,0.0,8.0,27.0,2,0
1158YKGREEN-5XL,19.0,10.0,9.0,0.0,0.0,9.0,28.0,0,0
1158YKGREEN-6XL,6.0,3.0,10.0,0.0,0.0,10.0,16.0,0,0
1158YKGREEN-7XL,17.0,3.0,6.0,0.0,0.0,8.0,25.0,2,0
1158YKGREEN-8XL,3.0,3.0,5.0,0.0,0.0,5.0,8.0,0,0
1158YKGREEN-L,7.0,6.0,1.0,0.0,0.0,1.0,8.0,0,0
1158YKGREEN-M,30.0,6.0,5.0,0.0,0.0,5.0,35.0,0,0
1158YKGREEN-S,22.0,6.0,2.0,0.0,0.0,2.0,24.0,0,0
1158YKGREEN-XL,35.0,6.0,15.0,0.0,0.0,15.0,50.0,0,0
1158YKGREEN-XS,20.0,4.0,1.0,0.0,0.0,1.0,21.0,0,0
1158YKGREEN-XXL,9.0,11.0,14.0,0.0,0.0,18.0,27.0,4,0
1159YKBLUE-S,1.0,0.0,0.0,0.0,0.0,0.0,1.0,0,0
115YK243BROWN-M,1.0,0.0,0.0,0.0,0.0,0.0,1.0,0,0
1160YKGREEN-S,1.0,1.0,0.0,0.0,0.0,0.0,1.0,0,0
1161YKTURQ-M,1.0,0.0,0.0,0.0,0.0,0.0,1.0,0,0
1161YKTURQ-S,5.0,3.0,0.0,0.0,0.0,0.0,5.0,0,0
1161YKTURQ-XS,3.0,2.0,0.0,0.0,0.0,0.0,3.0,0,0
1162YKMAROON-3XL,100.0,9.0,54.0,0.0,0.0,54.0,154.0,0,0
1162YKMAROON-4XL,138.0,10.0,42.0,0.0,0.0,42.0,180.0,0,0
1162YKMAROON-5XL,70.0,9.0,31.0,0.0,0.0,31.0,101.0,0,0
1162YKMAROON-6XL,28.0,7.0,8.0,0.0,0.0,8.0,36.0,0,0
1162YKMAROON-7XL,24.0,5.0,4.0,0.0,0.0,4.0,28.0,0,0
1162YKMAROON-8XL,26.0,6.0,4.0,0.0,0.0,4.0,30.0,0,0
1162YKMAROON-L,162.0,19.0,66.0,0.0,0.0,66.0,228.0,0,0
1162YKMAROON-M,152.0,27.0,89.0,0.0,0.0,89.0,241.0,0,0
1162YKMAROON-S,96.0,8.0,42.0,0.0,0.0,42.0,138.0,0,0
1162YKMAROON-XL,80.0,24.0,89.0,0.0,0.0,89.0,169.0,0,0
1162YKMAROON-XS,31.0,8.0,15.0,0.0,0.0,15.0,46.0,0,0
1162YKMAROON-XXL,134.0,15.0,93.0,0.0,0.0,93.0,227.0,0,0
1164YKBLACK-3XL,4.0,4.0,3.0,0.0,2.0,9.0,13.0,4,0
1164YKBLACK-4XL,2.0,2.0,2.0,0.0,0.0,2.0,4.0,0,0
1164YKBLACK-5XL,6.0,5.0,12.0,0.0,0.0,12.0,18.0,0,0
1164YKBLACK-6XL,7.0,3.0,9.0,0.0,0.0,9.0,16.0,0,0
1164YKBLACK-7XL,13.0,3.0,7.0,0.0,0.0,7.0,20.0,0,0
1164YKBLACK-8XL,43.0,6.0,8.0,0.0,0.0,8.0,51.0,0,0
1164YKBLACK-L,4.0,2.0,4.0,0.0,0.0,8.0,12.0,4,0
1164YKBLACK-M,4.0,3.0,18.0,0.0,0.0,18.0,22.0,0,0
1164YKBLACK-S,3.0,2.0,1.0,0.0,0.0,1.0,4.0,0,0
1164YKBLACK-XL,24.0,7.0,17.0,0.0,0.0,17.0,41.0,0,0
1164YKBLACK-XS,14.0,5.0,11.0,0.0,0.0,11.0,25.0,0,0
1164YKBLACK-XXL,4.0,2.0,9.0,4.0,0.0,19.0,23.0,6,0
1165YKBLACK-M,1.0,1.0,0.0,0.0,0.0,0.0,1.0,0,0
1165YKBLACK-S,4.0,2.0,0.0,0.0,0.0,0.0,4.0,0,0
1166YKBLUE-XL,2.0,0.0,0.0,0.0,0.0,0.0,2.0,0,0
1167YKBLUE-L,1.0,0.0,0.0,0.0,0.0,0.0,1.0,0,0
1167YKBLUE-XL,1.0,0.0,0.0,0.0,0.0,0.0,1.0,0,0
1168YKTEAL-L,23.0,5.0,0.0,0.0,0.0,0.0,23.0,0,0
1168YKTEAL-M,2.0,1.0,0.0,0.0,0.0,0.0,2.0,0,0
1168YKTEAL-XL,4.0,4.0,0.0,0.0,0.0,0.0,4.0,0,0
1168YKTEAL-XXL,9.0,5.0,0.0,0.0,0.0,0.0,9.0,0,0
1169YKBLUE-S,1.0,1.0,0.0,0.0,0.0,0.0,1.0,0,0
116YK244BLUE-XXL,1.0,0.0,0.0,0.0,0.0,0.0,1.0,0,0
1170YKYELLOW-L,1.0,0.0,0.0,0.0,0.0,0.0,1.0,0,0
1170YKYELLOW-M,3.0,1.0,0.0,0.0,0.0,0.0,3.0,0,0
1170YKYELLOW-S,4.0,2.0,0.0,0.0,0.0,0.0,4.0,0,0
1170YKYELLOW-XL,1.0,0.0,0.0,0.0,0.0,0.0,1.0,0,0
1172YKOLIVE-3XL,46.0,7.0,11.0,0.0,0.0,11.0,57.0,0,0
1172YKOLIVE-4XL,6.0,6.0,5.0,0.0,0.0,8.0,14.0,3,0
1172YKOLIVE-5XL,3.0,3.0,4.0,0.0,0.0,6.0,9.0,2,0
1172YKOLIVE-L,15.0,4.0,2.0,0.0,0.0,2.0,17.0,0,0
1172YKOLIVE-M,19.0,7.0,1.0,0.0,0.0,1.0,20.0,0,0
1172YKOLIVE-S,53.0,5.0,2.0,0.0,0.0,2.0,55.0,0,0
1172YKOLIVE-XL,21.0,7.0,1.0,0.0,0.0,1.0,22.0,0,0
1172YKOLIVE-XXL,5.0,4.0,6.0,8.0,0.0,17.0,22.0,3,0
1179YKGREEN-S,1.0,0.0,0.0,0.0,0.0,0.0,1.0,0,0
117YK244BROWN-S,4.0,0.0,0.0,0.0,0.0,0.0,4.0,0,0
1181YKPINK-L,2.0,1.0,0.0,0.0,0.0,0.0,2.0,0,0
1181YKPINK-M,2.0,0.0,0.0,0.0,0.0,0.0,2.0,0,0
1181YKPINK-S,10.0,5.0,0.0,0.0,0.0,0.0,10.0,0,0
1181YKPINK-XL,1.0,0.0,0.0,0.0,0.0,0.0,1.0,0,0
1184YKBLUEPANT-L,17.0,0.0,0.0,0.0,0.0,0.0,17.0,0,0
1184YKBLUEPANT-M,36.0,0.0,0.0,0.0,0.0,0.0,36.0,0,0
1184YKBLUEPANT-S,8.0,0.0,0.0,0.0,0.0,0.0,8.0,0,0
1184YKBLUEPANT-XL,22.0,0.0,0.0,0.0,0.0,0.0,22.0,0,0
1184YKBLUEPANT-XXL,6.0,0.0,0.0,0.0,0.0,0.0,6.0,0,0
1184YKGREEN-M,1.0,0.0,0.0,0.0,0.0,0.0,1.0,0,0
1186YKBLUE-L,24.0,12.0,3.0,0.0,0.0,3.0,27.0,0,0
1186YKBLUE-M,20.0,10.0,1.0,0.0,0.0,1.0,21.0,0,0
1186YKBLUE-S,21.0,9.0,2.0,0.0,0.0,2.0,23.0,0,0
1186YKBLUE-XL,34.0,14.0,2.0,0.0,0.0,2.0,36.0,0,0
1186YKBLUE-XXL,44.0,12.0,3.0,0.0,0.0,3.0,47.0,0,0
1187YKPINK-3XL,7.0,5.0,0.0,0.0,0.0,0.0,7.0,0,0
1187YKPINK-4XL,13.0,6.0,6.0,0.0,0.0,11.0,24.0,5,0
1187YKPINK-5XL,7.0,6.0,0.0,0.0,0.0,0.0,7.0,0,0
1187YKPINK-6XL,17.0,4.0,4.0,0.0,0.0,4.0,21.0,0,0
1187YKPINK-7XL,20.0,4.0,1.0,0.0,0.0,1.0,21.0,0,0
1187YKPINK-8XL,16.0,4.0,6.0,0.0,0.0,6.0,22.0,0,0
1187YKPINK-L,12.0,4.0,1.0,0.0,0.0,3.0,15.0,2,0
1187YKPINK-M,56.0,9.0,2.0,0.0,0.0,2.0,58.0,0,0
1187YKPINK-S,37.0,5.0,0.0,0.0,0.0,0.0,37.0,0,0
1187YKPINK-XL,8.0,3.0,10.0,0.0,0.0,12.0,20.0,2,0
1187YKPINK-XS,37.0,4.0,2.0,0.0,0.0,2.0,39.0,0,0
1187YKPINK-XXL,10.0,4.0,1.0,0.0,0.0,1.0,11.0,0,0
1188YKPINK-3XL,21.0,6.0,25.0,0.0,0.0,25.0,46.0,0,0
1188YKPINK-4XL,19.0,7.0,18.0,0.0,0.0,19.0,38.0,0,1
1188YKPINK-5XL,26.0,8.0,24.0,0.0,0.0,24.0,50.0,0,0
1188YKPINK-6XL,14.0,3.0,7.0,0.0,0.0,7.0,21.0,0,0
1188YKPINK-7XL,1.0,1.0,0.0,0.0,0.0,0.0,1.0,0,0
1188YKPINK-8XL,18.0,4.0,7.0,0.0,0.0,7.0,25.0,0,0
1188YKPINK-L,17.0,3.0,14.0,0.0,0.0,14.0,31.0,0,0
1188YKPINK-M,32.0,3.0,9.0,0.0,0.0,9.0,41.0,0,0
1188YKPINK-S,15.0,4.0,5.0,0.0,0.0,5.0,20.0,0,0
1188YKPINK-XL,51.0,6.0,39.0,0.0,0.0,39.0,90.0,0,0
1188YKPINK-XS,7.0,4.0,8.0,0.0,0.0,8.0,15.0,0,0
1188YKPINK-XXL,49.0,8.0,30.0,9.0,0.0,40.0,89.0,0,1
1189YKMAROON-3XL,0.0,0.0,2.0,0.0,0.0,6.0,6.0,4,0
1189YKMAROON-4XL,15.0,9.0,17.0,3.0,0.0,20.0,35.0,0,0
1189YKMAROON-5XL,14.0,8.0,13.0,3.0,0.0,16.0,30.0,0,0
1189YKMAROON-6XL,10.0,7.0,1.0,2.0,0.0,3.0,13.0,0,0
1189YKMAROON-7XL,5.0,2.0,1.0,0.0,0.0,1.0,6.0,0,0
1189YKMAROON-8XL,48.0,6.0,5.0,6.0,0.0,11.0,59.0,0,0
1189YKMAROON-L,2.0,1.0,13.0,0.0,0.0,15.0,17.0,2,0
1189YKMAROON-M,33.0,5.0,9.0,0.0,0.0,9.0,42.0,0,0
1189YKMAROON-S,12.0,4.0,1.0,1.0,0.0,6.0,18.0,4,0
1189YKMAROON-XL,32.0,8.0,37.0,0.0,1.0,38.0,70.0,0,0
1189YKMAROON-XS,3.0,1.0,0.0,0.0,0.0,0.0,3.0,0,0
1189YKMAROON-XXL,37.0,7.0,10.0,21.0,1.0,32.0,69.0,0,0
1190YKMULTI-3XL,2.0,0.0,0.0,0.0,0.0,0.0,2.0,0,0
1190YKMULTI-L,2.0,2.0,0.0,0.0,0.0,0.0,2.0,0,0
1190YKMULTI-M,3.0,2.0,4.0,0.0,0.0,10.0,13.0,6,0
1190YKMULTI-S,36.0,10.0,7.0,0.0,0.0,7.0,43.0,0,0
1190YKMULTI-XL,4.0,4.0,4.0,0.0,0.0,4.0,8.0,0,0
1190YKMULTI-XS,12.0,6.0,2.0,0.0,0.0,2.0,14.0,0,0
1190YKMULTI-XXL,1.0,0.0,0.0,0.0,0.0,2.0,3.0,2,0
1191YKYELLOW-S,1.0,0.0,0.0,0.0,0.0,0.0,1.0,0,0
1192YKBLUE-4XL,1.0,0.0,1.0,0.0,0.0,3.0,4.0,2,0
1192YKBLUE-L,0.0,0.0,0.0,0.0,0.0,2.0,2.0,2,0
1192YKBLUE-M,2.0,2.0,1.0,0.0,0.0,1.0,3.0,0,0
1192YKBLUE-S,6.0,4.0,2.0,0.0,0.0,2.0,8.0,0,0
1192YKBLUE-XS,2.0,0.0,0.0,0.0,0.0,0.0,2.0,0,0
1193YKSEAGREEN-5XL,1.0,0.0,0.0,0.0,0.0,0.0,1.0,0,0
1193YKSEAGREEN-L,31.0,9.0,3.0,0.0,0.0,3.0,34.0,0,0
1193YKSEAGREEN-M,21.0,8.0,3.0,0.0,0.0,3.0,24.0,0,0
1193YKSEAGREEN-S,14.0,7.0,3.0,0.0,0.0,3.0,17.0,0,0
1193YKSEAGREEN-XL,23.0,8.0,3.0,0.0,0.0,3.0,26.0,0,0
1193YKSEAGREEN-XXL,30.0,8.0,3.0,0.0,0.0,3.0,33.0,0,0
1194YKSKYBLUE-S,3.0,2.0,0.0,0.0,0.0,0.0,3.0,0,0
1195YKORANGE-S,14.0,3.0,1.0,0.0,0.0,1.0,15.0,0,0
1195YKORANGE-XS,2.0,1.0,0.0,0.0,0.0,0.0,2.0,0,0
1197YKGREEN-3XL,21.0,11.0,19.0,0.0,0.0,21.0,42.0,2,0
1197YKGREEN-4XL,92.0,14.0,16.0,4.0,0.0,20.0,112.0,0,0
1197YKGREEN-5XL,8.0,8.0,24.0,4.0,0.0,28.0,36.0,0,0
1197YKGREEN-6XL,5.0,5.0,3.0,0.0,0.0,3.0,8.0,0,0
1197YKGREEN-7XL,12.0,4.0,2.0,0.0,0.0,2.0,14.0,0,0
1197YKGREEN-8XL,26.0,5.0,4.0,0.0,0.0,4.0,30.0,0,0
1197YKGREEN-L,0.0,0.0,4.0,0.0,0.0,16.0,16.0,12,0
1197YKGREEN-M,3.0,3.0,5.0,0.0,0.0,5.0,8.0,0,0
1197YKGREEN-S,5.0,3.0,4.0,0.0,0.0,4.0,9.0,0,0
1197YKGREEN-XL,3.0,2.0,30.0,2.0,0.0,32.0,35.0,0,0
1197YKGREEN-XS,11.0,3.0,1.0,0.0,0.0,1.0,12.0,0,0
1197YKGREEN-XXL,11.0,11.0,34.0,4.0,0.0,42.0,53.0,4,0
1198YKBLACK-3XL,24.0,9.0,1.0,0.0,0.0,3.0,27.0,2,0
1198YKBLACK-4XL,8.0,5.0,4.0,0.0,0.0,4.0,12.0,0,0
1198YKBLACK-5XL,24.0,6.0,3.0,0.0,0.0,3.0,27.0,0,0
1198YKBLACK-L,3.0,1.0,0.0,0.0,0.0,0.0,3.0,0,0
1198YKBLACK-M,8.0,6.0,0.0,0.0,0.0,0.0,8.0,0,0
1198YKBLACK-S,4.0,2.0,0.0,0.0,0.0,0.0,4.0,0,0
1198YKBLACK-XL,3.0,1.0,0.0,0.0,0.0,0.0,3.0,0,0
1198YKBLACK-XS,16.0,3.0,2.0,0.0,0.0,2.0,18.0,0,0
1198YKBLACK-XXL,24.0,12.0,3.0,0.0,0.0,3.0,27.0,0,0
1199YKYELLOW-M,1.0,1.0,0.0,0.0,0.0,0.0,1.0,0,0
1199YKYELLOW-S,1.0,0.0,0.0,0.0,0.0,0.0,1.0,0,0
1199YKYELLOW-XXL,2.0,2.0,1.0,0.0,0.0,1.0,3.0,0,0
119KD148YELLOW-11-12,12.0,3.0,2.0,0.0,0.0,2.0,14.0,0,0
119KD148YELLOW-13-14,13.0,6.0,1.0,0.0,0.0,1.0,14.0,0,0
119KD148YELLOW-7-8,33.0,7.0,1.0,0.0,0.0,1.0,34.0,0,0
119KD148YELLOW-9-10,17.0,3.0,0.0,0.0,0.0,0.0,17.0,0,0
119YK148YELLOW-S,1.0,0.0,0.0,0.0,0.0,0.0,1.0,0,0
119YK148YELLOW-XS,17.0,5.0,0.0,0.0,0.0,0.0,17.0,0,0
11YK159BLUE-M,2.0,2.0,0.0,0.0,0.0,0.0,2.0,0,0
11YK159BLUE-S,1.0,0.0,0.0,0.0,0.0,0.0,1.0,0,0
11YK159BLUE-XXL,4.0,2.0,0.0,0.0,0.0,0.0,4.0,0,0
1200YKMUSTARD-XL,1.0,0.0,0.0,0.0,0.0,0.0,1.0,0,0
1201YKGREY-3XL,1.0,1.0,0.0,0.0,0.0,0.0,1.0,0,0
1201YKGREY-L,1.0,1.0,0.0,0.0,0.0,0.0,1.0,0,0
1201YKGREY-M,23.0,7.0,1.0,0.0,0.0,1.0,24.0,0,0
1201YKGREY-S,10.0,5.0,1.0,0.0,0.0,1.0,11.0,0,0
1201YKGREY-XL,4.0,3.0,1.0,0.0,0.0,1.0,5.0,0,0
1201YKGREY-XS,4.0,3.0,0.0,0.0,0.0,0.0,4.0,0,0
1201YKGREY-XXL,9.0,6.0,5.0,0.0,0.0,5.0,14.0,0,0
1202YKBLUE-3XL,130.0,7.0,7.0,0.0,0.0,7.0,137.0,0,0
1202YKBLUE-4XL,103.0,8.0,12.0,0.0,2.0,24.0,127.0,10,0
1202YKBLUE-5XL,204.0,5.0,15.0,0.0,0.0,25.0,229.0,10,0
1202YKBLUE-6XL,89.0,4.0,6.0,0.0,0.0,12.0,101.0,6,0
1202YKBLUE-7XL,27.0,5.0,2.0,0.0,0.0,4.0,31.0,2,0
1202YKBLUE-8XL,17.0,3.0,10.0,0.0,0.0,18.0,35.0,8,0
1202YKBLUE-L,56.0,7.0,17.0,5.0,0.0,22.0,78.0,0,0
1202YKBLUE-M,58.0,6.0,8.0,1.0,0.0,9.0,67.0,0,0
1202YKBLUE-S,43.0,5.0,4.0,0.0,0.0,4.0,47.0,0,0
1202YKBLUE-XL,78.0,6.0,19.0,1.0,0.0,20.0,98.0,0,0
1202YKBLUE-XS,9.0,3.0,2.0,0.0,0.0,2.0,11.0,0,0
1202YKBLUE-XXL,75.0,6.0,8.0,0.0,0.0,16.0,91.0,8,0
1204YKGREEN-L,1.0,0.0,0.0,0.0,0.0,0.0,1.0,0,0
1204YKGREEN-M,2.0,2.0,1.0,0.0,0.0,1.0,3.0,0,0
1204YKGREEN-S,12.0,5.0,2.0,0.0,0.0,2.0,14.0,0,0
1204YKGREEN-XL,1.0,1.0,0.0,0.0,0.0,0.0,1.0,0,0
1204YKGREEN-XXL,1.0,1.0,0.0,0.0,0.0,0.0,1.0,0,0
1205YKBLUE-3XL,1.0,0.0,0.0,0.0,0.0,0.0,1.0,0,0
1205YKBLUE-L,28.0,6.0,1.0,0.0,0.0,1.0,29.0,0,0
1205YKBLUE-M,15.0,7.0,2.0,0.0,0.0,2.0,17.0,0,0
1205YKBLUE-S,12.0,5.0,1.0,0.0,0.0,1.0,13.0,0,0
1205YKBLUE-XL,15.0,5.0,1.0,0.0,0.0,1.0,16.0,0,0
1205YKBLUE-XXL,38.0,5.0,0.0,0.0,0.0,0.0,38.0,0,0
1206YKWHITE-L,2.0,2.0,0.0,0.0,0.0,0.0,2.0,0,0
1206YKWHITE-M,1.0,0.0,0.0,0.0,0.0,0.0,1.0,0,0
1206YKWHITE-XL,1.0,1.0,0.0,0.0,0.0,0.0,1.0,0,0
1206YKWHITE-XXL,3.0,3.0,1.0,0.0,0.0,1.0,4.0,0,0
1207YKBLUE-L,28.0,5.0,0.0,0.0,0.0,0.0,28.0,0,0
1207YKBLUE-M,24.0,6.0,1.0,0.0,0.0,1.0,25.0,0,0
1207YKBLUE-S,20.0,6.0,1.0,0.0,0.0,1.0,21.0,0,0
1207YKBLUE-XL,28.0,4.0,1.0,0.0,0.0,1.0,29.0,0,0
1207YKBLUE-XXL,13.0,3.0,1.0,0.0,0.0,1.0,14.0,0,0
1209YKBLUE-M,1.0,1.0,0.0,0.0,0.0,0.0,1.0,0,0
1209YKBLUE-S,6.0,5.0,2.0,0.0,0.0,2.0,8.0,0,0
1209YKBLUE-XS,8.0,3.0,1.0,0.0,0.0,1.0,9.0,0,0
1211YKBLACK-L,16.0,9.0,0.0,0.0,0.0,0.0,16.0,0,0
1211YKBLACK-M,16.0,8.0,0.0,0.0,0.0,0.0,16.0,0,0
1211YKBLACK-S,9.0,6.0,0.0,0.0,0.0,0.0,9.0,0,0
1211YKBLACK-XL,18.0,8.0,0.0,0.0,0.0,0.0,18.0,0,0
1211YKBLACK-XXL,11.0,6.0,0.0,0.0,0.0,0.0,11.0,0,0
1212YKMULTI-L,2.0,1.0,0.0,0.0,0.0,0.0,2.0,0,0
1212YKMULTI-S,7.0,2.0,3.0,0.0,0.0,3.0,10.0,0,0
1212YKMULTI-XL,0.0,0.0,2.0,0.0,0.0,6.0,6.0,4,0
1212YKMULTI-XS,16.0,4.0,2.0,0.0,0.0,2.0,18.0,0,0
1213YKINDIGO-S,1.0,0.0,0.0,0.0,0.0,0.0,1.0,0,0
1214YKTEAL-S,12.0,5.0,4.0,0.0,0.0,4.0,16.0,0,0
1214YKTEAL-XS,16.0,5.0,0.0,0.0,0.0,0.0,16.0,0,0
1215YKRED-L,1.0,1.0,0.0,0.0,0.0,0.0,1.0,0,0
1215YKRED-XL,1.0,1.0,0.0,0.0,0.0,0.0,1.0,0,0
1216YKGREEN-L,1.0,1.0,0.0,0.0,0.0,0.0,1.0,0,0
1216YKGREEN-M,5.0,3.0,1.0,0.0,0.0,1.0,6.0,0,0
1216YKGREEN-S,4.0,4.0,0.0,0.0,0.0,0.0,4.0,0,0
1217YKSKYBLUE-S,31.0,6.0,1.0,0.0,0.0,1.0,32.0,0,0
1217YKSKYBLUE-XS,16.0,5.0,0.0,0.0,0.0,0.0,16.0,0,0
1218YKGREY-L,53.0,9.0,2.0,0.0,0.0,2.0,55.0,0,0
1218YKGREY-M,47.0,12.0,3.0,0.0,0.0,3.0,50.0,0,0
1218YKGREY-S,22.0,7.0,2.0,0.0,0.0,2.0,24.0,0,0
1218YKGREY-XL,91.0,12.0,2.0,0.0,0.0,2.0,93.0,0,0
1218YKGREY-XS,7.0,4.0,0.0,0.0,0.0,0.0,7.0,0,0
1218YKGREY-XXL,44.0,11.0,2.0,0.0,0.0,2.0,46.0,0,0
1219YKBLACK-5XL,1.0,0.0,0.0,0.0,0.0,0.0,1.0,0,0
1219YKBLACK-L,55.0,14.0,35.0,0.0,0.0,35.0,90.0,0,0
1219YKBLACK-M,86.0,11.0,34.0,0.0,0.0,34.0,120.0,0,0
1219YKBLACK-S,50.0,14.0,12.0,0.0,0.0,16.0,66.0,4,0
1219YKBLACK-XL,60.0,10.0,52.0,0.0,0.0,52.0,112.0,0,0
1219YKBLACK-XS,9.0,6.0,8.0,0.0,0.0,12.0,21.0,4,0
1219YKBLACK-XXL,69.0,12.0,33.0,3.0,0.0,36.0,105.0,0,0
1219YKBLUE-M,1.0,0.0,0.0,0.0,0.0,0.0,1.0,0,0
1220YKWHITE-3XL,21.0,6.0,25.0,0.0,0.0,25.0,46.0,0,0
1220YKWHITE-4XL,4.0,2.0,1.0,0.0,0.0,3.0,7.0,2,0
1220YKWHITE-5XL,38.0,6.0,12.0,0.0,0.0,12.0,50.0,0,0
1220YKWHITE-6XL,6.0,6.0,1.0,0.0,0.0,1.0,7.0,0,0
1220YKWHITE-7XL,7.0,6.0,1.0,0.0,0.0,1.0,8.0,0,0
1220YKWHITE-8XL,15.0,5.0,8.0,0.0,0.0,8.0,23.0,0,0
1220YKWHITE-L,7.0,5.0,18.0,0.0,0.0,18.0,25.0,0,0
1220YKWHITE-M,1.0,1.0,10.0,0.0,0.0,18.0,19.0,7,1
1220YKWHITE-S,10.0,3.0,3.0,0.0,0.0,3.0,13.0,0,0
1220YKWHITE-XL,2.0,1.0,3.0,0.0,0.0,7.0,9.0,4,0
1220YKWHITE-XS,6.0,2.0,1.0,0.0,0.0,1.0,7.0,0,0
1220YKWHITE-XXL,15.0,7.0,17.0,0.0,0.0,17.0,32.0,0,0
1221YKMUSTARD-M,3.0,3.0,1.0,0.0,0.0,1.0,4.0,0,0
1221YKMUSTARD-S,5.0,3.0,0.0,0.0,0.0,0.0,5.0,0,0
1221YKMUSTARD-XS,6.0,3.0,0.0,0.0,0.0,0.0,6.0,0,0
1222YKBLUE-3XL,18.0,8.0,34.0,0.0,0.0,34.0,52.0,0,0
1222YKBLUE-4XL,44.0,11.0,32.0,0.0,0.0,32.0,76.0,0,0
1222YKBLUE-5XL,110.0,6.0,41.0,0.0,0.0,41.0,151.0,0,0
1222YKBLUE-L,51.0,4.0,7.0,0.0,0.0,7.0,58.0,0,0
1222YKBLUE-M,27.0,4.0,8.0,0.0,0.0,8.0,35.0,0,0
1222YKBLUE-S,43.0,5.0,5.0,0.0,0.0,5.0,48.0,0,0
1222YKBLUE-XL,41.0,6.0,18.0,0.0,0.0,18.0,59.0,0,0
1222YKBLUE-XS,11.0,3.0,8.0,0.0,0.0,8.0,19.0,0,0
1222YKBLUE-XXL,48.0,8.0,30.0,3.0,0.0,33.0,81.0,0,0
1223YKPEACH-L,4.0,2.0,0.0,0.0,0.0,0.0,4.0,0,0
1223YKPEACH-M,17.0,6.0,3.0,0.0,0.0,3.0,20.0,0,0
1223YKPEACH-S,27.0,6.0,1.0,0.0,0.0,1.0,28.0,0,0
1223YKPEACH-XS,8.0,3.0,1.0,0.0,0.0,1.0,9.0,0,0
1224YKPINK-3XL,50.0,8.0,15.0,0.0,0.0,15.0,65.0,0,0
1224YKPINK-4XL,71.0,8.0,13.0,0.0,0.0,13.0,84.0,0,0
1224YKPINK-5XL,62.0,8.0,17.0,0.0,0.0,17.0,79.0,0,0
1224YKPINK-6XL,23.0,10.0,9.0,0.0,0.0,13.0,36.0,4,0
1224YKPINK-7XL,21.0,5.0,3.0,0.0,0.0,7.0,28.0,4,0
1224YKPINK-8XL,17.0,4.0,0.0,0.0,0.0,0.0,17.0,0,0
1224YKPINK-L,10.0,2.0,0.0,0.0,0.0,0.0,10.0,0,0
1224YKPINK-M,22.0,6.0,2.0,0.0,0.0,4.0,26.0,2,0
1224YKPINK-S,22.0,2.0,2.0,0.0,0.0,2.0,24.0,0,0
1224YKPINK-XL,35.0,3.0,1.0,0.0,0.0,1.0,36.0,0,0
1224YKPINK-XS,20.0,5.0,1.0,0.0,0.0,1.0,21.0,0,0
1224YKPINK-XXL,44.0,6.0,17.0,8.0,0.0,33.0,77.0,8,0
1226YKBLUE-L,1.0,0.0,0.0,0.0,0.0,0.0,1.0,0,0
1227YKBLUE-3XL,4.0,3.0,2.0,0.0,0.0,2.0,6.0,0,0
1227YKBLUE-4XL,4.0,2.0,3.0,0.0,0.0,3.0,7.0,0,0
1227YKBLUE-5XL,0.0,0.0,2.0,0.0,0.0,2.0,2.0,0,0
1227YKBLUE-L,2.0,2.0,0.0,0.0,0.0,0.0,2.0,0,0
1227YKBLUE-M,1.0,0.0,2.0,0.0,1.0,5.0,6.0,2,0
1227YKBLUE-S,12.0,4.0,3.0,0.0,0.0,3.0,15.0,0,0
1227YKBLUE-XL,0.0,0.0,4.0,0.0,0.0,8.0,8.0,4,0
1227YKBLUE-XXL,15.0,8.0,5.0,0.0,0.0,5.0,20.0,0,0
1228YKWHITE-L,6.0,2.0,0.0,0.0,0.0,0.0,6.0,0,0
1228YKWHITE-M,6.0,3.0,0.0,0.0,0.0,0.0,6.0,0,0
1228YKWHITE-S,26.0,5.0,1.0,0.0,0.0,1.0,27.0,0,0
1228YKWHITE-XL,1.0,0.0,0.0,0.0,0.0,0.0,1.0,0,0
1228YKWHITE-XS,19.0,5.0,1.0,0.0,0.0,1.0,20.0,0,0
1229YKBLUE-S,2.0,0.0,0.0,0.0,0.0,0.0,2.0,0,0
122YK194BLUE-S,1.0,0.0,0.0,0.0,0.0,0.0,1.0,0,0
1230YKGREEN-M,1.0,0.0,0.0,0.0,0.0,0.0,1.0,0,0
1231YKPINK-M,2.0,0.0,0.0,0.0,0.0,0.0,2.0,0,0
1231YKPINK-S,2.0,1.0,0.0,0.0,0.0,0.0,2.0,0,0
1232YKGREEN-S,8.0,1.0,0.0,0.0,0.0,0.0,8.0,0,0
1233YKMUSTARD-S,6.0,3.0,1.0,0.0,0.0,1.0,7.0,0,0
1233YKMUSTARD-XL,1.0,1.0,0.0,0.0,0.0,0.0,1.0,0,0
1233YKMUSTARD-XS,8.0,5.0,0.0,0.0,0.0,0.0,8.0,0,0
1234KDOWHITE-7-8,1.0,1.0,0.0,0.0,0.0,0.0,1.0,0,0
1234KDOWHITE-9-10,1.0,0.0,0.0,0.0,0.0,0.0,1.0,0,0
1234YKOWHITE-3XL,1.0,0.0,1.0,0.0,0.0,3.0,4.0,2,0
1234YKOWHITE-4XL,1.0,1.0,0.0,0.0,0.0,0.0,1.0,0,0
1234YKOWHITE-5XL,0.0,0.0,12.0,0.0,0.0,12.0,12.0,0,0
1234YKOWHITE-6XL,0.0,0.0,4.0,0.0,0.0,6.0,6.0,2,0
1234YKOWHITE-7XL,1.0,0.0,2.0,0.0,0.0,2.0,3.0,0,0
1234YKOWHITE-8XL,1.0,1.0,0.0,0.0,0.0,2.0,3.0,2,0
1234YKOWHITE-M,2.0,2.0,0.0,0.0,0.0,2.0,4.0,2,0
1234YKOWHITE-S,16.0,6.0,3.0,0.0,0.0,3.0,19.0,0,0
1234YKOWHITE-XL,0.0,0.0,1.0,0.0,0.0,3.0,3.0,2,0
1234YKOWHITE-XS,1.0,2.0,1.0,0.0,0.0,1.0,2.0,0,0
1234YKOWHITE-XXL,0.0,0.0,5.0,0.0,0.0,7.0,7.0,2,0
1236YKPINK-3XL,1.0,0.0,0.0,0.0,0.0,0.0,1.0,0,0
1236YKPINK-L,18.0,5.0,2.0,0.0,0.0,2.0,20.0,0,0
1236YKPINK-M,18.0,6.0,1.0,0.0,0.0,1.0,19.0,0,0
1236YKPINK-S,8.0,4.0,1.0,0.0,0.0,1.0,9.0,0,0
1236YKPINK-XL,1.0,1.0,0.0,0.0,0.0,0.0,1.0,0,0
1236YKPINK-XS,13.0,3.0,0.0,0.0,0.0,0.0,13.0,0,0
1236YKPINK-XXL,3.0,2.0,1.0,0.0,0.0,1.0,4.0,0,0
1237YKGREEN-3XL,1.0,0.0,0.0,0.0,0.0,0.0,1.0,0,0
1238YKWHITE-3XL,1.0,0.0,0.0,0.0,0.0,0.0,1.0,0,0
1238YKWHITE-S,7.0,1.0,0.0,0.0,0.0,0.0,7.0,0,0
1238YKWHITE-XS,11.0,1.0,0.0,0.0,0.0,0.0,11.0,0,0
1240YKBLACK-L,2.0,0.0,0.0,0.0,0.0,0.0,2.0,0,0
1240YKBLACK-M,1.0,0.0,0.0,0.0,0.0,0.0,1.0,0,0
1240YKBLACK-S,23.0,8.0,1.0,0.0,0.0,1.0,24.0,0,0
1240YKBLACK-XS,15.0,7.0,0.0,0.0,0.0,0.0,15.0,0,0
1242YKBLUE-3XL,4.0,4.0,0.0,0.0,0.0,0.0,4.0,0,0
1242YKBLUE-4XL,6.0,3.0,0.0,0.0,0.0,0.0,6.0,0,0
1242YKBLUE-5XL,5.0,3.0,0.0,0.0,0.0,0.0,5.0,0,0
1242YKBLUE-L,1.0,1.0,0.0,0.0,0.0,0.0,1.0,0,0
1242YKBLUE-S,9.0,5.0,1.0,0.0,0.0,1.0,10.0,0,0
1242YKBLUE-XS,8.0,5.0,0.0,0.0,0.0,0.0,8.0,0,0
1242YKBLUE-XXL,1.0,0.0,0.0,0.0,0.0,0.0,1.0,0,0
1243YKBLUE-M,1.0,0.0,0.0,0.0,0.0,0.0,1.0,0,0
1244YKBLACK-3XL,38.0,8.0,19.0,0.0,0.0,19.0,57.0,0,0
1244YKBLACK-4XL,39.0,5.0,5.0,0.0,0.0,5.0,44.0,0,0
1244YKBLACK-5XL,53.0,9.0,9.0,0.0,0.0,11.0,64.0,2,0
1244YKBLACK-6XL,12.0,4.0,3.0,0.0,0.0,11.0,23.0,0,8
1244YKBLACK-7XL,13.0,5.0,6.0,0.0,0.0,12.0,25.0,0,6
1244YKBLACK-8XL,7.0,3.0,8.0,0.0,0.0,25.0,32.0,2,15
1244YKBLACK-L,14.0,4.0,6.0,0.0,0.0,17.0,31.0,2,9
1244YKBLACK-M,41.0,6.0,5.0,0.0,0.0,15.0,56.0,0,10
1244YKBLACK-S,36.0,5.0,3.0,0.0,0.0,3.0,39.0,0,0
1244YKBLACK-XL,15.0,4.0,8.0,0.0,0.0,15.0,30.0,4,3
1244YKBLACK-XS,20.0,6.0,3.0,0.0,0.0,3.0,23.0,0,0
1244YKBLACK-XXL,14.0,5.0,9.0,0.0,0.0,29.0,43.0,9,11
1245YKRED-3XL,11.0,6.0,12.0,0.0,0.0,14.0,25.0,2,0
1245YKRED-4XL,3.0,1.0,1.0,0.0,0.0,3.0,6.0,2,0
1245YKRED-5XL,10.0,6.0,6.0,0.0,0.0,6.0,16.0,0,0
1245YKRED-6XL,4.0,3.0,0.0,0.0,0.0,0.0,4.0,0,0
1245YKRED-7XL,21.0,4.0,4.0,0.0,0.0,4.0,25.0,0,0
1245YKRED-8XL,5.0,2.0,0.0,0.0,0.0,0.0,5.0,0,0
1245YKRED-L,8.0,4.0,3.0,0.0,0.0,3.0,11.0,0,0
1245YKRED-M,10.0,6.0,1.0,0.0,0.0,1.0,11.0,0,0
1245YKRED-S,7.0,3.0,1.0,0.0,0.0,1.0,8.0,0,0
1245YKRED-XL,4.0,2.0,3.0,0.0,0.0,3.0,7.0,0,0
1245YKRED-XS,8.0,4.0,0.0,0.0,0.0,0.0,8.0,0,0
1245YKRED-XXL,1.0,0.0,3.0,2.0,0.0,7.0,8.0,2,0
1247YKGREEN-3XL,1.0,0.0,0.0,0.0,0.0,0.0,1.0,0,0
1247YKGREEN-4XL,3.0,3.0,0.0,0.0,0.0,0.0,3.0,0,0
1247YKGREEN-5XL,8.0,5.0,4.0,0.0,0.0,4.0,12.0,0,0
1247YKGREEN-L,2.0,0.0,0.0,0.0,0.0,0.0,2.0,0,0
1247YKGREEN-M,9.0,4.0,4.0,0.0,0.0,4.0,13.0,0,0
1247YKGREEN-S,4.0,2.0,0.0,0.0,0.0,0.0,4.0,0,0
1247YKGREEN-XL,1.0,1.0,0.0,0.0,0.0,0.0,1.0,0,0
1247YKGREEN-XS,2.0,0.0,3.0,0.0,0.0,3.0,5.0,0,0
1247YKGREEN-XXL,0.0,0.0,6.0,0.0,0.0,15.0,15.0,9,0
1248YKMAROON-3XL,1.0,1.0,5.0,0.0,0.0,9.0,10.0,4,0
1248YKMAROON-4XL,3.0,3.0,1.0,0.0,0.0,3.0,6.0,2,0
1248YKMAROON-5XL,1.0,1.0,0.0,0.0,0.0,0.0,1.0,0,0
1248YKMAROON-L,3.0,3.0,1.0,0.0,0.0,1.0,4.0,0,0
1248YKMAROON-M,4.0,1.0,0.0,0.0,0.0,0.0,4.0,0,0
1248YKMAROON-S,11.0,3.0,2.0,0.0,0.0,2.0,13.0,0,0
1248YKMAROON-XL,3.0,1.0,1.0,0.0,0.0,1.0,4.0,0,0
1248YKMAROON-XS,7.0,3.0,0.0,0.0,0.0,0.0,7.0,0,0
1248YKMAROON-XXL,20.0,9.0,14.0,0.0,0.0,14.0,34.0,0,0
1249YKMULTI-3XL,14.0,7.0,6.0,0.0,0.0,6.0,20.0,0,0
1249YKMULTI-4XL,0.0,0.0,2.0,0.0,0.0,2.0,2.0,0,0
1249YKMULTI-5XL,1.0,1.0,2.0,0.0,0.0,2.0,3.0,0,0
1249YKMULTI-L,11.0,3.0,1.0,0.0,0.0,1.0,12.0,0,0
1249YKMULTI-M,15.0,3.0,4.0,0.0,0.0,4.0,19.0,0,0
1249YKMULTI-S,10.0,4.0,2.0,0.0,0.0,2.0,12.0,0,0
1249YKMULTI-XL,15.0,4.0,2.0,0.0,0.0,2.0,17.0,0,0
1249YKMULTI-XS,17.0,3.0,2.0,0.0,0.0,2.0,19.0,0,0
1249YKMULTI-XXL,22.0,6.0,5.0,0.0,0.0,5.0,27.0,0,0
1250YKBLACK-3XL,1.0,0.0,0.0,0.0,0.0,0.0,1.0,0,0
1250YKBLACK-4XL,1.0,1.0,0.0,0.0,0.0,0.0,1.0,0,0
1250YKBLACK-5XL,1.0,1.0,0.0,0.0,0.0,0.0,1.0,0,0
1250YKBLACK-L,13.0,8.0,2.0,0.0,0.0,2.0,15.0,0,0
1250YKBLACK-M,10.0,7.0,1.0,0.0,0.0,1.0,11.0,0,0
1250YKBLACK-S,18.0,11.0,1.0,0.0,0.0,1.0,19.0,0,0
1250YKBLACK-XL,3.0,3.0,1.0,0.0,0.0,1.0,4.0,0,0
1250YKBLACK-XS,7.0,5.0,0.0,0.0,0.0,0.0,7.0,0,0
1251KDMAROON-11-12,1.0,1.0,0.0,0.0,0.0,0.0,1.0,0,0
1251KDMAROON-13-14,1.0,0.0,0.0,0.0,0.0,0.0,1.0,0,0
1251KDMAROON-7-8,12.0,4.0,3.0,0.0,0.0,3.0,15.0,0,0
1251KDMAROON-9-10,8.0,4.0,7.0,0.0,0.0,7.0,15.0,0,0
1251YKMAROON-3XL,6.0,4.0,13.0,6.0,0.0,21.0,27.0,2,0
1251YKMAROON-4XL,5.0,5.0,24.0,4.0,3.0,33.0,38.0,2,0
1251YKMAROON-5XL,40.0,10.0,22.0,5.0,0.0,29.0,69.0,2,0
1251YKMAROON-6XL,5.0,4.0,10.0,1.0,0.0,11.0,16.0,0,0
1251YKMAROON-7XL,7.0,3.0,10.0,0.0,0.0,10.0,17.0,0,0
1251YKMAROON-8XL,2.0,1.0,6.0,0.0,0.0,6.0,8.0,0,0
1251YKMAROON-L,17.0,5.0,3.0,0.0,0.0,3.0,20.0,0,0
1251YKMAROON-M,5.0,5.0,2.0,0.0,0.0,2.0,7.0,0,0
1251YKMAROON-S,82.0,9.0,8.0,0.0,0.0,8.0,90.0,0,0
1251YKMAROON-XL,6.0,6.0,6.0,0.0,1.0,7.0,13.0,0,0
1251YKMAROON-XS,82.0,8.0,4.0,0.0,0.0,4.0,86.0,0,0
1251YKMAROON-XXL,12.0,11.0,20.0,7.0,1.0,34.0,46.0,6,0
1252YKGREEN-3XL,43.0,5.0,19.0,0.0,0.0,21.0,64.0,2,0
1252YKGREEN-4XL,39.0,7.0,10.0,0.0,0.0,10.0,49.0,0,0
1252YKGREEN-5XL,13.0,8.0,18.0,0.0,0.0,18.0,31.0,0,0
1252YKGREEN-6XL,11.0,3.0,7.0,0.0,0.0,7.0,18.0,0,0
1252YKGREEN-7XL,15.0,3.0,2.0,0.0,0.0,2.0,17.0,0,0
1252YKGREEN-8XL,11.0,3.0,3.0,0.0,0.0,6.0,17.0,3,0
1252YKGREEN-L,41.0,5.0,9.0,0.0,0.0,13.0,54.0,4,0
1252YKGREEN-M,31.0,3.0,11.0,3.0,0.0,14.0,45.0,0,0
1252YKGREEN-S,3.0,3.0,10.0,0.0,0.0,10.0,13.0,0,0
1252YKGREEN-XL,15.0,5.0,21.0,3.0,0.0,24.0,39.0,0,0
1252YKGREEN-XS,7.0,3.0,1.0,0.0,0.0,1.0,8.0,0,0
1252YKGREEN-XXL,36.0,5.0,16.0,0.0,0.0,16.0,52.0,0,0
1253YKBLACK-3XL,7.0,7.0,15.0,1.0,0.0,16.0,23.0,0,0
1253YKBLACK-4XL,47.0,10.0,16.0,2.0,0.0,18.0,65.0,0,0
1253YKBLACK-5XL,8.0,8.0,19.0,4.0,0.0,23.0,31.0,0,0
1253YKBLACK-6XL,3.0,3.0,2.0,0.0,0.0,2.0,5.0,0,0
1253YKBLACK-7XL,0.0,0.0,1.0,0.0,0.0,5.0,5.0,4,0
1253YKBLACK-8XL,13.0,4.0,3.0,0.0,0.0,3.0,16.0,0,0
1253YKBLACK-L,4.0,4.0,6.0,0.0,0.0,6.0,10.0,0,0
1253YKBLACK-M,2.0,2.0,6.0,0.0,0.0,6.0,8.0,0,0
1253YKBLACK-S,4.0,3.0,1.0,0.0,0.0,1.0,5.0,0,0
1253YKBLACK-XL,6.0,6.0,14.0,0.0,0.0,14.0,20.0,0,0
1253YKBLACK-XS,5.0,3.0,1.0,0.0,0.0,1.0,6.0,0,0
1253YKBLACK-XXL,4.0,4.0,13.0,3.0,3.0,19.0,23.0,0,0
1254YKBLUE-3XL,1.0,0.0,6.0,0.0,0.0,12.0,13.0,6,0
1254YKBLUE-4XL,5.0,5.0,3.0,0.0,0.0,5.0,10.0,2,0
1254YKBLUE-5XL,29.0,4.0,12.0,0.0,0.0,12.0,41.0,0,0
1254YKBLUE-L,40.0,4.0,5.0,0.0,0.0,5.0,45.0,0,0
1254YKBLUE-M,9.0,4.0,7.0,0.0,0.0,7.0,16.0,0,0
1254YKBLUE-S,3.0,3.0,1.0,0.0,0.0,1.0,4.0,0,0
1254YKBLUE-XL,2.0,2.0,7.0,0.0,0.0,11.0,13.0,4,0
1254YKBLUE-XS,11.0,3.0,3.0,0.0,0.0,3.0,14.0,0,0
1254YKBLUE-XXL,0.0,2.0,3.0,0.0,0.0,7.0,7.0,4,0
1255YKMAROON-3XL,45.0,6.0,12.0,1.0,0.0,13.0,58.0,0,0
1255YKMAROON-4XL,57.0,7.0,15.0,1.0,3.0,19.0,76.0,0,0
1255YKMAROON-5XL,113.0,14.0,13.0,6.0,2.0,21.0,134.0,0,0
1255YKMAROON-6XL,57.0,5.0,9.0,1.0,0.0,10.0,67.0,0,0
1255YKMAROON-7XL,21.0,3.0,7.0,0.0,0.0,15.0,36.0,8,0
1255YKMAROON-8XL,34.0,5.0,14.0,0.0,0.0,14.0,48.0,0,0
1255YKMAROON-L,59.0,7.0,5.0,3.0,0.0,8.0,67.0,0,0
1255YKMAROON-M,38.0,7.0,9.0,3.0,1.0,13.0,51.0,0,0
1255YKMAROON-S,44.0,5.0,2.0,0.0,0.0,2.0,46.0,0,0
1255YKMAROON-XL,52.0,7.0,14.0,0.0,0.0,14.0,66.0,0,0
1255YKMAROON-XS,31.0,5.0,5.0,0.0,0.0,5.0,36.0,0,0
1255YKMAROON-XXL,54.0,7.0,17.0,26.0,1.0,44.0,98.0,0,0
1256YKPEACH-3XL,81.0,12.0,14.0,0.0,0.0,23.0,104.0,9,0
1256YKPEACH-4XL,96.0,11.0,25.0,0.0,0.0,27.0,123.0,2,0
1256YKPEACH-5XL,98.0,11.0,10.0,0.0,0.0,10.0,108.0,0,0
1256YKPEACH-6XL,88.0,7.0,12.0,0.0,0.0,12.0,100.0,0,0
1256YKPEACH-7XL,27.0,3.0,3.0,0.0,0.0,3.0,30.0,0,0
1256YKPEACH-8XL,31.0,2.0,2.0,0.0,0.0,2.0,33.0,0,0
1256YKPEACH-L,42.0,6.0,10.0,0.0,0.0,10.0,52.0,0,0
1256YKPEACH-M,47.0,7.0,4.0,0.0,0.0,4.0,51.0,0,0
1256YKPEACH-S,43.0,5.0,6.0,0.0,0.0,6.0,49.0,0,0
1256YKPEACH-XL,75.0,6.0,10.0,0.0,0.0,10.0,85.0,0,0
1256YKPEACH-XS,29.0,3.0,7.0,0.0,0.0,7.0,36.0,0,0
1256YKPEACH-XXL,91.0,12.0,19.0,0.0,0.0,27.0,118.0,8,0
1257YKBLUE-3XL,17.0,5.0,7.0,0.0,0.0,13.0,30.0,6,0
1257YKBLUE-4XL,12.0,9.0,10.0,0.0,0.0,12.0,24.0,2,0
1257YKBLUE-5XL,11.0,10.0,4.0,0.0,0.0,6.0,17.0,2,0
1257YKBLUE-6XL,1.0,0.0,0.0,0.0,0.0,0.0,1.0,0,0
1257YKBLUE-7XL,3.0,3.0,0.0,0.0,0.0,0.0,3.0,0,0
1257YKBLUE-8XL,23.0,5.0,7.0,0.0,0.0,7.0,30.0,0,0
1257YKBLUE-L,20.0,3.0,4.0,0.0,0.0,4.0,24.0,0,0
1257YKBLUE-M,8.0,3.0,0.0,0.0,0.0,0.0,8.0,0,0
1257YKBLUE-S,27.0,6.0,3.0,0.0,0.0,3.0,30.0,0,0
1257YKBLUE-XL,10.0,3.0,0.0,0.0,0.0,0.0,10.0,0,0
1257YKBLUE-XS,23.0,6.0,2.0,0.0,0.0,2.0,25.0,0,0
1257YKBLUE-XXL,4.0,4.0,0.0,0.0,0.0,0.0,4.0,0,0
1258YKWHITE-3XL,49.0,6.0,26.0,7.0,0.0,35.0,84.0,2,0
1258YKWHITE-4XL,4.0,4.0,7.0,7.0,0.0,16.0,20.0,2,0
1258YKWHITE-5XL,7.0,5.0,36.0,4.0,0.0,42.0,49.0,2,0
1258YKWHITE-6XL,4.0,4.0,1.0,9.0,0.0,12.0,16.0,2,0
1258YKWHITE-7XL,3.0,3.0,10.0,3.0,0.0,15.0,18.0,2,0
1258YKWHITE-8XL,0.0,0.0,6.0,0.0,0.0,6.0,6.0,0,0
1258YKWHITE-L,31.0,5.0,10.0,4.0,0.0,16.0,47.0,2,0
1258YKWHITE-M,4.0,4.0,18.0,5.0,0.0,25.0,29.0,2,0
1258YKWHITE-S,48.0,7.0,10.0,9.0,0.0,21.0,69.0,2,0
1258YKWHITE-XL,22.0,6.0,10.0,4.0,0.0,16.0,38.0,2,0
1258YKWHITE-XS,19.0,3.0,4.0,7.0,0.0,13.0,32.0,2,0
1258YKWHITE-XXL,44.0,6.0,30.0,4.0,0.0,36.0,80.0,2,0
1259YKBLUE-M,2.0,1.0,0.0,0.0,0.0,0.0,2.0,0,0
1259YKBLUE-S,4.0,1.0,0.0,0.0,0.0,0.0,4.0,0,0
1259YKBLUE-XS,9.0,1.0,0.0,0.0,0.0,0.0,9.0,0,0
1260YKTEAL-3XL,5.0,5.0,4.0,0.0,0.0,4.0,9.0,0,0
1260YKTEAL-4XL,17.0,5.0,14.0,0.0,0.0,14.0,31.0,0,0
1260YKTEAL-5XL,18.0,4.0,13.0,0.0,0.0,13.0,31.0,0,0
1260YKTEAL-6XL,6.0,3.0,6.0,4.0,0.0,10.0,16.0,0,0
1260YKTEAL-7XL,23.0,6.0,12.0,1.0,0.0,13.0,36.0,0,0
1260YKTEAL-8XL,11.0,5.0,7.0,4.0,0.0,11.0,22.0,0,0
1260YKTEAL-L,3.0,3.0,2.0,0.0,0.0,4.0,7.0,2,0
1260YKTEAL-M,29.0,7.0,14.0,0.0,0.0,14.0,43.0,0,0
1260YKTEAL-S,7.0,6.0,1.0,0.0,0.0,1.0,8.0,0,0
1260YKTEAL-XL,34.0,6.0,12.0,0.0,0.0,12.0,46.0,0,0
1260YKTEAL-XS,6.0,4.0,0.0,0.0,0.0,0.0,6.0,0,0
1260YKTEAL-XXL,20.0,6.0,23.0,1.0,1.0,25.0,45.0,0,0
1261YKGREEN-3XL,55.0,8.0,9.0,0.0,0.0,11.0,66.0,2,0
1261YKGREEN-4XL,101.0,6.0,6.0,0.0,0.0,6.0,107.0,0,0
1261YKGREEN-5XL,91.0,5.0,6.0,0.0,0.0,6.0,97.0,0,0
1261YKGREEN-6XL,37.0,4.0,1.0,0.0,0.0,1.0,38.0,0,0
1261YKGREEN-7XL,21.0,6.0,1.0,0.0,0.0,3.0,24.0,2,0
1261YKGREEN-8XL,21.0,4.0,3.0,0.0,0.0,3.0,24.0,0,0
1261YKGREEN-L,45.0,6.0,11.0,0.0,0.0,11.0,56.0,0,0
1261YKGREEN-M,17.0,7.0,1.0,0.0,0.0,1.0,18.0,0,0
1261YKGREEN-S,21.0,6.0,3.0,0.0,0.0,3.0,24.0,0,0
1261YKGREEN-XL,46.0,7.0,17.0,0.0,0.0,17.0,63.0,0,0
1261YKGREEN-XS,17.0,6.0,1.0,0.0,0.0,1.0,18.0,0,0
1261YKGREEN-XXL,47.0,11.0,11.0,0.0,0.0,11.0,58.0,0,0
1262YKBLACK-3XL,109.0,14.0,17.0,3.0,2.0,22.0,131.0,0,0
1262YKBLACK-4XL,106.0,10.0,17.0,2.0,4.0,25.0,131.0,2,0
1262YKBLACK-5XL,38.0,9.0,22.0,4.0,0.0,26.0,64.0,0,0
1262YKBLACK-6XL,10.0,6.0,1.0,2.0,0.0,3.0,13.0,0,0
1262YKBLACK-7XL,7.0,3.0,6.0,2.0,0.0,9.0,16.0,1,0
1262YKBLACK-8XL,5.0,4.0,1.0,1.0,0.0,2.0,7.0,0,0
1262YKBLACK-L,87.0,8.0,10.0,1.0,0.0,11.0,98.0,0,0
1262YKBLACK-M,50.0,5.0,11.0,1.0,0.0,12.0,62.0,0,0
1262YKBLACK-S,142.0,6.0,3.0,4.0,0.0,7.0,149.0,0,0
1262YKBLACK-XL,108.0,9.0,14.0,4.0,2.0,20.0,128.0,0,0
1262YKBLACK-XS,11.0,2.0,0.0,0.0,0.0,0.0,11.0,0,0
1262YKBLACK-XXL,151.0,15.0,33.0,46.0,3.0,84.0,235.0,2,0
1264YKGREEN-L,1.0,1.0,0.0,0.0,0.0,0.0,1.0,0,0
1264YKGREEN-S,2.0,1.0,0.0,0.0,0.0,0.0,2.0,0,0
1264YKGREEN-XL,1.0,0.0,1.0,0.0,0.0,1.0,2.0,0,0
1264YKGREEN-XS,2.0,1.0,0.0,0.0,0.0,0.0,2.0,0,0
1264YKGREEN-XXL,1.0,1.0,0.0,0.0,0.0,0.0,1.0,0,0
1265YKPINK-3XL,6.0,6.0,28.0,0.0,0.0,44.0,50.0,16,0
1265YKPINK-4XL,18.0,10.0,32.0,0.0,0.0,52.0,70.0,20,0
1265YKPINK-5XL,12.0,8.0,17.0,0.0,0.0,23.0,35.0,6,0
1265YKPINK-6XL,2.0,0.0,0.0,0.0,0.0,0.0,2.0,0,0
1265YKPINK-7XL,0.0,0.0,3.0,0.0,0.0,6.0,6.0,3,0
1265YKPINK-8XL,4.0,3.0,2.0,0.0,0.0,2.0,6.0,0,0
1265YKPINK-L,18.0,9.0,38.0,0.0,0.0,58.0,76.0,20,0
1265YKPINK-M,0.0,0.0,15.0,0.0,0.0,21.0,21.0,6,0
1265YKPINK-S,2.0,4.0,17.0,0.0,0.0,27.0,29.0,10,0
1265YKPINK-XL,10.0,8.0,33.0,0.0,0.0,53.0,63.0,20,0
1265YKPINK-XS,10.0,3.0,1.0,0.0,0.0,1.0,11.0,0,0
1265YKPINK-XXL,13.0,7.0,24.0,0.0,0.0,34.0,47.0,10,0
1266YKBLUE-3XL,9.0,9.0,11.0,2.0,0.0,13.0,22.0,0,0
1266YKBLUE-4XL,59.0,16.0,5.0,0.0,0.0,5.0,64.0,0,0
1266YKBLUE-5XL,66.0,16.0,20.0,0.0,0.0,22.0,88.0,2,0
1266YKBLUE-6XL,1.0,1.0,1.0,0.0,0.0,1.0,2.0,0,0
1266YKBLUE-7XL,35.0,7.0,9.0,2.0,0.0,11.0,46.0,0,0
1266YKBLUE-8XL,5.0,4.0,7.0,1.0,0.0,8.0,13.0,0,0
1266YKBLUE-L,10.0,6.0,15.0,1.0,0.0,16.0,26.0,0,0
1266YKBLUE-M,42.0,7.0,11.0,1.0,0.0,12.0,54.0,0,0
1266YKBLUE-S,68.0,5.0,4.0,1.0,1.0,6.0,74.0,0,0
1266YKBLUE-XL,36.0,5.0,12.0,1.0,1.0,14.0,50.0,0,0
1266YKBLUE-XS,3.0,3.0,1.0,0.0,0.0,1.0,4.0,0,0
1266YKBLUE-XXL,40.0,11.0,19.0,4.0,0.0,23.0,63.0,0,0
1267YKPINK-3XL,9.0,3.0,0.0,0.0,0.0,0.0,9.0,0,0
1267YKPINK-4XL,1.0,1.0,0.0,0.0,0.0,0.0,1.0,0,0
1267YKPINK-XXL,5.0,2.0,1.0,0.0,0.0,1.0,6.0,0,0
1268YKMULTI-3XL,55.0,3.0,16.0,8.0,0.0,24.0,79.0,0,0
1268YKMULTI-4XL,34.0,6.0,11.0,3.0,0.0,18.0,52.0,4,0
1268YKMULTI-5XL,34.0,7.0,4.0,0.0,0.0,6.0,40.0,2,0
1268YKMULTI-6XL,15.0,5.0,4.0,0.0,0.0,6.0,21.0,2,0
1268YKMULTI-7XL,9.0,4.0,4.0,0.0,0.0,4.0,13.0,0,0
1268YKMULTI-8XL,11.0,6.0,0.0,0.0,0.0,0.0,11.0,0,0
1268YKMULTI-L,92.0,5.0,23.0,8.0,0.0,31.0,123.0,0,0
1268YKMULTI-M,122.0,7.0,5.0,8.0,0.0,13.0,135.0,0,0
1268YKMULTI-S,68.0,11.0,9.0,8.0,0.0,17.0,85.0,0,0
1268YKMULTI-XL,108.0,10.0,8.0,8.0,0.0,16.0,124.0,0,0
1268YKMULTI-XS,21.0,4.0,2.0,0.0,0.0,2.0,23.0,0,0
1268YKMULTI-XXL,105.0,10.0,11.0,10.0,0.0,21.0,126.0,0,0
1269YKMUSTARD-L,2.0,1.0,0.0,0.0,0.0,0.0,2.0,0,0
1269YKMUSTARD-M,8.0,5.0,1.0,0.0,0.0,1.0,9.0,0,0
1269YKMUSTARD-S,13.0,5.0,1.0,0.0,0.0,1.0,14.0,0,0
1269YKMUSTARD-XXL,1.0,1.0,0.0,0.0,0.0,0.0,1.0,0,0
126YK240BLACK-3XL,18.0,9.0,16.0,0.0,0.0,16.0,34.0,0,0
126YK240BLACK-4XL,0.0,0.0,4.0,0.0,0.0,8.0,8.0,4,0
126YK240BLACK-5XL,4.0,4.0,11.0,0.0,0.0,13.0,17.0,2,0
126YK240BLACK-XL,1.0,1.0,0.0,0.0,0.0,0.0,1.0,0,0
126YK240BLACK-XXL,11.0,10.0,6.0,5.0,0.0,11.0,22.0,0,0
1270YKBLUE-3XL,61.0,6.0,19.0,0.0,1.0,20.0,81.0,0,0
1270YKBLUE-4XL,66.0,5.0,11.0,0.0,1.0,18.0,84.0,6,0
1270YKBLUE-5XL,109.0,10.0,14.0,0.0,0.0,14.0,123.0,0,0
1270YKBLUE-6XL,55.0,3.0,2.0,0.0,0.0,4.0,59.0,2,0
1270YKBLUE-7XL,3.0,2.0,1.0,0.0,0.0,1.0,4.0,0,0
1270YKBLUE-8XL,50.0,2.0,6.0,0.0,0.0,6.0,56.0,0,0
1270YKBLUE-L,120.0,13.0,7.0,0.0,0.0,7.0,127.0,0,0
1270YKBLUE-M,143.0,9.0,13.0,0.0,2.0,15.0,158.0,0,0
1270YKBLUE-S,78.0,7.0,9.0,0.0,1.0,10.0,88.0,0,0
1270YKBLUE-XL,57.0,10.0,11.0,0.0,0.0,11.0,68.0,0,0
1270YKBLUE-XS,86.0,11.0,5.0,0.0,1.0,6.0,92.0,0,0
1270YKBLUE-XXL,115.0,7.0,15.0,8.0,0.0,23.0,138.0,0,0
1271YKPINK-3XL,81.0,3.0,5.0,6.0,0.0,11.0,92.0,0,0
1271YKPINK-4XL,93.0,8.0,12.0,6.0,0.0,18.0,111.0,0,0
1271YKPINK-5XL,109.0,5.0,5.0,8.0,0.0,13.0,122.0,0,0
1271YKPINK-6XL,25.0,5.0,6.0,5.0,0.0,11.0,36.0,0,0
1271YKPINK-7XL,25.0,3.0,3.0,3.0,0.0,6.0,31.0,0,0
1271YKPINK-8XL,9.0,2.0,3.0,4.0,0.0,7.0,16.0,0,0
1271YKPINK-L,91.0,9.0,20.0,2.0,0.0,22.0,113.0,0,0
1271YKPINK-M,177.0,8.0,12.0,3.0,0.0,15.0,192.0,0,0
1271YKPINK-S,27.0,4.0,7.0,3.0,0.0,10.0,37.0,0,0
1271YKPINK-XL,73.0,10.0,21.0,2.0,0.0,23.0,96.0,0,0
1271YKPINK-XS,5.0,3.0,1.0,0.0,0.0,1.0,6.0,0,0
1271YKPINK-XXL,68.0,9.0,10.0,0.0,0.0,10.0,78.0,0,0
1272YKBLACK-3XL,5.0,3.0,0.0,0.0,0.0,0.0,5.0,0,0
1272YKBLACK-L,3.0,1.0,0.0,0.0,0.0,0.0,3.0,0,0
1272YKBLACK-M,5.0,5.0,1.0,0.0,0.0,1.0,6.0,0,0
1272YKBLACK-S,9.0,3.0,1.0,0.0,0.0,1.0,10.0,0,0
1272YKBLACK-XL,5.0,4.0,0.0,0.0,0.0,0.0,5.0,0,0
1272YKBLACK-XS,5.0,1.0,0.0,0.0,0.0,0.0,5.0,0,0
1272YKBLACK-XXL,9.0,4.0,0.0,0.0,0.0,0.0,9.0,0,0
1273YKBLUE-XS,2.0,0.0,0.0,0.0,0.0,0.0,2.0,0,0
1274YKBLUE-M,2.0,0.0,0.0,0.0,0.0,0.0,2.0,0,0
1274YKBLUE-S,8.0,3.0,0.0,0.0,0.0,0.0,8.0,0,0
1277YKGREEN-L,4.0,3.0,2.0,0.0,0.0,6.0,10.0,4,0
1277YKGREEN-M,15.0,7.0,6.0,0.0,0.0,6.0,21.0,0,0
1277YKGREEN-S,56.0,5.0,2.0,0.0,0.0,2.0,58.0,0,0
1277YKGREEN-XL,1.0,1.0,0.0,0.0,0.0,0.0,1.0,0,0
1277YKGREEN-XS,28.0,5.0,2.0,0.0,0.0,2.0,30.0,0,0
1277YKGREEN-XXL,0.0,0.0,1.0,0.0,0.0,3.0,3.0,2,0
1278YKPINK-3XL,12.0,3.0,5.0,0.0,0.0,10.0,22.0,0,5
1278YKPINK-4XL,38.0,2.0,2.0,0.0,0.0,32.0,70.0,0,30
1278YKPINK-5XL,36.0,4.0,3.0,0.0,0.0,34.0,70.0,0,31
1278YKPINK-L,116.0,9.0,23.0,0.0,0.0,23.0,139.0,0,0
1278YKPINK-M,128.0,9.0,12.0,0.0,1.0,13.0,141.0,0,0
1278YKPINK-S,65.0,4.0,5.0,0.0,0.0,5.0,70.0,0,0
1278YKPINK-XL,122.0,13.0,17.0,0.0,0.0,17.0,139.0,0,0
1278YKPINK-XS,5.0,3.0,1.0,0.0,0.0,1.0,6.0,0,0
1278YKPINK-XXL,47.0,6.0,6.0,0.0,0.0,20.0,67.0,0,14
1280YKBLUE-L,17.0,5.0,1.0,0.0,0.0,1.0,18.0,0,0
1280YKBLUE-M,6.0,3.0,2.0,0.0,0.0,2.0,8.0,0,0
1280YKBLUE-S,9.0,3.0,0.0,0.0,0.0,0.0,9.0,0,0
1280YKBLUE-XL,28.0,4.0,3.0,0.0,0.0,3.0,31.0,0,0
1280YKBLUE-XXL,9.0,3.0,2.0,0.0,0.0,2.0,11.0,0,0
1281YKPINK-S,1.0,0.0,0.0,0.0,0.0,0.0,1.0,0,0
1282YKYELLOW-L,14.0,7.0,0.0,0.0,0.0,0.0,14.0,0,0
1282YKYELLOW-M,23.0,8.0,0.0,0.0,0.0,0.0,23.0,0,0
1282YKYELLOW-XL,20.0,8.0,0.0,0.0,0.0,0.0,20.0,0,0
1282YKYELLOW-XXL,28.0,8.0,1.0,0.0,0.0,1.0,29.0,0,0
1284YKBLUE-L,1.0,1.0,0.0,0.0,0.0,0.0,1.0,0,0
1284YKBLUE-M,1.0,1.0,0.0,0.0,0.0,0.0,1.0,0,0
1284YKBLUE-S,1.0,1.0,0.0,0.0,0.0,0.0,1.0,0,0
1284YKBLUE-XL,1.0,1.0,0.0,0.0,0.0,0.0,1.0,0,0
1284YKBLUE-XS,1.0,0.0,0.0,0.0,0.0,0.0,1.0,0,0
1285YKWHITE-S,1.0,0.0,1.0,0.0,0.0,1.0,2.0,0,0
1286YKMULTI-3XL,1.0,1.0,0.0,0.0,0.0,0.0,1.0,0,0
1286YKMULTI-L,2.0,1.0,6.0,0.0,0.0,10.0,12.0,4,0
1286YKMULTI-M,17.0,5.0,6.0,0.0,0.0,6.0,23.0,0,0
1286YKMULTI-S,37.0,4.0,4.0,0.0,0.0,4.0,41.0,0,0
1286YKMULTI-XL,4.0,2.0,0.0,0.0,0.0,0.0,4.0,0,0
1286YKMULTI-XXL,6.0,3.0,3.0,0.0,0.0,3.0,9.0,0,0
1287YKBROWN-3XL,29.0,10.0,15.0,0.0,0.0,15.0,44.0,0,0
1287YKBROWN-4XL,43.0,4.0,4.0,0.0,0.0,4.0,47.0,0,0
1287YKBROWN-5XL,1.0,1.0,3.0,0.0,0.0,5.0,6.0,2,0
1287YKBROWN-6XL,2.0,1.0,0.0,1.0,0.0,1.0,3.0,0,0
1287YKBROWN-8XL,1.0,1.0,0.0,0.0,0.0,0.0,1.0,0,0
1287YKBROWN-L,20.0,5.0,7.0,0.0,0.0,7.0,27.0,0,0
1287YKBROWN-M,10.0,5.0,3.0,0.0,0.0,3.0,13.0,0,0
1287YKBROWN-S,34.0,5.0,1.0,0.0,0.0,1.0,35.0,0,0
1287YKBROWN-XL,4.0,3.0,0.0,0.0,0.0,0.0,4.0,0,0
1287YKBROWN-XS,13.0,3.0,2.0,0.0,0.0,2.0,15.0,0,0
1287YKBROWN-XXL,56.0,5.0,10.0,8.0,1.0,19.0,75.0,0,0
1288YKGREEN-L,1.0,0.0,0.0,0.0,0.0,0.0,1.0,0,0
1288YKGREEN-XL,5.0,2.0,0.0,0.0,0.0,0.0,5.0,0,0
1291YKRED-M,2.0,0.0,0.0,0.0,0.0,0.0,2.0,0,0
1291YKRED-S,5.0,4.0,0.0,0.0,0.0,0.0,5.0,0,0
1291YKRED-XXL,1.0,0.0,0.0,0.0,0.0,0.0,1.0,0,0
1292YKGREEN-L,3.0,2.0,0.0,0.0,0.0,0.0,3.0,0,0
1292YKGREEN-M,17.0,7.0,0.0,0.0,0.0,0.0,17.0,0,0
1292YKGREEN-S,7.0,5.0,0.0,0.0,0.0,0.0,7.0,0,0
1292YKGREEN-XL,3.0,2.0,0.0,0.0,0.0,0.0,3.0,0,0
1293KDMAROON-11-12,1.0,0.0,0.0,0.0,0.0,0.0,1.0,0,0
1293KDMAROON-13-14,1.0,1.0,0.0,0.0,0.0,0.0,1.0,0,0
1293KDMAROON-7-8,22.0,6.0,3.0,0.0,0.0,3.0,25.0,0,0
1293KDMAROON-9-10,10.0,4.0,1.0,0.0,0.0,1.0,11.0,0,0
1293YKMAROON-3XL,191.0,12.0,63.0,4.0,0.0,69.0,260.0,2,0
1293YKMAROON-4XL,99.0,13.0,32.0,9.0,0.0,44.0,143.0,3,0
1293YKMAROON-5XL,18.0,7.0,32.0,12.0,4.0,51.0,69.0,3,0
1293YKMAROON-6XL,43.0,5.0,13.0,2.0,1.0,20.0,63.0,4,0
1293YKMAROON-7XL,52.0,6.0,8.0,6.0,1.0,19.0,71.0,4,0
1293YKMAROON-8XL,23.0,4.0,9.0,1.0,1.0,13.0,36.0,2,0
1293YKMAROON-L,195.0,11.0,105.0,5.0,1.0,146.0,341.0,34,1
1293YKMAROON-M,212.0,14.0,59.0,1.0,2.0,70.0,282.0,8,0
1293YKMAROON-S,77.0,13.0,31.0,6.0,1.0,40.0,117.0,2,0
1293YKMAROON-XL,216.0,14.0,87.0,3.0,0.0,92.0,308.0,2,0
1293YKMAROON-XS,63.0,4.0,19.0,5.0,0.0,26.0,89.0,2,0
1293YKMAROON-XXL,142.0,14.0,88.0,7.0,0.0,97.0,239.0,2,0
1294YKGREEN-3XL,136.0,8.0,21.0,0.0,0.0,21.0,157.0,0,0
1294YKGREEN-4XL,110.0,8.0,21.0,0.0,0.0,26.0,136.0,4,1
1294YKGREEN-5XL,106.0,12.0,19.0,0.0,0.0,19.0,125.0,0,0
1294YKGREEN-6XL,14.0,6.0,6.0,0.0,0.0,6.0,20.0,0,0
1294YKGREEN-7XL,28.0,4.0,2.0,0.0,0.0,2.0,30.0,0,0
1294YKGREEN-8XL,20.0,7.0,0.0,0.0,0.0,0.0,20.0,0,0
1294YKGREEN-L,34.0,5.0,7.0,0.0,0.0,7.0,41.0,0,0
1294YKGREEN-M,19.0,7.0,1.0,0.0,0.0,1.0,20.0,0,0
1294YKGREEN-S,29.0,6.0,5.0,0.0,0.0,5.0,34.0,0,0
1294YKGREEN-XL,45.0,7.0,6.0,0.0,0.0,6.0,51.0,0,0
1294YKGREEN-XS,6.0,3.0,0.0,0.0,0.0,0.0,6.0,0,0
1294YKGREEN-XXL,116.0,11.0,11.0,0.0,0.0,11.0,127.0,0,0
1295YKPINK-5XL,1.0,1.0,0.0,0.0,0.0,0.0,1.0,0,0
1295YKPINK-L,0.0,0.0,0.0,0.0,0.0,2.0,2.0,2,0
1295YKPINK-M,3.0,3.0,6.0,0.0,0.0,6.0,9.0,0,0
1295YKPINK-S,4.0,2.0,2.0,0.0,0.0,2.0,6.0,0,0
1295YKPINK-XS,8.0,3.0,0.0,0.0,0.0,0.0,8.0,0,0
1296YKRED-L,2.0,2.0,0.0,0.0,0.0,0.0,2.0,0,0
1296YKRED-M,13.0,8.0,0.0,0.0,0.0,0.0,13.0,0,0
1296YKRED-S,13.0,6.0,1.0,0.0,0.0,1.0,14.0,0,0
1296YKRED-XL,3.0,1.0,0.0,0.0,0.0,0.0,3.0,0,0
1297YKMUSTARD-L,4.0,4.0,0.0,0.0,0.0,0.0,4.0,0,0
1297YKMUSTARD-M,43.0,10.0,4.0,0.0,0.0,4.0,47.0,0,0
1297YKMUSTARD-S,10.0,5.0,1.0,0.0,0.0,1.0,11.0,0,0
1297YKMUSTARD-XL,11.0,8.0,1.0,0.0,0.0,1.0,12.0,0,0
1300YKORANGE-3XL,30.0,3.0,4.0,0.0,0.0,4.0,34.0,0,0
1300YKORANGE-4XL,37.0,3.0,4.0,0.0,0.0,4.0,41.0,0,0
1300YKORANGE-5XL,17.0,4.0,5.0,0.0,0.0,5.0,22.0,0,0
1300YKORANGE-6XL,11.0,4.0,8.0,0.0,0.0,12.0,23.0,4,0
1300YKORANGE-7XL,12.0,4.0,0.0,0.0,0.0,0.0,12.0,0,0
1300YKORANGE-8XL,10.0,3.0,4.0,0.0,0.0,8.0,18.0,4,0
1300YKORANGE-L,25.0,4.0,5.0,0.0,0.0,5.0,30.0,0,0
1300YKORANGE-M,16.0,6.0,4.0,0.0,0.0,4.0,20.0,0,0
1300YKORANGE-S,5.0,5.0,2.0,0.0,0.0,2.0,7.0,0,0
1300YKORANGE-XL,9.0,5.0,0.0,0.0,0.0,0.0,9.0,0,0
1300YKORANGE-XS,25.0,6.0,2.0,0.0,0.0,2.0,27.0,0,0
1300YKORANGE-XXL,30.0,3.0,3.0,0.0,0.0,3.0,33.0,0,0
1301YKBLUE-XL,3.0,1.0,0.0,0.0,0.0,0.0,3.0,0,0
1302YKMULTI-3XL,1.0,0.0,0.0,0.0,0.0,0.0,1.0,0,0
1302YKMULTI-L,1.0,0.0,0.0,0.0,0.0,0.0,1.0,0,0
1302YKMULTI-M,5.0,3.0,0.0,0.0,0.0,0.0,5.0,0,0
1302YKMULTI-S,15.0,8.0,0.0,0.0,0.0,0.0,15.0,0,0
1302YKMULTI-XS,25.0,8.0,1.0,0.0,0.0,1.0,26.0,0,0
1303YKBLACK-3XL,15.0,7.0,15.0,0.0,0.0,15.0,30.0,0,0
1303YKBLACK-4XL,18.0,7.0,10.0,0.0,0.0,15.0,33.0,5,0
1303YKBLACK-5XL,14.0,7.0,11.0,0.0,0.0,13.0,27.0,2,0
1303YKBLACK-6XL,26.0,3.0,4.0,0.0,0.0,4.0,30.0,0,0
1303YKBLACK-7XL,21.0,6.0,7.0,0.0,0.0,7.0,28.0,0,0
1303YKBLACK-8XL,38.0,4.0,7.0,0.0,0.0,7.0,45.0,0,0
1303YKBLACK-L,14.0,11.0,34.0,0.0,0.0,34.0,48.0,0,0
1303YKBLACK-M,10.0,8.0,8.0,0.0,0.0,10.0,20.0,2,0
1303YKBLACK-S,10.0,6.0,22.0,0.0,0.0,22.0,32.0,0,0
1303YKBLACK-XL,13.0,13.0,22.0,0.0,0.0,24.0,37.0,2,0
1303YKBLACK-XS,5.0,5.0,5.0,0.0,0.0,5.0,10.0,0,0
1303YKBLACK-XXL,2.0,1.0,23.0,3.0,0.0,28.0,30.0,2,0
1304YKKHAKI-3XL,3.0,1.0,0.0,0.0,0.0,0.0,3.0,0,0
1304YKKHAKI-L,1.0,0.0,0.0,0.0,0.0,2.0,3.0,2,0
1304YKKHAKI-M,5.0,1.0,3.0,0.0,0.0,7.0,12.0,4,0
1304YKKHAKI-XL,2.0,1.0,10.0,0.0,0.0,20.0,22.0,10,0
1304YKKHAKI-XS,1.0,0.0,0.0,0.0,0.0,0.0,1.0,0,0
1304YKKHAKI-XXL,6.0,3.0,2.0,0.0,0.0,6.0,12.0,4,0
1305YKBLUE-L,2.0,1.0,0.0,0.0,0.0,0.0,2.0,0,0
1306YKORANGE-3XL,117.0,4.0,9.0,1.0,6.0,16.0,133.0,0,0
1306YKORANGE-4XL,62.0,6.0,4.0,2.0,0.0,9.0,71.0,3,0
1306YKORANGE-5XL,127.0,7.0,9.0,0.0,0.0,9.0,136.0,0,0
1306YKORANGE-6XL,45.0,4.0,2.0,0.0,0.0,2.0,47.0,0,0
1306YKORANGE-7XL,34.0,7.0,5.0,0.0,0.0,9.0,43.0,4,0
1306YKORANGE-8XL,59.0,3.0,6.0,0.0,0.0,7.0,66.0,0,1
1306YKORANGE-L,82.0,6.0,8.0,0.0,3.0,11.0,93.0,0,0
1306YKORANGE-M,140.0,4.0,4.0,0.0,0.0,4.0,144.0,0,0
1306YKORANGE-S,93.0,3.0,5.0,3.0,2.0,10.0,103.0,0,0
1306YKORANGE-XL,118.0,10.0,5.0,2.0,1.0,8.0,126.0,0,0
1306YKORANGE-XS,34.0,4.0,5.0,0.0,0.0,5.0,39.0,0,0
1306YKORANGE-XXL,157.0,7.0,4.0,0.0,0.0,6.0,163.0,2,0
1307YKBLUE-3XL,27.0,5.0,9.0,0.0,0.0,16.0,43.0,6,1
1307YKBLUE-4XL,37.0,7.0,14.0,0.0,0.0,14.0,51.0,0,0
1307YKBLUE-5XL,54.0,7.0,14.0,0.0,0.0,16.0,70.0,2,0
1307YKBLUE-6XL,31.0,6.0,2.0,0.0,0.0,2.0,33.0,0,0
1307YKBLUE-7XL,13.0,5.0,4.0,0.0,0.0,4.0,17.0,0,0
1307YKBLUE-8XL,47.0,4.0,2.0,0.0,0.0,3.0,50.0,0,1
1307YKBLUE-L,16.0,4.0,15.0,0.0,0.0,19.0,35.0,4,0
1307YKBLUE-M,7.0,6.0,11.0,0.0,0.0,11.0,18.0,0,0
1307YKBLUE-S,25.0,3.0,11.0,0.0,0.0,11.0,36.0,0,0
1307YKBLUE-XL,12.0,7.0,12.0,0.0,0.0,12.0,24.0,0,0
1307YKBLUE-XS,17.0,5.0,10.0,7.0,0.0,17.0,34.0,0,0
1307YKBLUE-XXL,28.0,10.0,8.0,3.0,0.0,11.0,39.0,0,0
1308YKBLUE-3XL,96.0,10.0,9.0,0.0,0.0,35.0,131.0,16,10
1308YKBLUE-4XL,39.0,10.0,15.0,0.0,0.0,53.0,92.0,20,18
1308YKBLUE-5XL,96.0,29.0,19.0,0.0,0.0,43.0,139.0,0,24
1308YKBLUE-L,77.0,6.0,12.0,0.0,0.0,12.0,89.0,0,0
1308YKBLUE-M,42.0,7.0,2.0,0.0,0.0,60.0,102.0,4,54
1308YKBLUE-S,55.0,3.0,3.0,0.0,0.0,3.0,58.0,0,0
1308YKBLUE-XL,36.0,14.0,9.0,0.0,0.0,9.0,45.0,0,0
1308YKBLUE-XS,14.0,4.0,0.0,0.0,0.0,0.0,14.0,0,0
1308YKBLUE-XXL,88.0,5.0,29.0,0.0,0.0,54.0,142.0,2,23
1309YKRED-3XL,4.0,2.0,0.0,0.0,0.0,0.0,4.0,0,0
1309YKRED-4XL,7.0,4.0,6.0,3.0,1.0,10.0,17.0,0,0
1309YKRED-5XL,2.0,1.0,7.0,6.0,0.0,13.0,15.0,0,0
1309YKRED-L,1.0,1.0,0.0,0.0,0.0,0.0,1.0,0,0
1309YKRED-M,8.0,4.0,5.0,0.0,0.0,5.0,13.0,0,0
1309YKRED-S,23.0,5.0,1.0,0.0,0.0,1.0,24.0,0,0
1309YKRED-XL,7.0,3.0,1.0,0.0,0.0,1.0,8.0,0,0
1309YKRED-XS,16.0,5.0,2.0,0.0,0.0,2.0,18.0,0,0
1309YKRED-XXL,3.0,1.0,0.0,0.0,0.0,0.0,3.0,0,0
1310YKBLUE-3XL,4.0,3.0,2.0,0.0,0.0,2.0,6.0,0,0
1310YKBLUE-4XL,2.0,2.0,2.0,0.0,0.0,2.0,4.0,0,0
1310YKBLUE-5XL,6.0,4.0,4.0,0.0,0.0,6.0,12.0,2,0
1310YKBLUE-6XL,3.0,0.0,0.0,0.0,0.0,0.0,3.0,0,0
1310YKBLUE-L,5.0,3.0,1.0,0.0,0.0,1.0,6.0,0,0
1310YKBLUE-M,19.0,5.0,2.0,0.0,0.0,2.0,21.0,0,0
1310YKBLUE-S,10.0,5.0,1.0,0.0,0.0,1.0,11.0,0,0
1310YKBLUE-XL,5.0,2.0,0.0,0.0,0.0,0.0,5.0,0,0
1310YKBLUE-XS,9.0,3.0,1.0,0.0,0.0,1.0,10.0,0,0
1310YKBLUE-XXL,7.0,5.0,4.0,0.0,0.0,4.0,11.0,0,0
1312YKGREEN-L,11.0,6.0,1.0,0.0,0.0,1.0,12.0,0,0
1312YKGREEN-M,14.0,9.0,8.0,0.0,0.0,8.0,22.0,0,0
1312YKGREEN-S,5.0,5.0,1.0,0.0,0.0,1.0,6.0,0,0
1312YKGREEN-XL,4.0,2.0,1.0,0.0,0.0,1.0,5.0,0,0
1312YKGREEN-XXL,10.0,7.0,4.0,0.0,0.0,4.0,14.0,0,0
1314YKWHITE-XXL,1.0,0.0,0.0,0.0,0.0,0.0,1.0,0,0
1315YKRED-L,1.0,1.0,0.0,0.0,0.0,0.0,1.0,0,0
1315YKRED-M,1.0,1.0,0.0,0.0,0.0,0.0,1.0,0,0
1315YKRED-S,4.0,4.0,1.0,0.0,0.0,1.0,5.0,0,0
1315YKRED-XXL,1.0,1.0,0.0,0.0,0.0,0.0,1.0,0,0
1316YKGREEN-3XL,46.0,9.0,5.0,0.0,1.0,6.0,52.0,0,0
1316YKGREEN-4XL,9.0,6.0,7.0,0.0,0.0,7.0,16.0,0,0
1316YKGREEN-5XL,5.0,4.0,1.0,0.0,0.0,1.0,6.0,0,0
1316YKGREEN-L,115.0,9.0,12.0,0.0,2.0,14.0,129.0,0,0
1316YKGREEN-M,219.0,10.0,4.0,0.0,1.0,5.0,224.0,0,0
1316YKGREEN-S,174.0,12.0,4.0,0.0,0.0,6.0,180.0,2,0
1316YKGREEN-XL,98.0,9.0,12.0,0.0,0.0,12.0,110.0,0,0
1316YKGREEN-XS,36.0,8.0,5.0,0.0,2.0,7.0,43.0,0,0
1316YKGREEN-XXL,137.0,15.0,13.0,1.0,0.0,14.0,151.0,0,0
1317YKBLUE-3XL,11.0,6.0,10.0,0.0,0.0,10.0,21.0,0,0
1317YKBLUE-4XL,31.0,7.0,14.0,0.0,0.0,14.0,45.0,0,0
1317YKBLUE-5XL,31.0,5.0,21.0,0.0,0.0,21.0,52.0,0,0
1317YKBLUE-6XL,21.0,4.0,2.0,0.0,0.0,4.0,25.0,2,0
1317YKBLUE-7XL,13.0,4.0,0.0,0.0,0.0,0.0,13.0,0,0
1317YKBLUE-8XL,11.0,3.0,1.0,0.0,0.0,1.0,12.0,0,0
1317YKBLUE-L,18.0,5.0,16.0,0.0,0.0,16.0,34.0,0,0
1317YKBLUE-M,38.0,2.0,10.0,0.0,0.0,10.0,48.0,0,0
1317YKBLUE-S,16.0,3.0,3.0,0.0,0.0,3.0,19.0,0,0
1317YKBLUE-XL,29.0,5.0,9.0,0.0,0.0,9.0,38.0,0,0
1317YKBLUE-XS,11.0,4.0,4.0,0.0,0.0,4.0,15.0,0,0
1317YKBLUE-XXL,63.0,14.0,11.0,0.0,0.0,11.0,74.0,0,0
1318YKYELLOW-S,1.0,0.0,0.0,0.0,0.0,0.0,1.0,0,0
1320YKMUSTARD-3XL,11.0,7.0,22.0,0.0,2.0,24.0,35.0,0,0
1320YKMUSTARD-4XL,7.0,5.0,16.0,0.0,0.0,18.0,25.0,2,0
1320YKMUSTARD-5XL,9.0,9.0,19.0,0.0,0.0,23.0,32.0,4,0
1320YKMUSTARD-L,21.0,6.0,12.0,0.0,0.0,12.0,33.0,0,0
1320YKMUSTARD-M,6.0,6.0,6.0,0.0,0.0,8.0,14.0,2,0
1320YKMUSTARD-S,6.0,4.0,2.0,0.0,0.0,2.0,8.0,0,0
1320YKMUSTARD-XL,0.0,0.0,6.0,0.0,0.0,10.0,10.0,4,0
1320YKMUSTARD-XS,6.0,3.0,0.0,0.0,1.0,1.0,7.0,0,0
1320YKMUSTARD-XXL,2.0,0.0,3.0,0.0,0.0,7.0,9.0,4,0
1323YKTEAL-3XL,10.0,9.0,22.0,0.0,0.0,22.0,32.0,0,0
1323YKTEAL-4XL,11.0,9.0,20.0,0.0,2.0,22.0,33.0,0,0
1323YKTEAL-5XL,16.0,7.0,23.0,0.0,0.0,23.0,39.0,0,0
1323YKTEAL-6XL,6.0,5.0,3.0,3.0,0.0,14.0,20.0,8,0
1323YKTEAL-7XL,6.0,5.0,3.0,4.0,0.0,12.0,18.0,5,0
1323YKTEAL-8XL,11.0,3.0,12.0,1.0,0.0,27.0,38.0,14,0
1323YKTEAL-L,4.0,4.0,2.0,0.0,0.0,2.0,6.0,0,0
1323YKTEAL-M,26.0,6.0,7.0,0.0,0.0,7.0,33.0,0,0
1323YKTEAL-S,33.0,7.0,9.0,0.0,0.0,9.0,42.0,0,0
1323YKTEAL-XL,24.0,7.0,16.0,0.0,1.0,19.0,43.0,2,0
1323YKTEAL-XS,19.0,4.0,3.0,0.0,0.0,3.0,22.0,0,0
1323YKTEAL-XXL,91.0,12.0,20.0,15.0,0.0,35.0,126.0,0,0
1325YKMULTI-3XL,9.0,7.0,1.0,0.0,0.0,1.0,10.0,0,0
1325YKMULTI-4XL,25.0,7.0,8.0,0.0,0.0,8.0,33.0,0,0
1325YKMULTI-5XL,6.0,5.0,18.0,0.0,0.0,21.0,27.0,3,0
1325YKMULTI-6XL,43.0,3.0,5.0,0.0,0.0,6.0,49.0,0,1
1325YKMULTI-7XL,3.0,3.0,3.0,0.0,0.0,5.0,8.0,2,0
1325YKMULTI-8XL,17.0,3.0,4.0,0.0,4.0,8.0,25.0,0,0
1325YKMULTI-L,41.0,4.0,6.0,0.0,0.0,10.0,51.0,0,4
1325YKMULTI-M,36.0,4.0,3.0,0.0,0.0,10.0,46.0,0,7
1325YKMULTI-S,24.0,2.0,2.0,0.0,0.0,2.0,26.0,0,0
1325YKMULTI-XL,18.0,5.0,4.0,0.0,0.0,4.0,22.0,0,0
1325YKMULTI-XS,5.0,3.0,0.0,0.0,0.0,0.0,5.0,0,0
1325YKMULTI-XXL,26.0,8.0,3.0,1.0,5.0,18.0,44.0,0,9
1326YKBLUE-L,1.0,1.0,0.0,0.0,0.0,0.0,1.0,0,0
1326YKBLUE-XL,1.0,1.0,0.0,0.0,0.0,0.0,1.0,0,0
1327YKMULTI-L,26.0,7.0,4.0,0.0,0.0,6.0,32.0,2,0
1327YKMULTI-M,14.0,5.0,4.0,0.0,0.0,4.0,18.0,0,0
1327YKMULTI-S,8.0,3.0,2.0,0.0,0.0,4.0,12.0,2,0
1327YKMULTI-XL,28.0,7.0,7.0,0.0,0.0,7.0,35.0,0,0
1327YKMULTI-XS,5.0,3.0,0.0,0.0,0.0,0.0,5.0,0,0
1327YKMULTI-XXL,26.0,7.0,3.0,0.0,0.0,3.0,29.0,0,0
132YK252MUSTARD-S,1.0,1.0,0.0,0.0,0.0,0.0,1.0,0,0
1330YKBLUE-3XL,1.0,1.0,1.0,0.0,1.0,6.0,7.0,4,0
1330YKBLUE-4XL,7.0,7.0,12.0,0.0,0.0,18.0,25.0,6,0
1330YKBLUE-5XL,8.0,6.0,28.0,0.0,0.0,28.0,36.0,0,0
1330YKBLUE-6XL,10.0,5.0,3.0,0.0,0.0,4.0,14.0,0,1
1330YKBLUE-7XL,8.0,3.0,5.0,0.0,0.0,5.0,13.0,0,0
1330YKBLUE-8XL,8.0,6.0,25.0,0.0,0.0,25.0,33.0,0,0
1330YKBLUE-L,3.0,3.0,8.0,5.0,0.0,13.0,16.0,0,0
1330YKBLUE-M,25.0,7.0,0.0,0.0,0.0,0.0,25.0,0,0
1330YKBLUE-S,9.0,3.0,6.0,3.0,0.0,11.0,20.0,2,0
1330YKBLUE-XL,2.0,2.0,3.0,1.0,0.0,10.0,12.0,6,0
1330YKBLUE-XS,11.0,10.0,5.0,4.0,0.0,11.0,22.0,2,0
1330YKBLUE-XXL,7.0,8.0,48.0,0.0,0.0,48.0,55.0,0,0
1331YKORANGE-L,1.0,2.0,1.0,0.0,0.0,3.0,4.0,2,0
1331YKORANGE-M,2.0,0.0,1.0,0.0,0.0,3.0,5.0,2,0
1331YKORANGE-S,2.0,1.0,0.0,0.0,0.0,0.0,2.0,0,0
1331YKORANGE-XL,0.0,0.0,6.0,0.0,0.0,13.0,13.0,7,0
1331YKORANGE-XS,1.0,0.0,0.0,0.0,0.0,0.0,1.0,0,0
1331YKORANGE-XXL,0.0,0.0,2.0,0.0,0.0,4.0,4.0,2,0
1332YKKHAKI-3XL,1.0,1.0,0.0,0.0,0.0,0.0,1.0,0,0
1332YKKHAKI-4XL,1.0,1.0,1.0,0.0,0.0,3.0,4.0,2,0
1332YKKHAKI-5XL,2.0,1.0,13.0,0.0,0.0,18.0,20.0,5,0
1332YKKHAKI-6XL,6.0,1.0,13.0,0.0,0.0,16.0,22.0,3,0
1332YKKHAKI-7XL,10.0,4.0,0.0,0.0,0.0,0.0,10.0,0,0
1332YKKHAKI-8XL,3.0,1.0,1.0,0.0,0.0,3.0,6.0,2,0
1332YKKHAKI-L,6.0,5.0,4.0,0.0,0.0,4.0,10.0,0,0
1332YKKHAKI-M,19.0,6.0,3.0,0.0,0.0,3.0,22.0,0,0
1332YKKHAKI-S,11.0,3.0,0.0,0.0,0.0,0.0,11.0,0,0
1332YKKHAKI-XL,32.0,5.0,3.0,0.0,0.0,3.0,35.0,0,0
1332YKKHAKI-XS,1.0,1.0,0.0,0.0,0.0,0.0,1.0,0,0
1332YKKHAKI-XXL,1.0,2.0,0.0,0.0,0.0,0.0,1.0,0,0
1333YKBLUE-M,5.0,3.0,0.0,0.0,0.0,0.0,5.0,0,0
1333YKBLUE-S,13.0,4.0,0.0,0.0,0.0,0.0,13.0,0,0
1334YKWHITE-L,28.0,6.0,2.0,0.0,0.0,2.0,30.0,0,0
1334YKWHITE-M,31.0,9.0,1.0,0.0,0.0,1.0,32.0,0,0
1334YKWHITE-S,9.0,3.0,0.0,0.0,0.0,0.0,9.0,0,0
1334YKWHITE-XL,11.0,3.0,0.0,0.0,0.0,0.0,11.0,0,0
1334YKWHITE-XXL,6.0,4.0,0.0,0.0,0.0,0.0,6.0,0,0
1335YKGREEN-3XL,5.0,1.0,0.0,0.0,0.0,0.0,5.0,0,0
1335YKGREEN-S,1.0,0.0,0.0,0.0,0.0,0.0,1.0,0,0
1336YKBLACK-3XL,11.0,3.0,9.0,0.0,0.0,15.0,26.0,6,0
1336YKBLACK-4XL,9.0,4.0,9.0,0.0,0.0,9.0,18.0,0,0
1336YKBLACK-5XL,34.0,6.0,9.0,0.0,0.0,9.0,43.0,0,0
1336YKBLACK-6XL,24.0,5.0,4.0,0.0,0.0,8.0,32.0,4,0
1336YKBLACK-7XL,29.0,2.0,4.0,0.0,0.0,4.0,33.0,0,0
1336YKBLACK-8XL,18.0,3.0,1.0,0.0,0.0,1.0,19.0,0,0
1336YKBLACK-L,26.0,5.0,19.0,0.0,0.0,29.0,55.0,10,0
1336YKBLACK-M,13.0,5.0,11.0,0.0,3.0,20.0,33.0,6,0
1336YKBLACK-S,38.0,3.0,3.0,0.0,0.0,3.0,41.0,0,0
1336YKBLACK-XL,25.0,7.0,30.0,0.0,0.0,38.0,63.0,8,0
1336YKBLACK-XS,5.0,2.0,2.0,0.0,0.0,2.0,7.0,0,0
1336YKBLACK-XXL,57.0,5.0,21.0,0.0,0.0,29.0,86.0,8,0
1337YKRED-3XL,1.0,0.0,6.0,0.0,0.0,8.0,9.0,2,0
1337YKRED-4XL,4.0,3.0,4.0,0.0,0.0,4.0,8.0,0,0
1337YKRED-5XL,1.0,1.0,1.0,0.0,0.0,1.0,2.0,0,0
1337YKRED-8XL,3.0,1.0,0.0,0.0,0.0,0.0,3.0,0,0
1337YKRED-L,5.0,3.0,2.0,0.0,0.0,2.0,7.0,0,0
1337YKRED-M,9.0,4.0,1.0,0.0,0.0,1.0,10.0,0,0
1337YKRED-S,7.0,3.0,0.0,0.0,0.0,0.0,7.0,0,0
1337YKRED-XL,1.0,0.0,0.0,0.0,0.0,0.0,1.0,0,0
1337YKRED-XS,7.0,3.0,0.0,0.0,0.0,0.0,7.0,0,0
1337YKRED-XXL,2.0,2.0,1.0,0.0,0.0,1.0,3.0,0,0
1338YKBLACK-3XL,31.0,8.0,28.0,0.0,0.0,40.0,71.0,0,12
1338YKBLACK-4XL,17.0,4.0,12.0,0.0,0.0,32.0,49.0,2,18
1338YKBLACK-5XL,30.0,10.0,27.0,0.0,0.0,40.0,70.0,0,13
1338YKBLACK-6XL,3.0,1.0,0.0,0.0,0.0,0.0,3.0,0,0
1338YKBLACK-7XL,11.0,4.0,7.0,0.0,0.0,35.0,46.0,4,24
1338YKBLACK-8XL,12.0,5.0,4.0,0.0,0.0,30.0,42.0,2,24
1338YKBLACK-L,30.0,5.0,8.0,0.0,0.0,17.0,47.0,0,9
1338YKBLACK-M,54.0,6.0,6.0,0.0,0.0,6.0,60.0,0,0
1338YKBLACK-S,9.0,4.0,9.0,0.0,0.0,9.0,18.0,0,0
1338YKBLACK-XL,12.0,5.0,6.0,0.0,0.0,18.0,30.0,0,12
1338YKBLACK-XS,6.0,3.0,0.0,0.0,0.0,0.0,6.0,0,0
1338YKBLACK-XXL,45.0,11.0,29.0,0.0,0.0,29.0,74.0,0,0
1340YKMULTI-3XL,30.0,7.0,7.0,0.0,0.0,7.0,37.0,0,0
1340YKMULTI-4XL,63.0,8.0,8.0,0.0,0.0,8.0,71.0,0,0
1340YKMULTI-5XL,5.0,4.0,16.0,0.0,0.0,23.0,28.0,7,0
1340YKMULTI-L,66.0,5.0,3.0,0.0,0.0,3.0,69.0,0,0
1340YKMULTI-M,33.0,7.0,4.0,0.0,0.0,4.0,37.0,0,0
1340YKMULTI-S,43.0,4.0,1.0,0.0,0.0,1.0,44.0,0,0
1340YKMULTI-XL,89.0,7.0,5.0,0.0,0.0,7.0,96.0,2,0
1340YKMULTI-XS,15.0,5.0,1.0,0.0,0.0,1.0,16.0,0,0
1340YKMULTI-XXL,32.0,8.0,20.0,0.0,0.0,20.0,52.0,0,0
1341YKGREEN-3XL,49.0,5.0,20.0,0.0,0.0,24.0,73.0,4,0
1341YKGREEN-4XL,30.0,3.0,22.0,0.0,0.0,34.0,64.0,12,0
1341YKGREEN-5XL,48.0,3.0,13.0,0.0,0.0,19.0,67.0,6,0
1341YKGREEN-6XL,29.0,3.0,9.0,0.0,0.0,13.0,42.0,4,0
1341YKGREEN-7XL,34.0,4.0,0.0,0.0,0.0,0.0,34.0,0,0
1341YKGREEN-8XL,35.0,4.0,9.0,0.0,0.0,13.0,48.0,4,0
1341YKGREEN-L,58.0,10.0,12.0,2.0,0.0,14.0,72.0,0,0
1341YKGREEN-M,28.0,6.0,12.0,3.0,0.0,15.0,43.0,0,0
1341YKGREEN-S,30.0,6.0,4.0,0.0,0.0,4.0,34.0,0,0
1341YKGREEN-XL,26.0,7.0,15.0,2.0,0.0,27.0,53.0,10,0
1341YKGREEN-XS,27.0,4.0,1.0,0.0,0.0,1.0,28.0,0,0
1341YKGREEN-XXL,40.0,8.0,15.0,0.0,0.0,21.0,61.0,6,0
1343YKBLUE-3XL,2.0,2.0,0.0,0.0,0.0,0.0,2.0,0,0
1343YKBLUE-4XL,4.0,4.0,1.0,0.0,0.0,1.0,5.0,0,0
1343YKBLUE-5XL,5.0,4.0,1.0,0.0,0.0,1.0,6.0,0,0
1343YKBLUE-6XL,8.0,3.0,1.0,0.0,0.0,1.0,9.0,0,0
1343YKBLUE-7XL,16.0,2.0,2.0,0.0,0.0,4.0,20.0,2,0
1343YKBLUE-8XL,13.0,4.0,0.0,0.0,0.0,0.0,13.0,0,0
1343YKBLUE-L,11.0,5.0,6.0,0.0,0.0,6.0,17.0,0,0
1343YKBLUE-M,20.0,6.0,3.0,0.0,0.0,3.0,23.0,0,0
1343YKBLUE-S,11.0,6.0,0.0,0.0,0.0,0.0,11.0,0,0
1343YKBLUE-XL,6.0,3.0,1.0,0.0,0.0,1.0,7.0,0,0
1343YKBLUE-XS,21.0,6.0,1.0,0.0,0.0,1.0,22.0,0,0
1343YKBLUE-XXL,4.0,4.0,1.0,0.0,0.0,1.0,5.0,0,0
1344YKMAROON-S,3.0,3.0,0.0,0.0,0.0,0.0,3.0,0,0
1347YKPINK-L,1.0,1.0,0.0,0.0,0.0,0.0,1.0,0,0
1347YKPINK-M,2.0,2.0,1.0,0.0,0.0,1.0,3.0,0,0
1347YKPINK-S,11.0,6.0,3.0,0.0,0.0,3.0,14.0,0,0
1347YKPINK-XL,1.0,1.0,0.0,0.0,0.0,0.0,1.0,0,0
1347YKPINK-XXL,1.0,1.0,0.0,0.0,0.0,0.0,1.0,0,0
1348YKMULTI-3XL,11.0,0.0,0.0,0.0,0.0,0.0,11.0,0,0
1348YKMULTI-L,15.0,7.0,43.0,5.0,0.0,48.0,63.0,0,0
1348YKMULTI-M,12.0,7.0,55.0,1.0,0.0,56.0,68.0,0,0
1348YKMULTI-S,3.0,3.0,12.0,1.0,0.0,15.0,18.0,2,0
1348YKMULTI-XL,1.0,0.0,20.0,4.0,0.0,43.0,44.0,19,0
1348YKMULTI-XS,2.0,0.0,0.0,0.0,0.0,0.0,2.0,0,0
1348YKMULTI-XXL,98.0,10.0,52.0,7.0,0.0,59.0,157.0,0,0
1349YKMUSTARD-L,13.0,5.0,6.0,0.0,0.0,6.0,19.0,0,0
1349YKMUSTARD-M,33.0,6.0,1.0,0.0,0.0,1.0,34.0,0,0
1349YKMUSTARD-S,21.0,6.0,1.0,0.0,0.0,1.0,22.0,0,0
1349YKMUSTARD-XL,7.0,3.0,1.0,0.0,0.0,1.0,8.0,0,0
1349YKMUSTARD-XS,5.0,3.0,0.0,0.0,0.0,0.0,5.0,0,0
1349YKMUSTARD-XXL,1.0,0.0,0.0,0.0,0.0,0.0,1.0,0,0
1350YKMUSTARD-3XL,2.0,2.0,1.0,0.0,0.0,1.0,3.0,0,0
1350YKMUSTARD-4XL,0.0,0.0,4.0,0.0,0.0,8.0,8.0,4,0
1350YKMUSTARD-5XL,5.0,5.0,1.0,0.0,0.0,1.0,6.0,0,0
1350YKMUSTARD-L,3.0,3.0,1.0,0.0,0.0,3.0,6.0,2,0
1350YKMUSTARD-M,6.0,2.0,0.0,0.0,0.0,0.0,6.0,0,0
1350YKMUSTARD-S,13.0,4.0,0.0,0.0,0.0,0.0,13.0,0,0
1350YKMUSTARD-XXL,3.0,1.0,0.0,0.0,0.0,0.0,3.0,0,0
1351YKBLUE-3XL,8.0,5.0,5.0,0.0,0.0,5.0,13.0,0,0
1351YKBLUE-4XL,44.0,8.0,4.0,0.0,0.0,4.0,48.0,0,0
1351YKBLUE-5XL,2.0,1.0,9.0,0.0,0.0,11.0,13.0,2,0
1351YKBLUE-L,16.0,7.0,8.0,0.0,0.0,8.0,24.0,0,0
1351YKBLUE-M,86.0,9.0,10.0,0.0,0.0,10.0,96.0,0,0
1351YKBLUE-S,25.0,4.0,6.0,0.0,1.0,7.0,32.0,0,0
1351YKBLUE-XL,9.0,7.0,14.0,0.0,0.0,14.0,23.0,0,0
1351YKBLUE-XS,7.0,3.0,1.0,0.0,0.0,1.0,8.0,0,0
1351YKBLUE-XXL,166.0,6.0,14.0,0.0,0.0,16.0,182.0,2,0
1352YKBLUE-S,1.0,0.0,0.0,0.0,0.0,0.0,1.0,0,0
1353YKBLACK-3XL,1.0,0.0,0.0,0.0,0.0,0.0,1.0,0,0
1354YKMUSTARD-4XL,4.0,3.0,2.0,0.0,0.0,2.0,6.0,0,0
1354YKMUSTARD-5XL,3.0,2.0,6.0,0.0,0.0,14.0,17.0,8,0
1354YKMUSTARD-6XL,0.0,0.0,2.0,0.0,0.0,4.0,4.0,2,0
1354YKMUSTARD-7XL,4.0,3.0,3.0,0.0,0.0,3.0,7.0,0,0
1354YKMUSTARD-8XL,2.0,2.0,3.0,0.0,0.0,6.0,8.0,3,0
1354YKMUSTARD-L,0.0,0.0,1.0,0.0,0.0,3.0,3.0,2,0
1354YKMUSTARD-M,0.0,0.0,4.0,0.0,0.0,4.0,4.0,0,0
1354YKMUSTARD-S,3.0,2.0,2.0,0.0,0.0,2.0,5.0,0,0
1354YKMUSTARD-XL,1.0,1.0,0.0,0.0,0.0,2.0,3.0,2,0
1354YKMUSTARD-XS,13.0,3.0,3.0,0.0,0.0,3.0,16.0,0,0
1354YKMUSTARD-XXL,1.0,0.0,10.0,0.0,0.0,14.0,15.0,4,0
1355YKTEAL-3XL,1.0,1.0,0.0,0.0,0.0,0.0,1.0,0,0
1355YKTEAL-4XL,2.0,0.0,1.0,0.0,0.0,1.0,3.0,0,0
1355YKTEAL-5XL,1.0,1.0,0.0,0.0,0.0,0.0,1.0,0,0
1355YKTEAL-6XL,1.0,0.0,0.0,0.0,0.0,0.0,1.0,0,0
1355YKTEAL-M,13.0,4.0,2.0,0.0,0.0,2.0,15.0,0,0
1355YKTEAL-S,8.0,3.0,1.0,0.0,0.0,1.0,9.0,0,0
1355YKTEAL-XL,2.0,1.0,0.0,0.0,0.0,0.0,2.0,0,0
1357YKBLACK-M,1.0,1.0,0.0,0.0,0.0,0.0,1.0,0,0
1357YKBLACK-S,1.0,1.0,0.0,0.0,0.0,0.0,1.0,0,0
1357YKBLACK-XL,1.0,1.0,0.0,0.0,0.0,0.0,1.0,0,0
1358YKBLUE-M,1.0,1.0,0.0,0.0,0.0,0.0,1.0,0,0
1358YKBLUE-S,1.0,1.0,0.0,0.0,0.0,0.0,1.0,0,0
1358YKBLUE-XL,1.0,1.0,0.0,0.0,0.0,0.0,1.0,0,0
1359YKGREEN-3XL,13.0,4.0,7.0,0.0,0.0,18.0,31.0,6,5
1359YKGREEN-4XL,11.0,6.0,12.0,0.0,0.0,12.0,23.0,0,0
1359YKGREEN-5XL,32.0,8.0,11.0,1.0,0.0,12.0,44.0,0,0
1359YKGREEN-6XL,22.0,4.0,5.0,0.0,0.0,5.0,27.0,0,0
1359YKGREEN-7XL,13.0,4.0,5.0,2.0,0.0,7.0,20.0,0,0
1359YKGREEN-8XL,4.0,3.0,6.0,0.0,0.0,8.0,12.0,2,0
1359YKGREEN-L,25.0,6.0,7.0,0.0,0.0,7.0,32.0,0,0
1359YKGREEN-M,26.0,9.0,3.0,0.0,0.0,3.0,29.0,0,0
1359YKGREEN-S,10.0,5.0,1.0,0.0,0.0,1.0,11.0,0,0
1359YKGREEN-XL,20.0,6.0,8.0,0.0,0.0,8.0,28.0,0,0
1359YKGREEN-XS,9.0,2.0,2.0,0.0,0.0,2.0,11.0,0,0
1359YKGREEN-XXL,16.0,12.0,14.0,0.0,0.0,14.0,30.0,0,0
1360YKBLUE-S,4.0,4.0,0.0,0.0,0.0,0.0,4.0,0,0
1361YKBLUE-3XL,5.0,3.0,24.0,0.0,0.0,51.0,56.0,8,19
1361YKBLUE-4XL,10.0,5.0,1.0,0.0,0.0,18.0,28.0,2,15
1361YKBLUE-5XL,22.0,21.0,0.0,0.0,0.0,25.0,47.0,2,23
1361YKBLUE-L,7.0,8.0,67.0,0.0,0.0,142.0,149.0,6,69
1361YKBLUE-M,9.0,9.0,80.0,2.0,0.0,144.0,153.0,16,46
1361YKBLUE-S,10.0,6.0,37.0,0.0,0.0,75.0,85.0,4,34
1361YKBLUE-XL,3.0,3.0,26.0,0.0,0.0,49.0,52.0,12,11
1361YKBLUE-XS,25.0,24.0,9.0,0.0,0.0,43.0,68.0,0,34
1361YKBLUE-XXL,3.0,3.0,45.0,1.0,0.0,89.0,92.0,0,43
1362YKBLACK-3XL,2.0,2.0,6.0,0.0,0.0,12.0,14.0,6,0
1362YKBLACK-4XL,2.0,0.0,8.0,0.0,0.0,11.0,13.0,2,1
1362YKBLACK-5XL,0.0,0.0,3.0,0.0,0.0,5.0,5.0,2,0
1362YKBLACK-6XL,10.0,4.0,0.0,0.0,0.0,0.0,10.0,0,0
1362YKBLACK-7XL,27.0,4.0,2.0,0.0,0.0,2.0,29.0,0,0
1362YKBLACK-8XL,3.0,3.0,1.0,0.0,0.0,1.0,4.0,0,0
1362YKBLACK-L,59.0,7.0,13.0,0.0,0.0,17.0,76.0,4,0
1362YKBLACK-M,0.0,0.0,2.0,0.0,0.0,5.0,5.0,2,1
1362YKBLACK-S,2.0,1.0,5.0,0.0,0.0,7.0,9.0,2,0
1362YKBLACK-XL,137.0,9.0,12.0,2.0,0.0,19.0,156.0,4,1
1362YKBLACK-XXL,2.0,1.0,3.0,0.0,0.0,5.0,7.0,2,0
1363YKBROWN-L,29.0,8.0,3.0,0.0,0.0,3.0,32.0,0,0
1363YKBROWN-M,46.0,7.0,2.0,0.0,0.0,2.0,48.0,0,0
1363YKBROWN-S,36.0,15.0,2.0,0.0,0.0,2.0,38.0,0,0
1363YKBROWN-XL,4.0,4.0,1.0,0.0,0.0,1.0,5.0,0,0
1363YKBROWN-XXL,4.0,4.0,0.0,0.0,0.0,0.0,4.0,0,0
1364YKBROWN-3XL,1.0,1.0,0.0,0.0,0.0,0.0,1.0,0,0
1364YKBROWN-L,13.0,7.0,1.0,0.0,0.0,1.0,14.0,0,0
1364YKBROWN-M,40.0,10.0,4.0,0.0,0.0,4.0,44.0,0,0
1364YKBROWN-S,8.0,6.0,1.0,0.0,0.0,1.0,9.0,0,0
1364YKBROWN-XL,7.0,6.0,1.0,0.0,0.0,1.0,8.0,0,0
1364YKBROWN-XS,5.0,2.0,0.0,0.0,0.0,0.0,5.0,0,0
1364YKBROWN-XXL,3.0,3.0,0.0,0.0,0.0,0.0,3.0,0,0
1365YKMAROON-L,1.0,0.0,0.0,0.0,0.0,0.0,1.0,0,0
1365YKMAROON-M,1.0,1.0,0.0,0.0,0.0,0.0,1.0,0,0
1366YKORANGE-3XL,1.0,0.0,0.0,0.0,0.0,0.0,1.0,0,0
1366YKORANGE-XL,1.0,0.0,0.0,0.0,0.0,0.0,1.0,0,0
1367YKBLUE-3XL,5.0,2.0,0.0,0.0,0.0,0.0,5.0,0,0
1367YKBLUE-4XL,6.0,6.0,4.0,0.0,0.0,4.0,10.0,0,0
1367YKBLUE-5XL,3.0,3.0,1.0,0.0,0.0,1.0,4.0,0,0
1367YKBLUE-6XL,10.0,4.0,3.0,0.0,0.0,3.0,13.0,0,0
1367YKBLUE-7XL,4.0,3.0,0.0,0.0,0.0,0.0,4.0,0,0
1367YKBLUE-8XL,11.0,3.0,2.0,0.0,0.0,2.0,13.0,0,0
1367YKBLUE-L,11.0,3.0,2.0,0.0,0.0,2.0,13.0,0,0
1367YKBLUE-M,5.0,3.0,1.0,0.0,0.0,1.0,6.0,0,0
1367YKBLUE-S,28.0,3.0,1.0,0.0,0.0,1.0,29.0,0,0
1367YKBLUE-XL,7.0,4.0,3.0,0.0,0.0,3.0,10.0,0,0
1367YKBLUE-XXL,0.0,0.0,7.0,0.0,0.0,13.0,13.0,6,0
1368YKWHITE-3XL,23.0,5.0,8.0,0.0,0.0,8.0,31.0,0,0
1368YKWHITE-4XL,29.0,5.0,11.0,0.0,0.0,11.0,40.0,0,0
1368YKWHITE-5XL,7.0,3.0,7.0,0.0,0.0,11.0,18.0,4,0
1368YKWHITE-6XL,4.0,3.0,1.0,0.0,0.0,3.0,7.0,2,0
1368YKWHITE-7XL,5.0,3.0,4.0,0.0,0.0,4.0,9.0,0,0
1368YKWHITE-8XL,1.0,1.0,0.0,0.0,0.0,0.0,1.0,0,0
1368YKWHITE-L,13.0,3.0,2.0,0.0,0.0,2.0,15.0,0,0
1368YKWHITE-M,79.0,8.0,2.0,0.0,0.0,2.0,81.0,0,0
1368YKWHITE-S,93.0,8.0,1.0,0.0,0.0,1.0,94.0,0,0
1368YKWHITE-XL,114.0,6.0,5.0,0.0,0.0,5.0,119.0,0,0
1368YKWHITE-XS,8.0,4.0,3.0,0.0,0.0,3.0,11.0,0,0
1368YKWHITE-XXL,52.0,6.0,10.0,0.0,0.0,10.0,62.0,0,0
1369YKMAROON-3XL,4.0,2.0,0.0,0.0,0.0,0.0,4.0,0,0
1369YKMAROON-4XL,5.0,4.0,1.0,0.0,0.0,1.0,6.0,0,0
1369YKMAROON-5XL,12.0,3.0,1.0,0.0,0.0,1.0,13.0,0,0
1369YKMAROON-6XL,12.0,5.0,1.0,0.0,0.0,1.0,13.0,0,0
1369YKMAROON-7XL,3.0,3.0,0.0,0.0,0.0,0.0,3.0,0,0
1369YKMAROON-8XL,7.0,3.0,2.0,0.0,0.0,2.0,9.0,0,0
1369YKMAROON-L,4.0,3.0,0.0,0.0,0.0,0.0,4.0,0,0
1369YKMAROON-M,3.0,3.0,0.0,0.0,0.0,0.0,3.0,0,0
1369YKMAROON-S,5.0,2.0,0.0,0.0,0.0,0.0,5.0,0,0
1369YKMAROON-XL,2.0,1.0,0.0,0.0,0.0,0.0,2.0,0,0
1369YKMAROON-XXL,1.0,1.0,0.0,0.0,0.0,0.0,1.0,0,0
1370YKMAROON-3XL,1.0,2.0,12.0,2.0,0.0,19.0,20.0,5,0
1370YKMAROON-4XL,10.0,8.0,15.0,2.0,1.0,18.0,28.0,0,0
1370YKMAROON-5XL,5.0,4.0,3.0,0.0,0.0,9.0,14.0,6,0
1370YKMAROON-6XL,5.0,4.0,0.0,2.0,0.0,2.0,7.0,0,0
1370YKMAROON-7XL,4.0,3.0,0.0,3.0,0.0,3.0,7.0,0,0
1370YKMAROON-8XL,14.0,4.0,1.0,3.0,0.0,4.0,18.0,0,0
1370YKMAROON-L,4.0,4.0,11.0,0.0,0.0,11.0,15.0,0,0
1370YKMAROON-M,10.0,2.0,4.0,0.0,0.0,4.0,14.0,0,0
1370YKMAROON-S,16.0,5.0,2.0,0.0,0.0,2.0,18.0,0,0
1370YKMAROON-XL,5.0,4.0,4.0,0.0,0.0,6.0,11.0,2,0
1370YKMAROON-XS,13.0,3.0,0.0,0.0,0.0,0.0,13.0,0,0
1370YKMAROON-XXL,7.0,6.0,6.0,0.0,0.0,6.0,13.0,0,0
1371YKMULTI-M,3.0,1.0,0.0,0.0,0.0,0.0,3.0,0,0
1371YKMULTI-S,1.0,0.0,0.0,0.0,0.0,0.0,1.0,0,0
1371YKMULTI-XL,1.0,0.0,0.0,0.0,0.0,0.0,1.0,0,0
1372YKBLACK-5XL,1.0,1.0,0.0,0.0,0.0,0.0,1.0,0,0
1372YKBLACK-L,1.0,0.0,0.0,0.0,0.0,0.0,1.0,0,0
1372YKBLACK-M,2.0,2.0,1.0,0.0,0.0,1.0,3.0,0,0
1372YKBLACK-S,4.0,2.0,1.0,0.0,0.0,1.0,5.0,0,0
1372YKBLACK-XS,4.0,2.0,0.0,0.0,0.0,0.0,4.0,0,0
1372YKBLACK-XXL,2.0,2.0,1.0,0.0,0.0,1.0,3.0,0,0
1373YKPINK-3XL,204.0,12.0,59.0,0.0,0.0,59.0,263.0,0,0
1373YKPINK-4XL,81.0,9.0,27.0,0.0,0.0,39.0,120.0,12,0
1373YKPINK-5XL,40.0,8.0,44.0,0.0,0.0,44.0,84.0,0,0
1373YKPINK-6XL,11.0,4.0,20.0,0.0,0.0,20.0,31.0,0,0
1373YKPINK-7XL,39.0,5.0,9.0,0.0,0.0,9.0,48.0,0,0
1373YKPINK-8XL,33.0,3.0,1.0,0.0,0.0,1.0,34.0,0,0
1373YKPINK-L,116.0,12.0,82.0,0.0,0.0,82.0,198.0,0,0
1373YKPINK-M,88.0,13.0,45.0,0.0,0.0,45.0,133.0,0,0
1373YKPINK-S,115.0,9.0,34.0,0.0,1.0,35.0,150.0,0,0
1373YKPINK-XL,215.0,8.0,97.0,0.0,0.0,97.0,312.0,0,0
1373YKPINK-XS,55.0,4.0,31.0,0.0,3.0,42.0,97.0,8,0
1373YKPINK-XXL,205.0,8.0,94.0,0.0,0.0,94.0,299.0,0,0
1374YKMULTI-L,1.0,0.0,0.0,0.0,0.0,0.0,1.0,0,0
1374YKMULTI-M,2.0,2.0,0.0,0.0,0.0,0.0,2.0,0,0
1374YKMULTI-S,3.0,3.0,0.0,0.0,0.0,0.0,3.0,0,0
1374YKMULTI-XS,2.0,2.0,0.0,0.0,0.0,0.0,2.0,0,0
1375YKMUSTARD-3XL,43.0,4.0,3.0,0.0,0.0,3.0,46.0,0,0
1375YKMUSTARD-4XL,37.0,4.0,5.0,0.0,0.0,5.0,42.0,0,0
1375YKMUSTARD-5XL,39.0,2.0,2.0,0.0,0.0,10.0,49.0,0,8
1375YKMUSTARD-L,97.0,3.0,6.0,0.0,0.0,16.0,113.0,0,10
1375YKMUSTARD-M,102.0,3.0,5.0,0.0,0.0,35.0,137.0,2,28
1375YKMUSTARD-S,85.0,3.0,10.0,0.0,0.0,10.0,95.0,0,0
1375YKMUSTARD-XL,131.0,4.0,8.0,0.0,0.0,18.0,149.0,5,5
1375YKMUSTARD-XS,47.0,5.0,3.0,0.0,0.0,3.0,50.0,0,0
1375YKMUSTARD-XXL,60.0,3.0,6.0,0.0,0.0,22.0,82.0,0,16
1376YKMULTI-3XL,1.0,0.0,0.0,0.0,0.0,0.0,1.0,0,0
1376YKMULTI-4XL,4.0,3.0,0.0,0.0,0.0,0.0,4.0,0,0
1376YKMULTI-5XL,1.0,1.0,0.0,0.0,0.0,0.0,1.0,0,0
1376YKMULTI-6XL,8.0,5.0,1.0,0.0,0.0,1.0,9.0,0,0
1376YKMULTI-7XL,13.0,4.0,1.0,0.0,0.0,1.0,14.0,0,0
1376YKMULTI-8XL,7.0,4.0,0.0,0.0,0.0,0.0,7.0,0,0
1376YKMULTI-L,2.0,2.0,0.0,0.0,0.0,0.0,2.0,0,0
1376YKMULTI-M,10.0,4.0,2.0,0.0,0.0,2.0,12.0,0,0
1376YKMULTI-S,10.0,3.0,3.0,0.0,0.0,3.0,13.0,0,0
1376YKMULTI-XL,3.0,2.0,0.0,0.0,0.0,0.0,3.0,0,0
1376YKMULTI-XXL,2.0,2.0,3.0,0.0,0.0,3.0,5.0,0,0
1377YKMAROON-3XL,13.0,3.0,4.0,0.0,0.0,4.0,17.0,0,0
1377YKMAROON-4XL,60.0,5.0,2.0,0.0,0.0,2.0,62.0,0,0
1377YKMAROON-5XL,7.0,6.0,5.0,0.0,0.0,5.0,12.0,0,0
1377YKMAROON-L,11.0,3.0,6.0,0.0,0.0,6.0,17.0,0,0
1377YKMAROON-M,25.0,5.0,8.0,0.0,0.0,8.0,33.0,0,0
1377YKMAROON-S,19.0,4.0,2.0,0.0,0.0,2.0,21.0,0,0
1377YKMAROON-XL,11.0,4.0,9.0,0.0,0.0,9.0,20.0,0,0
1377YKMAROON-XXL,20.0,8.0,10.0,0.0,0.0,10.0,30.0,0,0
1378YKMULTI-3XL,49.0,4.0,6.0,0.0,0.0,54.0,103.0,6,42
1378YKMULTI-4XL,12.0,3.0,7.0,0.0,0.0,35.0,47.0,8,20
1378YKMULTI-5XL,13.0,3.0,6.0,0.0,0.0,28.0,41.0,2,20
1378YKMULTI-6XL,24.0,4.0,3.0,0.0,0.0,25.0,49.0,2,20
1378YKMULTI-7XL,17.0,3.0,4.0,0.0,0.0,28.0,45.0,4,20
1378YKMULTI-8XL,7.0,2.0,9.0,0.0,0.0,38.0,45.0,9,20
1378YKMULTI-L,49.0,5.0,4.0,0.0,0.0,4.0,53.0,0,0
1378YKMULTI-M,64.0,5.0,3.0,0.0,0.0,3.0,67.0,0,0
1378YKMULTI-S,68.0,5.0,1.0,0.0,0.0,1.0,69.0,0,0
1378YKMULTI-XL,73.0,5.0,4.0,0.0,0.0,4.0,77.0,0,0
1378YKMULTI-XS,17.0,3.0,1.0,0.0,0.0,1.0,18.0,0,0
1378YKMULTI-XXL,54.0,4.0,3.0,0.0,0.0,44.0,98.0,0,41
1379YKGREEN-3XL,47.0,5.0,36.0,0.0,0.0,59.0,106.0,0,23
1379YKGREEN-4XL,8.0,6.0,1.0,0.0,1.0,16.0,24.0,2,12
1379YKGREEN-5XL,1.0,5.0,18.0,0.0,0.0,38.0,39.0,0,20
1379YKGREEN-6XL,14.0,7.0,0.0,0.0,0.0,10.0,24.0,0,10
1379YKGREEN-7XL,9.0,3.0,2.0,0.0,0.0,6.0,15.0,0,4
1379YKGREEN-8XL,18.0,5.0,4.0,0.0,0.0,14.0,32.0,0,10
1379YKGREEN-L,8.0,4.0,22.0,4.0,0.0,41.0,49.0,6,9
1379YKGREEN-M,38.0,7.0,16.0,1.0,0.0,55.0,93.0,8,30
1379YKGREEN-S,11.0,4.0,5.0,2.0,0.0,7.0,18.0,0,0
1379YKGREEN-XL,14.0,5.0,46.0,2.0,0.0,93.0,107.0,2,43
1379YKGREEN-XS,22.0,5.0,10.0,0.0,0.0,18.0,40.0,0,8
1379YKGREEN-XXL,18.0,6.0,26.0,3.0,0.0,38.0,56.0,4,5
1381YKBLACK-S,1.0,0.0,0.0,0.0,0.0,0.0,1.0,0,0
1382YKYELLOW-M,2.0,0.0,0.0,0.0,0.0,0.0,2.0,0,0
1382YKYELLOW-S,2.0,1.0,0.0,0.0,0.0,0.0,2.0,0,0
1382YKYELLOW-XS,1.0,0.0,0.0,0.0,0.0,0.0,1.0,0,0
1383YKBLUE-L,2.0,2.0,1.0,0.0,0.0,1.0,3.0,0,0
1383YKBLUE-M,1.0,1.0,0.0,0.0,0.0,0.0,1.0,0,0
1383YKBLUE-S,12.0,7.0,1.0,0.0,0.0,1.0,13.0,0,0
1383YKBLUE-XL,1.0,1.0,0.0,0.0,0.0,0.0,1.0,0,0
1383YKBLUE-XXL,1.0,1.0,0.0,0.0,0.0,0.0,1.0,0,0
1384YKBLACK-L,3.0,0.0,0.0,0.0,0.0,0.0,3.0,0,0
1384YKBLACK-M,3.0,3.0,1.0,0.0,0.0,1.0,4.0,0,0
1384YKBLACK-S,13.0,5.0,1.0,0.0,0.0,1.0,14.0,0,0
1384YKBLACK-XL,1.0,1.0,0.0,0.0,0.0,0.0,1.0,0,0
1385YKMULTI-3XL,0.0,0.0,1.0,0.0,0.0,3.0,3.0,2,0
1385YKMULTI-L,2.0,1.0,0.0,0.0,0.0,0.0,2.0,0,0
1385YKMULTI-M,20.0,5.0,4.0,0.0,0.0,4.0,24.0,0,0
1385YKMULTI-S,36.0,4.0,3.0,0.0,0.0,3.0,39.0,0,0
1385YKMULTI-XL,24.0,4.0,4.0,0.0,0.0,4.0,28.0,0,0
1385YKMULTI-XXL,1.0,0.0,0.0,1.0,0.0,1.0,2.0,0,0
1386YKYELLOW-M,2.0,1.0,0.0,0.0,0.0,0.0,2.0,0,0
1386YKYELLOW-S,1.0,0.0,0.0,0.0,0.0,0.0,1.0,0,0
1386YKYELLOW-XL,1.0,0.0,0.0,0.0,0.0,0.0,1.0,0,0
1387YKMULTI-3XL,3.0,2.0,3.0,0.0,0.0,7.0,10.0,4,0
1387YKMULTI-4XL,1.0,1.0,0.0,0.0,0.0,0.0,1.0,0,0
1387YKMULTI-L,13.0,6.0,15.0,0.0,0.0,17.0,30.0,2,0
1387YKMULTI-M,61.0,6.0,14.0,0.0,0.0,14.0,75.0,0,0
1387YKMULTI-S,79.0,8.0,11.0,0.0,0.0,11.0,90.0,0,0
1387YKMULTI-XL,2.0,2.0,3.0,0.0,0.0,8.0,10.0,5,0
1387YKMULTI-XS,9.0,3.0,1.0,0.0,0.0,1.0,10.0,0,0
1387YKMULTI-XXL,8.0,6.0,12.0,0.0,0.0,12.0,20.0,0,0
1388YKMAROON-3XL,66.0,7.0,3.0,0.0,0.0,3.0,69.0,0,0
1388YKMAROON-4XL,4.0,4.0,2.0,2.0,0.0,4.0,8.0,0,0
1388YKMAROON-5XL,54.0,7.0,7.0,3.0,0.0,12.0,66.0,2,0
1388YKMAROON-6XL,16.0,4.0,3.0,0.0,0.0,7.0,23.0,4,0
1388YKMAROON-7XL,52.0,6.0,6.0,1.0,0.0,7.0,59.0,0,0
1388YKMAROON-8XL,6.0,5.0,3.0,1.0,4.0,8.0,14.0,0,0
1388YKMAROON-L,30.0,6.0,6.0,2.0,0.0,14.0,44.0,6,0
1388YKMAROON-M,61.0,4.0,6.0,1.0,0.0,7.0,68.0,0,0
1388YKMAROON-S,24.0,5.0,6.0,3.0,0.0,9.0,33.0,0,0
1388YKMAROON-XL,7.0,6.0,7.0,2.0,0.0,9.0,16.0,0,0
1388YKMAROON-XS,13.0,3.0,1.0,2.0,0.0,3.0,16.0,0,0
1388YKMAROON-XXL,30.0,11.0,20.0,0.0,3.0,23.0,53.0,0,0
1389YKBROWN-3XL,18.0,12.0,10.0,0.0,0.0,16.0,34.0,6,0
1389YKBROWN-6XL,15.0,11.0,8.0,0.0,0.0,8.0,23.0,0,0
1389YKBROWN-7XL,13.0,3.0,7.0,0.0,0.0,11.0,24.0,4,0
1389YKBROWN-8XL,0.0,0.0,1.0,0.0,0.0,1.0,1.0,0,0
1389YKBROWN-L,145.0,4.0,5.0,0.0,0.0,145.0,290.0,0,140
1389YKBROWN-M,96.0,5.0,9.0,0.0,0.0,102.0,198.0,0,93
1389YKBROWN-S,103.0,4.0,6.0,0.0,0.0,6.0,109.0,0,0
1389YKBROWN-XL,29.0,3.0,4.0,0.0,0.0,4.0,33.0,0,0
1389YKBROWN-XS,26.0,2.0,1.0,0.0,0.0,21.0,47.0,0,20
1389YKBROWN-XXL,51.0,6.0,13.0,0.0,0.0,13.0,64.0,0,0
138YK254MUSTARD-M,1.0,0.0,0.0,0.0,0.0,0.0,1.0,0,0
138YK254MUSTARD-S,1.0,0.0,0.0,0.0,0.0,0.0,1.0,0,0
1390YKYELLOW-L,29.0,11.0,3.0,0.0,0.0,3.0,32.0,0,0
1390YKYELLOW-M,34.0,14.0,4.0,0.0,0.0,4.0,38.0,0,0
1390YKYELLOW-S,13.0,8.0,1.0,0.0,0.0,1.0,14.0,0,0
1390YKYELLOW-XL,28.0,11.0,5.0,0.0,0.0,5.0,33.0,0,0
1390YKYELLOW-XXL,22.0,12.0,3.0,0.0,0.0,3.0,25.0,0,0
1391YKBLUE-3XL,105.0,5.0,18.0,8.0,0.0,28.0,133.0,2,0
1391YKBLUE-4XL,120.0,5.0,8.0,5.0,0.0,19.0,139.0,6,0
1391YKBLUE-5XL,99.0,4.0,12.0,5.0,0.0,19.0,118.0,2,0
1391YKBLUE-6XL,65.0,6.0,3.0,6.0,0.0,11.0,76.0,2,0
1391YKBLUE-7XL,31.0,7.0,6.0,6.0,0.0,14.0,45.0,2,0
1391YKBLUE-8XL,52.0,5.0,5.0,5.0,0.0,12.0,64.0,2,0
1391YKBLUE-L,24.0,5.0,5.0,0.0,0.0,5.0,29.0,0,0
1391YKBLUE-M,36.0,4.0,3.0,0.0,0.0,3.0,39.0,0,0
1391YKBLUE-S,23.0,4.0,2.0,0.0,0.0,2.0,25.0,0,0
1391YKBLUE-XL,121.0,6.0,26.0,0.0,0.0,28.0,149.0,2,0
1391YKBLUE-XS,21.0,2.0,1.0,0.0,0.0,3.0,24.0,2,0
1391YKBLUE-XXL,73.0,4.0,14.0,6.0,0.0,22.0,95.0,2,0
1393YKBLUE-L,1.0,0.0,0.0,0.0,0.0,0.0,1.0,0,0
1394YKGREEN-XXL,1.0,0.0,0.0,0.0,0.0,0.0,1.0,0,0
1395YKBLUE-3XL,3.0,2.0,3.0,0.0,0.0,3.0,6.0,0,0
1395YKBLUE-4XL,6.0,3.0,2.0,0.0,0.0,2.0,8.0,0,0
1395YKBLUE-5XL,6.0,3.0,5.0,0.0,0.0,5.0,11.0,0,0
1395YKBLUE-6XL,7.0,3.0,1.0,0.0,0.0,1.0,8.0,0,0
1395YKBLUE-7XL,3.0,2.0,0.0,0.0,0.0,0.0,3.0,0,0
1395YKBLUE-8XL,3.0,3.0,0.0,0.0,0.0,0.0,3.0,0,0
1395YKBLUE-L,5.0,3.0,8.0,0.0,0.0,10.0,15.0,2,0
1395YKBLUE-M,1.0,1.0,3.0,0.0,0.0,7.0,8.0,4,0
1395YKBLUE-S,10.0,3.0,1.0,0.0,0.0,1.0,11.0,0,0
1395YKBLUE-XL,15.0,6.0,15.0,0.0,0.0,15.0,30.0,0,0
1395YKBLUE-XS,9.0,3.0,0.0,0.0,0.0,0.0,9.0,0,0
1395YKBLUE-XXL,14.0,4.0,3.0,0.0,0.0,3.0,17.0,0,0
1398YKGREY-3XL,2.0,2.0,9.0,0.0,0.0,14.0,16.0,5,0
1398YKGREY-5XL,1.0,0.0,3.0,0.0,0.0,3.0,4.0,0,0
1398YKGREY-6XL,2.0,2.0,0.0,0.0,0.0,0.0,2.0,0,0
1398YKGREY-L,2.0,1.0,1.0,0.0,0.0,1.0,3.0,0,0
1398YKGREY-M,19.0,6.0,6.0,0.0,0.0,6.0,25.0,0,0
1398YKGREY-S,24.0,3.0,3.0,0.0,0.0,3.0,27.0,0,0
1398YKGREY-XL,2.0,0.0,0.0,0.0,0.0,0.0,2.0,0,0
1398YKGREY-XS,7.0,3.0,1.0,0.0,0.0,1.0,8.0,0,0
1398YKGREY-XXL,3.0,2.0,0.0,0.0,0.0,0.0,3.0,0,0
1399YKBLUE-3XL,10.0,5.0,4.0,0.0,0.0,4.0,14.0,0,0
1399YKBLUE-4XL,5.0,5.0,2.0,0.0,0.0,2.0,7.0,0,0
1399YKBLUE-5XL,4.0,4.0,0.0,0.0,0.0,0.0,4.0,0,0
1399YKBLUE-L,42.0,7.0,1.0,0.0,0.0,1.0,43.0,0,0
1399YKBLUE-M,22.0,9.0,1.0,0.0,0.0,1.0,23.0,0,0
1399YKBLUE-S,45.0,10.0,1.0,0.0,0.0,1.0,46.0,0,0
1399YKBLUE-XL,38.0,8.0,1.0,0.0,0.0,1.0,39.0,0,0
1399YKBLUE-XS,39.0,11.0,1.0,0.0,0.0,1.0,40.0,0,0
1399YKBLUE-XXL,21.0,10.0,1.0,0.0,0.0,1.0,22.0,0,0
1400YKMULTI-L,15.0,5.0,2.0,0.0,0.0,2.0,17.0,0,0
1400YKMULTI-M,39.0,4.0,1.0,0.0,0.0,1.0,40.0,0,0
1400YKMULTI-S,19.0,6.0,0.0,0.0,0.0,0.0,19.0,0,0
1400YKMULTI-XL,3.0,2.0,0.0,0.0,0.0,0.0,3.0,0,0
1400YKMULTI-XS,6.0,3.0,0.0,0.0,0.0,0.0,6.0,0,0
1401YKMAROON-3XL,1.0,0.0,0.0,0.0,0.0,0.0,1.0,0,0
1401YKMAROON-XXL,1.0,1.0,0.0,0.0,0.0,0.0,1.0,0,0
1402YKGREY-XXL,5.0,3.0,0.0,0.0,0.0,0.0,5.0,0,0
1403YKGREY-3XL,0.0,0.0,0.0,0.0,1.0,1.0,1.0,0,0
1403YKGREY-S,1.0,0.0,0.0,0.0,0.0,0.0,1.0,0,0
1403YKGREY-XL,8.0,2.0,0.0,0.0,0.0,0.0,8.0,0,0
1403YKGREY-XXL,3.0,3.0,0.0,0.0,0.0,0.0,3.0,0,0
1406YKMAROON-3XL,3.0,3.0,0.0,0.0,0.0,0.0,3.0,0,0
1406YKMAROON-XXL,3.0,2.0,0.0,0.0,0.0,0.0,3.0,0,0
1407YKMULTI-3XL,39.0,5.0,8.0,0.0,0.0,62.0,101.0,4,50
1407YKMULTI-4XL,29.0,7.0,1.0,0.0,0.0,40.0,69.0,0,39
1407YKMULTI-5XL,34.0,7.0,1.0,0.0,0.0,40.0,74.0,0,39
1407YKMULTI-6XL,53.0,4.0,5.0,0.0,0.0,39.0,92.0,5,29
1407YKMULTI-7XL,52.0,5.0,3.0,0.0,0.0,75.0,127.0,5,67
1407YKMULTI-8XL,70.0,3.0,5.0,0.0,0.0,13.0,83.0,0,8
1407YKMULTI-XXL,42.0,6.0,11.0,0.0,0.0,81.0,123.0,10,60
1410YKBLACK-M,7.0,2.0,0.0,0.0,0.0,0.0,7.0,0,0
1410YKBLACK-S,21.0,6.0,0.0,0.0,0.0,0.0,21.0,0,0
1412YKMULTI-3XL,53.0,16.0,14.0,0.0,0.0,53.0,106.0,0,39
1412YKMULTI-4XL,12.0,5.0,9.0,0.0,0.0,41.0,53.0,12,20
1412YKMULTI-5XL,35.0,9.0,6.0,0.0,0.0,28.0,63.0,0,22
1412YKMULTI-6XL,6.0,3.0,0.0,0.0,0.0,9.0,15.0,0,9
1412YKMULTI-7XL,10.0,4.0,1.0,0.0,0.0,12.0,22.0,2,9
1412YKMULTI-8XL,30.0,7.0,0.0,0.0,0.0,36.0,66.0,0,36
1412YKMULTI-L,55.0,8.0,15.0,0.0,0.0,112.0,167.0,20,77
1412YKMULTI-M,30.0,7.0,13.0,0.0,4.0,74.0,104.0,10,47
1412YKMULTI-S,14.0,9.0,6.0,0.0,0.0,28.0,42.0,2,20
1412YKMULTI-XL,74.0,11.0,11.0,0.0,1.0,76.0,150.0,0,64
1412YKMULTI-XXL,29.0,7.0,18.0,0.0,0.0,85.0,114.0,20,47
1413YKBROWN-XL,8.0,0.0,0.0,0.0,0.0,0.0,8.0,0,0
1413YKBROWN-XXL,2.0,1.0,0.0,0.0,0.0,0.0,2.0,0,0
1414YKGREY-3XL,2.0,1.0,2.0,0.0,0.0,6.0,8.0,4,0
1414YKGREY-4XL,17.0,4.0,3.0,4.0,0.0,7.0,24.0,0,0
1414YKGREY-5XL,3.0,2.0,2.0,2.0,0.0,8.0,11.0,4,0
1414YKGREY-6XL,2.0,1.0,1.0,0.0,0.0,1.0,3.0,0,0
1414YKGREY-7XL,1.0,0.0,0.0,0.0,0.0,0.0,1.0,0,0
1414YKGREY-8XL,1.0,0.0,3.0,0.0,0.0,7.0,8.0,4,0
1414YKGREY-XXL,14.0,4.0,8.0,2.0,1.0,11.0,25.0,0,0
1415YKBALCK-6XL,1.0,0.0,0.0,0.0,0.0,0.0,1.0,0,0
1415YKBALCK-7XL,9.0,0.0,0.0,0.0,0.0,0.0,9.0,0,0
1415YKBALCK-8XL,6.0,0.0,0.0,0.0,0.0,0.0,6.0,0,0
1415YKBLACK-3XL,2.0,1.0,0.0,0.0,0.0,0.0,2.0,0,0
1415YKBLACK-4XL,3.0,2.0,0.0,0.0,0.0,0.0,3.0,0,0
1415YKBLACK-5XL,1.0,1.0,0.0,0.0,0.0,0.0,1.0,0,0
1415YKBLACK-7XL,16.0,7.0,3.0,0.0,0.0,3.0,19.0,0,0
1415YKBLACK-8XL,2.0,2.0,0.0,0.0,0.0,0.0,2.0,0,0
1415YKBLACK-XXL,10.0,8.0,0.0,0.0,0.0,2.0,12.0,2,0
1417YKBLACK-3XL,131.0,6.0,12.0,7.0,0.0,19.0,150.0,0,0
1417YKBLACK-4XL,129.0,7.0,21.0,1.0,0.0,22.0,151.0,0,0
1417YKBLACK-5XL,53.0,9.0,13.0,0.0,0.0,18.0,71.0,0,5
1417YKBLACK-6XL,47.0,5.0,3.0,4.0,0.0,7.0,54.0,0,0
1417YKBLACK-7XL,54.0,5.0,5.0,4.0,0.0,9.0,63.0,0,0
1417YKBLACK-8XL,41.0,4.0,2.0,3.0,0.0,15.0,56.0,0,10
1417YKBLACK-L,61.0,7.0,19.0,2.0,0.0,21.0,82.0,0,0
1417YKBLACK-M,76.0,7.0,24.0,3.0,0.0,27.0,103.0,0,0
1417YKBLACK-S,47.0,6.0,11.0,2.0,0.0,13.0,60.0,0,0
1417YKBLACK-XL,118.0,7.0,21.0,1.0,0.0,22.0,140.0,0,0
1417YKBLACK-XS,26.0,5.0,7.0,2.0,0.0,9.0,35.0,0,0
1417YKBLACK-XXL,93.0,9.0,28.0,5.0,0.0,33.0,126.0,0,0
1418YKRED-3XL,7.0,4.0,0.0,0.0,0.0,0.0,7.0,0,0
1418YKRED-4XL,6.0,4.0,0.0,0.0,0.0,0.0,6.0,0,0
1418YKRED-XXL,12.0,6.0,0.0,0.0,0.0,0.0,12.0,0,0
141YK251PINK-3XL,15.0,8.0,9.0,0.0,0.0,9.0,24.0,0,0
141YK251PINK-4XL,31.0,8.0,10.0,0.0,0.0,10.0,41.0,0,0
141YK251PINK-5XL,11.0,8.0,10.0,0.0,0.0,10.0,21.0,0,0
141YK251PINK-6XL,13.0,4.0,2.0,0.0,0.0,2.0,15.0,0,0
141YK251PINK-7XL,18.0,4.0,2.0,0.0,0.0,2.0,20.0,0,0
141YK251PINK-8XL,11.0,3.0,2.0,0.0,0.0,2.0,13.0,0,0
141YK251PINK-L,48.0,4.0,10.0,0.0,0.0,10.0,58.0,0,0
141YK251PINK-M,38.0,9.0,13.0,0.0,0.0,13.0,51.0,0,0
141YK251PINK-S,3.0,3.0,1.0,0.0,1.0,2.0,5.0,0,0
141YK251PINK-XL,50.0,6.0,7.0,0.0,0.0,7.0,57.0,0,0
141YK251PINK-XS,4.0,3.0,2.0,0.0,0.0,2.0,6.0,0,0
141YK251PINK-XXL,40.0,9.0,16.0,0.0,5.0,26.0,66.0,5,0
141YK251PINK-XXXL,1.0,0.0,0.0,0.0,0.0,0.0,1.0,0,0
1420YKPINK-3XL,8.0,5.0,0.0,0.0,0.0,0.0,8.0,0,0
1420YKPINK-4XL,2.0,2.0,0.0,0.0,0.0,0.0,2.0,0,0
1420YKPINK-XXL,8.0,5.0,0.0,0.0,0.0,0.0,8.0,0,0
1421YKPINK-3XL,53.0,11.0,0.0,0.0,0.0,0.0,53.0,0,0
1421YKPINK-4XL,40.0,11.0,1.0,0.0,0.0,1.0,41.0,0,0
1421YKPINK-5XL,4.0,4.0,0.0,0.0,0.0,0.0,4.0,0,0
1421YKPINK-L,32.0,9.0,1.0,0.0,0.0,1.0,33.0,0,0
1421YKPINK-M,56.0,12.0,1.0,0.0,0.0,1.0,57.0,0,0
1421YKPINK-S,56.0,8.0,1.0,0.0,0.0,1.0,57.0,0,0
1421YKPINK-XL,28.0,12.0,1.0,0.0,0.0,1.0,29.0,0,0
1421YKPINK-XS,9.0,5.0,0.0,0.0,0.0,0.0,9.0,0,0
1421YKPINK-XXL,56.0,9.0,1.0,0.0,0.0,1.0,57.0,0,0
1423YKMAROON-L,10.0,2.0,1.0,0.0,0.0,1.0,11.0,0,0
1423YKMAROON-M,6.0,3.0,0.0,0.0,0.0,0.0,6.0,0,0
1423YKMAROON-S,27.0,5.0,1.0,0.0,0.0,1.0,28.0,0,0
1423YKMAROON-XL,1.0,1.0,0.0,0.0,0.0,0.0,1.0,0,0
1428YKGREEN-3XL,1.0,1.0,1.0,0.0,0.0,1.0,2.0,0,0
1428YKGREEN-4XL,7.0,4.0,0.0,0.0,0.0,0.0,7.0,0,0
1428YKGREEN-5XL,1.0,1.0,0.0,0.0,0.0,0.0,1.0,0,0
1428YKGREEN-XXL,12.0,3.0,2.0,0.0,0.0,2.0,14.0,0,0
1429YKBLACK-3XL,6.0,6.0,1.0,0.0,0.0,1.0,7.0,0,0
1429YKBLACK-XXL,17.0,8.0,0.0,0.0,0.0,0.0,17.0,0,0
142YK258BROWN-S,1.0,0.0,0.0,0.0,0.0,0.0,1.0,0,0
1430YKGREEN-L,11.0,3.0,1.0,0.0,0.0,1.0,12.0,0,0
1430YKGREEN-M,12.0,4.0,1.0,0.0,0.0,1.0,13.0,0,0
1430YKGREEN-S,30.0,6.0,1.0,0.0,0.0,1.0,31.0,0,0
1430YKGREEN-XS,5.0,2.0,0.0,0.0,0.0,0.0,5.0,0,0
1431YKGREEN-L,23.0,7.0,1.0,0.0,0.0,1.0,24.0,0,0
1431YKGREEN-M,23.0,9.0,3.0,0.0,0.0,3.0,26.0,0,0
1431YKGREEN-S,5.0,5.0,0.0,0.0,0.0,0.0,5.0,0,0
1431YKGREEN-XL,7.0,4.0,3.0,0.0,0.0,3.0,10.0,0,0
1431YKGREEN-XS,4.0,2.0,0.0,0.0,0.0,0.0,4.0,0,0
1434YKRED-L,2.0,0.0,0.0,0.0,0.0,0.0,2.0,0,0
1434YKRED-M,3.0,1.0,0.0,0.0,0.0,0.0,3.0,0,0
1434YKRED-S,2.0,0.0,0.0,0.0,0.0,0.0,2.0,0,0
1434YKRED-XL,3.0,3.0,0.0,0.0,0.0,0.0,3.0,0,0
1437YKWHITE-3XL,3.0,3.0,3.0,0.0,0.0,8.0,11.0,5,0
1437YKWHITE-4XL,0.0,0.0,1.0,0.0,0.0,3.0,3.0,2,0
1437YKWHITE-5XL,2.0,1.0,0.0,0.0,0.0,0.0,2.0,0,0
1437YKWHITE-6XL,1.0,1.0,0.0,0.0,0.0,0.0,1.0,0,0
1437YKWHITE-L,3.0,1.0,0.0,0.0,0.0,0.0,3.0,0,0
1437YKWHITE-M,6.0,3.0,0.0,0.0,0.0,0.0,6.0,0,0
1437YKWHITE-S,9.0,3.0,4.0,0.0,0.0,4.0,13.0,0,0
1437YKWHITE-XL,3.0,2.0,0.0,0.0,0.0,0.0,3.0,0,0
1437YKWHITE-XS,1.0,1.0,0.0,0.0,0.0,0.0,1.0,0,0
1437YKWHITE-XXL,3.0,2.0,0.0,0.0,0.0,0.0,3.0,0,0
1439YKBLUE-4XL,0.0,0.0,1.0,0.0,0.0,1.0,1.0,0,0
1439YKBLUE-5XL,11.0,4.0,2.0,0.0,0.0,2.0,13.0,0,0
1439YKBLUE-6XL,4.0,2.0,2.0,0.0,0.0,2.0,6.0,0,0
1439YKBLUE-7XL,3.0,2.0,1.0,0.0,0.0,1.0,4.0,0,0
1439YKBLUE-8XL,2.0,1.0,0.0,0.0,0.0,0.0,2.0,0,0
1439YKBLUE-L,1.0,1.0,0.0,0.0,0.0,0.0,1.0,0,0
1439YKBLUE-M,3.0,2.0,1.0,0.0,0.0,1.0,4.0,0,0
1439YKBLUE-S,6.0,4.0,0.0,0.0,0.0,0.0,6.0,0,0
1439YKBLUE-XL,1.0,1.0,0.0,0.0,0.0,0.0,1.0,0,0
1439YKBLUE-XS,7.0,3.0,1.0,0.0,0.0,1.0,8.0,0,0
1439YKBLUE-XXL,2.0,2.0,2.0,0.0,0.0,2.0,4.0,0,0
1441YKBLUE-3XL,9.0,4.0,1.0,0.0,0.0,1.0,10.0,0,0
1441YKBLUE-4XL,5.0,2.0,1.0,0.0,0.0,1.0,6.0,0,0
1441YKBLUE-5XL,1.0,0.0,0.0,0.0,0.0,1.0,2.0,0,1
1441YKBLUE-6XL,2.0,1.0,0.0,0.0,0.0,0.0,2.0,0,0
1441YKBLUE-7XL,1.0,2.0,2.0,0.0,0.0,2.0,3.0,0,0
1441YKBLUE-8XL,1.0,1.0,1.0,0.0,0.0,2.0,3.0,0,1
1441YKBLUE-L,6.0,3.0,1.0,0.0,0.0,1.0,7.0,0,0
1441YKBLUE-M,9.0,3.0,0.0,0.0,0.0,0.0,9.0,0,0
1441YKBLUE-S,12.0,3.0,1.0,0.0,0.0,1.0,13.0,0,0
1441YKBLUE-XL,13.0,3.0,1.0,0.0,0.0,1.0,14.0,0,0
1441YKBLUE-XS,3.0,2.0,0.0,0.0,0.0,0.0,3.0,0,0
1441YKBLUE-XXL,10.0,4.0,0.0,0.0,0.0,2.0,12.0,0,2
1443YKTEAL-L,14.0,5.0,1.0,0.0,0.0,1.0,15.0,0,0
1443YKTEAL-M,6.0,5.0,0.0,0.0,0.0,0.0,6.0,0,0
1443YKTEAL-S,16.0,5.0,2.0,0.0,0.0,2.0,18.0,0,0
1443YKTEAL-XL,4.0,3.0,2.0,0.0,0.0,4.0,8.0,2,0
1443YKTEAL-XS,3.0,2.0,0.0,0.0,0.0,0.0,3.0,0,0
1443YKTEAL-XXL,2.0,2.0,0.0,0.0,0.0,0.0,2.0,0,0
1444YKWHITE-3XL,2.0,2.0,0.0,0.0,0.0,0.0,2.0,0,0
1444YKWHITE-4XL,13.0,3.0,7.0,0.0,0.0,7.0,20.0,0,0
1444YKWHITE-5XL,2.0,2.0,0.0,0.0,0.0,0.0,2.0,0,0
1444YKWHITE-L,12.0,4.0,1.0,0.0,0.0,1.0,13.0,0,0
1444YKWHITE-M,24.0,6.0,5.0,0.0,0.0,5.0,29.0,0,0
1444YKWHITE-S,4.0,2.0,0.0,0.0,0.0,0.0,4.0,0,0
1444YKWHITE-XL,2.0,0.0,0.0,0.0,0.0,0.0,2.0,0,0
1444YKWHITE-XS,2.0,1.0,1.0,0.0,0.0,1.0,3.0,0,0
1445YKBLACK-M,3.0,1.0,0.0,0.0,0.0,0.0,3.0,0,0
1445YKBLACK-S,6.0,3.0,0.0,0.0,0.0,0.0,6.0,0,0
1445YKBLACK-XS,19.0,5.0,2.0,0.0,0.0,2.0,21.0,0,0
1446YKPINK-L,25.0,5.0,3.0,0.0,0.0,3.0,28.0,0,0
1446YKPINK-M,51.0,5.0,1.0,0.0,0.0,1.0,52.0,0,0
1446YKPINK-S,15.0,3.0,1.0,0.0,0.0,1.0,16.0,0,0
1446YKPINK-XL,27.0,4.0,1.0,0.0,0.0,1.0,28.0,0,0
1446YKPINK-XS,6.0,3.0,1.0,0.0,0.0,1.0,7.0,0,0
1446YKPINK-XXL,11.0,3.0,1.0,0.0,0.0,1.0,12.0,0,0
1449YKGREY-L,7.0,3.0,1.0,0.0,0.0,1.0,8.0,0,0
1449YKGREY-M,3.0,3.0,3.0,0.0,0.0,3.0,6.0,0,0
1449YKGREY-S,4.0,4.0,1.0,0.0,0.0,1.0,5.0,0,0
1449YKGREY-XL,2.0,1.0,2.0,0.0,0.0,2.0,4.0,0,0
1449YKGREY-XXL,11.0,10.0,3.0,0.0,0.0,3.0,14.0,0,0
144YK270MUSTARD-XS,1.0,0.0,0.0,0.0,0.0,0.0,1.0,0,0
1451YKSKYBLUE-XS,1.0,0.0,0.0,0.0,0.0,0.0,1.0,0,0
1453YKBLACK-L,13.0,4.0,4.0,0.0,0.0,4.0,17.0,0,0
1453YKBLACK-M,14.0,4.0,3.0,0.0,0.0,5.0,19.0,2,0
1453YKBLACK-S,8.0,3.0,3.0,0.0,0.0,3.0,11.0,0,0
1453YKBLACK-XL,3.0,3.0,0.0,0.0,0.0,0.0,3.0,0,0
1453YKBLACK-XS,11.0,3.0,1.0,0.0,0.0,1.0,12.0,0,0
1454YKPINK-L,11.0,3.0,0.0,0.0,0.0,0.0,11.0,0,0
1454YKPINK-M,13.0,5.0,3.0,0.0,0.0,3.0,16.0,0,0
1454YKPINK-S,6.0,3.0,3.0,0.0,0.0,3.0,9.0,0,0
1454YKPINK-XL,3.0,2.0,0.0,0.0,0.0,0.0,3.0,0,0
1454YKPINK-XS,9.0,2.0,1.0,0.0,0.0,1.0,10.0,0,0
1454YKPINK-XXL,2.0,2.0,0.0,0.0,0.0,0.0,2.0,0,0
1455YKBLUE-L,30.0,8.0,1.0,0.0,0.0,1.0,31.0,0,0
1455YKBLUE-M,41.0,8.0,3.0,0.0,0.0,3.0,44.0,0,0
1455YKBLUE-S,14.0,6.0,2.0,0.0,0.0,2.0,16.0,0,0
1455YKBLUE-XL,5.0,4.0,2.0,0.0,0.0,2.0,7.0,0,0
1456YKBLACK-S,5.0,3.0,0.0,0.0,0.0,0.0,5.0,0,0
1457YKPINK-3XL,8.0,3.0,4.0,0.0,0.0,7.0,15.0,3,0
1457YKPINK-4XL,2.0,0.0,2.0,0.0,0.0,4.0,6.0,2,0
1457YKPINK-L,0.0,0.0,1.0,0.0,0.0,1.0,1.0,0,0
1457YKPINK-M,1.0,1.0,2.0,0.0,0.0,4.0,5.0,2,0
1457YKPINK-S,16.0,2.0,6.0,0.0,0.0,6.0,22.0,0,0
1457YKPINK-XL,1.0,1.0,0.0,0.0,0.0,0.0,1.0,0,0
1457YKPINK-XS,38.0,3.0,6.0,5.0,0.0,13.0,51.0,2,0
1457YKPINK-XXL,0.0,0.0,8.0,0.0,0.0,14.0,14.0,6,0
1458YKPINK-3XL,2.0,1.0,0.0,0.0,0.0,0.0,2.0,0,0
1458YKPINK-L,7.0,7.0,5.0,0.0,0.0,5.0,12.0,0,0
1458YKPINK-M,23.0,8.0,6.0,0.0,0.0,6.0,29.0,0,0
1458YKPINK-S,17.0,6.0,0.0,0.0,0.0,0.0,17.0,0,0
1458YKPINK-XL,5.0,4.0,0.0,0.0,0.0,0.0,5.0,0,0
1458YKPINK-XXL,1.0,1.0,0.0,0.0,0.0,0.0,1.0,0,0
1461YKGREEN-3XL,1.0,1.0,0.0,0.0,0.0,0.0,1.0,0,0
1461YKGREEN-4XL,3.0,2.0,0.0,0.0,0.0,0.0,3.0,0,0
1461YKGREEN-L,1.0,0.0,0.0,0.0,0.0,0.0,1.0,0,0
1461YKGREEN-S,2.0,2.0,1.0,0.0,0.0,1.0,3.0,0,0
1462YKMULTI-3XL,15.0,3.0,4.0,0.0,0.0,4.0,19.0,0,0
1462YKMULTI-4XL,19.0,4.0,4.0,0.0,0.0,4.0,23.0,0,0
1462YKMULTI-5XL,7.0,5.0,0.0,0.0,0.0,0.0,7.0,0,0
1462YKMULTI-L,15.0,3.0,4.0,0.0,0.0,6.0,21.0,2,0
1462YKMULTI-M,20.0,4.0,2.0,0.0,0.0,2.0,22.0,0,0
1462YKMULTI-S,3.0,2.0,0.0,0.0,0.0,0.0,3.0,0,0
1462YKMULTI-XL,43.0,9.0,8.0,0.0,0.0,8.0,51.0,0,0
1462YKMULTI-XS,10.0,3.0,2.0,0.0,0.0,2.0,12.0,0,0
1462YKMULTI-XXL,40.0,6.0,10.0,0.0,0.0,10.0,50.0,0,0
1463YKPINK-S,3.0,1.0,0.0,0.0,0.0,0.0,3.0,0,0
1463YKPINK-XS,3.0,1.0,0.0,0.0,0.0,0.0,3.0,0,0
1464YKMULTI-3XL,1.0,1.0,1.0,0.0,0.0,1.0,2.0,0,0
1464YKMULTI-4XL,1.0,1.0,0.0,0.0,0.0,0.0,1.0,0,0
1464YKMULTI-5XL,4.0,4.0,0.0,0.0,0.0,0.0,4.0,0,0
1464YKMULTI-8XL,1.0,1.0,0.0,0.0,0.0,0.0,1.0,0,0
1464YKMULTI-L,5.0,5.0,0.0,0.0,0.0,0.0,5.0,0,0
1464YKMULTI-M,7.0,6.0,0.0,0.0,0.0,0.0,7.0,0,0
1464YKMULTI-S,17.0,6.0,1.0,0.0,0.0,1.0,18.0,0,0
1464YKMULTI-XL,5.0,5.0,0.0,0.0,0.0,0.0,5.0,0,0
1464YKMULTI-XS,15.0,6.0,1.0,0.0,0.0,1.0,16.0,0,0
1464YKMULTI-XXL,24.0,4.0,1.0,0.0,0.0,1.0,25.0,0,0
1465YKBLUE-L,73.0,8.0,1.0,0.0,0.0,1.0,74.0,0,0
1465YKBLUE-M,88.0,10.0,2.0,0.0,0.0,2.0,90.0,0,0
1465YKBLUE-S,68.0,13.0,1.0,0.0,0.0,1.0,69.0,0,0
1465YKBLUE-XL,73.0,8.0,2.0,0.0,0.0,2.0,75.0,0,0
1465YKBLUE-XS,15.0,5.0,0.0,0.0,0.0,0.0,15.0,0,0
1465YKBLUE-XXL,79.0,9.0,2.0,0.0,0.0,2.0,81.0,0,0
1466YKYELLOW-3XL,34.0,6.0,7.0,0.0,0.0,7.0,41.0,0,0
1466YKYELLOW-4XL,6.0,3.0,11.0,0.0,0.0,13.0,19.0,2,0
1466YKYELLOW-5XL,0.0,0.0,3.0,0.0,0.0,5.0,5.0,2,0
1466YKYELLOW-L,18.0,5.0,2.0,0.0,0.0,2.0,20.0,0,0
1466YKYELLOW-M,32.0,10.0,0.0,0.0,0.0,0.0,32.0,0,0
1466YKYELLOW-S,9.0,3.0,1.0,0.0,0.0,1.0,10.0,0,0
1466YKYELLOW-XL,3.0,1.0,0.0,0.0,0.0,0.0,3.0,0,0
1466YKYELLOW-XS,10.0,3.0,1.0,0.0,0.0,1.0,11.0,0,0
1466YKYELLOW-XXL,22.0,3.0,2.0,0.0,0.0,2.0,24.0,0,0
1467YKGREY-3XL,10.0,4.0,6.0,0.0,0.0,6.0,16.0,0,0
1467YKGREY-4XL,21.0,4.0,4.0,0.0,0.0,4.0,25.0,0,0
1467YKGREY-5XL,3.0,1.0,0.0,0.0,0.0,0.0,3.0,0,0
1467YKGREY-M,1.0,0.0,0.0,0.0,0.0,0.0,1.0,0,0
1467YKGREY-XL,12.0,4.0,0.0,0.0,0.0,0.0,12.0,0,0
1467YKGREY-XXL,3.0,3.0,4.0,0.0,0.0,4.0,7.0,0,0
1468YKYELLOW-3XL,10.0,4.0,4.0,0.0,0.0,8.0,18.0,4,0
1468YKYELLOW-4XL,18.0,4.0,1.0,0.0,0.0,4.0,22.0,0,3
1468YKYELLOW-5XL,18.0,6.0,8.0,0.0,0.0,8.0,26.0,0,0
1468YKYELLOW-L,5.0,2.0,4.0,0.0,0.0,8.0,13.0,4,0
1468YKYELLOW-M,6.0,4.0,1.0,0.0,0.0,1.0,7.0,0,0
1468YKYELLOW-S,5.0,3.0,2.0,0.0,0.0,2.0,7.0,0,0
1468YKYELLOW-XL,11.0,6.0,3.0,0.0,0.0,7.0,18.0,4,0
1468YKYELLOW-XXL,4.0,3.0,0.0,0.0,0.0,7.0,11.0,6,1
1469YKPURPLE-L,19.0,8.0,15.0,0.0,0.0,15.0,34.0,0,0
1469YKPURPLE-M,91.0,8.0,8.0,0.0,0.0,10.0,101.0,2,0
1469YKPURPLE-S,35.0,6.0,2.0,0.0,0.0,2.0,37.0,0,0
1469YKPURPLE-XL,24.0,8.0,15.0,0.0,0.0,15.0,39.0,0,0
1469YKPURPLE-XS,7.0,4.0,1.0,0.0,0.0,1.0,8.0,0,0
146YK148AZKBLU-3XL,210.0,18.0,10.0,0.0,0.0,53.0,263.0,0,43
146YK148AZKBLU-4XL,156.0,15.0,11.0,0.0,0.0,60.0,216.0,0,49
146YK148AZKBLU-5XL,269.0,6.0,15.0,0.0,0.0,38.0,307.0,0,23
146YK148AZKBLU-6XL,57.0,4.0,2.0,0.0,0.0,27.0,84.0,0,25
146YK148AZKBLU-7XL,39.0,4.0,4.0,0.0,0.0,15.0,54.0,0,11
146YK148AZKBLU-8XL,71.0,4.0,2.0,3.0,0.0,23.0,94.0,0,18
146YK148AZKBLU-L,63.0,16.0,2.0,0.0,2.0,16.0,79.0,0,12
146YK148AZKBLU-M,55.0,5.0,6.0,0.0,0.0,29.0,84.0,0,23
146YK148AZKBLU-S,38.0,4.0,4.0,0.0,0.0,16.0,54.0,0,12
146YK148AZKBLU-XL,78.0,5.0,12.0,0.0,0.0,46.0,124.0,0,34
146YK148AZKBLU-XS,2.0,1.0,0.0,0.0,0.0,0.0,2.0,0,0
146YK148AZKBLU-XXL,234.0,6.0,43.0,16.0,3.0,156.0,390.0,0,94
1470YKBLUE-L,269.0,12.0,11.0,0.0,0.0,22.0,291.0,0,11
1470YKBLUE-M,309.0,17.0,31.0,0.0,0.0,31.0,340.0,0,0
1470YKBLUE-S,129.0,11.0,26.0,0.0,0.0,26.0,155.0,0,0
1470YKBLUE-XL,326.0,13.0,33.0,0.0,0.0,49.0,375.0,4,12
1470YKBLUE-XS,67.0,4.0,9.0,0.0,0.0,9.0,76.0,0,0
1471YKWHITE-3XL,3.0,1.0,0.0,0.0,0.0,0.0,3.0,0,0
1471YKWHITE-4XL,5.0,3.0,0.0,0.0,0.0,0.0,5.0,0,0
1471YKWHITE-5XL,4.0,2.0,0.0,0.0,0.0,0.0,4.0,0,0
1471YKWHITE-6XL,1.0,1.0,0.0,0.0,0.0,0.0,1.0,0,0
1471YKWHITE-7XL,1.0,0.0,0.0,0.0,0.0,0.0,1.0,0,0
1471YKWHITE-L,29.0,12.0,3.0,0.0,0.0,3.0,32.0,0,0
1471YKWHITE-M,26.0,9.0,7.0,0.0,0.0,7.0,33.0,0,0
1471YKWHITE-S,19.0,6.0,5.0,0.0,0.0,5.0,24.0,0,0
1471YKWHITE-XL,19.0,7.0,1.0,0.0,0.0,1.0,20.0,0,0
1471YKWHITE-XS,8.0,4.0,0.0,0.0,0.0,0.0,8.0,0,0
1471YKWHITE-XXL,2.0,1.0,0.0,0.0,0.0,0.0,2.0,0,0
1472YKGREEN-3XL,135.0,8.0,36.0,2.0,0.0,48.0,183.0,6,4
1472YKGREEN-4XL,15.0,6.0,32.0,6.0,0.0,38.0,53.0,0,0
1472YKGREEN-5XL,28.0,11.0,46.0,1.0,0.0,56.0,84.0,0,9
1472YKGREEN-6XL,60.0,10.0,15.0,2.0,0.0,18.0,78.0,0,1
1472YKGREEN-7XL,39.0,5.0,8.0,0.0,0.0,8.0,47.0,0,0
1472YKGREEN-8XL,40.0,9.0,19.0,5.0,0.0,32.0,72.0,8,0
1472YKGREEN-L,81.0,9.0,38.0,0.0,0.0,38.0,119.0,0,0
1472YKGREEN-M,18.0,6.0,24.0,2.0,0.0,26.0,44.0,0,0
1472YKGREEN-S,42.0,5.0,15.0,3.0,0.0,18.0,60.0,0,0
1472YKGREEN-XL,4.0,2.0,31.0,3.0,0.0,43.0,47.0,9,0
1472YKGREEN-XS,21.0,5.0,3.0,0.0,0.0,3.0,24.0,0,0
1472YKGREEN-XXL,34.0,6.0,31.0,0.0,0.0,31.0,65.0,0,0
1473YKWHITE-3XL,2.0,4.0,2.0,0.0,0.0,6.0,8.0,4,0
1473YKWHITE-4XL,3.0,3.0,0.0,0.0,0.0,0.0,3.0,0,0
1473YKWHITE-5XL,7.0,3.0,0.0,0.0,0.0,0.0,7.0,0,0
1473YKWHITE-L,1.0,1.0,21.0,0.0,0.0,25.0,26.0,4,0
1473YKWHITE-M,1.0,1.0,13.0,0.0,0.0,19.0,20.0,6,0
1473YKWHITE-S,50.0,9.0,22.0,0.0,0.0,22.0,72.0,0,0
1473YKWHITE-XL,7.0,7.0,7.0,0.0,1.0,18.0,25.0,10,0
1473YKWHITE-XS,30.0,6.0,19.0,0.0,1.0,20.0,50.0,0,0
1473YKWHITE-XXL,4.0,3.0,20.0,0.0,0.0,27.0,31.0,7,0
1475YKBLUE-L,12.0,8.0,4.0,0.0,0.0,6.0,18.0,2,0
1475YKBLUE-M,26.0,8.0,1.0,0.0,0.0,1.0,27.0,0,0
1475YKBLUE-S,24.0,6.0,3.0,0.0,0.0,3.0,27.0,0,0
1475YKBLUE-XL,3.0,2.0,0.0,0.0,0.0,0.0,3.0,0,0
1475YKBLUE-XS,14.0,5.0,4.0,0.0,0.0,4.0,18.0,0,0
1476YKPINK-3XL,3.0,1.0,0.0,1.0,0.0,1.0,4.0,0,0
1476YKPINK-4XL,9.0,3.0,4.0,1.0,0.0,9.0,18.0,4,0
1476YKPINK-5XL,2.0,1.0,2.0,0.0,0.0,6.0,8.0,4,0
1476YKPINK-6XL,1.0,0.0,0.0,0.0,0.0,0.0,1.0,0,0
1476YKPINK-7XL,0.0,0.0,2.0,0.0,0.0,4.0,4.0,2,0
1476YKPINK-8XL,2.0,0.0,7.0,0.0,0.0,16.0,18.0,9,0
1476YKPINK-L,18.0,6.0,6.0,0.0,0.0,6.0,24.0,0,0
1476YKPINK-M,26.0,7.0,4.0,0.0,0.0,4.0,30.0,0,0
1476YKPINK-S,18.0,3.0,2.0,0.0,0.0,2.0,20.0,0,0
1476YKPINK-XL,37.0,7.0,2.0,0.0,0.0,2.0,39.0,0,0
1476YKPINK-XXL,32.0,5.0,8.0,0.0,0.0,8.0,40.0,0,0
1477YKBLUE-3XL,5.0,4.0,4.0,0.0,0.0,4.0,9.0,0,0
1477YKBLUE-4XL,3.0,2.0,0.0,0.0,0.0,0.0,3.0,0,0
1477YKBLUE-L,13.0,5.0,3.0,0.0,0.0,3.0,16.0,0,0
1477YKBLUE-M,14.0,5.0,0.0,0.0,0.0,0.0,14.0,0,0
1477YKBLUE-S,24.0,3.0,1.0,0.0,0.0,1.0,25.0,0,0
1477YKBLUE-XL,3.0,3.0,0.0,0.0,0.0,0.0,3.0,0,0
1477YKBLUE-XXL,4.0,3.0,2.0,0.0,0.0,2.0,6.0,0,0
1479YKPINK-3XL,1.0,1.0,0.0,0.0,0.0,2.0,3.0,2,0
1479YKPINK-5XL,3.0,2.0,0.0,0.0,0.0,0.0,3.0,0,0
1479YKPINK-L,1.0,1.0,0.0,0.0,0.0,0.0,1.0,0,0
1479YKPINK-S,6.0,3.0,1.0,0.0,0.0,1.0,7.0,0,0
1479YKPINK-XL,1.0,1.0,0.0,0.0,0.0,0.0,1.0,0,0
1479YKPINK-XXL,1.0,1.0,0.0,0.0,0.0,0.0,1.0,0,0
1481YKORANGE-L,5.0,3.0,22.0,0.0,0.0,25.0,30.0,3,0
1481YKORANGE-M,18.0,3.0,2.0,0.0,0.0,6.0,24.0,4,0
1481YKORANGE-S,18.0,3.0,7.0,0.0,0.0,15.0,33.0,8,0
1481YKORANGE-XL,4.0,4.0,21.0,0.0,0.0,23.0,27.0,2,0
1481YKORANGE-XS,13.0,4.0,6.0,0.0,0.0,6.0,19.0,0,0
1482YKGREEN-3XL,2.0,0.0,0.0,0.0,0.0,0.0,2.0,0,0
1482YKGREEN-4XL,3.0,4.0,0.0,0.0,0.0,0.0,3.0,0,0
1482YKGREEN-5XL,0.0,0.0,1.0,0.0,0.0,3.0,3.0,2,0
1482YKGREEN-L,2.0,2.0,0.0,0.0,0.0,0.0,2.0,0,0
1482YKGREEN-M,1.0,1.0,0.0,0.0,0.0,0.0,1.0,0,0
1482YKGREEN-S,2.0,2.0,0.0,0.0,0.0,0.0,2.0,0,0
1482YKGREEN-XL,0.0,0.0,5.0,0.0,0.0,7.0,7.0,2,0
1482YKGREEN-XXL,1.0,1.0,1.0,0.0,0.0,5.0,6.0,4,0
1484YKYELLOW-3XL,3.0,3.0,1.0,0.0,0.0,5.0,8.0,4,0
1484YKYELLOW-4XL,2.0,0.0,2.0,0.0,0.0,2.0,4.0,0,0
1484YKYELLOW-5XL,1.0,0.0,0.0,0.0,0.0,2.0,3.0,2,0
1484YKYELLOW-6XL,1.0,0.0,0.0,0.0,0.0,4.0,5.0,4,0
1484YKYELLOW-7XL,1.0,0.0,0.0,0.0,0.0,4.0,5.0,4,0
1484YKYELLOW-L,8.0,4.0,0.0,0.0,0.0,0.0,8.0,0,0
1484YKYELLOW-M,15.0,5.0,3.0,0.0,0.0,3.0,18.0,0,0
1484YKYELLOW-S,19.0,4.0,2.0,3.0,0.0,5.0,24.0,0,0
1484YKYELLOW-XL,8.0,4.0,5.0,0.0,0.0,9.0,17.0,4,0
1484YKYELLOW-XS,8.0,2.0,1.0,0.0,0.0,1.0,9.0,0,0
1484YKYELLOW-XXL,27.0,6.0,9.0,0.0,0.0,9.0,36.0,0,0
1485YKMUSTARD-3XL,43.0,14.0,0.0,0.0,0.0,0.0,43.0,0,0
1485YKMUSTARD-4XL,52.0,8.0,35.0,0.0,0.0,55.0,107.0,20,0
1485YKMUSTARD-5XL,125.0,5.0,9.0,0.0,0.0,9.0,134.0,0,0
1485YKMUSTARD-6XL,20.0,10.0,3.0,0.0,0.0,3.0,23.0,0,0
1485YKMUSTARD-7XL,15.0,5.0,4.0,0.0,0.0,4.0,19.0,0,0
1485YKMUSTARD-8XL,29.0,6.0,28.0,0.0,0.0,40.0,69.0,12,0
1485YKMUSTARD-L,17.0,6.0,4.0,0.0,0.0,8.0,25.0,4,0
1485YKMUSTARD-M,30.0,5.0,4.0,0.0,0.0,4.0,34.0,0,0
1485YKMUSTARD-S,26.0,4.0,1.0,0.0,0.0,1.0,27.0,0,0
1485YKMUSTARD-XL,22.0,8.0,1.0,0.0,0.0,3.0,25.0,2,0
1485YKMUSTARD-XS,13.0,2.0,1.0,0.0,0.0,1.0,14.0,0,0
1485YKMUSTARD-XXL,37.0,6.0,0.0,0.0,0.0,4.0,41.0,4,0
1486YKPURPLE-3XL,21.0,3.0,4.0,6.0,0.0,12.0,33.0,2,0
1486YKPURPLE-5XL,1.0,0.0,0.0,0.0,0.0,0.0,1.0,0,0
1486YKPURPLE-6XL,2.0,1.0,1.0,0.0,0.0,1.0,3.0,0,0
1486YKPURPLE-7XL,10.0,3.0,2.0,0.0,0.0,2.0,12.0,0,0
1486YKPURPLE-8XL,2.0,2.0,0.0,0.0,0.0,0.0,2.0,0,0
1486YKPURPLE-L,5.0,3.0,1.0,0.0,0.0,1.0,6.0,0,0
1486YKPURPLE-M,10.0,6.0,1.0,0.0,0.0,1.0,11.0,0,0
1486YKPURPLE-S,8.0,3.0,0.0,0.0,0.0,0.0,8.0,0,0
1486YKPURPLE-XL,2.0,2.0,0.0,0.0,0.0,0.0,2.0,0,0
1486YKPURPLE-XS,16.0,3.0,1.0,0.0,0.0,1.0,17.0,0,0
1486YKPURPLE-XXL,10.0,6.0,3.0,5.0,0.0,10.0,20.0,2,0
1488YKWHITE-3XL,15.0,12.0,120.0,0.0,0.0,120.0,135.0,0,0
1488YKWHITE-3XL-4XL,0.0,0.0,0.0,0.0,0.0,3.0,3.0,0,3
1488YKWHITE-4XL,17.0,12.0,73.0,0.0,0.0,73.0,90.0,0,0
1488YKWHITE-5XL,12.0,6.0,87.0,0.0,0.0,87.0,99.0,0,0
1488YKWHITE-5XL-6XL,25.0,0.0,0.0,0.0,0.0,12.0,37.0,0,12
1488YKWHITE-6XL,6.0,3.0,39.0,0.0,0.0,39.0,45.0,0,0
1488YKWHITE-7XL,13.0,5.0,29.0,0.0,0.0,29.0,42.0,0,0
1488YKWHITE-7XL-8XL,34.0,0.0,0.0,0.0,0.0,0.0,34.0,0,0
1488YKWHITE-8XL,12.0,4.0,26.0,0.0,0.0,26.0,38.0,0,0
1488YKWHITE-L,220.0,20.0,107.0,2.0,0.0,109.0,329.0,0,0
1488YKWHITE-M,264.0,13.0,40.0,0.0,0.0,40.0,304.0,0,0
1488YKWHITE-M-L,546.0,0.0,0.0,0.0,0.0,30.0,576.0,0,30
1488YKWHITE-S,88.0,10.0,36.0,2.0,0.0,38.0,126.0,0,0
1488YKWHITE-XL,101.0,19.0,80.0,3.0,0.0,83.0,184.0,0,0
1488YKWHITE-XL-XXL,599.0,0.0,0.0,0.0,0.0,0.0,599.0,0,0
1488YKWHITE-XS,18.0,3.0,12.0,0.0,0.0,12.0,30.0,0,0
1488YKWHITE-XS-S,411.0,0.0,0.0,0.0,0.0,0.0,411.0,0,0
1488YKWHITE-XXL,113.0,17.0,68.0,3.0,0.0,71.0,184.0,0,0
1491YKMAROON-3XL,36.0,4.0,18.0,0.0,0.0,18.0,54.0,0,0
1491YKMAROON-4XL,21.0,7.0,10.0,0.0,0.0,10.0,31.0,0,0
1491YKMAROON-5XL,20.0,4.0,17.0,0.0,0.0,17.0,37.0,0,0
1491YKMAROON-6XL,4.0,3.0,9.0,0.0,0.0,9.0,13.0,0,0
1491YKMAROON-7XL,3.0,3.0,7.0,0.0,0.0,7.0,10.0,0,0
1491YKMAROON-8XL,5.0,4.0,11.0,0.0,2.0,13.0,18.0,0,0
1491YKMAROON-L,18.0,6.0,7.0,2.0,0.0,9.0,27.0,0,0
1491YKMAROON-M,15.0,5.0,6.0,0.0,0.0,6.0,21.0,0,0
1491YKMAROON-S,26.0,4.0,5.0,0.0,0.0,5.0,31.0,0,0
1491YKMAROON-XL,19.0,3.0,8.0,2.0,0.0,10.0,29.0,0,0
1491YKMAROON-XXL,92.0,10.0,18.0,0.0,0.0,18.0,110.0,0,0
1492YKINDIGO-L,1.0,1.0,0.0,0.0,0.0,0.0,1.0,0,0
1492YKINDIGO-M,1.0,0.0,1.0,0.0,0.0,1.0,2.0,0,0
1492YKINDIGO-S,7.0,2.0,1.0,0.0,0.0,1.0,8.0,0,0
1493YKMAROON-L,30.0,9.0,2.0,0.0,0.0,2.0,32.0,0,0
1493YKMAROON-M,45.0,11.0,1.0,0.0,0.0,1.0,46.0,0,0
1493YKMAROON-S,9.0,7.0,2.0,0.0,0.0,2.0,11.0,0,0
1493YKMAROON-XL,32.0,8.0,0.0,0.0,0.0,0.0,32.0,0,0
1494YKGREY-3XL,9.0,7.0,3.0,0.0,0.0,3.0,12.0,0,0
1494YKGREY-4XL,9.0,3.0,0.0,0.0,0.0,0.0,9.0,0,0
1494YKGREY-L,24.0,13.0,3.0,0.0,0.0,3.0,27.0,0,0
1494YKGREY-M,28.0,10.0,5.0,0.0,0.0,5.0,33.0,0,0
1494YKGREY-S,21.0,8.0,2.0,0.0,0.0,2.0,23.0,0,0
1494YKGREY-XL,2.0,2.0,0.0,0.0,0.0,0.0,2.0,0,0
1494YKGREY-XXL,36.0,9.0,3.0,0.0,0.0,3.0,39.0,0,0
1495YKGREEN-3XL,4.0,2.0,0.0,0.0,0.0,0.0,4.0,0,0
1495YKGREEN-4XL,1.0,0.0,0.0,0.0,0.0,0.0,1.0,0,0
1495YKGREEN-L,2.0,2.0,0.0,0.0,0.0,0.0,2.0,0,0
1495YKGREEN-M,1.0,1.0,0.0,0.0,1.0,1.0,2.0,0,0
1495YKGREEN-S,4.0,3.0,0.0,0.0,0.0,0.0,4.0,0,0
1495YKGREEN-XL,6.0,4.0,0.0,0.0,0.0,0.0,6.0,0,0
1495YKGREEN-XXL,5.0,5.0,0.0,0.0,0.0,0.0,5.0,0,0
1496YKPINK-L,36.0,10.0,1.0,0.0,0.0,1.0,37.0,0,0
1496YKPINK-M,32.0,8.0,1.0,0.0,0.0,1.0,33.0,0,0
1496YKPINK-S,12.0,5.0,0.0,0.0,0.0,0.0,12.0,0,0
1496YKPINK-XL,16.0,8.0,5.0,0.0,0.0,5.0,21.0,0,0
1498YKGREEN-3XL,37.0,8.0,1.0,3.0,0.0,4.0,41.0,0,0
1498YKGREEN-4XL,61.0,4.0,2.0,0.0,0.0,6.0,67.0,4,0
1498YKGREEN-5XL,60.0,5.0,10.0,1.0,0.0,17.0,77.0,6,0
1498YKGREEN-6XL,21.0,4.0,4.0,0.0,0.0,8.0,29.0,4,0
1498YKGREEN-7XL,18.0,4.0,2.0,0.0,0.0,2.0,20.0,0,0
1498YKGREEN-8XL,13.0,5.0,3.0,0.0,0.0,6.0,19.0,3,0
1498YKGREEN-L,30.0,4.0,1.0,0.0,0.0,1.0,31.0,0,0
1498YKGREEN-M,50.0,6.0,1.0,3.0,0.0,4.0,54.0,0,0
1498YKGREEN-S,19.0,3.0,1.0,0.0,0.0,1.0,20.0,0,0
1498YKGREEN-XL,22.0,5.0,4.0,0.0,0.0,4.0,26.0,0,0
1498YKGREEN-XS,16.0,3.0,2.0,0.0,0.0,2.0,18.0,0,0
1498YKGREEN-XXL,32.0,7.0,9.0,0.0,0.0,17.0,49.0,8,0
1499YKGREEN-3XL,9.0,6.0,0.0,0.0,0.0,0.0,9.0,0,0
1499YKGREEN-4XL,23.0,5.0,4.0,0.0,0.0,6.0,29.0,2,0
1499YKGREEN-5XL,24.0,7.0,6.0,0.0,0.0,7.0,31.0,0,1
1499YKGREEN-L,37.0,7.0,5.0,0.0,0.0,6.0,43.0,0,1
1499YKGREEN-M,50.0,7.0,4.0,0.0,0.0,4.0,54.0,0,0
1499YKGREEN-S,39.0,7.0,3.0,0.0,0.0,3.0,42.0,0,0
1499YKGREEN-XL,35.0,8.0,14.0,0.0,0.0,14.0,49.0,0,0
1499YKGREEN-XS,12.0,4.0,1.0,0.0,0.0,1.0,13.0,0,0
1499YKGREEN-XXL,7.0,7.0,9.0,0.0,0.0,15.0,22.0,4,2
149YK148RED-S,1.0,0.0,0.0,0.0,0.0,0.0,1.0,0,0
1500YKMAROON-3XL,7.0,5.0,20.0,0.0,0.0,20.0,27.0,0,0
1500YKMAROON-4XL,7.0,9.0,8.0,0.0,0.0,8.0,15.0,0,0
1500YKMAROON-5XL,32.0,7.0,7.0,0.0,0.0,7.0,39.0,0,0
1500YKMAROON-6XL,4.0,4.0,6.0,0.0,0.0,10.0,14.0,4,0
1500YKMAROON-7XL,9.0,4.0,4.0,0.0,0.0,8.0,17.0,4,0
1500YKMAROON-8XL,4.0,4.0,0.0,3.0,0.0,3.0,7.0,0,0
1500YKMAROON-L,14.0,7.0,3.0,2.0,0.0,9.0,23.0,4,0
1500YKMAROON-M,4.0,2.0,12.0,2.0,0.0,22.0,26.0,8,0
1500YKMAROON-S,12.0,4.0,9.0,2.0,0.0,13.0,25.0,2,0
1500YKMAROON-XL,6.0,4.0,9.0,1.0,0.0,18.0,24.0,8,0
1500YKMAROON-XS,15.0,3.0,5.0,2.0,0.0,7.0,22.0,0,0
1500YKMAROON-XXL,0.0,0.0,3.0,0.0,0.0,6.0,6.0,3,0
1504YKBLUE-L,3.0,3.0,0.0,0.0,0.0,0.0,3.0,0,0
1504YKBLUE-M,26.0,9.0,1.0,0.0,0.0,1.0,27.0,0,0
1504YKBLUE-S,22.0,9.0,1.0,0.0,0.0,1.0,23.0,0,0
1504YKBLUE-XL,2.0,2.0,0.0,0.0,0.0,0.0,2.0,0,0
1504YKBLUE-XXL,1.0,1.0,0.0,0.0,0.0,0.0,1.0,0,0
1505YKORANGE-L,24.0,7.0,5.0,0.0,0.0,5.0,29.0,0,0
1505YKORANGE-M,17.0,9.0,0.0,0.0,0.0,0.0,17.0,0,0
1505YKORANGE-S,3.0,3.0,0.0,0.0,0.0,0.0,3.0,0,0
1505YKORANGE-XL,8.0,6.0,3.0,0.0,0.0,3.0,11.0,0,0
1506YKINDIGO-4XL,1.0,1.0,2.0,0.0,0.0,4.0,5.0,2,0
1506YKINDIGO-M,2.0,2.0,0.0,0.0,0.0,0.0,2.0,0,0
1506YKINDIGO-S,3.0,3.0,1.0,0.0,0.0,1.0,4.0,0,0
1506YKINDIGO-XS,2.0,2.0,0.0,0.0,0.0,0.0,2.0,0,0
1506YKINDIGO-XXL,1.0,1.0,0.0,0.0,0.0,0.0,1.0,0,0
1507YKPINK-3XL,121.0,8.0,34.0,1.0,0.0,37.0,158.0,0,2
1507YKPINK-4XL,110.0,7.0,31.0,0.0,0.0,33.0,143.0,0,2
1507YKPINK-5XL,148.0,7.0,32.0,1.0,0.0,36.0,184.0,0,3
1507YKPINK-6XL,19.0,4.0,29.0,2.0,0.0,31.0,50.0,0,0
1507YKPINK-7XL,58.0,3.0,21.0,6.0,0.0,29.0,87.0,0,2
1507YKPINK-8XL,55.0,8.0,17.0,4.0,0.0,21.0,76.0,0,0
1507YKPINK-L,54.0,3.0,7.0,0.0,0.0,8.0,62.0,0,1
1507YKPINK-M,3.0,3.0,6.0,0.0,0.0,6.0,9.0,0,0
1507YKPINK-S,10.0,4.0,3.0,1.0,0.0,4.0,14.0,0,0
1507YKPINK-XL,32.0,4.0,15.0,2.0,0.0,17.0,49.0,0,0
1507YKPINK-XS,3.0,2.0,1.0,0.0,0.0,1.0,4.0,0,0
1507YKPINK-XXL,103.0,6.0,18.0,1.0,0.0,19.0,122.0,0,0
1508YKBLACK-3XL,2.0,1.0,0.0,0.0,0.0,0.0,2.0,0,0
1508YKBLACK-4XL,2.0,2.0,0.0,0.0,0.0,0.0,2.0,0,0
1508YKBLACK-5XL,2.0,1.0,0.0,0.0,0.0,0.0,2.0,0,0
1508YKBLACK-6XL,2.0,1.0,1.0,0.0,0.0,3.0,5.0,2,0
1508YKBLACK-7XL,4.0,3.0,0.0,0.0,0.0,0.0,4.0,0,0
1508YKBLACK-8XL,1.0,1.0,1.0,0.0,0.0,3.0,4.0,2,0
1508YKBLACK-L,1.0,0.0,2.0,0.0,0.0,4.0,5.0,2,0
1508YKBLACK-M,3.0,3.0,0.0,0.0,0.0,0.0,3.0,0,0
1508YKBLACK-S,9.0,6.0,4.0,0.0,0.0,4.0,13.0,0,0
1508YKBLACK-XL,1.0,0.0,0.0,0.0,0.0,2.0,3.0,2,0
1508YKBLACK-XXL,4.0,3.0,0.0,0.0,0.0,0.0,4.0,0,0
1509YKPINK-3XL,0.0,0.0,1.0,0.0,0.0,3.0,3.0,2,0
1509YKPINK-4XL,1.0,0.0,2.0,0.0,0.0,4.0,5.0,2,0
1509YKPINK-5XL,47.0,33.0,0.0,0.0,0.0,0.0,47.0,0,0
1509YKPINK-6XL,9.0,0.0,0.0,0.0,0.0,0.0,9.0,0,0
1509YKPINK-L,1.0,1.0,0.0,0.0,0.0,0.0,1.0,0,0
1509YKPINK-M,8.0,3.0,4.0,0.0,0.0,7.0,15.0,3,0
1509YKPINK-S,13.0,5.0,3.0,0.0,0.0,3.0,16.0,0,0
1509YKPINK-XL,3.0,2.0,0.0,0.0,0.0,0.0,3.0,0,0
1509YKPINK-XXL,4.0,3.0,1.0,0.0,0.0,1.0,5.0,0,0
150YK262BLUE-M,2.0,0.0,0.0,0.0,0.0,0.0,2.0,0,0
150YK262BLUE-S,7.0,3.0,0.0,0.0,0.0,0.0,7.0,0,0
150YK262BLUE-XXL,2.0,0.0,0.0,0.0,0.0,0.0,2.0,0,0
1510YKGREEN-XL,1.0,0.0,0.0,0.0,0.0,0.0,1.0,0,0
1511YKBLACK-M,3.0,3.0,1.0,0.0,0.0,1.0,4.0,0,0
1511YKBLACK-S,12.0,6.0,0.0,0.0,0.0,0.0,12.0,0,0
1511YKBLACK-XL,1.0,0.0,0.0,0.0,0.0,0.0,1.0,0,0
1512YKBLACK-L,3.0,2.0,2.0,0.0,0.0,2.0,5.0,0,0
1512YKBLACK-M,13.0,4.0,4.0,0.0,0.0,6.0,19.0,2,0
1512YKBLACK-S,14.0,3.0,4.0,0.0,0.0,4.0,18.0,0,0
1512YKBLACK-XL,0.0,0.0,1.0,0.0,0.0,1.0,1.0,0,0
1513YKTEAL-3XL,2.0,1.0,0.0,0.0,0.0,3.0,5.0,3,0
1513YKTEAL-4XL,1.0,1.0,0.0,0.0,0.0,0.0,1.0,0,0
1513YKTEAL-5XL,3.0,3.0,1.0,0.0,0.0,1.0,4.0,0,0
1513YKTEAL-6XL,3.0,4.0,0.0,0.0,0.0,0.0,3.0,0,0
1513YKTEAL-7XL,9.0,4.0,0.0,0.0,0.0,0.0,9.0,0,0
1513YKTEAL-8XL,5.0,4.0,0.0,0.0,0.0,0.0,5.0,0,0
1513YKTEAL-L,1.0,1.0,2.0,0.0,0.0,4.0,5.0,2,0
1513YKTEAL-M,6.0,3.0,1.0,0.0,0.0,1.0,7.0,0,0
1513YKTEAL-S,5.0,3.0,1.0,0.0,0.0,1.0,6.0,0,0
1513YKTEAL-XL,6.0,3.0,4.0,0.0,0.0,8.0,14.0,4,0
1513YKTEAL-XXL,5.0,3.0,0.0,0.0,0.0,0.0,5.0,0,0
1514YKBLUE-L,2.0,1.0,1.0,0.0,0.0,3.0,5.0,2,0
1514YKBLUE-M,1.0,1.0,2.0,0.0,0.0,4.0,5.0,2,0
1514YKBLUE-S,1.0,0.0,0.0,0.0,0.0,0.0,1.0,0,0
1514YKBLUE-XL,4.0,4.0,0.0,0.0,0.0,0.0,4.0,0,0
1515YKBLACK-3XL,26.0,4.0,0.0,0.0,0.0,0.0,26.0,0,0
1515YKBLACK-4XL,41.0,3.0,0.0,0.0,0.0,5.0,46.0,5,0
1515YKBLACK-5XL,31.0,3.0,1.0,0.0,0.0,1.0,32.0,0,0
1515YKBLACK-6XL,25.0,3.0,3.0,0.0,0.0,5.0,30.0,2,0
1515YKBLACK-7XL,30.0,5.0,5.0,0.0,0.0,5.0,35.0,0,0
1515YKBLACK-8XL,27.0,4.0,1.0,0.0,0.0,1.0,28.0,0,0
1515YKBLACK-L,23.0,6.0,6.0,0.0,0.0,6.0,29.0,0,0
1515YKBLACK-M,36.0,5.0,5.0,0.0,0.0,5.0,41.0,0,0
1515YKBLACK-S,20.0,5.0,1.0,0.0,0.0,1.0,21.0,0,0
1515YKBLACK-XL,44.0,7.0,5.0,0.0,0.0,5.0,49.0,0,0
1515YKBLACK-XS,14.0,3.0,1.0,0.0,0.0,1.0,15.0,0,0
1515YKBLACK-XXL,33.0,5.0,5.0,0.0,0.0,5.0,38.0,0,0
1516YKRED-3XL,65.0,5.0,9.0,3.0,0.0,12.0,77.0,0,0
1516YKRED-4XL,15.0,5.0,7.0,3.0,0.0,15.0,30.0,0,5
1516YKRED-5XL,4.0,3.0,20.0,0.0,0.0,32.0,36.0,4,8
1516YKRED-6XL,7.0,2.0,0.0,0.0,0.0,4.0,11.0,0,4
1516YKRED-7XL,7.0,3.0,0.0,2.0,0.0,6.0,13.0,0,4
1516YKRED-8XL,3.0,2.0,0.0,0.0,0.0,0.0,3.0,0,0
1516YKRED-L,59.0,5.0,7.0,2.0,0.0,9.0,68.0,0,0
1516YKRED-M,40.0,8.0,8.0,3.0,0.0,11.0,51.0,0,0
1516YKRED-S,34.0,4.0,4.0,2.0,0.0,6.0,40.0,0,0
1516YKRED-XL,83.0,9.0,11.0,2.0,0.0,24.0,107.0,0,11
1516YKRED-XS,6.0,3.0,2.0,0.0,0.0,2.0,8.0,0,0
1516YKRED-XXL,110.0,8.0,10.0,2.0,0.0,40.0,150.0,0,28
1517YKBLACK-3XL,1.0,1.0,0.0,0.0,0.0,0.0,1.0,0,0
1517YKBLACK-4XL,2.0,1.0,0.0,0.0,0.0,0.0,2.0,0,0
1517YKBLACK-L,26.0,4.0,4.0,0.0,0.0,4.0,30.0,0,0
1517YKBLACK-M,32.0,5.0,4.0,0.0,0.0,6.0,38.0,2,0
1517YKBLACK-S,37.0,4.0,4.0,0.0,0.0,4.0,41.0,0,0
1517YKBLACK-XL,21.0,5.0,3.0,0.0,0.0,3.0,24.0,0,0
1517YKBLACK-XXL,24.0,7.0,0.0,0.0,0.0,0.0,24.0,0,0
1519YKBLACK-5XL,1.0,0.0,0.0,0.0,0.0,0.0,1.0,0,0
1519YKBLACK-L,1.0,0.0,6.0,0.0,0.0,8.0,9.0,2,0
1519YKBLACK-M,5.0,4.0,4.0,0.0,0.0,6.0,11.0,2,0
1519YKBLACK-S,10.0,3.0,10.0,0.0,0.0,18.0,28.0,8,0
1519YKBLACK-XL,3.0,2.0,0.0,0.0,0.0,2.0,5.0,2,0
1519YKBLACK-XS,9.0,3.0,0.0,0.0,0.0,0.0,9.0,0,0
1519YKBLACK-XXL,6.0,4.0,0.0,0.0,0.0,0.0,6.0,0,0
1520YKSKYBLUE-3XL,19.0,4.0,13.0,3.0,0.0,16.0,35.0,0,0
1520YKSKYBLUE-4XL,16.0,6.0,17.0,1.0,0.0,18.0,34.0,0,0
1520YKSKYBLUE-5XL,4.0,3.0,8.0,0.0,0.0,11.0,15.0,3,0
1520YKSKYBLUE-6XL,3.0,1.0,4.0,0.0,0.0,14.0,17.0,10,0
1520YKSKYBLUE-7XL,12.0,6.0,7.0,0.0,0.0,7.0,19.0,0,0
1520YKSKYBLUE-8XL,3.0,2.0,3.0,0.0,2.0,9.0,12.0,4,0
1520YKSKYBLUE-L,20.0,4.0,9.0,1.0,0.0,10.0,30.0,0,0
1520YKSKYBLUE-M,2.0,0.0,0.0,0.0,0.0,0.0,2.0,0,0
1520YKSKYBLUE-XL,1.0,1.0,0.0,4.0,0.0,4.0,5.0,0,0
1520YKSKYBLUE-XXL,17.0,4.0,8.0,1.0,0.0,9.0,26.0,0,0
1522YKMUSTARD-3XL,4.0,7.0,4.0,0.0,0.0,4.0,8.0,0,0
1522YKMUSTARD-4XL,18.0,6.0,4.0,0.0,0.0,6.0,24.0,2,0
1522YKMUSTARD-5XL,4.0,5.0,6.0,0.0,0.0,6.0,10.0,0,0
1522YKMUSTARD-6XL,2.0,2.0,0.0,0.0,0.0,0.0,2.0,0,0
1522YKMUSTARD-7XL,24.0,5.0,1.0,0.0,0.0,1.0,25.0,0,0
1522YKMUSTARD-L,6.0,3.0,1.0,0.0,0.0,1.0,7.0,0,0
1522YKMUSTARD-M,18.0,4.0,0.0,0.0,0.0,0.0,18.0,0,0
1522YKMUSTARD-S,18.0,4.0,2.0,0.0,0.0,2.0,20.0,0,0
1522YKMUSTARD-XL,7.0,3.0,1.0,0.0,0.0,1.0,8.0,0,0
1522YKMUSTARD-XXL,4.0,3.0,0.0,0.0,0.0,0.0,4.0,0,0
1523YKGREEN-4XL,1.0,0.0,0.0,0.0,0.0,0.0,1.0,0,0
1523YKGREEN-5XL,4.0,2.0,0.0,0.0,0.0,0.0,4.0,0,0
1523YKGREEN-L,3.0,3.0,0.0,0.0,0.0,0.0,3.0,0,0
1523YKGREEN-M,9.0,4.0,2.0,0.0,0.0,2.0,11.0,0,0
1523YKGREEN-S,3.0,3.0,1.0,0.0,0.0,1.0,4.0,0,0
1523YKGREEN-XL,2.0,1.0,0.0,0.0,0.0,0.0,2.0,0,0
1523YKGREEN-XXL,4.0,2.0,0.0,0.0,0.0,0.0,4.0,0,0
1524YKMAROON-3XL,0.0,0.0,0.0,0.0,0.0,3.0,3.0,3,0
1524YKMAROON-4XL,1.0,1.0,0.0,0.0,0.0,0.0,1.0,0,0
1524YKMAROON-5XL,1.0,1.0,0.0,0.0,0.0,0.0,1.0,0,0
1524YKMAROON-8XL,1.0,0.0,0.0,0.0,0.0,0.0,1.0,0,0
1524YKMAROON-M,4.0,2.0,2.0,0.0,0.0,4.0,8.0,2,0
1524YKMAROON-S,8.0,4.0,3.0,0.0,0.0,3.0,11.0,0,0
1524YKMAROON-XL,1.0,1.0,0.0,0.0,0.0,0.0,1.0,0,0
1524YKMAROON-XS,1.0,1.0,0.0,0.0,0.0,0.0,1.0,0,0
1524YKMAROON-XXL,4.0,3.0,5.0,2.0,0.0,9.0,13.0,2,0
1525YKGREEN-5XL,1.0,0.0,0.0,0.0,0.0,0.0,1.0,0,0
1525YKGREEN-L,15.0,7.0,3.0,0.0,0.0,3.0,18.0,0,0
1525YKGREEN-XL,3.0,1.0,1.0,0.0,0.0,1.0,4.0,0,0
1525YKGREEN-XXL,2.0,0.0,0.0,0.0,0.0,0.0,2.0,0,0
1527YKBLUE-L,30.0,7.0,1.0,0.0,0.0,1.0,31.0,0,0
1527YKBLUE-M,16.0,8.0,1.0,0.0,0.0,1.0,17.0,0,0
1527YKBLUE-S,7.0,5.0,0.0,0.0,0.0,0.0,7.0,0,0
1527YKBLUE-XL,12.0,7.0,0.0,0.0,0.0,0.0,12.0,0,0
1527YKBLUE-XXL,4.0,3.0,0.0,0.0,0.0,0.0,4.0,0,0
1528YKMULTI-3XL,8.0,3.0,2.0,0.0,0.0,2.0,10.0,0,0
1528YKMULTI-4XL,2.0,2.0,1.0,0.0,0.0,1.0,3.0,0,0
1528YKMULTI-5XL,5.0,3.0,2.0,0.0,0.0,2.0,7.0,0,0
1528YKMULTI-6XL,5.0,3.0,4.0,0.0,0.0,4.0,9.0,0,0
1528YKMULTI-7XL,4.0,2.0,4.0,0.0,0.0,6.0,10.0,2,0
1528YKMULTI-8XL,4.0,2.0,4.0,0.0,0.0,4.0,8.0,0,0
1528YKMULTI-L,18.0,3.0,7.0,0.0,0.0,9.0,27.0,2,0
1528YKMULTI-M,7.0,3.0,0.0,0.0,0.0,0.0,7.0,0,0
1528YKMULTI-S,8.0,3.0,1.0,0.0,0.0,1.0,9.0,0,0
1528YKMULTI-XL,9.0,4.0,4.0,0.0,0.0,4.0,13.0,0,0
1528YKMULTI-XXL,18.0,6.0,5.0,0.0,0.0,5.0,23.0,0,0
1529DPT11WINE-XL,0.0,0.0,0.0,5.0,0.0,5.0,5.0,0,0
1529DPT11WINE-XXL,0.0,0.0,0.0,5.0,0.0,5.0,5.0,0,0
1529KDWINE-11-12,31.0,11.0,13.0,0.0,0.0,15.0,46.0,2,0
1529KDWINE-13-14,65.0,17.0,1.0,0.0,0.0,1.0,66.0,0,0
1529KDWINE-7-8,59.0,4.0,10.0,0.0,0.0,10.0,69.0,0,0
1529KDWINE-9-10,127.0,7.0,30.0,0.0,0.0,31.0,158.0,0,1
1529YKWINE-3XL,157.0,6.0,49.0,1.0,0.0,66.0,223.0,16,0
1529YKWINE-4XL,112.0,5.0,39.0,0.0,0.0,51.0,163.0,12,0
1529YKWINE-5XL,139.0,7.0,42.0,2.0,0.0,54.0,193.0,10,0
1529YKWINE-6XL,28.0,8.0,23.0,2.0,0.0,37.0,65.0,12,0
1529YKWINE-7XL,60.0,4.0,23.0,3.0,0.0,26.0,86.0,0,0
1529YKWINE-8XL,35.0,9.0,15.0,3.0,0.0,25.0,60.0,6,1
1529YKWINE-L,107.0,11.0,35.0,1.0,0.0,56.0,163.0,20,0
1529YKWINE-M,93.0,6.0,15.0,1.0,0.0,16.0,109.0,0,0
1529YKWINE-S,50.0,4.0,10.0,3.0,0.0,13.0,63.0,0,0
1529YKWINE-XL,120.0,7.0,47.0,3.0,0.0,60.0,180.0,10,0
1529YKWINE-XS,21.0,4.0,7.0,0.0,0.0,15.0,36.0,8,0
1529YKWINE-XXL,111.0,5.0,28.0,4.0,0.0,32.0,143.0,0,0
1530YKWINE-3XL,107.0,2.0,4.0,0.0,0.0,4.0,111.0,0,0
1530YKWINE-4XL,82.0,6.0,0.0,0.0,0.0,0.0,82.0,0,0
1530YKWINE-5XL,56.0,7.0,0.0,0.0,0.0,0.0,56.0,0,0
1530YKWINE-L,106.0,6.0,14.0,0.0,3.0,17.0,123.0,0,0
1530YKWINE-M,119.0,11.0,4.0,0.0,7.0,11.0,130.0,0,0
1530YKWINE-S,43.0,6.0,6.0,0.0,4.0,10.0,53.0,0,0
1530YKWINE-XL,95.0,8.0,11.0,0.0,3.0,14.0,109.0,0,0
1530YKWINE-XS,40.0,3.0,5.0,0.0,0.0,5.0,45.0,0,0
1530YKWINE-XXL,88.0,9.0,7.0,0.0,2.0,9.0,97.0,0,0
1531YKBLUE-L,2.0,2.0,0.0,0.0,0.0,0.0,2.0,0,0
1531YKBLUE-M,4.0,2.0,0.0,0.0,0.0,0.0,4.0,0,0
1531YKBLUE-S,20.0,3.0,2.0,0.0,0.0,2.0,22.0,0,0
1532YKBLUE-3XL,3.0,1.0,16.0,0.0,0.0,20.0,23.0,4,0
1532YKBLUE-4XL,15.0,9.0,30.0,10.0,0.0,49.0,64.0,9,0
1532YKBLUE-5XL,5.0,4.0,15.0,5.0,0.0,25.0,30.0,5,0
1532YKBLUE-6XL,27.0,6.0,12.0,5.0,0.0,19.0,46.0,2,0
1532YKBLUE-7XL,24.0,5.0,8.0,3.0,0.0,13.0,37.0,2,0
1532YKBLUE-8XL,50.0,4.0,4.0,6.0,1.0,14.0,64.0,3,0
1532YKBLUE-L,40.0,9.0,44.0,7.0,0.0,62.0,102.0,11,0
1532YKBLUE-M,20.0,7.0,27.0,7.0,0.0,37.0,57.0,3,0
1532YKBLUE-S,14.0,6.0,4.0,3.0,1.0,9.0,23.0,1,0
1532YKBLUE-XL,46.0,12.0,53.0,11.0,0.0,69.0,115.0,5,0
1532YKBLUE-XS,6.0,5.0,8.0,3.0,0.0,20.0,26.0,9,0
1532YKBLUE-XXL,20.0,9.0,42.0,0.0,0.0,45.0,65.0,3,0
1533YKBLUE-3XL,1.0,0.0,0.0,0.0,0.0,0.0,1.0,0,0
1533YKBLUE-L,1.0,2.0,1.0,0.0,0.0,5.0,6.0,4,0
1533YKBLUE-M,0.0,3.0,1.0,0.0,0.0,3.0,3.0,2,0
1533YKBLUE-S,3.0,2.0,0.0,0.0,0.0,0.0,3.0,0,0
1533YKBLUE-XL,1.0,2.0,2.0,0.0,0.0,6.0,7.0,4,0
1533YKBLUE-XS,14.0,7.0,4.0,0.0,0.0,4.0,18.0,0,0
1533YKBLUE-XXL,3.0,3.0,1.0,0.0,0.0,1.0,4.0,0,0
1535YKMULTI-3XL,2.0,1.0,0.0,0.0,0.0,0.0,2.0,0,0
1535YKMULTI-L,2.0,1.0,0.0,0.0,0.0,0.0,2.0,0,0
1535YKMULTI-M,7.0,7.0,0.0,0.0,0.0,0.0,7.0,0,0
1535YKMULTI-S,26.0,8.0,3.0,0.0,0.0,3.0,29.0,0,0
1535YKMULTI-XL,8.0,5.0,5.0,0.0,0.0,5.0,13.0,0,0
1535YKMULTI-XXL,1.0,0.0,2.0,0.0,0.0,8.0,9.0,6,0
1536YKBLACK-3XL,0.0,0.0,6.0,0.0,0.0,12.0,12.0,6,0
1536YKBLACK-4XL,2.0,2.0,0.0,0.0,0.0,0.0,2.0,0,0
1536YKBLACK-5XL,9.0,3.0,3.0,0.0,0.0,3.0,12.0,0,0
1536YKBLACK-6XL,5.0,4.0,4.0,0.0,0.0,6.0,11.0,2,0
1536YKBLACK-7XL,4.0,3.0,0.0,0.0,0.0,0.0,4.0,0,0
1536YKBLACK-8XL,3.0,1.0,0.0,0.0,0.0,0.0,3.0,0,0
1536YKBLACK-L,0.0,0.0,1.0,0.0,0.0,1.0,1.0,0,0
1536YKBLACK-M,8.0,3.0,2.0,1.0,0.0,3.0,11.0,0,0
1536YKBLACK-S,7.0,3.0,2.0,5.0,0.0,7.0,14.0,0,0
1536YKBLACK-XL,0.0,0.0,1.0,0.0,0.0,1.0,1.0,0,0
1536YKBLACK-XXL,0.0,0.0,6.0,0.0,0.0,6.0,6.0,0,0
1537YKRED-3XL,4.0,3.0,3.0,0.0,0.0,7.0,11.0,4,0
1537YKRED-4XL,1.0,1.0,4.0,0.0,0.0,4.0,5.0,0,0
1537YKRED-5XL,0.0,0.0,8.0,0.0,0.0,12.0,12.0,4,0
1537YKRED-6XL,1.0,1.0,0.0,0.0,0.0,0.0,1.0,0,0
1537YKRED-7XL,2.0,1.0,4.0,0.0,0.0,8.0,10.0,4,0
1537YKRED-8XL,1.0,1.0,4.0,0.0,0.0,10.0,11.0,6,0
1537YKRED-L,9.0,3.0,0.0,0.0,0.0,0.0,9.0,0,0
1537YKRED-M,29.0,4.0,3.0,0.0,0.0,3.0,32.0,0,0
1537YKRED-S,19.0,3.0,3.0,0.0,0.0,3.0,22.0,0,0
1537YKRED-XL,36.0,5.0,2.0,0.0,0.0,2.0,38.0,0,0
1537YKRED-XXL,14.0,6.0,8.0,0.0,0.0,8.0,22.0,0,0
1538YKGREY-L,3.0,2.0,0.0,0.0,0.0,0.0,3.0,0,0
1538YKGREY-XL,2.0,1.0,0.0,0.0,0.0,0.0,2.0,0,0
1539YKBLACK-L,5.0,1.0,0.0,0.0,0.0,0.0,5.0,0,0
1539YKBLACK-M,7.0,3.0,0.0,0.0,0.0,0.0,7.0,0,0
1539YKBLACK-S,5.0,1.0,1.0,0.0,0.0,1.0,6.0,0,0
1539YKBLACK-XL,4.0,1.0,0.0,0.0,0.0,0.0,4.0,0,0
1539YKBLACK-XXL,2.0,1.0,0.0,0.0,0.0,0.0,2.0,0,0
153YK267TURQ-S,1.0,0.0,0.0,0.0,0.0,0.0,1.0,0,0
1540YKGREEN-3XL,87.0,7.0,12.0,3.0,0.0,15.0,102.0,0,0
1540YKGREEN-4XL,78.0,9.0,10.0,5.0,0.0,15.0,93.0,0,0
1540YKGREEN-5XL,117.0,9.0,10.0,0.0,0.0,10.0,127.0,0,0
1540YKGREEN-6XL,84.0,4.0,4.0,0.0,0.0,4.0,88.0,0,0
1540YKGREEN-7XL,41.0,3.0,4.0,0.0,0.0,4.0,45.0,0,0
1540YKGREEN-8XL,36.0,3.0,9.0,0.0,0.0,9.0,45.0,0,0
1540YKGREEN-L,28.0,5.0,3.0,3.0,0.0,6.0,34.0,0,0
1540YKGREEN-M,51.0,6.0,3.0,1.0,0.0,4.0,55.0,0,0
1540YKGREEN-S,29.0,4.0,8.0,1.0,0.0,9.0,38.0,0,0
1540YKGREEN-XL,39.0,7.0,6.0,0.0,0.0,6.0,45.0,0,0
1540YKGREEN-XS,9.0,3.0,1.0,0.0,0.0,1.0,10.0,0,0
1540YKGREEN-XXL,54.0,6.0,6.0,3.0,0.0,9.0,63.0,0,0
1541YKBLUE-3XL,8.0,2.0,2.0,0.0,0.0,4.0,12.0,2,0
1541YKBLUE-5XL,2.0,1.0,0.0,0.0,0.0,0.0,2.0,0,0
1541YKBLUE-L,11.0,3.0,3.0,0.0,0.0,3.0,14.0,0,0
1541YKBLUE-M,5.0,2.0,0.0,0.0,0.0,0.0,5.0,0,0
1541YKBLUE-S,3.0,1.0,0.0,0.0,0.0,0.0,3.0,0,0
1541YKBLUE-XL,32.0,5.0,1.0,0.0,0.0,3.0,35.0,2,0
1541YKBLUE-XXL,4.0,3.0,1.0,0.0,0.0,1.0,5.0,0,0
1542YKBLUE-L,15.0,4.0,0.0,0.0,0.0,0.0,15.0,0,0
1542YKBLUE-M,17.0,4.0,1.0,0.0,0.0,1.0,18.0,0,0
1542YKBLUE-S,21.0,5.0,2.0,0.0,0.0,2.0,23.0,0,0
1542YKBLUE-XL,23.0,6.0,1.0,0.0,0.0,1.0,24.0,0,0
1543YKBLUE-3XL,6.0,4.0,3.0,0.0,0.0,3.0,9.0,0,0
1543YKBLUE-4XL,6.0,5.0,4.0,0.0,0.0,4.0,10.0,0,0
1543YKBLUE-5XL,1.0,1.0,1.0,0.0,0.0,3.0,4.0,2,0
1543YKBLUE-L,2.0,2.0,4.0,0.0,0.0,8.0,10.0,4,0
1543YKBLUE-M,14.0,8.0,7.0,0.0,0.0,7.0,21.0,0,0
1543YKBLUE-S,3.0,3.0,1.0,1.0,0.0,2.0,5.0,0,0
1543YKBLUE-XL,1.0,1.0,1.0,0.0,0.0,3.0,4.0,2,0
1543YKBLUE-XS,10.0,5.0,0.0,0.0,0.0,0.0,10.0,0,0
1543YKBLUE-XXL,1.0,1.0,0.0,0.0,0.0,0.0,1.0,0,0
1545YKBLACK-3XL,0.0,0.0,2.0,0.0,0.0,4.0,4.0,2,0
1545YKBLACK-5XL,1.0,1.0,0.0,0.0,0.0,0.0,1.0,0,0
1545YKBLACK-6XL,3.0,3.0,2.0,0.0,0.0,2.0,5.0,0,0
1545YKBLACK-7XL,4.0,2.0,2.0,0.0,0.0,4.0,8.0,2,0
1545YKBLACK-8XL,7.0,3.0,4.0,0.0,0.0,4.0,11.0,0,0
1545YKBLACK-L,44.0,6.0,1.0,0.0,0.0,1.0,45.0,0,0
1545YKBLACK-M,58.0,9.0,1.0,0.0,0.0,1.0,59.0,0,0
1545YKBLACK-S,37.0,6.0,1.0,0.0,0.0,1.0,38.0,0,0
1545YKBLACK-XL,21.0,7.0,2.0,0.0,0.0,2.0,23.0,0,0
1545YKBLACK-XXL,9.0,4.0,0.0,0.0,0.0,0.0,9.0,0,0
1547YKBLACK-L,3.0,3.0,4.0,1.0,0.0,5.0,8.0,0,0
1547YKBLACK-M,5.0,3.0,4.0,0.0,0.0,4.0,9.0,0,0
1547YKBLACK-S,6.0,6.0,2.0,0.0,0.0,2.0,8.0,0,0
1547YKBLACK-XL,3.0,1.0,0.0,0.0,0.0,0.0,3.0,0,0
1548YKPINK-3XL,4.0,5.0,2.0,1.0,0.0,3.0,7.0,0,0
1548YKPINK-4XL,6.0,3.0,3.0,2.0,5.0,10.0,16.0,0,0
1548YKPINK-5XL,8.0,5.0,8.0,1.0,0.0,9.0,17.0,0,0
1548YKPINK-6XL,0.0,0.0,2.0,0.0,0.0,4.0,4.0,2,0
1548YKPINK-8XL,0.0,0.0,0.0,1.0,0.0,1.0,1.0,0,0
1548YKPINK-L,24.0,5.0,3.0,5.0,0.0,8.0,32.0,0,0
1548YKPINK-M,3.0,2.0,2.0,3.0,0.0,5.0,8.0,0,0
1548YKPINK-S,11.0,3.0,3.0,0.0,0.0,5.0,16.0,2,0
1548YKPINK-XL,2.0,2.0,2.0,3.0,0.0,8.0,10.0,3,0
1548YKPINK-XS,12.0,4.0,2.0,0.0,0.0,2.0,14.0,0,0
1548YKPINK-XXL,2.0,2.0,1.0,2.0,0.0,3.0,5.0,0,0
1549YKWINE-L,5.0,2.0,5.0,0.0,0.0,5.0,10.0,0,0
1549YKWINE-M,4.0,3.0,1.0,0.0,0.0,1.0,5.0,0,0
1549YKWINE-S,17.0,3.0,1.0,0.0,0.0,1.0,18.0,0,0
1549YKWINE-XL,3.0,3.0,1.0,0.0,0.0,1.0,4.0,0,0
1549YKWINE-XXL,9.0,4.0,2.0,0.0,0.0,2.0,11.0,0,0
1550YKGREEN-3XL,17.0,8.0,4.0,1.0,0.0,7.0,24.0,2,0
1550YKGREEN-4XL,24.0,3.0,3.0,1.0,0.0,4.0,28.0,0,0
1550YKGREEN-5XL,3.0,3.0,8.0,3.0,0.0,18.0,21.0,7,0
1550YKGREEN-6XL,22.0,4.0,9.0,0.0,0.0,9.0,31.0,0,0
1550YKGREEN-7XL,12.0,4.0,7.0,0.0,0.0,7.0,19.0,0,0
1550YKGREEN-8XL,10.0,4.0,2.0,0.0,0.0,2.0,12.0,0,0
1550YKGREEN-L,30.0,4.0,1.0,0.0,0.0,1.0,31.0,0,0
1550YKGREEN-M,23.0,7.0,2.0,0.0,0.0,2.0,25.0,0,0
1550YKGREEN-S,30.0,5.0,6.0,0.0,0.0,6.0,36.0,0,0
1550YKGREEN-XL,4.0,2.0,0.0,0.0,0.0,0.0,4.0,0,0
1550YKGREEN-XXL,25.0,4.0,6.0,1.0,0.0,7.0,32.0,0,0
1551YKGREEN-L,2.0,2.0,0.0,0.0,0.0,0.0,2.0,0,0
1551YKGREEN-M,11.0,5.0,3.0,0.0,0.0,3.0,14.0,0,0
1551YKGREEN-S,6.0,6.0,0.0,0.0,0.0,0.0,6.0,0,0
1551YKGREEN-XL,4.0,4.0,1.0,0.0,0.0,1.0,5.0,0,0
1551YKGREEN-XXL,1.0,2.0,0.0,0.0,0.0,0.0,1.0,0,0
1552YKRED-3XL,4.0,2.0,0.0,0.0,0.0,2.0,6.0,2,0
1552YKRED-4XL,2.0,1.0,0.0,0.0,0.0,0.0,2.0,0,0
1552YKRED-6XL,1.0,1.0,0.0,0.0,0.0,2.0,3.0,2,0
1552YKRED-7XL,3.0,2.0,3.0,0.0,0.0,3.0,6.0,0,0
1552YKRED-8XL,4.0,3.0,1.0,2.0,0.0,6.0,10.0,3,0
1552YKRED-L,5.0,3.0,1.0,3.0,0.0,4.0,9.0,0,0
1552YKRED-M,19.0,4.0,3.0,3.0,0.0,6.0,25.0,0,0
1552YKRED-S,10.0,4.0,1.0,3.0,0.0,4.0,14.0,0,0
1552YKRED-XL,6.0,3.0,0.0,0.0,0.0,0.0,6.0,0,0
1552YKRED-XXL,21.0,7.0,15.0,3.0,0.0,18.0,39.0,0,0
1553YKBLUE-L,3.0,1.0,0.0,0.0,0.0,0.0,3.0,0,0
1553YKBLUE-M,12.0,8.0,0.0,0.0,0.0,0.0,12.0,0,0
1553YKBLUE-S,5.0,5.0,0.0,0.0,0.0,0.0,5.0,0,0
1553YKBLUE-XXL,3.0,2.0,0.0,0.0,0.0,0.0,3.0,0,0
1554YKBLUE-L,31.0,8.0,25.0,0.0,0.0,25.0,56.0,0,0
1554YKBLUE-M,62.0,7.0,10.0,0.0,0.0,10.0,72.0,0,0
1554YKBLUE-S,73.0,6.0,8.0,0.0,0.0,8.0,81.0,0,0
1554YKBLUE-XL,20.0,7.0,19.0,0.0,0.0,19.0,39.0,0,0
1555YKGREEN-L,100.0,9.0,9.0,0.0,0.0,9.0,109.0,0,0
1555YKGREEN-M,82.0,9.0,18.0,0.0,0.0,18.0,100.0,0,0
1555YKGREEN-S,37.0,7.0,8.0,0.0,0.0,8.0,45.0,0,0
1555YKGREEN-XL,71.0,9.0,18.0,0.0,0.0,18.0,89.0,0,0
1555YKGREEN-XS,10.0,6.0,4.0,0.0,0.0,4.0,14.0,0,0
1555YKGREEN-XXL,57.0,8.0,8.0,0.0,0.0,8.0,65.0,0,0
1556YKGREEN-3XL,228.0,15.0,67.0,7.0,0.0,83.0,311.0,9,0
1556YKGREEN-4XL,87.0,15.0,14.0,2.0,1.0,19.0,106.0,2,0
1556YKGREEN-5XL,11.0,10.0,40.0,2.0,1.0,48.0,59.0,5,0
1556YKGREEN-6XL,29.0,11.0,20.0,3.0,0.0,23.0,52.0,0,0
1556YKGREEN-7XL,54.0,5.0,20.0,3.0,2.0,26.0,80.0,1,0
1556YKGREEN-8XL,84.0,6.0,11.0,5.0,0.0,18.0,102.0,2,0
1556YKGREEN-L,64.0,22.0,65.0,8.0,1.0,97.0,161.0,23,0
1556YKGREEN-M,206.0,14.0,61.0,12.0,0.0,75.0,281.0,2,0
1556YKGREEN-S,84.0,9.0,59.0,2.0,1.0,73.0,157.0,11,0
1556YKGREEN-XL,149.0,16.0,109.0,8.0,0.0,137.0,286.0,20,0
1556YKGREEN-XS,90.0,7.0,16.0,3.0,1.0,21.0,111.0,1,0
1556YKGREEN-XXL,223.0,15.0,95.0,0.0,0.0,97.0,320.0,2,0
1557YKRED-3XL,104.0,5.0,15.0,1.0,0.0,63.0,167.0,0,47
1557YKRED-4XL,35.0,4.0,8.0,3.0,0.0,63.0,98.0,5,47
1557YKRED-5XL,84.0,3.0,9.0,0.0,0.0,105.0,189.0,0,96
1557YKRED-6XL,34.0,5.0,0.0,0.0,0.0,2.0,36.0,2,0
1557YKRED-7XL,15.0,3.0,1.0,0.0,0.0,1.0,16.0,0,0
1557YKRED-8XL,30.0,3.0,5.0,0.0,0.0,37.0,67.0,0,32
1557YKRED-L,55.0,4.0,5.0,0.0,0.0,45.0,100.0,0,40
1557YKRED-M,37.0,4.0,4.0,3.0,0.0,37.0,74.0,0,30
1557YKRED-S,13.0,3.0,3.0,2.0,0.0,7.0,20.0,2,0
1557YKRED-XL,36.0,6.0,17.0,4.0,0.0,26.0,62.0,5,0
1557YKRED-XS,11.0,2.0,0.0,3.0,0.0,4.0,15.0,1,0
1557YKRED-XXL,168.0,3.0,3.0,2.0,0.0,104.0,272.0,5,94
1558YKWINE-L,1.0,1.0,0.0,0.0,0.0,0.0,1.0,0,0
1558YKWINE-M,5.0,3.0,0.0,0.0,0.0,0.0,5.0,0,0
1558YKWINE-S,12.0,3.0,0.0,0.0,0.0,0.0,12.0,0,0
1558YKWINE-XL,2.0,0.0,0.0,0.0,0.0,0.0,2.0,0,0
1561YKWHITE-L,20.0,7.0,3.0,0.0,0.0,3.0,23.0,0,0
1561YKWHITE-M,17.0,6.0,2.0,0.0,0.0,2.0,19.0,0,0
1561YKWHITE-S,21.0,7.0,4.0,0.0,0.0,4.0,25.0,0,0
1561YKWHITE-XL,44.0,5.0,3.0,0.0,0.0,3.0,47.0,0,0
1561YKWHITE-XXL,29.0,7.0,4.0,0.0,0.0,4.0,33.0,0,0
1562YKGREEN-3XL,70.0,4.0,3.0,0.0,0.0,3.0,73.0,0,0
1562YKGREEN-4XL,68.0,6.0,0.0,0.0,0.0,0.0,68.0,0,0
1562YKGREEN-5XL,69.0,7.0,0.0,0.0,0.0,0.0,69.0,0,0
1562YKGREEN-L,61.0,6.0,4.0,0.0,0.0,6.0,67.0,2,0
1562YKGREEN-M,37.0,7.0,4.0,0.0,0.0,4.0,41.0,0,0
1562YKGREEN-S,23.0,3.0,0.0,0.0,0.0,0.0,23.0,0,0
1562YKGREEN-XL,36.0,4.0,10.0,0.0,0.0,10.0,46.0,0,0
1562YKGREEN-XS,19.0,2.0,2.0,0.0,0.0,4.0,23.0,2,0
1562YKGREEN-XXL,47.0,8.0,8.0,0.0,0.0,8.0,55.0,0,0
1563YKWHITE-S,12.0,4.0,3.0,0.0,0.0,3.0,15.0,0,0
1564YKMULTI-3XL,1.0,0.0,0.0,0.0,0.0,0.0,1.0,0,0
1564YKMULTI-XL,1.0,0.0,0.0,0.0,0.0,0.0,1.0,0,0
1565KDBLUE-11-12,43.0,6.0,2.0,0.0,0.0,2.0,45.0,0,0
1565KDBLUE-13-14,35.0,6.0,1.0,0.0,0.0,1.0,36.0,0,0
1565KDBLUE-7-8,35.0,5.0,1.0,0.0,0.0,1.0,36.0,0,0
1565KDBLUE-9-10,31.0,10.0,1.0,0.0,0.0,1.0,32.0,0,0
1565YKBLUE-M,4.0,2.0,0.0,0.0,0.0,0.0,4.0,0,0
1565YKBLUE-S,14.0,5.0,1.0,0.0,0.0,1.0,15.0,0,0
1565YKBLUE-XXL,2.0,2.0,0.0,0.0,0.0,0.0,2.0,0,0
1566YKGREEN-3XL,0.0,0.0,4.0,0.0,0.0,11.0,11.0,7,0
1566YKGREEN-4XL,0.0,0.0,0.0,0.0,0.0,4.0,4.0,4,0
1566YKGREEN-5XL,0.0,0.0,0.0,0.0,0.0,2.0,2.0,2,0
1566YKGREEN-L,4.0,4.0,7.0,0.0,0.0,12.0,16.0,5,0
1566YKGREEN-M,4.0,4.0,12.0,0.0,0.0,12.0,16.0,0,0
1566YKGREEN-S,6.0,3.0,9.0,0.0,0.0,9.0,15.0,0,0
1566YKGREEN-XL,3.0,1.0,0.0,0.0,0.0,0.0,3.0,0,0
1566YKGREEN-XXL,1.0,1.0,0.0,0.0,0.0,2.0,3.0,2,0
1568YKORANGE-L,3.0,2.0,0.0,0.0,0.0,0.0,3.0,0,0
1568YKORANGE-M,3.0,2.0,0.0,0.0,0.0,0.0,3.0,0,0
1568YKORANGE-S,4.0,2.0,0.0,0.0,0.0,0.0,4.0,0,0
1568YKORANGE-XL,1.0,1.0,0.0,0.0,0.0,0.0,1.0,0,0
1569YKBLUE-3XL,0.0,0.0,0.0,0.0,0.0,5.0,5.0,4,1
1569YKBLUE-4XL,5.0,2.0,5.0,0.0,0.0,12.0,17.0,6,1
1569YKBLUE-5XL,13.0,7.0,0.0,0.0,0.0,0.0,13.0,0,0
1569YKBLUE-6XL,3.0,1.0,0.0,0.0,0.0,0.0,3.0,0,0
1569YKBLUE-8XL,3.0,1.0,0.0,1.0,0.0,1.0,4.0,0,0
1569YKBLUE-L,2.0,1.0,8.0,0.0,0.0,8.0,10.0,0,0
1569YKBLUE-M,19.0,4.0,8.0,0.0,0.0,8.0,27.0,0,0
1569YKBLUE-S,7.0,3.0,1.0,0.0,0.0,1.0,8.0,0,0
1569YKBLUE-XL,1.0,1.0,0.0,0.0,0.0,0.0,1.0,0,0
1569YKBLUE-XXL,2.0,0.0,0.0,1.0,0.0,1.0,3.0,0,0
1570YKPEACH-3XL,1.0,0.0,0.0,0.0,0.0,0.0,1.0,0,0
1570YKPEACH-4XL,1.0,1.0,3.0,0.0,0.0,7.0,8.0,4,0
1570YKPEACH-5XL,1.0,1.0,7.0,0.0,0.0,13.0,14.0,6,0
1570YKPEACH-L,0.0,2.0,26.0,0.0,0.0,45.0,45.0,19,0
1570YKPEACH-M,46.0,8.0,13.0,0.0,5.0,18.0,64.0,0,0
1570YKPEACH-S,2.0,1.0,3.0,0.0,0.0,7.0,9.0,4,0
1570YKPEACH-XL,0.0,1.0,1.0,0.0,0.0,3.0,3.0,2,0
1570YKPEACH-XS,24.0,7.0,9.0,0.0,0.0,11.0,35.0,2,0
1570YKPEACH-XXL,2.0,1.0,0.0,0.0,0.0,2.0,4.0,2,0
1572YKBLUE-4XL,2.0,2.0,4.0,0.0,0.0,6.0,8.0,2,0
1572YKBLUE-5XL,0.0,0.0,2.0,0.0,0.0,2.0,2.0,0,0
1572YKBLUE-6XL,2.0,1.0,2.0,0.0,0.0,4.0,6.0,2,0
1572YKBLUE-7XL,6.0,4.0,3.0,0.0,0.0,3.0,9.0,0,0
1572YKBLUE-8XL,2.0,1.0,3.0,0.0,0.0,3.0,5.0,0,0
1572YKBLUE-L,0.0,0.0,0.0,0.0,0.0,4.0,4.0,4,0
1572YKBLUE-M,4.0,4.0,10.0,0.0,0.0,14.0,18.0,4,0
1572YKBLUE-S,0.0,0.0,3.0,0.0,0.0,7.0,7.0,4,0
1572YKBLUE-XL,2.0,0.0,0.0,0.0,0.0,0.0,2.0,0,0
1572YKBLUE-XS,12.0,4.0,6.0,0.0,0.0,6.0,18.0,0,0
1572YKBLUE-XXL,2.0,0.0,0.0,0.0,0.0,0.0,2.0,0,0
1573YKPINK-M,5.0,2.0,0.0,0.0,0.0,0.0,5.0,0,0
1573YKPINK-S,12.0,5.0,1.0,0.0,0.0,1.0,13.0,0,0
1573YKPINK-XXL,1.0,0.0,0.0,0.0,0.0,0.0,1.0,0,0
1574YKGREEN-L,7.0,5.0,1.0,0.0,0.0,1.0,8.0,0,0
1574YKGREEN-M,15.0,7.0,1.0,0.0,0.0,1.0,16.0,0,0
1574YKGREEN-S,30.0,7.0,2.0,0.0,0.0,2.0,32.0,0,0
1574YKGREEN-XL,2.0,1.0,0.0,0.0,0.0,0.0,2.0,0,0
1576YKGREEN-3XL,24.0,2.0,3.0,5.0,0.0,8.0,32.0,0,0
1576YKGREEN-4XL,36.0,2.0,4.0,4.0,0.0,8.0,44.0,0,0
1576YKGREEN-5XL,49.0,2.0,1.0,6.0,0.0,7.0,56.0,0,0
1576YKGREEN-6XL,18.0,3.0,4.0,2.0,0.0,6.0,24.0,0,0
1576YKGREEN-7XL,37.0,3.0,2.0,2.0,0.0,4.0,41.0,0,0
1576YKGREEN-8XL,13.0,3.0,2.0,0.0,0.0,2.0,15.0,0,0
1576YKGREEN-XXL,10.0,1.0,21.0,0.0,0.0,21.0,31.0,0,0
1577YKPINK-3XL,5.0,2.0,0.0,0.0,0.0,0.0,5.0,0,0
1577YKPINK-4XL,17.0,3.0,4.0,1.0,0.0,5.0,22.0,0,0
1577YKPINK-5XL,7.0,5.0,6.0,3.0,0.0,11.0,18.0,2,0
1577YKPINK-6XL,21.0,2.0,4.0,1.0,0.0,5.0,26.0,0,0
1577YKPINK-7XL,13.0,2.0,0.0,1.0,0.0,1.0,14.0,0,0
1577YKPINK-8XL,18.0,4.0,1.0,2.0,0.0,3.0,21.0,0,0
1577YKPINK-L,6.0,3.0,4.0,0.0,0.0,8.0,14.0,4,0
1577YKPINK-M,0.0,0.0,2.0,0.0,0.0,2.0,2.0,0,0
1577YKPINK-XL,1.0,0.0,0.0,0.0,0.0,2.0,3.0,2,0
1577YKPINK-XXL,7.0,4.0,0.0,3.0,0.0,3.0,10.0,0,0
1578YKWINE-L,18.0,7.0,1.0,0.0,0.0,1.0,19.0,0,0
1578YKWINE-M,9.0,6.0,1.0,0.0,0.0,1.0,10.0,0,0
1578YKWINE-S,14.0,5.0,0.0,0.0,0.0,0.0,14.0,0,0
1578YKWINE-XL,8.0,7.0,2.0,0.0,0.0,2.0,10.0,0,0
1578YKWINE-XXL,8.0,6.0,3.0,0.0,0.0,3.0,11.0,0,0
1579YKGREEN-L,3.0,1.0,1.0,0.0,0.0,1.0,4.0,0,0
1579YKGREEN-M,5.0,2.0,0.0,0.0,0.0,0.0,5.0,0,0
1579YKGREEN-S,4.0,2.0,1.0,0.0,0.0,1.0,5.0,0,0
1579YKGREEN-XL,6.0,4.0,0.0,0.0,0.0,0.0,6.0,0,0
1579YKGREEN-XXL,8.0,4.0,2.0,0.0,0.0,2.0,10.0,0,0
1580YKMULTI-L,1.0,0.0,0.0,0.0,0.0,0.0,1.0,0,0
1580YKMULTI-M,6.0,3.0,0.0,0.0,0.0,0.0,6.0,0,0
1580YKMULTI-S,6.0,3.0,0.0,0.0,0.0,0.0,6.0,0,0
1581YKBLUE-L,2.0,0.0,0.0,0.0,0.0,0.0,2.0,0,0
1581YKBLUE-XL,13.0,7.0,0.0,0.0,0.0,0.0,13.0,0,0
1582YKGREEN-L,1.0,0.0,0.0,0.0,0.0,0.0,1.0,0,0
1582YKGREEN-M,1.0,1.0,0.0,0.0,0.0,0.0,1.0,0,0
1582YKGREEN-S,3.0,3.0,0.0,0.0,0.0,0.0,3.0,0,0
1584YKBLUE-L,1.0,0.0,0.0,0.0,0.0,0.0,1.0,0,0
1584YKBLUE-M,3.0,3.0,2.0,0.0,0.0,2.0,5.0,0,0
1584YKBLUE-S,1.0,0.0,0.0,0.0,0.0,0.0,1.0,0,0
1585YKPINK-3XL,10.0,8.0,0.0,0.0,0.0,8.0,18.0,5,3
1585YKPINK-4XL,34.0,8.0,12.0,0.0,0.0,23.0,57.0,10,1
1585YKPINK-5XL,10.0,9.0,6.0,0.0,0.0,8.0,18.0,2,0
1585YKPINK-6XL,8.0,5.0,3.0,0.0,0.0,14.0,22.0,10,1
1585YKPINK-7XL,15.0,3.0,7.0,0.0,0.0,20.0,35.0,8,5
1585YKPINK-8XL,12.0,4.0,4.0,0.0,0.0,11.0,23.0,4,3
1585YKPINK-L,30.0,9.0,14.0,0.0,0.0,27.0,57.0,10,3
1585YKPINK-M,50.0,6.0,21.0,0.0,0.0,23.0,73.0,0,2
1585YKPINK-S,30.0,3.0,4.0,0.0,0.0,7.0,37.0,0,3
1585YKPINK-XL,16.0,9.0,18.0,0.0,0.0,30.0,46.0,10,2
1585YKPINK-XXL,13.0,7.0,10.0,0.0,0.0,14.0,27.0,4,0
1586YKPINK-L,19.0,8.0,2.0,0.0,0.0,2.0,21.0,0,0
1586YKPINK-M,41.0,9.0,2.0,0.0,0.0,2.0,43.0,0,0
1586YKPINK-S,34.0,9.0,2.0,0.0,0.0,2.0,36.0,0,0
1586YKPINK-XL,23.0,8.0,3.0,0.0,0.0,3.0,26.0,0,0
1586YKPINK-XXL,18.0,8.0,6.0,0.0,0.0,8.0,26.0,2,0
1587YKBLACK-L,1.0,1.0,0.0,0.0,0.0,0.0,1.0,0,0
1587YKBLACK-M,4.0,4.0,2.0,0.0,0.0,2.0,6.0,0,0
1587YKBLACK-S,22.0,5.0,2.0,0.0,0.0,2.0,24.0,0,0
1587YKBLACK-XL,1.0,1.0,1.0,0.0,0.0,1.0,2.0,0,0
1587YKBLACK-XXL,2.0,1.0,0.0,0.0,0.0,0.0,2.0,0,0
1588YKBLUE-3XL,18.0,7.0,12.0,3.0,0.0,15.0,33.0,0,0
1588YKBLUE-4XL,8.0,4.0,14.0,0.0,0.0,14.0,22.0,0,0
1588YKBLUE-5XL,103.0,7.0,9.0,5.0,0.0,14.0,117.0,0,0
1588YKBLUE-6XL,31.0,5.0,8.0,1.0,4.0,13.0,44.0,0,0
1588YKBLUE-7XL,49.0,5.0,4.0,2.0,0.0,6.0,55.0,0,0
1588YKBLUE-8XL,51.0,6.0,9.0,3.0,1.0,13.0,64.0,0,0
1588YKBLUE-L,23.0,5.0,8.0,1.0,5.0,14.0,37.0,0,0
1588YKBLUE-M,37.0,7.0,14.0,1.0,0.0,15.0,52.0,0,0
1588YKBLUE-S,17.0,3.0,4.0,1.0,6.0,11.0,28.0,0,0
1588YKBLUE-XL,42.0,8.0,12.0,0.0,0.0,12.0,54.0,0,0
1588YKBLUE-XS,6.0,3.0,1.0,0.0,0.0,1.0,7.0,0,0
1588YKBLUE-XXL,43.0,7.0,24.0,0.0,0.0,24.0,67.0,0,0
1589YKORANGE-3XL,45.0,5.0,12.0,0.0,0.0,12.0,57.0,0,0
1589YKORANGE-4XL,63.0,5.0,8.0,0.0,0.0,8.0,71.0,0,0
1589YKORANGE-5XL,51.0,6.0,13.0,0.0,0.0,13.0,64.0,0,0
1589YKORANGE-L,64.0,5.0,11.0,0.0,0.0,11.0,75.0,0,0
1589YKORANGE-M,46.0,6.0,13.0,0.0,0.0,13.0,59.0,0,0
1589YKORANGE-S,62.0,6.0,11.0,0.0,1.0,12.0,74.0,0,0
1589YKORANGE-XL,76.0,7.0,18.0,0.0,0.0,22.0,98.0,4,0
1589YKORANGE-XS,45.0,4.0,2.0,0.0,0.0,2.0,47.0,0,0
1589YKORANGE-XXL,72.0,6.0,17.0,0.0,0.0,19.0,91.0,2,0
1590YKBLUE-L,21.0,4.0,11.0,0.0,0.0,11.0,32.0,0,0
1590YKBLUE-M,71.0,10.0,9.0,0.0,1.0,12.0,83.0,2,0
1590YKBLUE-S,41.0,6.0,3.0,0.0,0.0,3.0,44.0,0,0
1590YKBLUE-XL,23.0,3.0,12.0,0.0,1.0,13.0,36.0,0,0
1590YKBLUE-XXL,32.0,6.0,10.0,0.0,0.0,10.0,42.0,0,0
1591YKBLUE-3XL,10.0,4.0,4.0,0.0,0.0,4.0,14.0,0,0
1591YKBLUE-4XL,3.0,3.0,0.0,0.0,0.0,0.0,3.0,0,0
1591YKBLUE-5XL,1.0,1.0,0.0,0.0,0.0,0.0,1.0,0,0
1591YKBLUE-6XL,1.0,1.0,0.0,0.0,0.0,0.0,1.0,0,0
1591YKBLUE-7XL,7.0,5.0,2.0,0.0,0.0,2.0,9.0,0,0
1591YKBLUE-8XL,1.0,1.0,0.0,0.0,0.0,0.0,1.0,0,0
1591YKBLUE-L,36.0,5.0,1.0,0.0,0.0,1.0,37.0,0,0
1591YKBLUE-M,57.0,7.0,1.0,0.0,0.0,1.0,58.0,0,0
1591YKBLUE-S,40.0,7.0,1.0,0.0,0.0,1.0,41.0,0,0
1591YKBLUE-XL,19.0,5.0,2.0,0.0,0.0,2.0,21.0,0,0
1591YKBLUE-XXL,29.0,6.0,5.0,0.0,0.0,5.0,34.0,0,0
1592YKBLUE-3XL,93.0,11.0,46.0,4.0,0.0,50.0,143.0,0,0
1592YKBLUE-4XL,122.0,9.0,70.0,0.0,0.0,70.0,192.0,0,0
1592YKBLUE-5XL,203.0,19.0,47.0,5.0,1.0,53.0,256.0,0,0
1592YKBLUE-6XL,90.0,12.0,32.0,0.0,0.0,32.0,122.0,0,0
1592YKBLUE-7XL,67.0,8.0,26.0,0.0,0.0,26.0,93.0,0,0
1592YKBLUE-8XL,66.0,10.0,42.0,0.0,2.0,52.0,118.0,8,0
1592YKBLUE-L,117.0,7.0,17.0,6.0,2.0,27.0,144.0,2,0
1592YKBLUE-M,55.0,4.0,5.0,0.0,0.0,5.0,60.0,0,0
1592YKBLUE-S,31.0,4.0,5.0,2.0,0.0,7.0,38.0,0,0
1592YKBLUE-XL,137.0,7.0,18.0,4.0,2.0,24.0,161.0,0,0
1592YKBLUE-XS,31.0,3.0,1.0,0.0,0.0,1.0,32.0,0,0
1592YKBLUE-XXL,128.0,7.0,37.0,2.0,0.0,39.0,167.0,0,0
1593YKGREEN-3XL,2.0,2.0,1.0,1.0,0.0,8.0,10.0,6,0
1593YKGREEN-4XL,2.0,2.0,7.0,4.0,0.0,15.0,17.0,4,0
1593YKGREEN-5XL,27.0,8.0,40.0,10.0,0.0,58.0,85.0,8,0
1593YKGREEN-6XL,2.0,2.0,0.0,0.0,0.0,0.0,2.0,0,0
1593YKGREEN-7XL,2.0,1.0,3.0,0.0,0.0,7.0,9.0,4,0
1593YKGREEN-8XL,6.0,4.0,5.0,0.0,0.0,11.0,17.0,6,0
1593YKGREEN-L,38.0,6.0,8.0,1.0,0.0,9.0,47.0,0,0
1593YKGREEN-M,7.0,5.0,6.0,2.0,0.0,12.0,19.0,4,0
1593YKGREEN-S,13.0,4.0,6.0,3.0,0.0,9.0,22.0,0,0
1593YKGREEN-XL,27.0,9.0,35.0,2.0,0.0,37.0,64.0,0,0
1593YKGREEN-XS,12.0,3.0,2.0,0.0,0.0,2.0,14.0,0,0
1593YKGREEN-XXL,5.0,5.0,6.0,3.0,0.0,15.0,20.0,6,0
1594YKYELLOW-3XL,2.0,2.0,0.0,1.0,0.0,3.0,5.0,2,0
1594YKYELLOW-4XL,2.0,2.0,12.0,0.0,0.0,16.0,18.0,4,0
1594YKYELLOW-5XL,4.0,4.0,34.0,0.0,0.0,39.0,43.0,5,0
1594YKYELLOW-6XL,3.0,3.0,9.0,0.0,0.0,9.0,12.0,0,0
1594YKYELLOW-7XL,6.0,2.0,6.0,0.0,0.0,6.0,12.0,0,0
1594YKYELLOW-8XL,21.0,6.0,7.0,3.0,0.0,15.0,36.0,5,0
1594YKYELLOW-L,23.0,5.0,4.0,0.0,0.0,5.0,28.0,0,1
1594YKYELLOW-M,20.0,5.0,4.0,2.0,0.0,6.0,26.0,0,0
1594YKYELLOW-S,17.0,3.0,5.0,0.0,0.0,5.0,22.0,0,0
1594YKYELLOW-XL,14.0,4.0,12.0,2.0,0.0,14.0,28.0,0,0
1594YKYELLOW-XXL,18.0,6.0,11.0,3.0,0.0,15.0,33.0,0,1
1595YKBLUE-3XL,6.0,4.0,48.0,0.0,0.0,56.0,62.0,8,0
1595YKBLUE-4XL,21.0,7.0,8.0,0.0,0.0,8.0,29.0,0,0
1595YKBLUE-5XL,4.0,4.0,9.0,0.0,0.0,15.0,19.0,6,0
1595YKBLUE-L,9.0,3.0,1.0,0.0,0.0,3.0,12.0,2,0
1595YKBLUE-M,10.0,4.0,0.0,0.0,0.0,2.0,12.0,2,0
1595YKBLUE-S,8.0,3.0,11.0,0.0,0.0,15.0,23.0,4,0
1595YKBLUE-XL,1.0,0.0,2.0,0.0,0.0,2.0,3.0,0,0
1595YKBLUE-XXL,10.0,5.0,0.0,0.0,0.0,0.0,10.0,0,0
1597YKBLUE-3XL,5.0,2.0,0.0,0.0,0.0,0.0,5.0,0,0
1597YKBLUE-4XL,0.0,0.0,2.0,0.0,0.0,5.0,5.0,3,0
1597YKBLUE-5XL,3.0,3.0,0.0,0.0,0.0,0.0,3.0,0,0
1597YKBLUE-6XL,5.0,2.0,1.0,1.0,0.0,2.0,7.0,0,0
1597YKBLUE-7XL,14.0,4.0,3.0,2.0,0.0,5.0,19.0,0,0
1597YKBLUE-8XL,15.0,3.0,1.0,0.0,0.0,1.0,16.0,0,0
1597YKBLUE-L,1.0,1.0,0.0,0.0,0.0,0.0,1.0,0,0
1597YKBLUE-M,9.0,4.0,1.0,0.0,0.0,1.0,10.0,0,0
1597YKBLUE-S,5.0,2.0,0.0,0.0,0.0,0.0,5.0,0,0
1597YKBLUE-XS,8.0,3.0,1.0,0.0,0.0,1.0,9.0,0,0
1597YKBLUE-XXL,1.0,1.0,3.0,0.0,0.0,3.0,4.0,0,0
1598YKBLUE-3XL,9.0,4.0,0.0,0.0,0.0,0.0,9.0,0,0
1598YKBLUE-4XL,22.0,5.0,0.0,0.0,0.0,0.0,22.0,0,0
1598YKBLUE-5XL,14.0,3.0,7.0,0.0,0.0,9.0,23.0,2,0
1598YKBLUE-7XL,1.0,1.0,0.0,0.0,0.0,2.0,3.0,2,0
1598YKBLUE-8XL,1.0,0.0,0.0,0.0,0.0,0.0,1.0,0,0
1598YKBLUE-L,12.0,2.0,1.0,0.0,0.0,3.0,15.0,2,0
1598YKBLUE-M,25.0,4.0,2.0,1.0,0.0,3.0,28.0,0,0
1598YKBLUE-S,38.0,5.0,4.0,0.0,0.0,4.0,42.0,0,0
1598YKBLUE-XL,3.0,3.0,0.0,0.0,0.0,0.0,3.0,0,0
1598YKBLUE-XXL,3.0,2.0,0.0,0.0,0.0,0.0,3.0,0,0
1599YKMULTI-L,1.0,0.0,0.0,0.0,0.0,0.0,1.0,0,0
1599YKMULTI-M,4.0,4.0,0.0,0.0,0.0,0.0,4.0,0,0
1599YKMULTI-S,8.0,6.0,1.0,0.0,0.0,1.0,9.0,0,0
1599YKMULTI-XL,3.0,3.0,0.0,0.0,0.0,0.0,3.0,0,0
1599YKMULTI-XXL,2.0,2.0,0.0,0.0,0.0,0.0,2.0,0,0
1600YKGREEN-5XL,1.0,0.0,0.0,0.0,0.0,0.0,1.0,0,0
1600YKGREEN-L,50.0,11.0,1.0,0.0,0.0,1.0,51.0,0,0
1600YKGREEN-M,62.0,14.0,1.0,0.0,0.0,1.0,63.0,0,0
1600YKGREEN-S,24.0,10.0,1.0,0.0,0.0,1.0,25.0,0,0
1600YKGREEN-XL,36.0,12.0,1.0,0.0,0.0,1.0,37.0,0,0
1600YKGREEN-XS,13.0,5.0,1.0,0.0,0.0,1.0,14.0,0,0
1600YKGREEN-XXL,10.0,9.0,1.0,0.0,0.0,3.0,13.0,2,0
1601YKGREEN-4XL,2.0,2.0,7.0,0.0,0.0,10.0,12.0,3,0
1601YKGREEN-5XL,2.0,2.0,0.0,0.0,0.0,0.0,2.0,0,0
1601YKGREEN-6XL,4.0,3.0,0.0,0.0,0.0,0.0,4.0,0,0
1601YKGREEN-7XL,2.0,1.0,0.0,0.0,0.0,0.0,2.0,0,0
1601YKGREEN-8XL,3.0,2.0,1.0,0.0,0.0,1.0,4.0,0,0
1601YKGREEN-L,1.0,1.0,1.0,1.0,0.0,4.0,5.0,2,0
1601YKGREEN-M,1.0,0.0,0.0,0.0,0.0,0.0,1.0,0,0
1601YKGREEN-S,4.0,4.0,0.0,0.0,0.0,0.0,4.0,0,0
1601YKGREEN-XL,1.0,1.0,0.0,2.0,0.0,2.0,3.0,0,0
1601YKGREEN-XS,1.0,0.0,0.0,0.0,0.0,0.0,1.0,0,0
1601YKGREEN-XXL,5.0,5.0,0.0,0.0,0.0,0.0,5.0,0,0
1602YKLAVENDER-3XL,257.0,9.0,29.0,0.0,0.0,29.0,286.0,0,0
1602YKLAVENDER-4XL,243.0,7.0,15.0,0.0,0.0,15.0,258.0,0,0
1602YKLAVENDER-5XL,204.0,4.0,11.0,4.0,0.0,15.0,219.0,0,0
1602YKLAVENDER-6XL,80.0,4.0,1.0,1.0,0.0,2.0,82.0,0,0
1602YKLAVENDER-7XL,84.0,4.0,3.0,1.0,0.0,4.0,88.0,0,0
1602YKLAVENDER-8XL,50.0,8.0,0.0,0.0,0.0,0.0,50.0,0,0
1602YKLAVENDER-L,137.0,9.0,43.0,0.0,0.0,43.0,180.0,0,0
1602YKLAVENDER-M,112.0,9.0,52.0,0.0,0.0,53.0,165.0,0,1
1602YKLAVENDER-S,67.0,10.0,41.0,0.0,0.0,41.0,108.0,0,0
1602YKLAVENDER-XL,155.0,12.0,25.0,0.0,0.0,25.0,180.0,0,0
1602YKLAVENDER-XS,17.0,3.0,10.0,0.0,0.0,10.0,27.0,0,0
1602YKLAVENDER-XXL,208.0,8.0,1.0,0.0,0.0,5.0,213.0,4,0
1604YKPINK-3XL,4.0,3.0,1.0,0.0,0.0,1.0,5.0,0,0
1604YKPINK-L,1.0,1.0,0.0,0.0,0.0,0.0,1.0,0,0
1604YKPINK-M,1.0,1.0,0.0,0.0,0.0,0.0,1.0,0,0
1604YKPINK-S,5.0,3.0,2.0,0.0,0.0,2.0,7.0,0,0
1604YKPINK-XL,2.0,1.0,0.0,0.0,0.0,0.0,2.0,0,0
1604YKPINK-XXL,2.0,1.0,0.0,1.0,0.0,1.0,3.0,0,0
1605YKBLUE-3XL,100.0,9.0,22.0,0.0,0.0,58.0,158.0,14,22
1605YKBLUE-4XL,49.0,10.0,34.0,0.0,0.0,47.0,96.0,7,6
1605YKBLUE-5XL,40.0,9.0,20.0,0.0,0.0,102.0,142.0,22,60
1605YKBLUE-6XL,9.0,5.0,3.0,0.0,0.0,3.0,12.0,0,0
1605YKBLUE-7XL,21.0,7.0,13.0,0.0,0.0,13.0,34.0,0,0
1605YKBLUE-8XL,32.0,7.0,7.0,0.0,0.0,17.0,49.0,6,4
1605YKBLUE-L,71.0,7.0,26.0,0.0,0.0,36.0,107.0,4,6
1605YKBLUE-M,45.0,4.0,8.0,0.0,0.0,11.0,56.0,0,3
1605YKBLUE-S,16.0,4.0,8.0,0.0,0.0,10.0,26.0,2,0
1605YKBLUE-XL,59.0,7.0,14.0,0.0,0.0,14.0,73.0,0,0
1605YKBLUE-XXL,75.0,7.0,31.0,1.0,0.0,32.0,107.0,0,0
1607YKBLUE-M,0.0,0.0,2.0,0.0,0.0,4.0,4.0,2,0
1607YKBLUE-S,7.0,3.0,2.0,0.0,0.0,2.0,9.0,0,0
1607YKBLUE-XL,1.0,0.0,0.0,0.0,0.0,0.0,1.0,0,0
1607YKBLUE-XXL,4.0,2.0,4.0,0.0,0.0,8.0,12.0,4,0
1609YKWINE-L,11.0,6.0,0.0,0.0,0.0,0.0,11.0,0,0
1609YKWINE-M,11.0,8.0,1.0,0.0,0.0,1.0,12.0,0,0
1609YKWINE-S,24.0,10.0,1.0,0.0,0.0,1.0,25.0,0,0
1609YKWINE-XL,15.0,7.0,0.0,0.0,0.0,0.0,15.0,0,0
1609YKWINE-XXL,11.0,7.0,0.0,0.0,0.0,0.0,11.0,0,0
160YK282BLUE-L,4.0,1.0,0.0,0.0,0.0,0.0,4.0,0,0
160YK282BLUE-XL,4.0,2.0,0.0,0.0,0.0,0.0,4.0,0,0
160YK282BLUE-XXL,2.0,1.0,0.0,0.0,0.0,0.0,2.0,0,0
1612YKBLACK-L,4.0,3.0,0.0,0.0,0.0,0.0,4.0,0,0
1612YKBLACK-M,9.0,5.0,0.0,0.0,0.0,0.0,9.0,0,0
1612YKBLACK-XL,3.0,1.0,0.0,0.0,0.0,0.0,3.0,0,0
1612YKBLACK-XXL,5.0,4.0,0.0,0.0,0.0,0.0,5.0,0,0
1613YKPINK-L,11.0,5.0,0.0,0.0,0.0,0.0,11.0,0,0
1613YKPINK-M,10.0,5.0,0.0,0.0,0.0,0.0,10.0,0,0
1613YKPINK-XL,15.0,6.0,0.0,0.0,0.0,0.0,15.0,0,0
1613YKPINK-XXL,4.0,2.0,0.0,0.0,0.0,0.0,4.0,0,0
1614YKWHITE-L,15.0,7.0,0.0,0.0,0.0,0.0,15.0,0,0
1614YKWHITE-M,12.0,5.0,0.0,0.0,0.0,0.0,12.0,0,0
1614YKWHITE-XL,13.0,7.0,0.0,0.0,0.0,0.0,13.0,0,0
1614YKWHITE-XXL,13.0,5.0,0.0,0.0,0.0,0.0,13.0,0,0
1615YKMUSTARD-XXL,1.0,0.0,0.0,0.0,0.0,0.0,1.0,0,0
1621YKPINK-L,1.0,0.0,0.0,0.0,0.0,0.0,1.0,0,0
1621YKPINK-M,1.0,0.0,0.0,0.0,0.0,0.0,1.0,0,0
1622YKSKYBLUE-L,7.0,3.0,0.0,0.0,0.0,0.0,7.0,0,0
1622YKSKYBLUE-XL,8.0,3.0,0.0,0.0,0.0,0.0,8.0,0,0
1622YKSKYBLUE-XXL,1.0,0.0,0.0,0.0,0.0,0.0,1.0,0,0
1623YKYELLOW-M,1.0,0.0,0.0,0.0,0.0,0.0,1.0,0,0
1623YKYELLOW-XXL,1.0,0.0,0.0,0.0,0.0,0.0,1.0,0,0
1625YKBLACK-3XL,8.0,3.0,5.0,0.0,1.0,6.0,14.0,0,0
1625YKBLACK-4XL,3.0,3.0,13.0,0.0,0.0,13.0,16.0,0,0
1625YKBLACK-5XL,0.0,0.0,8.0,0.0,1.0,13.0,13.0,4,0
1625YKBLACK-6XL,2.0,1.0,0.0,0.0,0.0,0.0,2.0,0,0
1625YKBLACK-8XL,1.0,0.0,3.0,0.0,0.0,5.0,6.0,2,0
1625YKBLACK-L,1.0,0.0,1.0,0.0,0.0,1.0,2.0,0,0
1625YKBLACK-M,6.0,3.0,3.0,2.0,0.0,5.0,11.0,0,0
1625YKBLACK-S,2.0,2.0,2.0,1.0,2.0,5.0,7.0,0,0
1625YKBLACK-XL,10.0,3.0,8.0,0.0,1.0,9.0,19.0,0,0
1625YKBLACK-XXL,1.0,0.0,3.0,0.0,0.0,9.0,10.0,6,0
1626YKGREEN-L,30.0,8.0,1.0,0.0,0.0,1.0,31.0,0,0
1626YKGREEN-M,29.0,12.0,1.0,0.0,0.0,1.0,30.0,0,0
1626YKGREEN-S,22.0,11.0,1.0,0.0,0.0,1.0,23.0,0,0
1626YKGREEN-XL,28.0,6.0,1.0,0.0,0.0,1.0,29.0,0,0
1626YKGREEN-XXL,22.0,7.0,1.0,0.0,0.0,1.0,23.0,0,0
1627YKSKYBLUE-L,5.0,3.0,6.0,0.0,0.0,6.0,11.0,0,0
1627YKSKYBLUE-M,2.0,1.0,0.0,0.0,0.0,0.0,2.0,0,0
1627YKSKYBLUE-XL,5.0,3.0,0.0,0.0,1.0,1.0,6.0,0,0
1627YKSKYBLUE-XXL,1.0,0.0,0.0,0.0,0.0,0.0,1.0,0,0
1629YKGREEN-3XL,1.0,0.0,0.0,0.0,0.0,0.0,1.0,0,0
162YK273BLACK-S,1.0,0.0,0.0,0.0,0.0,0.0,1.0,0,0
1636YKBLUE-3XL,25.0,6.0,3.0,0.0,0.0,3.0,28.0,0,0
1636YKBLUE-4XL,51.0,4.0,6.0,0.0,0.0,6.0,57.0,0,0
1636YKBLUE-5XL,5.0,3.0,4.0,0.0,0.0,4.0,9.0,0,0
1636YKBLUE-L,10.0,4.0,5.0,0.0,0.0,5.0,15.0,0,0
1636YKBLUE-M,26.0,6.0,4.0,0.0,0.0,4.0,30.0,0,0
1636YKBLUE-S,6.0,3.0,2.0,0.0,0.0,2.0,8.0,0,0
1636YKBLUE-XL,4.0,4.0,5.0,0.0,0.0,8.0,12.0,3,0
1636YKBLUE-XXL,21.0,5.0,2.0,0.0,0.0,2.0,23.0,0,0
1637YKMAROON-3XL,1.0,1.0,5.0,0.0,0.0,9.0,10.0,4,0
1637YKMAROON-4XL,3.0,3.0,1.0,0.0,0.0,1.0,4.0,0,0
1637YKMAROON-5XL,3.0,3.0,4.0,0.0,0.0,6.0,9.0,2,0
1637YKMAROON-6XL,10.0,3.0,0.0,0.0,0.0,0.0,10.0,0,0
1637YKMAROON-7XL,6.0,2.0,0.0,0.0,0.0,0.0,6.0,0,0
1637YKMAROON-8XL,2.0,2.0,1.0,0.0,0.0,1.0,3.0,0,0
1637YKMAROON-L,3.0,3.0,1.0,0.0,0.0,1.0,4.0,0,0
1637YKMAROON-M,0.0,0.0,2.0,0.0,0.0,5.0,5.0,3,0
1637YKMAROON-S,2.0,0.0,1.0,0.0,0.0,1.0,3.0,0,0
1637YKMAROON-XL,1.0,1.0,0.0,0.0,0.0,2.0,3.0,2,0
1637YKMAROON-XXL,0.0,0.0,1.0,0.0,0.0,3.0,3.0,2,0
1638YKGREEN-L,9.0,4.0,1.0,0.0,0.0,1.0,10.0,0,0
1638YKGREEN-M,8.0,4.0,1.0,0.0,0.0,1.0,9.0,0,0
1638YKGREEN-S,25.0,3.0,1.0,0.0,0.0,1.0,26.0,0,0
1638YKGREEN-XL,22.0,4.0,1.0,0.0,0.0,1.0,23.0,0,0
1638YKGREEN-XXL,16.0,3.0,1.0,0.0,0.0,1.0,17.0,0,0
1639YKBLUE-3XL,1.0,0.0,0.0,0.0,0.0,0.0,1.0,0,0
1639YKBLUE-XL,1.0,0.0,0.0,0.0,0.0,0.0,1.0,0,0
1639YKBLUE-XXL,2.0,1.0,0.0,0.0,0.0,0.0,2.0,0,0
163YK273PINKRAY-M,1.0,0.0,0.0,0.0,0.0,0.0,1.0,0,0
1641YKMULTI-L,2.0,2.0,0.0,0.0,0.0,0.0,2.0,0,0
1641YKMULTI-M,3.0,2.0,2.0,0.0,0.0,4.0,7.0,2,0
1641YKMULTI-S,4.0,3.0,0.0,0.0,0.0,0.0,4.0,0,0
1641YKMULTI-XL,4.0,2.0,0.0,0.0,0.0,0.0,4.0,0,0
1641YKMULTI-XXL,3.0,2.0,0.0,0.0,0.0,0.0,3.0,0,0
1642YKBLACK-L,5.0,3.0,0.0,0.0,0.0,0.0,5.0,0,0
1642YKBLACK-M,7.0,4.0,0.0,0.0,0.0,0.0,7.0,0,0
1642YKBLACK-S,6.0,4.0,1.0,0.0,0.0,1.0,7.0,0,0
1642YKBLACK-XL,7.0,4.0,1.0,0.0,0.0,1.0,8.0,0,0
1642YKBLACK-XXL,3.0,1.0,0.0,0.0,0.0,0.0,3.0,0,0
1643YKBLUE-L,17.0,4.0,1.0,0.0,0.0,1.0,18.0,0,0
1643YKBLUE-M,14.0,4.0,1.0,0.0,0.0,1.0,15.0,0,0
1643YKBLUE-S,19.0,4.0,1.0,0.0,0.0,1.0,20.0,0,0
1643YKBLUE-XL,17.0,4.0,1.0,0.0,0.0,1.0,18.0,0,0
1643YKBLUE-XXL,11.0,5.0,1.0,0.0,0.0,1.0,12.0,0,0
1644YKMULTI-L,14.0,5.0,2.0,0.0,0.0,4.0,18.0,2,0
1644YKMULTI-M,11.0,4.0,0.0,0.0,0.0,0.0,11.0,0,0
1644YKMULTI-S,21.0,4.0,1.0,0.0,0.0,1.0,22.0,0,0
1644YKMULTI-XL,12.0,5.0,1.0,0.0,0.0,1.0,13.0,0,0
1644YKMULTI-XXL,20.0,4.0,0.0,0.0,0.0,0.0,20.0,0,0
1645YKBLACK-L,18.0,5.0,1.0,0.0,0.0,1.0,19.0,0,0
1645YKBLACK-M,21.0,4.0,1.0,0.0,0.0,1.0,22.0,0,0
1645YKBLACK-S,15.0,4.0,1.0,0.0,0.0,1.0,16.0,0,0
1645YKBLACK-XL,14.0,4.0,0.0,0.0,0.0,0.0,14.0,0,0
1645YKBLACK-XXL,10.0,3.0,0.0,0.0,0.0,0.0,10.0,0,0
1646YKWHITE-L,20.0,4.0,2.0,0.0,0.0,2.0,22.0,0,0
1646YKWHITE-M,19.0,5.0,1.0,0.0,0.0,1.0,20.0,0,0
1646YKWHITE-S,6.0,5.0,1.0,0.0,0.0,1.0,7.0,0,0
1646YKWHITE-XL,17.0,6.0,0.0,0.0,0.0,0.0,17.0,0,0
1646YKWHITE-XXL,22.0,4.0,1.0,0.0,0.0,1.0,23.0,0,0
1647YKMULTI-L,18.0,5.0,1.0,0.0,0.0,1.0,19.0,0,0
1647YKMULTI-M,14.0,5.0,2.0,0.0,0.0,2.0,16.0,0,0
1647YKMULTI-S,18.0,3.0,1.0,0.0,0.0,1.0,19.0,0,0
1647YKMULTI-XL,14.0,5.0,1.0,0.0,0.0,1.0,15.0,0,0
1647YKMULTI-XXL,9.0,2.0,0.0,0.0,0.0,0.0,9.0,0,0
1648YKMULTI-M,1.0,0.0,0.0,0.0,0.0,0.0,1.0,0,0
1648YKMULTI-S,1.0,0.0,0.0,0.0,0.0,0.0,1.0,0,0
1648YKMULTI-XL,1.0,0.0,0.0,0.0,0.0,0.0,1.0,0,0
1648YKMULTI-XXL,2.0,0.0,0.0,0.0,0.0,0.0,2.0,0,0
1649YKMULTI-L,5.0,4.0,1.0,0.0,0.0,1.0,6.0,0,0
1649YKMULTI-M,7.0,4.0,1.0,0.0,0.0,1.0,8.0,0,0
1649YKMULTI-S,7.0,5.0,1.0,0.0,0.0,1.0,8.0,0,0
1649YKMULTI-XL,2.0,2.0,0.0,0.0,0.0,0.0,2.0,0,0
1649YKMULTI-XXL,9.0,4.0,1.0,0.0,0.0,1.0,10.0,0,0
1650YKMULTI-L,22.0,3.0,0.0,0.0,0.0,0.0,22.0,0,0
1650YKMULTI-M,17.0,4.0,0.0,0.0,0.0,0.0,17.0,0,0
1650YKMULTI-S,9.0,4.0,0.0,0.0,0.0,0.0,9.0,0,0
1650YKMULTI-XL,11.0,4.0,1.0,0.0,0.0,1.0,12.0,0,0
1650YKMULTI-XXL,8.0,4.0,0.0,0.0,0.0,0.0,8.0,0,0
1651YKMULTI-L,1.0,0.0,0.0,0.0,0.0,0.0,1.0,0,0
1651YKMULTI-M,1.0,0.0,0.0,0.0,0.0,0.0,1.0,0,0
1651YKMULTI-S,1.0,0.0,0.0,0.0,0.0,0.0,1.0,0,0
1651YKMULTI-XL,1.0,0.0,0.0,0.0,0.0,0.0,1.0,0,0
1652YKMULTI-L,1.0,0.0,0.0,0.0,0.0,0.0,1.0,0,0
1652YKMULTI-M,2.0,0.0,0.0,0.0,0.0,0.0,2.0,0,0
1652YKMULTI-S,1.0,0.0,0.0,0.0,0.0,0.0,1.0,0,0
1652YKMULTI-XL,2.0,0.0,0.0,0.0,0.0,0.0,2.0,0,0
1652YKMULTI-XXL,1.0,0.0,0.0,0.0,0.0,0.0,1.0,0,0
1653YKBLACK-L,44.0,3.0,1.0,0.0,0.0,1.0,45.0,0,0
1653YKBLACK-M,42.0,4.0,1.0,0.0,0.0,1.0,43.0,0,0
1653YKBLACK-S,73.0,4.0,1.0,0.0,0.0,1.0,74.0,0,0
1653YKBLACK-XL,46.0,4.0,2.0,0.0,0.0,2.0,48.0,0,0
1653YKBLACK-XXL,45.0,4.0,0.0,0.0,0.0,0.0,45.0,0,0
1654YKBLACK-L,5.0,5.0,0.0,0.0,0.0,0.0,5.0,0,0
1654YKBLACK-M,3.0,1.0,1.0,0.0,0.0,1.0,4.0,0,0
1654YKBLACK-S,6.0,4.0,1.0,0.0,0.0,1.0,7.0,0,0
1654YKBLACK-XL,2.0,2.0,0.0,0.0,0.0,0.0,2.0,0,0
1654YKBLACK-XXL,4.0,4.0,0.0,0.0,0.0,0.0,4.0,0,0
1655YKMULTI-L,5.0,3.0,1.0,0.0,0.0,1.0,6.0,0,0
1655YKMULTI-M,4.0,3.0,0.0,0.0,0.0,0.0,4.0,0,0
1655YKMULTI-S,3.0,3.0,0.0,0.0,0.0,0.0,3.0,0,0
1655YKMULTI-XL,2.0,1.0,2.0,0.0,0.0,4.0,6.0,2,0
1655YKMULTI-XXL,3.0,3.0,1.0,0.0,0.0,1.0,4.0,0,0
1656YKBLUE-S,1.0,0.0,0.0,0.0,0.0,0.0,1.0,0,0
1656YKBLUE-XXL,1.0,0.0,0.0,0.0,0.0,0.0,1.0,0,0
1657YKMULTI-3XL,1.0,0.0,0.0,0.0,0.0,0.0,1.0,0,0
1657YKMULTI-L,48.0,4.0,2.0,0.0,0.0,2.0,50.0,0,0
1657YKMULTI-M,46.0,5.0,4.0,0.0,0.0,4.0,50.0,0,0
1657YKMULTI-S,53.0,4.0,2.0,0.0,0.0,2.0,55.0,0,0
1657YKMULTI-XL,51.0,4.0,1.0,0.0,0.0,1.0,52.0,0,0
1657YKMULTI-XXL,48.0,4.0,3.0,0.0,0.0,3.0,51.0,0,0
1658YKMULTI-L,48.0,5.0,2.0,0.0,0.0,2.0,50.0,0,0
1658YKMULTI-M,28.0,5.0,5.0,0.0,0.0,5.0,33.0,0,0
1658YKMULTI-S,49.0,4.0,1.0,0.0,0.0,1.0,50.0,0,0
1658YKMULTI-XL,59.0,9.0,4.0,0.0,0.0,4.0,63.0,0,0
1658YKMULTI-XXL,45.0,4.0,1.0,0.0,0.0,1.0,46.0,0,0
1659YKMULTI-L,3.0,2.0,0.0,0.0,0.0,0.0,3.0,0,0
1659YKMULTI-M,6.0,3.0,1.0,0.0,0.0,1.0,7.0,0,0
1659YKMULTI-S,8.0,3.0,0.0,0.0,0.0,0.0,8.0,0,0
1659YKMULTI-XL,2.0,1.0,0.0,0.0,0.0,0.0,2.0,0,0
1659YKMULTI-XXL,1.0,0.0,0.0,0.0,0.0,0.0,1.0,0,0
165YK251MUSTRAD-3XL,111.0,10.0,14.0,0.0,25.0,77.0,188.0,30,8
165YK251MUSTRAD-4XL,84.0,9.0,17.0,4.0,0.0,21.0,105.0,0,0
165YK251MUSTRAD-5XL,38.0,9.0,24.0,1.0,0.0,27.0,65.0,0,2
165YK251MUSTRAD-6XL,70.0,4.0,2.0,1.0,5.0,13.0,83.0,5,0
165YK251MUSTRAD-7XL,29.0,2.0,6.0,3.0,5.0,19.0,48.0,5,0
165YK251MUSTRAD-8XL,34.0,2.0,3.0,6.0,5.0,19.0,53.0,5,0
165YK251MUSTRAD-L,114.0,5.0,31.0,0.0,16.0,71.0,185.0,22,2
165YK251MUSTRAD-M,11.0,7.0,19.0,3.0,5.0,38.0,49.0,3,8
165YK251MUSTRAD-S,63.0,6.0,17.0,1.0,10.0,47.0,110.0,15,4
165YK251MUSTRAD-XL,65.0,7.0,9.0,0.0,23.0,67.0,132.0,30,5
165YK251MUSTRAD-XS,120.0,4.0,10.0,4.0,5.0,22.0,142.0,2,1
165YK251MUSTRAD-XXL,1.0,1.0,23.0,38.0,11.0,92.0,93.0,20,0
1660YKMULTI-L,21.0,4.0,1.0,0.0,0.0,1.0,22.0,0,0
1660YKMULTI-M,18.0,5.0,1.0,0.0,0.0,1.0,19.0,0,0
1660YKMULTI-S,20.0,5.0,2.0,0.0,0.0,2.0,22.0,0,0
1660YKMULTI-XL,15.0,4.0,0.0,0.0,0.0,0.0,15.0,0,0
1660YKMULTI-XXL,21.0,4.0,1.0,0.0,0.0,1.0,22.0,0,0
1661YKMULTI-L,5.0,2.0,0.0,0.0,0.0,0.0,5.0,0,0
1661YKMULTI-M,10.0,3.0,0.0,0.0,0.0,0.0,10.0,0,0
1661YKMULTI-S,19.0,5.0,0.0,0.0,0.0,0.0,19.0,0,0
1661YKMULTI-XL,4.0,2.0,0.0,0.0,0.0,0.0,4.0,0,0
1661YKMULTI-XXL,4.0,2.0,0.0,0.0,0.0,0.0,4.0,0,0
1662YKBLACK-3XL,1.0,2.0,2.0,0.0,0.0,2.0,3.0,0,0
1662YKBLACK-4XL,2.0,1.0,1.0,0.0,0.0,1.0,3.0,0,0
1662YKBLACK-5XL,1.0,0.0,1.0,0.0,0.0,3.0,4.0,2,0
1662YKBLACK-6XL,2.0,2.0,0.0,0.0,0.0,0.0,2.0,0,0
1662YKBLACK-7XL,1.0,0.0,0.0,0.0,0.0,0.0,1.0,0,0
1662YKBLACK-8XL,1.0,1.0,0.0,0.0,0.0,0.0,1.0,0,0
1662YKBLACK-L,6.0,3.0,4.0,0.0,0.0,4.0,10.0,0,0
1662YKBLACK-M,35.0,5.0,2.0,1.0,0.0,3.0,38.0,0,0
1662YKBLACK-S,15.0,5.0,2.0,1.0,0.0,3.0,18.0,0,0
1662YKBLACK-XL,3.0,3.0,1.0,1.0,0.0,2.0,5.0,0,0
1662YKBLACK-XS,9.0,4.0,0.0,0.0,0.0,0.0,9.0,0,0
1662YKBLACK-XXL,2.0,1.0,1.0,0.0,0.0,3.0,5.0,2,0
1663YKMAROON-L,54.0,4.0,1.0,0.0,0.0,1.0,55.0,0,0
1663YKMAROON-M,50.0,5.0,1.0,0.0,0.0,1.0,51.0,0,0
1663YKMAROON-S,49.0,4.0,1.0,0.0,0.0,1.0,50.0,0,0
1663YKMAROON-XL,56.0,4.0,1.0,0.0,0.0,1.0,57.0,0,0
1663YKMAROON-XXL,49.0,4.0,2.0,0.0,0.0,2.0,51.0,0,0
1664YKPINK-L,14.0,4.0,1.0,0.0,0.0,1.0,15.0,0,0
1664YKPINK-M,16.0,4.0,1.0,0.0,0.0,1.0,17.0,0,0
1664YKPINK-S,21.0,4.0,0.0,0.0,0.0,0.0,21.0,0,0
1664YKPINK-XL,26.0,4.0,1.0,0.0,0.0,1.0,27.0,0,0
1664YKPINK-XXL,17.0,5.0,0.0,0.0,0.0,0.0,17.0,0,0
1665YKMULTI-L,6.0,4.0,0.0,0.0,0.0,0.0,6.0,0,0
1665YKMULTI-M,13.0,4.0,0.0,0.0,0.0,0.0,13.0,0,0
1665YKMULTI-S,18.0,4.0,1.0,0.0,0.0,1.0,19.0,0,0
1665YKMULTI-XL,27.0,4.0,1.0,0.0,0.0,1.0,28.0,0,0
1665YKMULTI-XXL,21.0,4.0,1.0,0.0,0.0,1.0,22.0,0,0
1666YKMULTI-L,65.0,4.0,1.0,0.0,0.0,1.0,66.0,0,0
1666YKMULTI-M,70.0,8.0,1.0,0.0,0.0,1.0,71.0,0,0
1666YKMULTI-S,76.0,5.0,1.0,0.0,0.0,1.0,77.0,0,0
1666YKMULTI-XL,66.0,5.0,2.0,0.0,0.0,2.0,68.0,0,0
1666YKMULTI-XXL,64.0,6.0,0.0,0.0,0.0,0.0,64.0,0,0
1667YKMULTI-L,50.0,4.0,2.0,0.0,0.0,2.0,52.0,0,0
1667YKMULTI-M,54.0,4.0,2.0,0.0,0.0,2.0,56.0,0,0
1667YKMULTI-S,52.0,4.0,1.0,0.0,0.0,1.0,53.0,0,0
1667YKMULTI-XL,52.0,4.0,1.0,0.0,0.0,1.0,53.0,0,0
1667YKMULTI-XXL,49.0,4.0,1.0,0.0,0.0,1.0,50.0,0,0
1669YKMULTI-L,4.0,1.0,0.0,0.0,0.0,0.0,4.0,0,0
1669YKMULTI-M,3.0,1.0,0.0,0.0,0.0,0.0,3.0,0,0
1669YKMULTI-S,3.0,1.0,0.0,0.0,0.0,0.0,3.0,0,0
1669YKMULTI-XL,1.0,1.0,0.0,0.0,0.0,0.0,1.0,0,0
166YK251BLUE-3XL,20.0,9.0,17.0,0.0,5.0,27.0,47.0,5,0
166YK251BLUE-4XL,14.0,5.0,12.0,0.0,5.0,22.0,36.0,5,0
166YK251BLUE-5XL,98.0,8.0,17.0,0.0,0.0,17.0,115.0,0,0
166YK251BLUE-L,86.0,6.0,10.0,0.0,5.0,20.0,106.0,5,0
166YK251BLUE-M,73.0,9.0,14.0,0.0,4.0,23.0,96.0,5,0
166YK251BLUE-S,154.0,5.0,2.0,1.0,0.0,13.0,167.0,0,10
166YK251BLUE-XL,91.0,8.0,24.0,0.0,0.0,66.0,157.0,0,42
166YK251BLUE-XS,41.0,6.0,4.0,0.0,0.0,11.0,52.0,0,7
166YK251BLUE-XXL,70.0,10.0,19.0,0.0,0.0,19.0,89.0,0,0
1670YKMULTI-L,2.0,1.0,0.0,0.0,0.0,0.0,2.0,0,0
1670YKMULTI-M,4.0,3.0,0.0,0.0,0.0,0.0,4.0,0,0
1670YKMULTI-S,6.0,3.0,0.0,0.0,0.0,0.0,6.0,0,0
1670YKMULTI-XL,1.0,1.0,0.0,0.0,0.0,0.0,1.0,0,0
1670YKMULTI-XS,1.0,0.0,0.0,0.0,0.0,0.0,1.0,0,0
1670YKMULTI-XXL,9.0,3.0,0.0,0.0,0.0,0.0,9.0,0,0
1671YKMULTI-L,2.0,2.0,0.0,0.0,0.0,0.0,2.0,0,0
1671YKMULTI-M,6.0,4.0,0.0,0.0,0.0,0.0,6.0,0,0
1671YKMULTI-S,7.0,5.0,0.0,0.0,0.0,0.0,7.0,0,0
1672YKBLACK-L,39.0,2.0,0.0,0.0,0.0,0.0,39.0,0,0
1672YKBLACK-M,38.0,2.0,0.0,0.0,0.0,0.0,38.0,0,0
1672YKBLACK-S,27.0,2.0,0.0,0.0,0.0,0.0,27.0,0,0
1672YKBLACK-XL,36.0,2.0,0.0,0.0,0.0,0.0,36.0,0,0
1672YKBLACK-XXL,37.0,2.0,0.0,0.0,0.0,0.0,37.0,0,0
1673YKMAROON-L,14.0,5.0,0.0,0.0,0.0,0.0,14.0,0,0
1673YKMAROON-M,7.0,3.0,0.0,0.0,0.0,0.0,7.0,0,0
1673YKMAROON-S,9.0,3.0,0.0,0.0,0.0,0.0,9.0,0,0
1673YKMAROON-XL,15.0,4.0,0.0,0.0,0.0,0.0,15.0,0,0
1673YKMAROON-XXL,15.0,4.0,0.0,0.0,0.0,0.0,15.0,0,0
1674YKMULTI-L,14.0,3.0,0.0,0.0,0.0,0.0,14.0,0,0
1674YKMULTI-M,25.0,4.0,0.0,0.0,0.0,0.0,25.0,0,0
1674YKMULTI-S,8.0,3.0,0.0,0.0,0.0,0.0,8.0,0,0
1674YKMULTI-XL,4.0,2.0,0.0,0.0,0.0,0.0,4.0,0,0
1674YKMULTI-XXL,9.0,3.0,2.0,0.0,0.0,2.0,11.0,0,0
1675YKBLUE-3XL,10.0,7.0,7.0,0.0,0.0,7.0,17.0,0,0
1675YKBLUE-4XL,11.0,3.0,4.0,0.0,0.0,4.0,15.0,0,0
1675YKBLUE-5XL,7.0,4.0,1.0,0.0,0.0,3.0,10.0,2,0
1675YKBLUE-6XL,1.0,3.0,0.0,0.0,0.0,0.0,1.0,0,0
1675YKBLUE-7XL,9.0,2.0,0.0,0.0,0.0,0.0,9.0,0,0
1675YKBLUE-8XL,17.0,3.0,4.0,0.0,0.0,4.0,21.0,0,0
1675YKBLUE-L,9.0,4.0,9.0,0.0,0.0,13.0,22.0,4,0
1675YKBLUE-M,23.0,4.0,2.0,0.0,0.0,2.0,25.0,0,0
1675YKBLUE-S,13.0,4.0,2.0,0.0,0.0,4.0,17.0,2,0
1675YKBLUE-XL,9.0,6.0,9.0,0.0,0.0,13.0,22.0,4,0
1675YKBLUE-XS,10.0,2.0,0.0,0.0,0.0,0.0,10.0,0,0
1675YKBLUE-XXL,5.0,3.0,3.0,0.0,0.0,3.0,8.0,0,0
1676YKRED-3XL,57.0,4.0,7.0,0.0,0.0,7.0,64.0,0,0
1676YKRED-4XL,23.0,5.0,5.0,0.0,0.0,5.0,28.0,0,0
1676YKRED-5XL,15.0,5.0,5.0,1.0,0.0,6.0,21.0,0,0
1676YKRED-6XL,12.0,5.0,1.0,1.0,0.0,2.0,14.0,0,0
1676YKRED-7XL,19.0,4.0,5.0,1.0,0.0,6.0,25.0,0,0
1676YKRED-8XL,17.0,5.0,7.0,1.0,0.0,8.0,25.0,0,0
1676YKRED-L,35.0,5.0,14.0,0.0,0.0,14.0,49.0,0,0
1676YKRED-M,68.0,6.0,9.0,0.0,0.0,9.0,77.0,0,0
1676YKRED-S,41.0,5.0,3.0,2.0,0.0,5.0,46.0,0,0
1676YKRED-XL,16.0,6.0,13.0,0.0,0.0,13.0,29.0,0,0
1676YKRED-XXL,30.0,6.0,17.0,1.0,0.0,18.0,48.0,0,0
1677YKORANGE-L,8.0,5.0,0.0,0.0,0.0,0.0,8.0,0,0
1677YKORANGE-M,2.0,1.0,0.0,0.0,0.0,0.0,2.0,0,0
1677YKORANGE-S,13.0,5.0,0.0,0.0,0.0,0.0,13.0,0,0
1677YKORANGE-XL,1.0,1.0,2.0,0.0,0.0,4.0,5.0,2,0
1677YKORANGE-XXL,1.0,1.0,0.0,0.0,0.0,0.0,1.0,0,0
1678YKWINE-F,11.0,0.0,0.0,0.0,0.0,0.0,11.0,0,0
1679YKGREEN-F,12.0,0.0,0.0,0.0,0.0,0.0,12.0,0,0
167YK251BLACK-3XL,97.0,5.0,6.0,0.0,4.0,32.0,129.0,7,15
167YK251BLACK-4XL,16.0,4.0,11.0,0.0,3.0,19.0,35.0,5,0
167YK251BLACK-5XL,140.0,6.0,11.0,0.0,0.0,13.0,153.0,2,0
167YK251BLACK-6XL,65.0,4.0,3.0,2.0,0.0,5.0,70.0,0,0
167YK251BLACK-7XL,40.0,5.0,3.0,2.0,0.0,5.0,45.0,0,0
167YK251BLACK-8XL,23.0,5.0,4.0,4.0,0.0,8.0,31.0,0,0
167YK251BLACK-L,324.0,6.0,13.0,0.0,8.0,31.0,355.0,10,0
167YK251BLACK-M,243.0,4.0,22.0,1.0,7.0,33.0,276.0,0,3
167YK251BLACK-S,62.0,8.0,15.0,0.0,10.0,37.0,99.0,12,0
167YK251BLACK-XL,300.0,9.0,18.0,0.0,11.0,29.0,329.0,0,0
167YK251BLACK-XS,82.0,4.0,4.0,3.0,4.0,16.0,98.0,5,0
167YK251BLACK-XXL,143.0,8.0,27.0,14.0,6.0,54.0,197.0,7,0
1680YKBLUE-F,9.0,0.0,0.0,0.0,0.0,0.0,9.0,0,0
1681YKBLACK-F,11.0,0.0,0.0,0.0,0.0,0.0,11.0,0,0
1682YKMULTI-L,11.0,2.0,15.0,0.0,0.0,15.0,26.0,0,0
1682YKMULTI-M,3.0,3.0,5.0,0.0,0.0,7.0,10.0,2,0
1682YKMULTI-S,2.0,0.0,0.0,0.0,0.0,0.0,2.0,0,0
1682YKMULTI-XL,3.0,3.0,6.0,0.0,0.0,6.0,9.0,0,0
1683YKBLUE-3XL,6.0,3.0,13.0,0.0,0.0,31.0,37.0,16,2
1683YKBLUE-4XL,14.0,11.0,4.0,0.0,0.0,25.0,39.0,8,13
1683YKBLUE-5XL,83.0,8.0,21.0,0.0,0.0,48.0,131.0,24,3
1683YKBLUE-6XL,9.0,7.0,0.0,0.0,0.0,0.0,9.0,0,0
1683YKBLUE-7XL,10.0,9.0,0.0,0.0,0.0,1.0,11.0,0,1
1683YKBLUE-8XL,5.0,5.0,0.0,0.0,0.0,0.0,5.0,0,0
1683YKBLUE-L,16.0,5.0,18.0,0.0,0.0,42.0,58.0,20,4
1683YKBLUE-M,13.0,4.0,5.0,0.0,0.0,5.0,18.0,0,0
1683YKBLUE-S,38.0,3.0,6.0,1.0,0.0,7.0,45.0,0,0
1683YKBLUE-XL,46.0,10.0,15.0,3.0,0.0,18.0,64.0,0,0
1683YKBLUE-XXL,12.0,8.0,15.0,1.0,0.0,28.0,40.0,10,2
1684YKMULTI-L,6.0,0.0,0.0,0.0,0.0,0.0,6.0,0,0
1684YKMULTI-M,7.0,0.0,0.0,0.0,0.0,0.0,7.0,0,0
1684YKMULTI-S,3.0,0.0,0.0,0.0,0.0,0.0,3.0,0,0
1685YKPURPLE-3XL,14.0,4.0,2.0,1.0,0.0,3.0,17.0,0,0
1685YKPURPLE-4XL,18.0,4.0,7.0,1.0,0.0,8.0,26.0,0,0
1685YKPURPLE-5XL,13.0,3.0,1.0,0.0,0.0,1.0,14.0,0,0
1685YKPURPLE-L,19.0,6.0,3.0,0.0,0.0,3.0,22.0,0,0
1685YKPURPLE-M,58.0,5.0,3.0,0.0,0.0,3.0,61.0,0,0
1685YKPURPLE-S,39.0,5.0,0.0,0.0,0.0,0.0,39.0,0,0
1685YKPURPLE-XL,32.0,2.0,9.0,2.0,0.0,11.0,43.0,0,0
1685YKPURPLE-XXL,25.0,4.0,1.0,0.0,0.0,3.0,28.0,2,0
1686YKWHITE-L,13.0,2.0,0.0,0.0,0.0,0.0,13.0,0,0
1686YKWHITE-M,5.0,1.0,0.0,0.0,0.0,0.0,5.0,0,0
1686YKWHITE-S,11.0,1.0,0.0,0.0,0.0,0.0,11.0,0,0
1686YKWHITE-XL,8.0,1.0,0.0,0.0,0.0,0.0,8.0,0,0
1687YKPINK-3XL,2.0,0.0,0.0,0.0,0.0,0.0,2.0,0,0
1687YKPINK-4XL,4.0,4.0,2.0,0.0,0.0,2.0,6.0,0,0
1687YKPINK-L,3.0,1.0,0.0,0.0,0.0,0.0,3.0,0,0
1687YKPINK-M,10.0,6.0,3.0,0.0,0.0,3.0,13.0,0,0
1687YKPINK-S,26.0,7.0,3.0,0.0,0.0,3.0,29.0,0,0
1687YKPINK-XL,3.0,2.0,0.0,0.0,0.0,0.0,3.0,0,0
1687YKPINK-XXL,3.0,3.0,1.0,0.0,0.0,1.0,4.0,0,0
1688YKMUSTARD-3XL,27.0,7.0,6.0,0.0,0.0,6.0,33.0,0,0
1688YKMUSTARD-4XL,13.0,6.0,4.0,0.0,0.0,4.0,17.0,0,0
1688YKMUSTARD-5XL,16.0,8.0,6.0,0.0,0.0,8.0,24.0,2,0
1688YKMUSTARD-L,4.0,4.0,0.0,0.0,0.0,0.0,4.0,0,0
1688YKMUSTARD-M,18.0,8.0,4.0,0.0,0.0,4.0,22.0,0,0
1688YKMUSTARD-S,25.0,7.0,3.0,0.0,0.0,3.0,28.0,0,0
1688YKMUSTARD-XL,4.0,3.0,0.0,0.0,0.0,0.0,4.0,0,0
1688YKMUSTARD-XXL,34.0,6.0,3.0,0.0,0.0,3.0,37.0,0,0
1689YKPINK-L,1.0,0.0,0.0,0.0,0.0,0.0,1.0,0,0
168YK148BGDY-S,3.0,1.0,0.0,0.0,0.0,0.0,3.0,0,0
1691YKBLUE-3XL,45.0,6.0,4.0,0.0,0.0,4.0,49.0,0,0
1691YKBLUE-4XL,56.0,6.0,2.0,0.0,0.0,2.0,58.0,0,0
1691YKBLUE-5XL,53.0,5.0,1.0,0.0,0.0,1.0,54.0,0,0
1691YKBLUE-6XL,30.0,6.0,1.0,0.0,0.0,1.0,31.0,0,0
1691YKBLUE-7XL,28.0,5.0,3.0,0.0,0.0,3.0,31.0,0,0
1691YKBLUE-8XL,29.0,4.0,1.0,0.0,0.0,1.0,30.0,0,0
1691YKBLUE-L,54.0,4.0,1.0,0.0,0.0,1.0,55.0,0,0
1691YKBLUE-M,56.0,4.0,1.0,0.0,0.0,1.0,57.0,0,0
1691YKBLUE-S,26.0,5.0,1.0,0.0,0.0,1.0,27.0,0,0
1691YKBLUE-XL,52.0,6.0,2.0,0.0,0.0,2.0,54.0,0,0
1691YKBLUE-XXL,51.0,4.0,1.0,0.0,0.0,1.0,52.0,0,0
1692YKMAROON-3XL,57.0,7.0,6.0,0.0,0.0,8.0,65.0,2,0
1692YKMAROON-4XL,58.0,4.0,2.0,0.0,0.0,2.0,60.0,0,0
1692YKMAROON-5XL,51.0,9.0,2.0,0.0,0.0,2.0,53.0,0,0
1692YKMAROON-6XL,24.0,5.0,1.0,0.0,0.0,1.0,25.0,0,0
1692YKMAROON-7XL,22.0,5.0,2.0,0.0,0.0,2.0,24.0,0,0
1692YKMAROON-8XL,16.0,4.0,5.0,0.0,0.0,5.0,21.0,0,0
1692YKMAROON-L,59.0,5.0,4.0,0.0,0.0,4.0,63.0,0,0
1692YKMAROON-M,75.0,4.0,2.0,0.0,0.0,2.0,77.0,0,0
1692YKMAROON-S,24.0,5.0,1.0,0.0,0.0,1.0,25.0,0,0
1692YKMAROON-XL,59.0,5.0,4.0,0.0,0.0,4.0,63.0,0,0
1692YKMAROON-XXL,53.0,5.0,3.0,0.0,0.0,3.0,56.0,0,0
1693YKMAROON-3XL,2.0,0.0,0.0,0.0,0.0,0.0,2.0,0,0
1693YKMAROON-4XL,0.0,0.0,3.0,0.0,0.0,7.0,7.0,4,0
1693YKMAROON-L,1.0,0.0,1.0,0.0,0.0,3.0,4.0,2,0
1693YKMAROON-M,2.0,0.0,2.0,0.0,0.0,4.0,6.0,2,0
1693YKMAROON-S,2.0,1.0,0.0,0.0,0.0,0.0,2.0,0,0
1693YKMAROON-XL,1.0,0.0,0.0,0.0,0.0,0.0,1.0,0,0
1693YKMAROON-XS,1.0,0.0,0.0,0.0,0.0,0.0,1.0,0,0
1693YKMAROON-XXL,1.0,0.0,0.0,0.0,0.0,0.0,1.0,0,0
1694YKMAROON-L,0.0,0.0,2.0,0.0,0.0,2.0,2.0,0,0
1694YKMAROON-M,1.0,0.0,1.0,0.0,0.0,1.0,2.0,0,0
1694YKMAROON-S,2.0,0.0,2.0,0.0,0.0,2.0,4.0,0,0
1694YKMAROON-XXL,1.0,0.0,1.0,0.0,0.0,1.0,2.0,0,0
1695YKMAROON-3XL,1.0,0.0,11.0,1.0,0.0,18.0,19.0,6,0
1695YKMAROON-4XL,2.0,1.0,1.0,0.0,0.0,5.0,7.0,4,0
1695YKMAROON-5XL,0.0,0.0,1.0,0.0,0.0,5.0,5.0,4,0
1695YKMAROON-6XL,7.0,2.0,5.0,0.0,0.0,5.0,12.0,0,0
1695YKMAROON-7XL,6.0,2.0,3.0,0.0,0.0,3.0,9.0,0,0
1695YKMAROON-8XL,16.0,1.0,2.0,0.0,0.0,4.0,20.0,2,0
1695YKMAROON-L,1.0,0.0,4.0,0.0,0.0,8.0,9.0,4,0
1695YKMAROON-M,1.0,0.0,0.0,0.0,0.0,4.0,5.0,4,0
1695YKMAROON-S,17.0,4.0,5.0,0.0,0.0,5.0,22.0,0,0
1695YKMAROON-XXL,0.0,0.0,2.0,0.0,0.0,2.0,2.0,0,0
1696YKLAVENDER-L,76.0,4.0,1.0,0.0,0.0,1.0,77.0,0,0
1696YKLAVENDER-M,38.0,4.0,2.0,0.0,0.0,2.0,40.0,0,0
1696YKLAVENDER-S,42.0,4.0,5.0,0.0,0.0,5.0,47.0,0,0
1696YKLAVENDER-XL,58.0,4.0,6.0,0.0,0.0,6.0,64.0,0,0
1696YKLAVENDER-XXL,61.0,5.0,3.0,0.0,0.0,3.0,64.0,0,0
1698YKGREEN-L,1.0,0.0,0.0,0.0,0.0,0.0,1.0,0,0
1698YKGREEN-M,1.0,0.0,0.0,0.0,0.0,0.0,1.0,0,0
1698YKGREEN-XL,3.0,0.0,0.0,0.0,0.0,0.0,3.0,0,0
1698YKGREEN-XXL,3.0,0.0,0.0,0.0,0.0,0.0,3.0,0,0
1699YKLEVENDEAR-XL,2.0,0.0,0.0,0.0,0.0,0.0,2.0,0,0
169YK148TEAL-S,7.0,2.0,0.0,0.0,0.0,0.0,7.0,0,0
1700YKGREEN-L,4.0,2.0,0.0,0.0,0.0,0.0,4.0,0,0
1700YKGREEN-XL,3.0,1.0,0.0,0.0,0.0,0.0,3.0,0,0
1700YKGREEN-XXL,3.0,1.0,0.0,0.0,0.0,0.0,3.0,0,0
1701YKMULTI-L,2.0,1.0,0.0,0.0,0.0,0.0,2.0,0,0
1701YKMULTI-M,1.0,0.0,0.0,0.0,0.0,0.0,1.0,0,0
1701YKMULTI-XL,1.0,0.0,0.0,0.0,0.0,0.0,1.0,0,0
1701YKMULTI-XXL,1.0,0.0,0.0,0.0,0.0,0.0,1.0,0,0
1712YKBLUE-L,1.0,0.0,0.0,0.0,0.0,0.0,1.0,0,0
1712YKBLUE-M,1.0,0.0,0.0,0.0,0.0,0.0,1.0,0,0
1712YKBLUE-XL,1.0,0.0,0.0,0.0,0.0,0.0,1.0,0,0
1712YKBLUE-XXL,1.0,0.0,0.0,0.0,0.0,0.0,1.0,0,0
1713YKGREEN-M,1.0,0.0,0.0,0.0,0.0,0.0,1.0,0,0
1713YKGREEN-XL,1.0,0.0,0.0,0.0,0.0,0.0,1.0,0,0
1714YKPINK-L,1.0,0.0,0.0,0.0,0.0,0.0,1.0,0,0
1714YKPINK-M,2.0,0.0,0.0,0.0,0.0,0.0,2.0,0,0
1714YKPINK-XL,2.0,0.0,0.0,0.0,0.0,0.0,2.0,0,0
1715YKPINK-L,1.0,0.0,0.0,0.0,0.0,0.0,1.0,0,0
1715YKPINK-XL,1.0,0.0,0.0,0.0,0.0,0.0,1.0,0,0
1716YKPURPLE-M,2.0,0.0,0.0,0.0,0.0,0.0,2.0,0,0
1716YKPURPLE-XL,2.0,0.0,0.0,0.0,0.0,0.0,2.0,0,0
1716YKPURPLE-XXL,2.0,1.0,0.0,0.0,0.0,0.0,2.0,0,0
1717YKBLUE-L,8.0,1.0,0.0,0.0,0.0,0.0,8.0,0,0
1717YKBLUE-M,5.0,1.0,0.0,0.0,0.0,0.0,5.0,0,0
1717YKBLUE-XL,9.0,1.0,0.0,0.0,0.0,0.0,9.0,0,0
1717YKBLUE-XXL,7.0,1.0,0.0,0.0,0.0,0.0,7.0,0,0
1718YKPINK-L,5.0,0.0,0.0,0.0,0.0,0.0,5.0,0,0
1718YKPINK-M,1.0,0.0,0.0,0.0,0.0,0.0,1.0,0,0
1718YKPINK-XL,1.0,0.0,0.0,0.0,0.0,0.0,1.0,0,0
1718YKPINK-XXL,1.0,1.0,0.0,0.0,0.0,0.0,1.0,0,0
171YK184MEHROON-M,1.0,0.0,0.0,0.0,0.0,0.0,1.0,0,0
1720YKBEIGE-XL,1.0,0.0,0.0,0.0,0.0,0.0,1.0,0,0
1722YKWHITE-L,40.0,2.0,1.0,0.0,0.0,1.0,41.0,0,0
1722YKWHITE-M,38.0,2.0,1.0,0.0,0.0,1.0,39.0,0,0
1722YKWHITE-S,19.0,2.0,0.0,0.0,0.0,0.0,19.0,0,0
1722YKWHITE-XL,42.0,2.0,1.0,0.0,0.0,1.0,43.0,0,0
1722YKWHITE-XXL,23.0,2.0,13.0,0.0,0.0,13.0,36.0,0,0
1724YKMULTI-L,46.0,2.0,2.0,0.0,0.0,2.0,48.0,0,0
1724YKMULTI-M,44.0,2.0,1.0,0.0,0.0,1.0,45.0,0,0
1724YKMULTI-S,18.0,1.0,1.0,0.0,0.0,1.0,19.0,0,0
1724YKMULTI-XL,43.0,3.0,4.0,0.0,0.0,4.0,47.0,0,0
1726YKGREY-3XL,0.0,0.0,1.0,0.0,0.0,3.0,3.0,2,0
1726YKGREY-4XL,3.0,2.0,0.0,0.0,0.0,0.0,3.0,0,0
1726YKGREY-5XL,4.0,2.0,0.0,0.0,0.0,0.0,4.0,0,0
1726YKGREY-L,1.0,0.0,0.0,0.0,0.0,0.0,1.0,0,0
1726YKGREY-M,2.0,1.0,0.0,0.0,0.0,0.0,2.0,0,0
1726YKGREY-S,3.0,1.0,0.0,0.0,0.0,0.0,3.0,0,0
1726YKGREY-XL,8.0,3.0,3.0,0.0,0.0,3.0,11.0,0,0
1726YKGREY-XXL,5.0,3.0,12.0,0.0,0.0,15.0,20.0,3,0
1728YKGREEN-L,34.0,2.0,1.0,0.0,0.0,1.0,35.0,0,0
1728YKGREEN-M,24.0,2.0,3.0,0.0,0.0,3.0,27.0,0,0
1728YKGREEN-S,33.0,2.0,2.0,0.0,0.0,2.0,35.0,0,0
1728YKGREEN-XL,15.0,3.0,3.0,0.0,0.0,3.0,18.0,0,0
1728YKGREEN-XS,40.0,2.0,2.0,0.0,0.0,2.0,42.0,0,0
1729YKGREEN-L,25.0,2.0,2.0,0.0,0.0,2.0,27.0,0,0
1729YKGREEN-M,6.0,2.0,1.0,0.0,0.0,1.0,7.0,0,0
1729YKGREEN-S,16.0,2.0,1.0,0.0,0.0,1.0,17.0,0,0
1729YKGREEN-XL,9.0,3.0,2.0,0.0,0.0,2.0,11.0,0,0
1729YKGREEN-XXL,1.0,1.0,1.0,0.0,0.0,1.0,2.0,0,0
1733YKGREEN-L,63.0,6.0,1.0,0.0,0.0,1.0,64.0,0,0
1733YKGREEN-M,67.0,7.0,2.0,0.0,0.0,2.0,69.0,0,0
1733YKGREEN-S,55.0,7.0,1.0,0.0,0.0,1.0,56.0,0,0
1733YKGREEN-XL,66.0,7.0,1.0,0.0,0.0,1.0,67.0,0,0
1733YKGREEN-XXL,62.0,10.0,1.0,0.0,0.0,1.0,63.0,0,0
1734YKBLUE-XXL,2.0,0.0,0.0,0.0,0.0,0.0,2.0,0,0
1735YKPINK-L,38.0,6.0,6.0,0.0,0.0,6.0,44.0,0,0
1735YKPINK-M,46.0,6.0,2.0,0.0,0.0,2.0,48.0,0,0
1735YKPINK-S,22.0,7.0,1.0,0.0,0.0,1.0,23.0,0,0
1735YKPINK-XL,52.0,6.0,2.0,0.0,0.0,2.0,54.0,0,0
1735YKPINK-XXL,23.0,5.0,2.0,0.0,0.0,2.0,25.0,0,0
1736YKBLACK-3XL,39.0,5.0,7.0,0.0,0.0,7.0,46.0,0,0
1736YKBLACK-4XL,39.0,5.0,12.0,0.0,0.0,14.0,53.0,2,0
1736YKBLACK-5XL,34.0,6.0,6.0,0.0,0.0,6.0,40.0,0,0
1736YKBLACK-6XL,7.0,3.0,0.0,0.0,0.0,0.0,7.0,0,0
1736YKBLACK-7XL,9.0,3.0,1.0,0.0,0.0,1.0,10.0,0,0
1736YKBLACK-8XL,2.0,0.0,0.0,0.0,0.0,0.0,2.0,0,0
1736YKBLACK-L,40.0,4.0,10.0,0.0,0.0,10.0,50.0,0,0
1736YKBLACK-M,40.0,6.0,5.0,0.0,0.0,5.0,45.0,0,0
1736YKBLACK-S,8.0,4.0,4.0,0.0,0.0,6.0,14.0,2,0
1736YKBLACK-XL,28.0,8.0,8.0,0.0,0.0,8.0,36.0,0,0
1736YKBLACK-XXL,45.0,6.0,5.0,0.0,0.0,5.0,50.0,0,0
1737YKPINK-M,5.0,3.0,0.0,0.0,0.0,0.0,5.0,0,0
1737YKPINK-S,5.0,4.0,0.0,0.0,0.0,0.0,5.0,0,0
1738YKDWHITE-3XL,30.0,4.0,3.0,0.0,0.0,3.0,33.0,0,0
1738YKDWHITE-4XL,50.0,10.0,0.0,0.0,0.0,0.0,50.0,0,0
1738YKDWHITE-5XL,23.0,5.0,9.0,0.0,0.0,9.0,32.0,0,0
1738YKDWHITE-L,41.0,5.0,1.0,0.0,0.0,1.0,42.0,0,0
1738YKDWHITE-M,58.0,5.0,2.0,0.0,0.0,2.0,60.0,0,0
1738YKDWHITE-S,35.0,4.0,4.0,0.0,0.0,4.0,39.0,0,0
1738YKDWHITE-XL,31.0,5.0,2.0,0.0,0.0,4.0,35.0,2,0
1738YKDWHITE-XXL,28.0,5.0,4.0,0.0,0.0,4.0,32.0,0,0
1739YKDMULTI-3XL,40.0,4.0,9.0,0.0,0.0,9.0,49.0,0,0
1739YKDMULTI-4XL,49.0,4.0,4.0,0.0,0.0,4.0,53.0,0,0
1739YKDMULTI-5XL,44.0,4.0,4.0,0.0,0.0,4.0,48.0,0,0
1739YKDMULTI-6XL,12.0,6.0,1.0,0.0,0.0,1.0,13.0,0,0
1739YKDMULTI-7XL,13.0,2.0,1.0,0.0,0.0,1.0,14.0,0,0
1739YKDMULTI-8XL,16.0,3.0,3.0,0.0,0.0,3.0,19.0,0,0
1739YKDMULTI-L,33.0,2.0,2.0,0.0,0.0,2.0,35.0,0,0
1739YKDMULTI-M,54.0,2.0,5.0,0.0,0.0,5.0,59.0,0,0
1739YKDMULTI-S,21.0,2.0,5.0,0.0,0.0,5.0,26.0,0,0
1739YKDMULTI-XL,50.0,2.0,3.0,0.0,0.0,3.0,53.0,0,0
1739YKDMULTI-XS,17.0,2.0,2.0,0.0,0.0,2.0,19.0,0,0
1739YKDMULTI-XXL,43.0,3.0,5.0,0.0,0.0,5.0,48.0,0,0
1741YKMAROON-5XL,3.0,1.0,0.0,0.0,0.0,2.0,5.0,2,0
1741YKMAROON-L,1.0,0.0,0.0,0.0,0.0,0.0,1.0,0,0
1741YKMAROON-M,0.0,0.0,5.0,0.0,0.0,9.0,9.0,4,0
1741YKMAROON-S,3.0,1.0,0.0,0.0,0.0,0.0,3.0,0,0
1741YKMAROON-XL,1.0,0.0,0.0,0.0,0.0,0.0,1.0,0,0
1741YKMAROON-XXL,2.0,0.0,0.0,0.0,0.0,0.0,2.0,0,0
1742YKBLUE-3XL,8.0,5.0,13.0,0.0,0.0,13.0,21.0,0,0
1742YKBLUE-4XL,37.0,6.0,3.0,0.0,0.0,3.0,40.0,0,0
1742YKBLUE-5XL,15.0,2.0,4.0,0.0,0.0,6.0,21.0,2,0
1742YKBLUE-6XL,4.0,2.0,1.0,0.0,0.0,1.0,5.0,0,0
1742YKBLUE-7XL,11.0,3.0,2.0,0.0,0.0,2.0,13.0,0,0
1742YKBLUE-L,40.0,5.0,4.0,0.0,0.0,4.0,44.0,0,0
1742YKBLUE-M,8.0,2.0,3.0,0.0,0.0,3.0,11.0,0,0
1742YKBLUE-S,6.0,1.0,0.0,0.0,0.0,0.0,6.0,0,0
1742YKBLUE-XL,14.0,3.0,6.0,0.0,0.0,6.0,20.0,0,0
1742YKBLUE-XXL,32.0,3.0,3.0,0.0,0.0,3.0,35.0,0,0
1743YKYELLOW-3XL,11.0,8.0,9.0,0.0,0.0,13.0,24.0,4,0
1743YKYELLOW-4XL,12.0,9.0,6.0,0.0,0.0,12.0,24.0,6,0
1743YKYELLOW-5XL,7.0,6.0,0.0,0.0,0.0,2.0,9.0,2,0
1743YKYELLOW-L,4.0,3.0,6.0,0.0,0.0,10.0,14.0,4,0
1743YKYELLOW-M,16.0,6.0,15.0,0.0,0.0,15.0,31.0,0,0
1743YKYELLOW-S,31.0,5.0,7.0,0.0,0.0,7.0,38.0,0,0
1743YKYELLOW-XL,0.0,0.0,0.0,0.0,0.0,4.0,4.0,4,0
1743YKYELLOW-XXL,0.0,0.0,3.0,0.0,0.0,7.0,7.0,4,0
1744YKMULTI-3XL,4.0,4.0,0.0,0.0,0.0,0.0,4.0,0,0
1744YKMULTI-4XL,1.0,1.0,0.0,0.0,0.0,0.0,1.0,0,0
1744YKMULTI-5XL,2.0,1.0,0.0,0.0,0.0,0.0,2.0,0,0
1744YKMULTI-L,4.0,3.0,10.0,0.0,0.0,14.0,18.0,4,0
1744YKMULTI-M,31.0,5.0,5.0,0.0,0.0,5.0,36.0,0,0
1744YKMULTI-S,4.0,3.0,2.0,0.0,0.0,2.0,6.0,0,0
1744YKMULTI-XL,1.0,1.0,0.0,0.0,0.0,0.0,1.0,0,0
1744YKMULTI-XXL,19.0,5.0,17.0,0.0,0.0,17.0,36.0,0,0
1746YKYELLOW-3XL,15.0,8.0,3.0,0.0,0.0,3.0,18.0,0,0
1746YKYELLOW-4XL,13.0,8.0,7.0,0.0,0.0,7.0,20.0,0,0
1746YKYELLOW-5XL,6.0,3.0,3.0,0.0,0.0,5.0,11.0,2,0
1746YKYELLOW-L,45.0,5.0,2.0,0.0,0.0,2.0,47.0,0,0
1746YKYELLOW-M,53.0,5.0,1.0,0.0,0.0,1.0,54.0,0,0
1746YKYELLOW-S,3.0,2.0,1.0,0.0,0.0,1.0,4.0,0,0
1746YKYELLOW-XL,30.0,7.0,4.0,0.0,0.0,6.0,36.0,2,0
1746YKYELLOW-XXL,30.0,8.0,8.0,0.0,0.0,8.0,38.0,0,0
1748YKMULTI-3XL,42.0,5.0,3.0,0.0,0.0,3.0,45.0,0,0
1748YKMULTI-4XL,41.0,4.0,2.0,0.0,0.0,2.0,43.0,0,0
1748YKMULTI-5XL,22.0,5.0,4.0,0.0,0.0,4.0,26.0,0,0
1748YKMULTI-L,75.0,4.0,2.0,0.0,0.0,2.0,77.0,0,0
1748YKMULTI-M,75.0,4.0,2.0,0.0,0.0,2.0,77.0,0,0
1748YKMULTI-S,16.0,3.0,1.0,0.0,0.0,1.0,17.0,0,0
1748YKMULTI-XL,64.0,4.0,2.0,0.0,0.0,2.0,66.0,0,0
1748YKMULTI-XXL,67.0,5.0,1.0,0.0,0.0,1.0,68.0,0,0
1749YKPINK-L,5.0,0.0,0.0,0.0,0.0,0.0,5.0,0,0
1749YKPINK-XL,1.0,0.0,0.0,0.0,0.0,0.0,1.0,0,0
1750YKPURPLE-3XL,60.0,2.0,1.0,0.0,0.0,1.0,61.0,0,0
1750YKPURPLE-4XL,45.0,10.0,0.0,0.0,0.0,0.0,45.0,0,0
1750YKPURPLE-5XL,27.0,5.0,5.0,0.0,0.0,5.0,32.0,0,0
1750YKPURPLE-L,64.0,2.0,1.0,0.0,0.0,1.0,65.0,0,0
1750YKPURPLE-M,82.0,2.0,1.0,0.0,0.0,1.0,83.0,0,0
1750YKPURPLE-S,57.0,2.0,2.0,0.0,0.0,2.0,59.0,0,0
1750YKPURPLE-XL,60.0,2.0,1.0,0.0,0.0,1.0,61.0,0,0
1750YKPURPLE-XXL,65.0,6.0,2.0,0.0,0.0,2.0,67.0,0,0
1751YKMUSTARD-3XL,11.0,6.0,28.0,0.0,0.0,29.0,40.0,0,1
1751YKMUSTARD-4XL,11.0,5.0,20.0,0.0,0.0,21.0,32.0,0,1
1751YKMUSTARD-5XL,13.0,4.0,18.0,0.0,0.0,18.0,31.0,0,0
1751YKMUSTARD-M,7.0,6.0,14.0,0.0,0.0,18.0,25.0,4,0
1751YKMUSTARD-S,6.0,4.0,12.0,0.0,0.0,16.0,22.0,4,0
1751YKMUSTARD-XL,1.0,1.0,0.0,0.0,0.0,0.0,1.0,0,0
1751YKMUSTARD-XXL,8.0,5.0,27.0,0.0,0.0,27.0,35.0,0,0
1752YKMULT-6XL,2.0,0.0,0.0,0.0,0.0,0.0,2.0,0,0
1752YKMULT-7XL,2.0,0.0,0.0,0.0,0.0,0.0,2.0,0,0
1752YKMULT-8XL,1.0,0.0,0.0,0.0,0.0,0.0,1.0,0,0
1752YKMULTI-3XL,2.0,1.0,2.0,0.0,0.0,2.0,4.0,0,0
1752YKMULTI-4XL,1.0,0.0,5.0,0.0,0.0,13.0,14.0,8,0
1752YKMULTI-5XL,1.0,0.0,4.0,0.0,0.0,11.0,12.0,7,0
1752YKMULTI-6XL,6.0,4.0,0.0,0.0,0.0,0.0,6.0,0,0
1752YKMULTI-7XL,1.0,0.0,0.0,0.0,0.0,0.0,1.0,0,0
1752YKMULTI-8XL,2.0,2.0,5.0,0.0,0.0,9.0,11.0,4,0
1752YKMULTI-L,1.0,1.0,0.0,0.0,0.0,0.0,1.0,0,0
1752YKMULTI-M,7.0,3.0,1.0,0.0,0.0,1.0,8.0,0,0
1752YKMULTI-S,33.0,5.0,2.0,0.0,0.0,2.0,35.0,0,0
1752YKMULTI-XL,3.0,3.0,2.0,0.0,0.0,4.0,7.0,2,0
1752YKMULTI-XXL,6.0,3.0,4.0,0.0,0.0,6.0,12.0,2,0
1753YKGREEN-3XL,22.0,5.0,1.0,0.0,0.0,1.0,23.0,0,0
1753YKGREEN-4XL,17.0,3.0,2.0,0.0,0.0,2.0,19.0,0,0
1753YKGREEN-5XL,10.0,2.0,2.0,0.0,0.0,2.0,12.0,0,0
1753YKGREEN-L,8.0,2.0,1.0,0.0,0.0,1.0,9.0,0,0
1753YKGREEN-M,14.0,3.0,3.0,0.0,0.0,3.0,17.0,0,0
1753YKGREEN-S,26.0,4.0,5.0,0.0,0.0,5.0,31.0,0,0
1753YKGREEN-XL,5.0,2.0,0.0,0.0,0.0,0.0,5.0,0,0
1753YKGREEN-XXL,4.0,1.0,0.0,0.0,0.0,0.0,4.0,0,0
1755YKBLUE-3XL,13.0,5.0,2.0,0.0,0.0,2.0,15.0,0,0
1755YKBLUE-4XL,0.0,0.0,2.0,0.0,0.0,4.0,4.0,2,0
1755YKBLUE-L,29.0,5.0,2.0,0.0,0.0,2.0,31.0,0,0
1755YKBLUE-M,18.0,7.0,3.0,0.0,0.0,3.0,21.0,0,0
1755YKBLUE-S,19.0,5.0,4.0,0.0,0.0,4.0,23.0,0,0
1755YKBLUE-XL,22.0,5.0,2.0,0.0,0.0,2.0,24.0,0,0
1755YKBLUE-XXL,7.0,2.0,2.0,0.0,0.0,2.0,9.0,0,0
1756YKWHITE-3XL,6.0,3.0,2.0,0.0,0.0,2.0,8.0,0,0
1756YKWHITE-4XL,46.0,3.0,6.0,0.0,0.0,6.0,52.0,0,0
1756YKWHITE-5XL,27.0,2.0,2.0,0.0,0.0,2.0,29.0,0,0
1756YKWHITE-6XL,2.0,0.0,0.0,0.0,0.0,0.0,2.0,0,0
1756YKWHITE-7XL,3.0,3.0,0.0,0.0,0.0,0.0,3.0,0,0
1756YKWHITE-L,23.0,3.0,5.0,0.0,0.0,5.0,28.0,0,0
1756YKWHITE-M,30.0,7.0,9.0,0.0,0.0,9.0,39.0,0,0
1756YKWHITE-S,11.0,2.0,1.0,0.0,0.0,1.0,12.0,0,0
1756YKWHITE-XL,30.0,3.0,2.0,0.0,0.0,2.0,32.0,0,0
1756YKWHITE-XXL,19.0,6.0,5.0,0.0,0.0,5.0,24.0,0,0
1758YKPINK-3XL,12.0,2.0,0.0,0.0,0.0,0.0,12.0,0,0
1758YKPINK-4XL,11.0,3.0,1.0,0.0,0.0,1.0,12.0,0,0
1758YKPINK-5XL,9.0,2.0,2.0,0.0,0.0,4.0,13.0,2,0
1758YKPINK-L,9.0,2.0,2.0,0.0,0.0,2.0,11.0,0,0
1758YKPINK-M,8.0,2.0,0.0,0.0,0.0,0.0,8.0,0,0
1758YKPINK-S,12.0,2.0,0.0,0.0,0.0,0.0,12.0,0,0
1758YKPINK-XL,11.0,3.0,2.0,0.0,0.0,2.0,13.0,0,0
1758YKPINK-XXL,10.0,2.0,0.0,0.0,0.0,0.0,10.0,0,0
1759YKMULTI-L,19.0,2.0,0.0,0.0,0.0,0.0,19.0,0,0
1759YKMULTI-M,7.0,2.0,0.0,0.0,0.0,0.0,7.0,0,0
1759YKMULTI-S,29.0,2.0,1.0,0.0,0.0,1.0,30.0,0,0
1759YKMULTI-XL,20.0,2.0,1.0,0.0,0.0,1.0,21.0,0,0
1759YKMULTI-XXL,11.0,3.0,2.0,0.0,0.0,2.0,13.0,0,0
1760YKPINK-5XL,1.0,0.0,0.0,0.0,0.0,0.0,1.0,0,0
1760YKPINK-M,6.0,2.0,3.0,0.0,0.0,3.0,9.0,0,0
1760YKPINK-S,4.0,1.0,1.0,0.0,0.0,1.0,5.0,0,0
1760YKPINK-XS,2.0,0.0,0.0,0.0,0.0,0.0,2.0,0,0
1761YKLAVENDER-S,1.0,0.0,0.0,0.0,0.0,0.0,1.0,0,0
1763YKPINK-L,21.0,3.0,2.0,0.0,0.0,2.0,23.0,0,0
1763YKPINK-M,23.0,3.0,2.0,0.0,0.0,2.0,25.0,0,0
1763YKPINK-S,15.0,4.0,1.0,0.0,0.0,1.0,16.0,0,0
1763YKPINK-XL,14.0,4.0,4.0,0.0,0.0,4.0,18.0,0,0
1763YKPINK-XXL,17.0,4.0,0.0,0.0,0.0,0.0,17.0,0,0
1764YKBLUE-L,14.0,7.0,1.0,0.0,0.0,1.0,15.0,0,0
1764YKBLUE-M,47.0,4.0,2.0,0.0,0.0,2.0,49.0,0,0
1764YKBLUE-S,24.0,6.0,1.0,0.0,0.0,1.0,25.0,0,0
1764YKBLUE-XL,47.0,5.0,2.0,0.0,0.0,2.0,49.0,0,0
1764YKBLUE-XXL,37.0,7.0,1.0,0.0,0.0,1.0,38.0,0,0
1765YKBLUE-L,65.0,7.0,2.0,0.0,0.0,2.0,67.0,0,0
1765YKBLUE-M,69.0,6.0,1.0,0.0,0.0,1.0,70.0,0,0
1765YKBLUE-S,48.0,7.0,2.0,0.0,0.0,2.0,50.0,0,0
1765YKBLUE-XL,71.0,7.0,1.0,0.0,0.0,1.0,72.0,0,0
1765YKBLUE-XXL,64.0,7.0,1.0,0.0,0.0,1.0,65.0,0,0
1766YKMULTI-L,3.0,2.0,0.0,0.0,0.0,0.0,3.0,0,0
1766YKMULTI-M,2.0,3.0,1.0,0.0,0.0,1.0,3.0,0,0
1766YKMULTI-S,3.0,2.0,0.0,0.0,0.0,0.0,3.0,0,0
1767YKBLUE-L,0.0,0.0,1.0,0.0,0.0,1.0,1.0,0,0
1767YKBLUE-S,0.0,0.0,1.0,0.0,0.0,1.0,1.0,0,0
1768YKBLACK-L,6.0,3.0,0.0,0.0,0.0,2.0,8.0,2,0
1768YKBLACK-M,8.0,7.0,3.0,0.0,0.0,3.0,11.0,0,0
1768YKBLACK-S,33.0,11.0,2.0,0.0,0.0,2.0,35.0,0,0
1769YKBLACK-L,31.0,5.0,3.0,0.0,0.0,3.0,34.0,0,0
1769YKBLACK-M,41.0,6.0,2.0,0.0,0.0,2.0,43.0,0,0
1769YKBLACK-S,44.0,6.0,1.0,0.0,0.0,1.0,45.0,0,0
1769YKBLACK-XL,33.0,6.0,3.0,0.0,0.0,3.0,36.0,0,0
1769YKBLACK-XXL,29.0,4.0,3.0,0.0,0.0,3.0,32.0,0,0
1771YKDGREEN-3XL,11.0,3.0,2.0,0.0,0.0,4.0,15.0,2,0
1771YKDGREEN-5XL,1.0,2.0,2.0,0.0,0.0,2.0,3.0,0,0
1771YKDGREEN-L,48.0,3.0,0.0,0.0,0.0,0.0,48.0,0,0
1771YKDGREEN-M,47.0,5.0,1.0,0.0,0.0,1.0,48.0,0,0
1771YKDGREEN-S,32.0,3.0,3.0,0.0,0.0,3.0,35.0,0,0
1771YKDGREEN-XL,39.0,3.0,4.0,0.0,0.0,4.0,43.0,0,0
1771YKDGREEN-XXL,34.0,5.0,2.0,2.0,0.0,4.0,38.0,0,0
1772YKDMULTI-3XL,74.0,9.0,1.0,1.0,0.0,2.0,76.0,0,0
1772YKDMULTI-4XL,75.0,9.0,1.0,0.0,0.0,1.0,76.0,0,0
1772YKDMULTI-5XL,43.0,8.0,1.0,3.0,0.0,6.0,49.0,2,0
1772YKDMULTI-L,73.0,6.0,1.0,0.0,0.0,1.0,74.0,0,0
1772YKDMULTI-M,73.0,5.0,3.0,0.0,0.0,3.0,76.0,0,0
1772YKDMULTI-S,47.0,10.0,2.0,0.0,0.0,2.0,49.0,0,0
1772YKDMULTI-XL,65.0,5.0,1.0,0.0,0.0,1.0,66.0,0,0
1772YKDMULTI-XXL,85.0,7.0,1.0,0.0,0.0,1.0,86.0,0,0
1774YKMULTI-L,3.0,3.0,2.0,0.0,0.0,2.0,5.0,0,0
1774YKMULTI-M,1.0,1.0,2.0,0.0,0.0,4.0,5.0,2,0
1774YKMULTI-S,17.0,3.0,1.0,0.0,0.0,1.0,18.0,0,0
1774YKMULTI-XL,2.0,2.0,0.0,0.0,0.0,0.0,2.0,0,0
1775YKBLUE-3XL,92.0,5.0,9.0,0.0,0.0,12.0,104.0,3,0
1775YKBLUE-4XL,73.0,3.0,9.0,0.0,0.0,21.0,94.0,3,9
1775YKBLUE-5XL,57.0,4.0,2.0,0.0,3.0,5.0,62.0,0,0
1775YKBLUE-6XL,22.0,3.0,7.0,0.0,0.0,9.0,31.0,2,0
1775YKBLUE-7XL,21.0,5.0,0.0,0.0,0.0,0.0,21.0,0,0
1775YKBLUE-8XL,22.0,2.0,4.0,0.0,0.0,4.0,26.0,0,0
1775YKBLUE-L,35.0,2.0,3.0,0.0,0.0,7.0,42.0,4,0
1775YKBLUE-M,36.0,6.0,4.0,0.0,0.0,5.0,41.0,0,1
1775YKBLUE-S,14.0,3.0,2.0,0.0,0.0,2.0,16.0,0,0
1775YKBLUE-XL,105.0,2.0,6.0,0.0,0.0,26.0,131.0,0,20
1775YKBLUE-XS,19.0,2.0,0.0,0.0,0.0,0.0,19.0,0,0
1775YKBLUE-XXL,90.0,4.0,15.0,0.0,0.0,26.0,116.0,0,11
1777YKOFFWHITE-3XL,25.0,6.0,14.0,0.0,0.0,14.0,39.0,0,0
1777YKOFFWHITE-4XL,43.0,3.0,18.0,0.0,0.0,18.0,61.0,0,0
1777YKOFFWHITE-5XL,62.0,5.0,23.0,0.0,0.0,23.0,85.0,0,0
1777YKOFFWHITE-L,203.0,12.0,93.0,0.0,0.0,103.0,306.0,10,0
1777YKOFFWHITE-M,63.0,10.0,41.0,0.0,0.0,41.0,104.0,0,0
1777YKOFFWHITE-S,41.0,6.0,15.0,0.0,0.0,15.0,56.0,0,0
1777YKOFFWHITE-XL,25.0,1.0,14.0,0.0,0.0,16.0,41.0,2,0
1777YKOFFWHITE-XS,4.0,2.0,0.0,0.0,0.0,0.0,4.0,0,0
1777YKOFFWHITE-XXL,15.0,6.0,3.0,0.0,0.0,3.0,18.0,0,0
1778YKBLUE-L,7.0,2.0,3.0,0.0,0.0,3.0,10.0,0,0
1778YKBLUE-M,3.0,2.0,0.0,0.0,0.0,0.0,3.0,0,0
1778YKBLUE-S,21.0,2.0,1.0,0.0,0.0,1.0,22.0,0,0
1778YKBLUE-XL,2.0,0.0,0.0,0.0,0.0,0.0,2.0,0,0
1778YKBLUE-XXL,11.0,5.0,0.0,0.0,0.0,0.0,11.0,0,0
1779YKMULTI-M,11.0,3.0,3.0,0.0,0.0,3.0,14.0,0,0
1779YKMULTI-S,34.0,3.0,4.0,0.0,0.0,4.0,38.0,0,0
1779YKMULTI-XL,1.0,1.0,0.0,0.0,0.0,0.0,1.0,0,0
1779YKMULTI-XS,36.0,4.0,5.0,0.0,0.0,5.0,41.0,0,0
1780YKBLACK-S,1.0,1.0,1.0,0.0,0.0,1.0,2.0,0,0
1780YKBLACK-XS,1.0,1.0,3.0,0.0,0.0,3.0,4.0,0,0
1782YKDMUSTARD-3XL,47.0,3.0,4.0,0.0,0.0,4.0,51.0,0,0
1782YKDMUSTARD-4XL,43.0,3.0,9.0,0.0,0.0,9.0,52.0,0,0
1782YKDMUSTARD-5XL,43.0,2.0,4.0,0.0,0.0,4.0,47.0,0,0
1782YKDMUSTARD-6XL,17.0,2.0,2.0,0.0,0.0,2.0,19.0,0,0
1782YKDMUSTARD-7XL,19.0,2.0,2.0,0.0,0.0,2.0,21.0,0,0
1782YKDMUSTARD-8XL,6.0,2.0,1.0,0.0,0.0,1.0,7.0,0,0
1782YKDMUSTARD-L,50.0,2.0,3.0,0.0,0.0,3.0,53.0,0,0
1782YKDMUSTARD-M,43.0,4.0,3.0,0.0,0.0,3.0,46.0,0,0
1782YKDMUSTARD-S,22.0,2.0,3.0,0.0,0.0,3.0,25.0,0,0
1782YKDMUSTARD-XL,43.0,3.0,5.0,0.0,0.0,5.0,48.0,0,0
1782YKDMUSTARD-XS,1.0,1.0,0.0,0.0,0.0,0.0,1.0,0,0
1782YKDMUSTARD-XXL,47.0,4.0,3.0,0.0,0.0,3.0,50.0,0,0
1784YKDPINK-3XL,10.0,5.0,18.0,0.0,0.0,22.0,32.0,4,0
1784YKDPINK-4XL,15.0,5.0,13.0,0.0,0.0,21.0,36.0,8,0
1784YKDPINK-5XL,5.0,4.0,9.0,0.0,0.0,11.0,16.0,2,0
1784YKDPINK-L,3.0,3.0,0.0,0.0,0.0,0.0,3.0,0,0
1784YKDPINK-M,3.0,1.0,7.0,0.0,0.0,9.0,12.0,2,0
1784YKDPINK-S,8.0,5.0,9.0,0.0,0.0,9.0,17.0,0,0
1784YKDPINK-XL,6.0,2.0,0.0,0.0,0.0,6.0,12.0,6,0
1784YKDPINK-XXL,1.0,0.0,1.0,0.0,0.0,1.0,2.0,0,0
1785YKRED-3XL,96.0,3.0,13.0,0.0,0.0,93.0,189.0,0,80
1785YKRED-4XL,109.0,8.0,8.0,0.0,0.0,131.0,240.0,3,120
1785YKRED-5XL,74.0,6.0,10.0,0.0,0.0,75.0,149.0,0,65
1785YKRED-6XL,43.0,4.0,3.0,0.0,0.0,33.0,76.0,0,30
1785YKRED-7XL,62.0,2.0,5.0,0.0,0.0,45.0,107.0,0,40
1785YKRED-8XL,31.0,3.0,5.0,0.0,0.0,25.0,56.0,0,20
1785YKRED-L,77.0,2.0,9.0,0.0,0.0,98.0,175.0,10,79
1785YKRED-M,39.0,5.0,4.0,0.0,0.0,34.0,73.0,0,30
1785YKRED-S,58.0,2.0,9.0,0.0,0.0,57.0,115.0,0,48
1785YKRED-XL,105.0,2.0,22.0,0.0,0.0,158.0,263.0,20,116
1785YKRED-XXL,119.0,2.0,15.0,0.0,0.0,140.0,259.0,6,119
1786YKDBLUE-3XL,1.0,1.0,0.0,0.0,0.0,0.0,1.0,0,0
1786YKDBLUE-4XL,0.0,0.0,2.0,0.0,0.0,2.0,2.0,0,0
1786YKDBLUE-L,22.0,4.0,2.0,0.0,0.0,2.0,24.0,0,0
1786YKDBLUE-M,25.0,5.0,0.0,0.0,0.0,0.0,25.0,0,0
1786YKDBLUE-S,14.0,2.0,3.0,0.0,0.0,3.0,17.0,0,0
1786YKDBLUE-XL,18.0,2.0,5.0,0.0,0.0,7.0,25.0,2,0
1786YKDBLUE-XXL,14.0,1.0,2.0,0.0,0.0,4.0,18.0,2,0
1788YKDPINK-3XL,1.0,0.0,0.0,0.0,0.0,0.0,1.0,0,0
1788YKDPINK-4XL,1.0,0.0,0.0,0.0,0.0,0.0,1.0,0,0
1788YKDPINK-5XL,1.0,0.0,0.0,0.0,0.0,0.0,1.0,0,0
1788YKDPINK-L,15.0,4.0,3.0,0.0,0.0,3.0,18.0,0,0
1788YKDPINK-M,25.0,3.0,1.0,0.0,0.0,1.0,26.0,0,0
1788YKDPINK-S,21.0,3.0,3.0,0.0,0.0,3.0,24.0,0,0
1788YKDPINK-XL,10.0,2.0,2.0,0.0,0.0,2.0,12.0,0,0
1788YKDPINK-XXL,4.0,1.0,1.0,0.0,0.0,1.0,5.0,0,0
1789YKDLAVENDER-3XL,1.0,0.0,0.0,0.0,0.0,0.0,1.0,0,0
1789YKDLAVENDER-L,1.0,0.0,0.0,0.0,0.0,0.0,1.0,0,0
1789YKDLAVENDER-M,20.0,3.0,2.0,0.0,0.0,2.0,22.0,0,0
1789YKDLAVENDER-S,20.0,3.0,2.0,0.0,0.0,2.0,22.0,0,0
1789YKDLAVENDER-XL,3.0,2.0,0.0,0.0,0.0,0.0,3.0,0,0
1789YKDLAVENDER-XXL,12.0,2.0,5.0,0.0,0.0,5.0,17.0,0,0
1790YKDGREY-3XL,31.0,5.0,8.0,0.0,0.0,8.0,39.0,0,0
1790YKDGREY-4XL,44.0,7.0,8.0,0.0,0.0,8.0,52.0,0,0
1790YKDGREY-5XL,20.0,5.0,10.0,0.0,0.0,10.0,30.0,0,0
1790YKDGREY-L,49.0,5.0,2.0,0.0,0.0,2.0,51.0,0,0
1790YKDGREY-M,50.0,6.0,7.0,0.0,0.0,7.0,57.0,0,0
1790YKDGREY-S,3.0,3.0,0.0,0.0,0.0,0.0,3.0,0,0
1790YKDGREY-XL,41.0,6.0,2.0,0.0,0.0,2.0,43.0,0,0
1790YKDGREY-XXL,34.0,6.0,15.0,0.0,0.0,15.0,49.0,0,0
1793YKDLAVENDER-3XL,9.0,5.0,4.0,0.0,0.0,4.0,13.0,0,0
1793YKDLAVENDER-4XL,42.0,2.0,2.0,0.0,0.0,2.0,44.0,0,0
1793YKDLAVENDER-5XL,11.0,5.0,13.0,0.0,0.0,13.0,24.0,0,0
1793YKDLAVENDER-XXL,37.0,5.0,6.0,0.0,0.0,6.0,43.0,0,0
1795YKDBLACK-L,8.0,2.0,0.0,0.0,0.0,0.0,8.0,0,0
1795YKDBLACK-M,2.0,2.0,0.0,0.0,0.0,0.0,2.0,0,0
1795YKDBLACK-S,2.0,2.0,0.0,0.0,0.0,0.0,2.0,0,0
1795YKDBLACK-XL,13.0,2.0,0.0,0.0,0.0,0.0,13.0,0,0
1795YKDBLACK-XS,12.0,2.0,3.0,0.0,0.0,3.0,15.0,0,0
1796YKBLACK-3XL,12.0,4.0,7.0,0.0,0.0,7.0,19.0,0,0
1796YKBLACK-4XL,4.0,2.0,7.0,0.0,0.0,13.0,17.0,6,0
1796YKBLACK-5XL,0.0,0.0,0.0,0.0,0.0,2.0,2.0,2,0
1796YKBLACK-XXL,18.0,3.0,4.0,0.0,0.0,4.0,22.0,0,0
1797YKBROWN-3XL,22.0,5.0,7.0,0.0,0.0,7.0,29.0,0,0
1797YKBROWN-4XL,19.0,5.0,14.0,0.0,0.0,18.0,37.0,4,0
1797YKBROWN-5XL,22.0,4.0,4.0,0.0,0.0,4.0,26.0,0,0
1797YKBROWN-L,13.0,6.0,9.0,0.0,0.0,9.0,22.0,0,0
1797YKBROWN-M,24.0,7.0,21.0,0.0,0.0,21.0,45.0,0,0
1797YKBROWN-S,29.0,5.0,6.0,0.0,0.0,6.0,35.0,0,0
1797YKBROWN-XL,14.0,7.0,11.0,0.0,0.0,11.0,25.0,0,0
1797YKBROWN-XXL,21.0,9.0,3.0,1.0,0.0,4.0,25.0,0,0
1798YKBLACK-3XL,19.0,4.0,9.0,0.0,0.0,9.0,28.0,0,0
1798YKBLACK-4XL,19.0,5.0,5.0,0.0,0.0,5.0,24.0,0,0
1798YKBLACK-5XL,37.0,6.0,1.0,0.0,0.0,1.0,38.0,0,0
1798YKBLACK-L,7.0,5.0,3.0,0.0,0.0,5.0,12.0,2,0
1798YKBLACK-M,24.0,6.0,4.0,0.0,0.0,4.0,28.0,0,0
1798YKBLACK-S,17.0,4.0,3.0,0.0,0.0,3.0,20.0,0,0
1798YKBLACK-XL,21.0,7.0,6.0,0.0,0.0,6.0,27.0,0,0
1798YKBLACK-XXL,8.0,5.0,6.0,0.0,0.0,6.0,14.0,0,0
179YK295MULTI-3XL,20.0,11.0,10.0,0.0,0.0,18.0,38.0,8,0
179YK295MULTI-4XL,5.0,5.0,3.0,0.0,0.0,7.0,12.0,4,0
179YK295MULTI-5XL,24.0,10.0,22.0,0.0,3.0,25.0,49.0,0,0
179YK295MULTI-6XL,10.0,6.0,8.0,0.0,0.0,14.0,24.0,6,0
179YK295MULTI-7XL,11.0,5.0,0.0,0.0,0.0,2.0,13.0,2,0
179YK295MULTI-8XL,16.0,6.0,1.0,0.0,0.0,3.0,19.0,2,0
179YK295MULTI-L,33.0,7.0,24.0,0.0,0.0,24.0,57.0,0,0
179YK295MULTI-M,18.0,7.0,10.0,0.0,0.0,10.0,28.0,0,0
179YK295MULTI-S,28.0,3.0,5.0,0.0,0.0,5.0,33.0,0,0
179YK295MULTI-XL,16.0,10.0,11.0,0.0,0.0,11.0,27.0,0,0
179YK295MULTI-XS,20.0,3.0,7.0,0.0,0.0,7.0,27.0,0,0
179YK295MULTI-XXL,23.0,11.0,27.0,0.0,0.0,35.0,58.0,8,0
1800YKDBLUE-3XL,54.0,3.0,2.0,0.0,0.0,2.0,56.0,0,0
1800YKDBLUE-4XL,79.0,2.0,4.0,0.0,0.0,4.0,83.0,0,0
1800YKDBLUE-5XL,46.0,2.0,2.0,0.0,0.0,2.0,48.0,0,0
1800YKDBLUE-L,43.0,3.0,3.0,0.0,0.0,3.0,46.0,0,0
1800YKDBLUE-M,37.0,7.0,3.0,0.0,0.0,3.0,40.0,0,0
1800YKDBLUE-S,29.0,2.0,0.0,0.0,0.0,0.0,29.0,0,0
1800YKDBLUE-XL,28.0,3.0,8.0,0.0,0.0,8.0,36.0,0,0
1800YKDBLUE-XXL,40.0,4.0,4.0,0.0,0.0,4.0,44.0,0,0
1803YKBLUE-L,2.0,2.0,1.0,0.0,0.0,1.0,3.0,0,0
1803YKBLUE-S,4.0,1.0,2.0,0.0,0.0,2.0,6.0,0,0
1803YKBLUE-XS,4.0,1.0,3.0,0.0,0.0,3.0,7.0,0,0
1806YKPINK-3XL,9.0,4.0,6.0,0.0,0.0,6.0,15.0,0,0
1806YKPINK-4XL,23.0,4.0,9.0,0.0,0.0,9.0,32.0,0,0
1806YKPINK-5XL,1.0,0.0,7.0,0.0,0.0,14.0,15.0,7,0
1806YKPINK-L,0.0,0.0,9.0,0.0,0.0,13.0,13.0,4,0
1806YKPINK-M,9.0,3.0,4.0,0.0,0.0,4.0,13.0,0,0
1806YKPINK-S,15.0,3.0,6.0,0.0,0.0,6.0,21.0,0,0
1806YKPINK-XL,0.0,0.0,6.0,0.0,0.0,10.0,10.0,4,0
1806YKPINK-XS,2.0,0.0,0.0,0.0,0.0,0.0,2.0,0,0
1806YKPINK-XXL,1.0,1.0,8.0,0.0,0.0,10.0,11.0,2,0
1808YKDGREEN-L,2.0,1.0,0.0,0.0,0.0,0.0,2.0,0,0
1808YKDGREEN-M,2.0,2.0,0.0,0.0,0.0,0.0,2.0,0,0
1808YKDGREEN-S,1.0,1.0,1.0,0.0,0.0,1.0,2.0,0,0
1808YKDGREEN-XL,2.0,2.0,0.0,0.0,0.0,0.0,2.0,0,0
1808YKDGREEN-XXL,2.0,2.0,4.0,0.0,0.0,4.0,6.0,0,0
1809YKDYELLOW-3XL,1.0,0.0,2.0,0.0,0.0,7.0,8.0,5,0
1809YKDYELLOW-4XL,14.0,6.0,8.0,0.0,0.0,8.0,22.0,0,0
1809YKDYELLOW-5XL,11.0,3.0,4.0,0.0,0.0,4.0,15.0,0,0
1809YKDYELLOW-6XL,5.0,2.0,1.0,0.0,0.0,1.0,6.0,0,0
1809YKDYELLOW-7XL,7.0,2.0,2.0,0.0,0.0,2.0,9.0,0,0
1809YKDYELLOW-8XL,12.0,3.0,3.0,0.0,0.0,3.0,15.0,0,0
1809YKDYELLOW-L,1.0,1.0,3.0,0.0,0.0,5.0,6.0,2,0
1809YKDYELLOW-M,12.0,2.0,7.0,0.0,0.0,7.0,19.0,0,0
1809YKDYELLOW-S,45.0,4.0,3.0,0.0,0.0,3.0,48.0,0,0
1809YKDYELLOW-XS,22.0,4.0,3.0,0.0,0.0,3.0,25.0,0,0
1809YKDYELLOW-XXL,2.0,2.0,6.0,0.0,0.0,12.0,14.0,6,0
1815YKBLACK-3XL,102.0,4.0,10.0,0.0,0.0,11.0,113.0,0,1
1815YKBLACK-4XL,69.0,3.0,16.0,0.0,0.0,16.0,85.0,0,0
1815YKBLACK-5XL,71.0,11.0,11.0,0.0,0.0,11.0,82.0,0,0
1815YKBLACK-6XL,27.0,4.0,4.0,0.0,0.0,8.0,35.0,4,0
1815YKBLACK-7XL,39.0,4.0,6.0,0.0,0.0,6.0,45.0,0,0
1815YKBLACK-8XL,31.0,4.0,4.0,0.0,0.0,4.0,35.0,0,0
1815YKBLACK-L,36.0,5.0,6.0,0.0,0.0,6.0,42.0,0,0
1815YKBLACK-M,63.0,6.0,6.0,0.0,0.0,6.0,69.0,0,0
1815YKBLACK-S,33.0,6.0,6.0,0.0,0.0,6.0,39.0,0,0
1815YKBLACK-XL,38.0,5.0,10.0,0.0,0.0,10.0,48.0,0,0
1815YKBLACK-XS,26.0,3.0,3.0,0.0,0.0,3.0,29.0,0,0
1815YKBLACK-XXL,67.0,4.0,13.0,0.0,0.0,13.0,80.0,0,0
1817YKPURPLE-3XL,47.0,5.0,4.0,2.0,0.0,28.0,75.0,0,22
1817YKPURPLE-4XL,77.0,7.0,8.0,1.0,0.0,47.0,124.0,4,34
1817YKPURPLE-5XL,102.0,4.0,14.0,0.0,0.0,71.0,173.0,4,53
1817YKPURPLE-6XL,28.0,2.0,7.0,2.0,0.0,17.0,45.0,2,6
1817YKPURPLE-7XL,24.0,5.0,0.0,1.0,0.0,5.0,29.0,0,4
1817YKPURPLE-8XL,20.0,4.0,3.0,0.0,0.0,17.0,37.0,2,12
1817YKPURPLE-L,101.0,4.0,12.0,0.0,0.0,54.0,155.0,6,36
1817YKPURPLE-M,96.0,2.0,7.0,0.0,0.0,40.0,136.0,0,33
1817YKPURPLE-S,35.0,3.0,2.0,1.0,0.0,14.0,49.0,0,11
1817YKPURPLE-XL,74.0,3.0,16.0,0.0,0.0,41.0,115.0,0,25
1817YKPURPLE-XXL,52.0,5.0,32.0,0.0,0.0,50.0,102.0,6,12
1819YKNAVY-3XL,36.0,2.0,6.0,0.0,0.0,6.0,42.0,0,0
1819YKNAVY-4XL,46.0,2.0,4.0,0.0,0.0,6.0,52.0,2,0
1819YKNAVY-5XL,21.0,4.0,5.0,0.0,0.0,5.0,26.0,0,0
1819YKNAVY-L,1.0,1.0,31.0,0.0,0.0,31.0,32.0,0,0
1819YKNAVY-M,46.0,5.0,15.0,0.0,0.0,15.0,61.0,0,0
1819YKNAVY-S,19.0,2.0,11.0,0.0,0.0,11.0,30.0,0,0
1819YKNAVY-XL,17.0,3.0,12.0,0.0,0.0,12.0,29.0,0,0
1819YKNAVY-XXL,29.0,3.0,14.0,0.0,0.0,14.0,43.0,0,0
1820YKGREY-5XL,1.0,0.0,0.0,0.0,0.0,0.0,1.0,0,0
1821YKMULTI-M,2.0,0.0,0.0,0.0,0.0,0.0,2.0,0,0
1822YKYELLOW-3XL,1.0,0.0,0.0,0.0,0.0,0.0,1.0,0,0
1822YKYELLOW-6XL,1.0,0.0,0.0,0.0,0.0,0.0,1.0,0,0
1822YKYELLOW-L,9.0,3.0,0.0,0.0,0.0,0.0,9.0,0,0
1822YKYELLOW-M,8.0,5.0,0.0,0.0,0.0,0.0,8.0,0,0
1822YKYELLOW-XL,1.0,0.0,0.0,0.0,0.0,0.0,1.0,0,0
1822YKYELLOW-XXL,5.0,1.0,0.0,0.0,0.0,0.0,5.0,0,0
1824YKMULTI-XXL,1.0,0.0,0.0,0.0,0.0,0.0,1.0,0,0
1825YKGREY-L,1.0,0.0,0.0,0.0,0.0,0.0,1.0,0,0
1825YKGREY-M,3.0,0.0,0.0,0.0,0.0,0.0,3.0,0,0
1827YKPINK-3XL,1.0,0.0,0.0,0.0,0.0,0.0,1.0,0,0
1827YKPINK-5XL,2.0,0.0,0.0,0.0,0.0,0.0,2.0,0,0
1827YKPINK-6XL,1.0,0.0,0.0,0.0,0.0,0.0,1.0,0,0
1827YKPINK-7XL,1.0,0.0,0.0,0.0,0.0,0.0,1.0,0,0
1827YKPINK-L,1.0,1.0,0.0,0.0,0.0,0.0,1.0,0,0
1827YKPINK-M,2.0,1.0,0.0,0.0,0.0,0.0,2.0,0,0
1828YKBLUE-5XL,1.0,0.0,0.0,0.0,0.0,0.0,1.0,0,0
1828YKBLUE-L,7.0,5.0,0.0,0.0,0.0,0.0,7.0,0,0
1828YKBLUE-M,4.0,3.0,0.0,0.0,0.0,0.0,4.0,0,0
1828YKBLUE-XL,2.0,0.0,0.0,0.0,0.0,0.0,2.0,0,0
1828YKBLUE-XXL,1.0,1.0,0.0,0.0,0.0,0.0,1.0,0,0
1829YKORANGE-M,2.0,0.0,0.0,0.0,0.0,0.0,2.0,0,0
182YK305MUSTARD-M,1.0,0.0,0.0,0.0,0.0,0.0,1.0,0,0
182YK305MUSTARD-S,3.0,2.0,0.0,0.0,0.0,0.0,3.0,0,0
1831YKRED-L,4.0,2.0,0.0,0.0,0.0,0.0,4.0,0,0
1831YKRED-M,7.0,4.0,0.0,0.0,0.0,0.0,7.0,0,0
1831YKRED-XL,4.0,2.0,0.0,0.0,0.0,0.0,4.0,0,0
1831YKRED-XXL,2.0,1.0,0.0,0.0,0.0,0.0,2.0,0,0
1832YKGREEN-M,3.0,0.0,0.0,0.0,0.0,0.0,3.0,0,0
1834YKPINK-L,33.0,2.0,1.0,0.0,0.0,1.0,34.0,0,0
1834YKPINK-M,29.0,2.0,0.0,0.0,0.0,0.0,29.0,0,0
1834YKPINK-S,32.0,2.0,1.0,0.0,0.0,1.0,33.0,0,0
1834YKPINK-XS,26.0,2.0,1.0,0.0,0.0,1.0,27.0,0,0
1836YKORANGE-3XL,3.0,2.0,0.0,0.0,0.0,0.0,3.0,0,0
1836YKORANGE-4XL,2.0,2.0,0.0,0.0,0.0,0.0,2.0,0,0
1836YKORANGE-L,17.0,3.0,4.0,0.0,0.0,4.0,21.0,0,0
1836YKORANGE-M,13.0,1.0,0.0,0.0,0.0,0.0,13.0,0,0
1836YKORANGE-S,2.0,0.0,1.0,0.0,0.0,3.0,5.0,2,0
1836YKORANGE-XL,15.0,2.0,2.0,0.0,0.0,2.0,17.0,0,0
1836YKORANGE-XXL,23.0,4.0,2.0,0.0,0.0,2.0,25.0,0,0
1841YKBLACK-L,1.0,1.0,0.0,0.0,0.0,0.0,1.0,0,0
1841YKBLACK-M,1.0,1.0,0.0,0.0,0.0,0.0,1.0,0,0
1841YKBLACK-S,2.0,2.0,0.0,0.0,0.0,0.0,2.0,0,0
1841YKBLACK-XS,36.0,4.0,2.0,0.0,0.0,2.0,38.0,0,0
1843YKOFFWHITE-L,31.0,4.0,3.0,0.0,0.0,3.0,34.0,0,0
1843YKOFFWHITE-M,44.0,4.0,0.0,0.0,0.0,0.0,44.0,0,0
1843YKOFFWHITE-S,39.0,4.0,1.0,0.0,0.0,1.0,40.0,0,0
1843YKOFFWHITE-XL,6.0,3.0,1.0,0.0,0.0,1.0,7.0,0,0
1843YKOFFWHITE-XS,53.0,4.0,1.0,0.0,0.0,1.0,54.0,0,0
1844YKMULTI-L,3.0,1.0,1.0,0.0,0.0,1.0,4.0,0,0
1844YKMULTI-M,5.0,4.0,1.0,0.0,0.0,1.0,6.0,0,0
1844YKMULTI-S,12.0,6.0,3.0,0.0,0.0,3.0,15.0,0,0
1844YKMULTI-XS,25.0,5.0,1.0,0.0,0.0,1.0,26.0,0,0
1846YKWHITE-L,54.0,1.0,0.0,0.0,0.0,0.0,54.0,0,0
1846YKWHITE-M,60.0,2.0,1.0,0.0,0.0,1.0,61.0,0,0
1846YKWHITE-S,50.0,2.0,2.0,0.0,0.0,2.0,52.0,0,0
1846YKWHITE-XL,13.0,4.0,4.0,0.0,0.0,4.0,17.0,0,0
1846YKWHITE-XS,60.0,2.0,2.0,0.0,0.0,2.0,62.0,0,0
1849YKMULTI-L,1.0,0.0,0.0,0.0,0.0,2.0,3.0,2,0
1849YKMULTI-M,6.0,2.0,1.0,0.0,0.0,1.0,7.0,0,0
1849YKMULTI-S,13.0,2.0,6.0,0.0,0.0,6.0,19.0,0,0
1849YKMULTI-XL,1.0,0.0,0.0,0.0,0.0,0.0,1.0,0,0
184YK300BLACK-M,1.0,0.0,0.0,0.0,0.0,0.0,1.0,0,0
184YK300BLACK-S,1.0,0.0,0.0,0.0,0.0,0.0,1.0,0,0
1851YKBROWN-M,1.0,1.0,0.0,0.0,0.0,0.0,1.0,0,0
1851YKBROWN-S,2.0,1.0,1.0,0.0,0.0,3.0,5.0,2,0
1852YKGREY-L,56.0,3.0,1.0,0.0,0.0,1.0,57.0,0,0
1852YKGREY-M,58.0,2.0,4.0,0.0,0.0,4.0,62.0,0,0
1852YKGREY-S,67.0,2.0,4.0,0.0,0.0,4.0,71.0,0,0
1852YKGREY-XL,19.0,3.0,0.0,0.0,0.0,0.0,19.0,0,0
1852YKGREY-XS,67.0,2.0,2.0,0.0,0.0,2.0,69.0,0,0
1854YKYELLOW-L,1.0,0.0,0.0,0.0,0.0,0.0,1.0,0,0
1854YKYELLOW-M,2.0,1.0,0.0,0.0,0.0,0.0,2.0,0,0
1855YKPINK-L,1.0,1.0,0.0,0.0,0.0,0.0,1.0,0,0
1855YKPINK-M,3.0,2.0,0.0,0.0,0.0,0.0,3.0,0,0
1855YKPINK-XL,2.0,2.0,0.0,0.0,0.0,0.0,2.0,0,0
1855YKPINK-XXL,1.0,1.0,0.0,0.0,0.0,0.0,1.0,0,0
1856YKPEACH-6XL,1.0,0.0,0.0,0.0,0.0,0.0,1.0,0,0
1856YKPEACH-L,1.0,0.0,0.0,0.0,0.0,0.0,1.0,0,0
1857YKGREEN-3XL,1.0,0.0,0.0,0.0,0.0,0.0,1.0,0,0
1857YKGREEN-L,1.0,0.0,0.0,0.0,0.0,0.0,1.0,0,0
1857YKGREEN-M,5.0,2.0,0.0,0.0,0.0,0.0,5.0,0,0
1857YKGREEN-XXL,3.0,2.0,0.0,0.0,0.0,0.0,3.0,0,0
1858YKBLUE-L,1.0,0.0,0.0,0.0,0.0,0.0,1.0,0,0
1858YKBLUE-M,3.0,1.0,0.0,0.0,0.0,0.0,3.0,0,0
1858YKBLUE-XL,1.0,0.0,0.0,0.0,0.0,0.0,1.0,0,0
1858YKBLUE-XXL,2.0,2.0,0.0,0.0,0.0,0.0,2.0,0,0
185YK302BLUE-3XL,27.0,9.0,23.0,0.0,0.0,23.0,50.0,0,0
185YK302BLUE-4XL,39.0,9.0,19.0,0.0,2.0,21.0,60.0,0,0
185YK302BLUE-5XL,23.0,6.0,22.0,0.0,0.0,22.0,45.0,0,0
185YK302BLUE-6XL,10.0,5.0,15.0,0.0,0.0,19.0,29.0,4,0
185YK302BLUE-7XL,28.0,3.0,6.0,0.0,0.0,6.0,34.0,0,0
185YK302BLUE-8XL,31.0,7.0,7.0,0.0,0.0,7.0,38.0,0,0
185YK302BLUE-L,7.0,4.0,7.0,0.0,0.0,7.0,14.0,0,0
185YK302BLUE-M,19.0,5.0,12.0,0.0,0.0,12.0,31.0,0,0
185YK302BLUE-S,46.0,6.0,8.0,0.0,0.0,8.0,54.0,0,0
185YK302BLUE-XL,36.0,5.0,18.0,0.0,0.0,18.0,54.0,0,0
185YK302BLUE-XS,15.0,5.0,2.0,0.0,0.0,2.0,17.0,0,0
185YK302BLUE-XXL,42.0,9.0,21.0,2.0,0.0,23.0,65.0,0,0
1860YKGREEN-L,1.0,0.0,0.0,0.0,0.0,0.0,1.0,0,0
1860YKGREEN-M,2.0,0.0,0.0,0.0,0.0,0.0,2.0,0,0
1862YKLAVENDER-L,68.0,3.0,5.0,0.0,0.0,5.0,73.0,0,0
1862YKLAVENDER-M,73.0,2.0,1.0,0.0,0.0,1.0,74.0,0,0
1862YKLAVENDER-S,30.0,3.0,4.0,0.0,0.0,4.0,34.0,0,0
1862YKLAVENDER-XL,64.0,2.0,3.0,0.0,0.0,3.0,67.0,0,0
1862YKLAVENDER-XXL,78.0,2.0,1.0,0.0,0.0,1.0,79.0,0,0
1863YKMAROON-L,2.0,1.0,2.0,0.0,0.0,4.0,6.0,2,0
1863YKMAROON-M,11.0,4.0,1.0,0.0,0.0,1.0,12.0,0,0
1863YKMAROON-S,71.0,6.0,1.0,0.0,0.0,1.0,72.0,0,0
1863YKMAROON-XL,9.0,3.0,2.0,0.0,0.0,2.0,11.0,0,0
1863YKMAROON-XXL,37.0,3.0,3.0,0.0,0.0,3.0,40.0,0,0
1865YKSKYBLUE-S,3.0,2.0,0.0,0.0,0.0,0.0,3.0,0,0
1866YKGREEN-L,2.0,1.0,0.0,0.0,0.0,2.0,4.0,2,0
1866YKGREEN-M,7.0,6.0,4.0,0.0,0.0,6.0,13.0,2,0
1866YKGREEN-S,29.0,5.0,3.0,0.0,0.0,3.0,32.0,0,0
1866YKGREEN-XL,3.0,2.0,0.0,0.0,0.0,4.0,7.0,4,0
1866YKGREEN-XXL,1.0,1.0,1.0,0.0,0.0,5.0,6.0,4,0
1867YKRED-L,20.0,5.0,8.0,0.0,0.0,8.0,28.0,0,0
1867YKRED-M,24.0,7.0,7.0,0.0,0.0,7.0,31.0,0,0
1867YKRED-S,18.0,5.0,3.0,0.0,0.0,3.0,21.0,0,0
1867YKRED-XL,3.0,2.0,5.0,0.0,0.0,9.0,12.0,4,0
1867YKRED-XXL,5.0,6.0,10.0,0.0,0.0,10.0,15.0,0,0
1868YKBROWN-L,1.0,0.0,8.0,0.0,0.0,16.0,17.0,8,0
1868YKBROWN-M,1.0,1.0,0.0,0.0,0.0,4.0,5.0,4,0
1868YKBROWN-S,0.0,0.0,3.0,0.0,0.0,7.0,7.0,4,0
1868YKBROWN-XL,1.0,0.0,0.0,0.0,0.0,2.0,3.0,2,0
1868YKBROWN-XXL,0.0,0.0,0.0,0.0,0.0,4.0,4.0,4,0
1869YKNAVYBLUE-M,4.0,1.0,0.0,0.0,0.0,0.0,4.0,0,0
1869YKNAVYBLUE-S,2.0,1.0,0.0,0.0,0.0,0.0,2.0,0,0
186YK303YELLOW-XXL,1.0,0.0,0.0,0.0,0.0,0.0,1.0,0,0
1870YKBLUE-M,1.0,1.0,0.0,0.0,0.0,0.0,1.0,0,0
1870YKBLUE-S,1.0,0.0,0.0,0.0,0.0,0.0,1.0,0,0
1871YKBLUE-L,0.0,0.0,0.0,0.0,0.0,2.0,2.0,2,0
1871YKBLUE-M,11.0,5.0,3.0,0.0,0.0,3.0,14.0,0,0
1871YKBLUE-S,14.0,5.0,3.0,0.0,0.0,3.0,17.0,0,0
1871YKBLUE-XL,3.0,2.0,0.0,0.0,0.0,0.0,3.0,0,0
1873YKSKYBLUE-F,9.0,8.0,6.0,0.0,0.0,6.0,15.0,0,0
1874YKMUSTARD-M,5.0,2.0,10.0,0.0,0.0,10.0,15.0,0,0
1874YKMUSTARD-S,3.0,2.0,0.0,0.0,0.0,0.0,3.0,0,0
1875YKDWHITE-3XL,2.0,0.0,0.0,0.0,0.0,0.0,2.0,0,0
1875YKDWHITE-4XL,0.0,0.0,4.0,0.0,0.0,10.0,10.0,6,0
1875YKDWHITE-5XL,0.0,0.0,0.0,0.0,0.0,2.0,2.0,2,0
1875YKDWHITE-8XL,2.0,2.0,0.0,0.0,0.0,0.0,2.0,0,0
1875YKDWHITE-L,2.0,0.0,4.0,0.0,0.0,4.0,6.0,0,0
1875YKDWHITE-M,3.0,1.0,1.0,0.0,0.0,3.0,6.0,2,0
1875YKDWHITE-S,4.0,2.0,3.0,0.0,0.0,5.0,9.0,2,0
1875YKDWHITE-XXL,0.0,0.0,1.0,0.0,0.0,3.0,3.0,2,0
1875YKMAROON-6XL,3.0,0.0,0.0,0.0,0.0,0.0,3.0,0,0
1875YKMAROON-7XL,5.0,0.0,0.0,0.0,0.0,0.0,5.0,0,0
1875YKMAROON-8XL,5.0,0.0,0.0,0.0,0.0,0.0,5.0,0,0
1875YKMAROON-XXL,4.0,0.0,0.0,0.0,0.0,0.0,4.0,0,0
1876YKMAROON-L,48.0,2.0,1.0,2.0,0.0,4.0,52.0,1,0
1876YKMAROON-M,56.0,7.0,1.0,3.0,0.0,5.0,61.0,1,0
1876YKMAROON-S,20.0,2.0,1.0,1.0,0.0,3.0,23.0,1,0
1876YKMAROON-XL,44.0,4.0,2.0,5.0,0.0,9.0,53.0,2,0
1876YKMAROON-XXL,40.0,7.0,1.0,2.0,0.0,4.0,44.0,1,0
1877YKSKYBLUE-L,26.0,3.0,1.0,0.0,0.0,1.0,27.0,0,0
1877YKSKYBLUE-M,28.0,2.0,2.0,0.0,0.0,2.0,30.0,0,0
1877YKSKYBLUE-S,38.0,3.0,3.0,0.0,0.0,3.0,41.0,0,0
1877YKSKYBLUE-XL,26.0,2.0,5.0,0.0,0.0,5.0,31.0,0,0
1877YKSKYBLUE-XXL,24.0,2.0,2.0,0.0,0.0,2.0,26.0,0,0
1878YKPINK-3XL,39.0,5.0,1.0,0.0,0.0,1.0,40.0,0,0
1878YKPINK-4XL,8.0,3.0,4.0,0.0,0.0,4.0,12.0,0,0
1878YKPINK-5XL,1.0,0.0,0.0,0.0,0.0,0.0,1.0,0,0
1878YKPINK-XXL,48.0,3.0,4.0,0.0,0.0,4.0,52.0,0,0
1879YKSKYBLUE-3XL,45.0,4.0,1.0,0.0,0.0,1.0,46.0,0,0
1879YKSKYBLUE-4XL,41.0,3.0,0.0,0.0,0.0,0.0,41.0,0,0
1879YKSKYBLUE-5XL,0.0,0.0,3.0,0.0,0.0,3.0,3.0,0,0
1879YKSKYBLUE-XXL,54.0,3.0,0.0,0.0,0.0,0.0,54.0,0,0
187YK304PINK-L,1.0,0.0,0.0,0.0,0.0,0.0,1.0,0,0
187YK304PINK-S,1.0,0.0,0.0,0.0,0.0,0.0,1.0,0,0
1881YKMAROON-3XL,1.0,1.0,0.0,0.0,0.0,0.0,1.0,0,0
1881YKMAROON-4XL,2.0,2.0,2.0,0.0,0.0,2.0,4.0,0,0
1881YKMAROON-5XL,2.0,2.0,4.0,0.0,0.0,4.0,6.0,0,0
1881YKMAROON-6XL,9.0,5.0,2.0,0.0,0.0,2.0,11.0,0,0
1881YKMAROON-7XL,7.0,3.0,4.0,0.0,0.0,4.0,11.0,0,0
1881YKMAROON-8XL,10.0,2.0,5.0,0.0,0.0,5.0,15.0,0,0
1881YKMAROON-L,15.0,4.0,2.0,0.0,0.0,2.0,17.0,0,0
1881YKMAROON-M,42.0,3.0,1.0,0.0,0.0,1.0,43.0,0,0
1881YKMAROON-S,44.0,3.0,3.0,0.0,1.0,4.0,48.0,0,0
1881YKMAROON-XL,4.0,3.0,4.0,0.0,0.0,4.0,8.0,0,0
1881YKMAROON-XXL,2.0,2.0,1.0,0.0,0.0,1.0,3.0,0,0
1882YKBROWN-3XL,9.0,4.0,4.0,0.0,0.0,4.0,13.0,0,0
1882YKBROWN-4XL,3.0,2.0,2.0,0.0,0.0,2.0,5.0,0,0
1882YKBROWN-5XL,2.0,2.0,1.0,0.0,0.0,1.0,3.0,0,0
1882YKBROWN-L,7.0,4.0,2.0,0.0,0.0,2.0,9.0,0,0
1882YKBROWN-M,2.0,2.0,1.0,0.0,1.0,2.0,4.0,0,0
1882YKBROWN-S,3.0,3.0,1.0,0.0,0.0,1.0,4.0,0,0
1882YKBROWN-XL,3.0,3.0,1.0,0.0,0.0,1.0,4.0,0,0
1882YKBROWN-XXL,8.0,4.0,0.0,0.0,0.0,0.0,8.0,0,0
1883YKPURPLE-3XL,113.0,6.0,14.0,1.0,0.0,15.0,128.0,0,0
1883YKPURPLE-4XL,93.0,6.0,6.0,0.0,0.0,6.0,99.0,0,0
1883YKPURPLE-5XL,112.0,3.0,11.0,0.0,0.0,12.0,124.0,0,1
1883YKPURPLE-6XL,58.0,4.0,5.0,0.0,0.0,5.0,63.0,0,0
1883YKPURPLE-7XL,39.0,3.0,3.0,0.0,0.0,3.0,42.0,0,0
1883YKPURPLE-8XL,58.0,5.0,4.0,0.0,0.0,4.0,62.0,0,0
1883YKPURPLE-L,74.0,5.0,7.0,2.0,0.0,9.0,83.0,0,0
1883YKPURPLE-M,39.0,4.0,0.0,1.0,0.0,1.0,40.0,0,0
1883YKPURPLE-S,58.0,5.0,5.0,0.0,0.0,5.0,63.0,0,0
1883YKPURPLE-XL,65.0,3.0,6.0,0.0,0.0,6.0,71.0,0,0
1883YKPURPLE-XXL,99.0,3.0,5.0,0.0,0.0,5.0,104.0,0,0
1885YKPISTAGREEN-3XL,2.0,0.0,5.0,0.0,0.0,7.0,9.0,2,0
1885YKPISTAGREEN-4XL,13.0,4.0,9.0,1.0,0.0,10.0,23.0,0,0
1885YKPISTAGREEN-5XL,8.0,5.0,2.0,0.0,0.0,2.0,10.0,0,0
1885YKPISTAGREEN-6XL,5.0,0.0,0.0,0.0,0.0,0.0,5.0,0,0
1885YKPISTAGREEN-L,19.0,5.0,15.0,2.0,0.0,19.0,38.0,2,0
1885YKPISTAGREEN-M,30.0,4.0,9.0,3.0,0.0,13.0,43.0,1,0
1885YKPISTAGREEN-S,1.0,0.0,0.0,0.0,0.0,0.0,1.0,0,0
1885YKPISTAGREEN-XL,2.0,0.0,11.0,2.0,0.0,20.0,22.0,7,0
1885YKPISTAGREEN-XXL,0.0,0.0,4.0,0.0,0.0,11.0,11.0,7,0
1886YKLAVENDER-3XL,10.0,2.0,1.0,0.0,0.0,1.0,11.0,0,0
1886YKLAVENDER-4XL,2.0,1.0,5.0,0.0,0.0,5.0,7.0,0,0
1886YKLAVENDER-5XL,9.0,3.0,6.0,0.0,0.0,6.0,15.0,0,0
1886YKLAVENDER-6XL,1.0,0.0,0.0,0.0,0.0,0.0,1.0,0,0
1886YKLAVENDER-7XL,3.0,3.0,2.0,0.0,0.0,4.0,7.0,2,0
1886YKLAVENDER-L,16.0,3.0,6.0,0.0,0.0,6.0,22.0,0,0
1886YKLAVENDER-M,37.0,4.0,1.0,0.0,0.0,1.0,38.0,0,0
1886YKLAVENDER-S,12.0,3.0,2.0,0.0,0.0,2.0,14.0,0,0
1886YKLAVENDER-XL,3.0,1.0,0.0,0.0,0.0,2.0,5.0,2,0
1886YKLAVENDER-XS,7.0,3.0,2.0,0.0,0.0,2.0,9.0,0,0
1886YKLAVENDER-XXL,2.0,1.0,0.0,0.0,0.0,0.0,2.0,0,0
1887YKBLACK-3XL,26.0,6.0,16.0,0.0,0.0,24.0,50.0,8,0
1887YKBLACK-4XL,34.0,3.0,22.0,0.0,0.0,22.0,56.0,0,0
1887YKBLACK-5XL,2.0,2.0,12.0,0.0,2.0,16.0,18.0,2,0
1887YKBLACK-6XL,15.0,3.0,5.0,0.0,0.0,5.0,20.0,0,0
1887YKBLACK-7XL,10.0,3.0,3.0,0.0,0.0,7.0,17.0,4,0
1887YKBLACK-8XL,1.0,0.0,1.0,0.0,0.0,5.0,6.0,4,0
1887YKBLACK-L,12.0,6.0,8.0,1.0,0.0,13.0,25.0,4,0
1887YKBLACK-M,2.0,2.0,16.0,0.0,0.0,16.0,18.0,0,0
1887YKBLACK-S,14.0,5.0,5.0,1.0,0.0,8.0,22.0,2,0
1887YKBLACK-XL,43.0,7.0,12.0,0.0,2.0,32.0,75.0,18,0
1887YKBLACK-XS,3.0,0.0,0.0,0.0,0.0,0.0,3.0,0,0
1887YKBLACK-XXL,16.0,7.0,19.0,3.0,0.0,22.0,38.0,0,0
1888YKPURPLE-3XL,22.0,5.0,18.0,0.0,0.0,18.0,40.0,0,0
1888YKPURPLE-4XL,46.0,4.0,8.0,0.0,0.0,8.0,54.0,0,0
1888YKPURPLE-5XL,24.0,5.0,8.0,0.0,0.0,8.0,32.0,0,0
1888YKPURPLE-6XL,8.0,6.0,7.0,0.0,0.0,7.0,15.0,0,0
1888YKPURPLE-7XL,17.0,5.0,8.0,0.0,0.0,8.0,25.0,0,0
1888YKPURPLE-8XL,15.0,3.0,2.0,0.0,0.0,2.0,17.0,0,0
1888YKPURPLE-L,7.0,3.0,5.0,0.0,1.0,8.0,15.0,2,0
1888YKPURPLE-M,14.0,6.0,9.0,0.0,0.0,9.0,23.0,0,0
1888YKPURPLE-S,16.0,5.0,5.0,0.0,0.0,5.0,21.0,0,0
1888YKPURPLE-XL,1.0,1.0,9.0,0.0,0.0,11.0,12.0,2,0
1888YKPURPLE-XXL,3.0,3.0,0.0,0.0,0.0,0.0,3.0,0,0
1889YKWHITE-3XL,13.0,4.0,8.0,0.0,0.0,8.0,21.0,0,0
1889YKWHITE-5XL,1.0,0.0,0.0,0.0,0.0,0.0,1.0,0,0
1889YKWHITE-L,2.0,2.0,0.0,0.0,0.0,0.0,2.0,0,0
1889YKWHITE-M,8.0,4.0,0.0,0.0,0.0,0.0,8.0,0,0
1889YKWHITE-S,3.0,1.0,2.0,0.0,0.0,2.0,5.0,0,0
188YK83NAVY-L,18.0,5.0,19.0,0.0,0.0,29.0,47.0,10,0
188YK83NAVY-M,17.0,7.0,22.0,6.0,5.0,41.0,58.0,8,0
188YK83NAVY-S,23.0,5.0,25.0,1.0,0.0,34.0,57.0,8,0
188YK83NAVY-XL,22.0,8.0,25.0,0.0,1.0,38.0,60.0,12,0
188YK83NAVY-XS,26.0,5.0,7.0,0.0,4.0,14.0,40.0,3,0
188YK83NAVY-XXL,8.0,5.0,25.0,0.0,0.0,35.0,43.0,10,0
1890YKMULTI-L,207.0,5.0,37.0,0.0,0.0,37.0,244.0,0,0
1890YKMULTI-M,189.0,10.0,40.0,0.0,0.0,40.0,229.0,0,0
1890YKMULTI-S,72.0,3.0,23.0,0.0,0.0,23.0,95.0,0,0
1890YKMULTI-XL,156.0,5.0,23.0,0.0,0.0,23.0,179.0,0,0
1890YKMULTI-XS,25.0,2.0,15.0,0.0,0.0,15.0,40.0,0,0
1891YKWHITE-L,11.0,3.0,0.0,0.0,0.0,0.0,11.0,0,0
1891YKWHITE-M,14.0,3.0,0.0,0.0,0.0,0.0,14.0,0,0
1891YKWHITE-S,18.0,3.0,0.0,0.0,0.0,0.0,18.0,0,0
1891YKWHITE-XS,15.0,3.0,0.0,0.0,0.0,0.0,15.0,0,0
1892YKMULTI-3XL,22.0,3.0,1.0,1.0,0.0,2.0,24.0,0,0
1892YKMULTI-4XL,23.0,4.0,5.0,3.0,0.0,8.0,31.0,0,0
1892YKMULTI-5XL,10.0,3.0,4.0,0.0,0.0,6.0,16.0,2,0
1892YKMULTI-6XL,8.0,2.0,0.0,1.0,0.0,1.0,9.0,0,0
1892YKMULTI-7XL,27.0,2.0,1.0,0.0,0.0,1.0,28.0,0,0
1892YKMULTI-8XL,19.0,4.0,0.0,0.0,0.0,0.0,19.0,0,0
1892YKMULTI-XL,20.0,3.0,5.0,0.0,0.0,7.0,27.0,2,0
1892YKMULTI-XXL,12.0,4.0,2.0,2.0,0.0,4.0,16.0,0,0
1893YKBLUE-3XL,3.0,1.0,2.0,0.0,0.0,2.0,5.0,0,0
1893YKBLUE-4XL,1.0,1.0,0.0,0.0,0.0,0.0,1.0,0,0
1893YKBLUE-5XL,0.0,0.0,2.0,0.0,0.0,6.0,6.0,4,0
1893YKBLUE-M,2.0,0.0,1.0,0.0,0.0,1.0,3.0,0,0
1893YKBLUE-S,5.0,3.0,4.0,0.0,0.0,4.0,9.0,0,0
1893YKBLUE-XL,2.0,0.0,0.0,0.0,0.0,0.0,2.0,0,0
1894YKGREEN-3XL,21.0,2.0,32.0,0.0,0.0,32.0,53.0,0,0
1894YKGREEN-4XL,1.0,1.0,30.0,0.0,0.0,30.0,31.0,0,0
1894YKGREEN-5XL,4.0,4.0,30.0,0.0,0.0,30.0,34.0,0,0
1894YKGREEN-L,11.0,4.0,12.0,2.0,0.0,14.0,25.0,0,0
1894YKGREEN-M,27.0,4.0,6.0,0.0,0.0,6.0,33.0,0,0
1894YKGREEN-S,16.0,2.0,12.0,3.0,0.0,15.0,31.0,0,0
1894YKGREEN-XL,9.0,8.0,14.0,0.0,0.0,14.0,23.0,0,0
1894YKGREEN-XXL,18.0,6.0,10.0,0.0,0.0,10.0,28.0,0,0
1895YKDGREY-3XL,30.0,5.0,21.0,0.0,0.0,21.0,51.0,0,0
1895YKDGREY-4XL,10.0,3.0,23.0,0.0,0.0,23.0,33.0,0,0
1895YKDGREY-5XL,11.0,7.0,45.0,0.0,0.0,45.0,56.0,0,0
1895YKDGREY-L,53.0,4.0,5.0,0.0,0.0,5.0,58.0,0,0
1895YKDGREY-M,50.0,3.0,7.0,0.0,0.0,7.0,57.0,0,0
1895YKDGREY-S,30.0,6.0,1.0,0.0,0.0,1.0,31.0,0,0
1895YKDGREY-XL,29.0,5.0,16.0,0.0,0.0,16.0,45.0,0,0
1895YKDGREY-XXL,13.0,7.0,7.0,0.0,0.0,7.0,20.0,0,0
1896YKBLUE-L,66.0,7.0,10.0,0.0,0.0,10.0,76.0,0,0
1896YKBLUE-M,60.0,3.0,2.0,0.0,0.0,2.0,62.0,0,0
1896YKBLUE-S,66.0,7.0,0.0,0.0,0.0,0.0,66.0,0,0
1896YKBLUE-XS,62.0,7.0,2.0,0.0,0.0,2.0,64.0,0,0
1897YKBLUE-3XL,42.0,5.0,6.0,0.0,0.0,6.0,48.0,0,0
1897YKBLUE-4XL,37.0,6.0,3.0,0.0,0.0,3.0,40.0,0,0
1897YKBLUE-5XL,25.0,6.0,5.0,0.0,0.0,5.0,30.0,0,0
1897YKBLUE-6XL,16.0,4.0,2.0,0.0,0.0,2.0,18.0,0,0
1897YKBLUE-7XL,16.0,4.0,4.0,0.0,0.0,4.0,20.0,0,0
1897YKBLUE-8XL,10.0,9.0,1.0,0.0,0.0,1.0,11.0,0,0
1897YKBLUE-M,1.0,0.0,0.0,0.0,0.0,0.0,1.0,0,0
1897YKBLUE-XL,16.0,5.0,0.0,0.0,0.0,0.0,16.0,0,0
1897YKBLUE-XXL,40.0,5.0,2.0,0.0,0.0,2.0,42.0,0,0
1898YKYELLOW-3XL,15.0,4.0,2.0,0.0,0.0,6.0,21.0,4,0
1898YKYELLOW-4XL,30.0,4.0,5.0,0.0,0.0,11.0,41.0,6,0
1898YKYELLOW-5XL,21.0,3.0,6.0,0.0,0.0,8.0,29.0,2,0
1898YKYELLOW-6XL,19.0,4.0,10.0,0.0,0.0,10.0,29.0,0,0
1898YKYELLOW-7XL,23.0,5.0,9.0,0.0,0.0,9.0,32.0,0,0
1898YKYELLOW-8XL,21.0,3.0,8.0,0.0,0.0,8.0,29.0,0,0
1898YKYELLOW-L,13.0,8.0,0.0,0.0,0.0,2.0,15.0,2,0
1898YKYELLOW-M,20.0,14.0,4.0,0.0,0.0,8.0,28.0,4,0
1898YKYELLOW-S,29.0,6.0,8.0,0.0,0.0,13.0,42.0,4,1
1898YKYELLOW-XL,36.0,8.0,1.0,0.0,0.0,3.0,39.0,2,0
1898YKYELLOW-XS,21.0,3.0,2.0,0.0,0.0,4.0,25.0,2,0
1898YKYELLOW-XXL,15.0,4.0,5.0,0.0,0.0,11.0,26.0,6,0
1899YKOFFWHITE-3XL,22.0,15.0,0.0,0.0,0.0,0.0,22.0,0,0
1899YKOFFWHITE-4XL,10.0,3.0,0.0,0.0,0.0,0.0,10.0,0,0
1899YKOFFWHITE-5XL,11.0,4.0,0.0,0.0,0.0,0.0,11.0,0,0
1899YKOFFWHITE-6XL,14.0,3.0,2.0,0.0,0.0,2.0,16.0,0,0
1899YKOFFWHITE-7XL,10.0,3.0,2.0,0.0,0.0,2.0,12.0,0,0
1899YKOFFWHITE-8XL,11.0,2.0,0.0,0.0,0.0,0.0,11.0,0,0
1899YKOFFWHITE-L,21.0,19.0,0.0,0.0,0.0,2.0,23.0,2,0
1899YKOFFWHITE-M,23.0,23.0,0.0,0.0,0.0,0.0,23.0,0,0
1899YKOFFWHITE-S,9.0,3.0,0.0,0.0,0.0,0.0,9.0,0,0
1899YKOFFWHITE-XL,2.0,1.0,0.0,0.0,0.0,0.0,2.0,0,0
1899YKOFFWHITE-XS,7.0,3.0,0.0,0.0,0.0,0.0,7.0,0,0
1899YKOFFWHITE-XXL,12.0,4.0,0.0,0.0,0.0,0.0,12.0,0,0
1900YKYELLOW-3XL,61.0,6.0,0.0,0.0,0.0,0.0,61.0,0,0
1900YKYELLOW-4XL,57.0,5.0,2.0,0.0,0.0,2.0,59.0,0,0
1900YKYELLOW-5XL,53.0,5.0,2.0,0.0,0.0,2.0,55.0,0,0
1900YKYELLOW-6XL,1.0,0.0,0.0,0.0,0.0,0.0,1.0,0,0
1900YKYELLOW-L,38.0,4.0,3.0,0.0,0.0,3.0,41.0,0,0
1900YKYELLOW-M,43.0,4.0,1.0,0.0,0.0,1.0,44.0,0,0
1900YKYELLOW-S,24.0,4.0,4.0,0.0,0.0,4.0,28.0,0,0
1900YKYELLOW-XL,36.0,6.0,5.0,0.0,0.0,5.0,41.0,0,0
1900YKYELLOW-XS,17.0,3.0,1.0,0.0,0.0,1.0,18.0,0,0
1900YKYELLOW-XXL,68.0,4.0,4.0,0.0,0.0,4.0,72.0,0,0
1901YKBLUE-3XL,26.0,5.0,9.0,6.0,0.0,15.0,41.0,0,0
1901YKBLUE-4XL,10.0,4.0,8.0,5.0,0.0,13.0,23.0,0,0
1901YKBLUE-5XL,22.0,4.0,11.0,5.0,0.0,16.0,38.0,0,0
1901YKBLUE-L,9.0,4.0,12.0,3.0,0.0,15.0,24.0,0,0
1901YKBLUE-M,9.0,4.0,6.0,3.0,0.0,9.0,18.0,0,0
1901YKBLUE-S,14.0,4.0,12.0,0.0,0.0,12.0,26.0,0,0
1901YKBLUE-XL,16.0,4.0,22.0,2.0,0.0,24.0,40.0,0,0
1901YKBLUE-XXL,15.0,5.0,10.0,3.0,0.0,13.0,28.0,0,0
1902YKGREEN-3XL,27.0,7.0,9.0,0.0,0.0,9.0,36.0,0,0
1902YKGREEN-4XL,3.0,3.0,4.0,0.0,0.0,4.0,7.0,0,0
1902YKGREEN-5XL,2.0,2.0,2.0,0.0,0.0,2.0,4.0,0,0
1902YKGREEN-L,9.0,4.0,7.0,0.0,0.0,13.0,22.0,6,0
1902YKGREEN-M,1.0,0.0,5.0,0.0,0.0,11.0,12.0,6,0
1902YKGREEN-S,25.0,3.0,7.0,0.0,0.0,7.0,32.0,0,0
1902YKGREEN-XL,0.0,0.0,14.0,0.0,0.0,25.0,25.0,11,0
1902YKGREEN-XS,14.0,4.0,0.0,0.0,0.0,0.0,14.0,0,0
1902YKGREEN-XXL,26.0,5.0,17.0,0.0,0.0,17.0,43.0,0,0
1903YKPISTAGREEN-3XL-4XL,1.0,0.0,10.0,0.0,0.0,20.0,21.0,10,0
1903YKPISTAGREEN-5XL-6XL,1.0,0.0,0.0,0.0,0.0,0.0,1.0,0,0
1903YKPISTAGREEN-7XL-8XL,4.0,2.0,1.0,0.0,1.0,2.0,6.0,0,0
1903YKPISTAGREEN-M-L,72.0,12.0,15.0,0.0,0.0,15.0,87.0,0,0
1903YKPISTAGREEN-XL-XXL,8.0,7.0,26.0,0.0,0.0,26.0,34.0,0,0
1903YKPISTAGREEN-XS-S,63.0,12.0,8.0,0.0,0.0,8.0,71.0,0,0
1904YKPINK-3XL-4XL,3.0,3.0,10.0,0.0,0.0,14.0,17.0,4,0
1904YKPINK-5XL-6XL,18.0,11.0,24.0,0.0,0.0,24.0,42.0,0,0
1904YKPINK-7XL-8XL,19.0,6.0,9.0,0.0,0.0,9.0,28.0,0,0
1904YKPINK-M-L,10.0,6.0,15.0,0.0,0.0,15.0,25.0,0,0
1904YKPINK-XL-XXL,17.0,12.0,35.0,0.0,0.0,35.0,52.0,0,0
1904YKPINK-XS-S,47.0,8.0,8.0,0.0,0.0,8.0,55.0,0,0
1905YKTEAL-3XL,25.0,6.0,8.0,0.0,0.0,8.0,33.0,0,0
1905YKTEAL-4XL,34.0,4.0,7.0,0.0,0.0,7.0,41.0,0,0
1905YKTEAL-5XL,3.0,3.0,0.0,0.0,0.0,0.0,3.0,0,0
1905YKTEAL-6XL,6.0,3.0,0.0,0.0,0.0,0.0,6.0,0,0
1905YKTEAL-8XL,7.0,3.0,1.0,0.0,0.0,1.0,8.0,0,0
1905YKTEAL-L,61.0,6.0,4.0,0.0,0.0,4.0,65.0,0,0
1905YKTEAL-M,67.0,5.0,2.0,0.0,0.0,2.0,69.0,0,0
1905YKTEAL-S,50.0,4.0,2.0,0.0,0.0,2.0,52.0,0,0
1905YKTEAL-XL,38.0,5.0,8.0,0.0,0.0,8.0,46.0,0,0
1905YKTEAL-XS,19.0,4.0,1.0,0.0,0.0,1.0,20.0,0,0
1905YKTEAL-XXL,33.0,4.0,6.0,0.0,0.0,6.0,39.0,0,0
1906YKWINE-3XL,1.0,1.0,0.0,0.0,0.0,0.0,1.0,0,0
1906YKWINE-4XL,0.0,0.0,1.0,0.0,0.0,4.0,4.0,3,0
1906YKWINE-5XL,1.0,1.0,0.0,0.0,0.0,0.0,1.0,0,0
1906YKWINE-6XL,1.0,1.0,0.0,0.0,0.0,0.0,1.0,0,0
1906YKWINE-7XL,1.0,1.0,1.0,0.0,0.0,1.0,2.0,0,0
1906YKWINE-8XL,6.0,2.0,1.0,0.0,0.0,3.0,9.0,2,0
1906YKWINE-L,0.0,0.0,4.0,0.0,0.0,8.0,8.0,4,0
1906YKWINE-M,5.0,4.0,2.0,0.0,0.0,2.0,7.0,0,0
1906YKWINE-S,11.0,4.0,2.0,0.0,0.0,2.0,13.0,0,0
1906YKWINE-XL,1.0,1.0,0.0,0.0,0.0,0.0,1.0,0,0
1906YKWINE-XS,7.0,4.0,2.0,0.0,0.0,2.0,9.0,0,0
1907YKBEIGE-4XL,1.0,0.0,0.0,0.0,0.0,0.0,1.0,0,0
1907YKBEIGE-XXL,4.0,1.0,0.0,0.0,0.0,0.0,4.0,0,0
1908YKMUAVE-3XL,11.0,2.0,2.0,0.0,0.0,2.0,13.0,0,0
1908YKMUAVE-4XL,1.0,0.0,0.0,0.0,0.0,0.0,1.0,0,0
1908YKMUAVE-5XL,1.0,0.0,0.0,0.0,0.0,0.0,1.0,0,0
1908YKMUAVE-L,6.0,2.0,2.0,0.0,0.0,2.0,8.0,0,0
1908YKMUAVE-XL,8.0,2.0,2.0,0.0,0.0,2.0,10.0,0,0
1908YKMUAVE-XXL,11.0,2.0,2.0,0.0,0.0,2.0,13.0,0,0
1909YKGREEN-3XL,17.0,5.0,7.0,0.0,0.0,7.0,24.0,0,0
1909YKGREEN-4XL,10.0,6.0,9.0,0.0,0.0,9.0,19.0,0,0
1909YKGREEN-5XL,2.0,1.0,10.0,0.0,0.0,12.0,14.0,2,0
1909YKGREEN-6XL,23.0,3.0,9.0,0.0,0.0,9.0,32.0,0,0
1909YKGREEN-7XL,45.0,5.0,3.0,0.0,0.0,3.0,48.0,0,0
1909YKGREEN-8XL,48.0,5.0,6.0,0.0,0.0,6.0,54.0,0,0
1909YKGREEN-L,63.0,5.0,4.0,0.0,0.0,4.0,67.0,0,0
1909YKGREEN-M,64.0,5.0,4.0,0.0,0.0,4.0,68.0,0,0
1909YKGREEN-S,42.0,4.0,1.0,0.0,0.0,1.0,43.0,0,0
1909YKGREEN-XL,55.0,6.0,5.0,0.0,0.0,5.0,60.0,0,0
1909YKGREEN-XS,17.0,2.0,1.0,0.0,0.0,1.0,18.0,0,0
1909YKGREEN-XXL,32.0,6.0,12.0,0.0,0.0,12.0,44.0,0,0
190YK214MEHROON-3XL,12.0,12.0,82.0,1.0,5.0,153.0,165.0,4,61
190YK214MEHROON-4XL,101.0,13.0,50.0,0.0,0.0,53.0,154.0,0,3
190YK214MEHROON-5XL,81.0,13.0,61.0,0.0,0.0,116.0,197.0,0,55
190YK214MEHROON-6XL,53.0,10.0,31.0,4.0,0.0,40.0,93.0,0,5
190YK214MEHROON-7XL,41.0,5.0,29.0,1.0,0.0,34.0,75.0,4,0
190YK214MEHROON-8XL,32.0,6.0,16.0,3.0,0.0,51.0,83.0,0,32
190YK214MEHROON-L,101.0,22.0,120.0,6.0,1.0,210.0,311.0,9,74
190YK214MEHROON-M,54.0,9.0,96.0,14.0,0.0,158.0,212.0,15,33
190YK214MEHROON-S,8.0,7.0,33.0,4.0,0.0,37.0,45.0,0,0
190YK214MEHROON-XL,50.0,22.0,109.0,2.0,0.0,163.0,213.0,8,44
190YK214MEHROON-XS,162.0,7.0,27.0,13.0,0.0,93.0,255.0,3,50
190YK214MEHROON-XXL,12.0,12.0,145.0,4.0,0.0,187.0,199.0,20,18
1911YKMULTI-3XL,1.0,1.0,1.0,0.0,0.0,1.0,2.0,0,0
1911YKMULTI-4XL,1.0,1.0,0.0,0.0,0.0,0.0,1.0,0,0
1911YKMULTI-5XL,1.0,1.0,0.0,0.0,0.0,0.0,1.0,0,0
1911YKMULTI-6XL,0.0,0.0,1.0,1.0,0.0,4.0,4.0,2,0
1911YKMULTI-7XL,3.0,3.0,0.0,1.0,0.0,1.0,4.0,0,0
1911YKMULTI-8XL,5.0,3.0,2.0,2.0,0.0,6.0,11.0,2,0
1911YKMULTI-L,6.0,4.0,0.0,0.0,0.0,0.0,6.0,0,0
1911YKMULTI-M,22.0,4.0,4.0,0.0,0.0,4.0,26.0,0,0
1911YKMULTI-S,50.0,6.0,1.0,1.0,0.0,2.0,52.0,0,0
1911YKMULTI-XL,2.0,2.0,5.0,0.0,0.0,5.0,7.0,0,0
1911YKMULTI-XS,41.0,4.0,0.0,0.0,0.0,0.0,41.0,0,0
1911YKMULTI-XXL,6.0,6.0,10.0,0.0,0.0,10.0,16.0,0,0
1912YKSKYBLUE-3XL,2.0,0.0,0.0,0.0,0.0,0.0,2.0,0,0
1912YKSKYBLUE-3XL-4XL,4.0,3.0,3.0,0.0,0.0,7.0,11.0,4,0
1912YKSKYBLUE-7XL-8XL,1.0,0.0,0.0,0.0,0.0,0.0,1.0,0,0
1912YKSKYBLUE-M,8.0,0.0,0.0,0.0,0.0,0.0,8.0,0,0
1912YKSKYBLUE-M-L,36.0,16.0,27.0,0.0,0.0,27.0,63.0,0,0
1912YKSKYBLUE-XL-XXL,33.0,19.0,24.0,0.0,0.0,24.0,57.0,0,0
1912YKSKYBLUE-XS-S,108.0,8.0,8.0,0.0,0.0,8.0,116.0,0,0
1913YKBEIGE-3XL,18.0,6.0,7.0,0.0,0.0,7.0,25.0,0,0
1913YKBEIGE-4XL,4.0,3.0,6.0,0.0,0.0,6.0,10.0,0,0
1913YKBEIGE-5XL,1.0,0.0,3.0,0.0,0.0,7.0,8.0,4,0
1913YKBEIGE-6XL,1.0,1.0,5.0,0.0,0.0,7.0,8.0,2,0
1913YKBEIGE-7XL,6.0,2.0,6.0,0.0,0.0,6.0,12.0,0,0
1913YKBEIGE-8XL,15.0,4.0,1.0,0.0,0.0,1.0,16.0,0,0
1913YKBEIGE-L,67.0,8.0,2.0,0.0,0.0,2.0,69.0,0,0
1913YKBEIGE-M,63.0,6.0,10.0,0.0,0.0,10.0,73.0,0,0
1913YKBEIGE-S,45.0,4.0,1.0,0.0,0.0,1.0,46.0,0,0
1913YKBEIGE-XL,59.0,5.0,5.0,0.0,0.0,5.0,64.0,0,0
1913YKBEIGE-XS,7.0,3.0,0.0,0.0,0.0,0.0,7.0,0,0
1913YKBEIGE-XXL,25.0,7.0,8.0,0.0,0.0,8.0,33.0,0,0
1914YKYELLOW-3XL,3.0,1.0,2.0,0.0,0.0,5.0,8.0,3,0
1914YKYELLOW-4XL,11.0,6.0,3.0,0.0,0.0,3.0,14.0,0,0
1914YKYELLOW-5XL,4.0,3.0,0.0,0.0,0.0,0.0,4.0,0,0
1914YKYELLOW-6XL,1.0,1.0,2.0,0.0,0.0,4.0,5.0,2,0
1914YKYELLOW-7XL,15.0,4.0,3.0,0.0,0.0,3.0,18.0,0,0
1914YKYELLOW-8XL,9.0,4.0,3.0,0.0,0.0,3.0,12.0,0,0
1914YKYELLOW-L,2.0,1.0,0.0,0.0,0.0,2.0,4.0,2,0
1914YKYELLOW-M,5.0,2.0,0.0,1.0,0.0,1.0,6.0,0,0
1914YKYELLOW-S,6.0,4.0,2.0,0.0,0.0,2.0,8.0,0,0
1914YKYELLOW-XL,3.0,1.0,0.0,0.0,0.0,0.0,3.0,0,0
1914YKYELLOW-XS,8.0,3.0,1.0,0.0,0.0,1.0,9.0,0,0
1914YKYELLOW-XXL,8.0,5.0,6.0,1.0,0.0,7.0,15.0,0,0
1915YKBLACK-L-XL,0.0,0.0,0.0,0.0,0.0,2.0,2.0,2,0
1915YKBLACK-S-M,1.0,0.0,13.0,3.0,0.0,25.0,26.0,9,0
1916YKRED-4XL-5XL,4.0,4.0,12.0,0.0,0.0,16.0,20.0,4,0
1916YKRED-L-XL,16.0,13.0,13.0,0.0,0.0,15.0,31.0,2,0
1916YKRED-S-M,50.0,14.0,22.0,2.0,4.0,28.0,78.0,0,0
1916YKRED-XXL-3XL,2.0,2.0,1.0,0.0,7.0,8.0,10.0,0,0
1917YKBLUE-4XL-5XL,1.0,1.0,0.0,1.0,0.0,1.0,2.0,0,0
1917YKBLUE-L-XL,11.0,10.0,22.0,4.0,0.0,30.0,41.0,4,0
1917YKBLUE-S-M,5.0,5.0,6.0,1.0,0.0,11.0,16.0,4,0
1917YKBLUE-XXL-3XL,2.0,2.0,2.0,0.0,0.0,2.0,4.0,0,0
1918YKYELLOW-4XL-5XL,3.0,3.0,3.0,0.0,0.0,3.0,6.0,0,0
1918YKYELLOW-L-XL,48.0,8.0,11.0,1.0,0.0,12.0,60.0,0,0
1918YKYELLOW-S-M,55.0,12.0,22.0,5.0,0.0,27.0,82.0,0,0
1918YKYELLOW-XXL-3XL,37.0,8.0,7.0,0.0,0.0,7.0,44.0,0,0
1919YKBLUE-3XL,1.0,1.0,0.0,0.0,0.0,0.0,1.0,0,0
1919YKBLUE-4XL,1.0,1.0,0.0,0.0,0.0,0.0,1.0,0,0
1919YKBLUE-L,1.0,1.0,1.0,0.0,0.0,1.0,2.0,0,0
1919YKBLUE-M,17.0,5.0,3.0,0.0,0.0,3.0,20.0,0,0
1919YKBLUE-S,8.0,4.0,1.0,0.0,0.0,1.0,9.0,0,0
1919YKBLUE-XL,8.0,4.0,1.0,0.0,0.0,1.0,9.0,0,0
1919YKBLUE-XXL,11.0,4.0,2.0,0.0,0.0,2.0,13.0,0,0
1920YKYELLOW-3XL,0.0,0.0,0.0,1.0,0.0,3.0,3.0,2,0
1920YKYELLOW-L,14.0,2.0,2.0,1.0,0.0,3.0,17.0,0,0
1920YKYELLOW-M,16.0,2.0,1.0,0.0,0.0,1.0,17.0,0,0
1920YKYELLOW-S,11.0,2.0,3.0,0.0,0.0,3.0,14.0,0,0
1920YKYELLOW-XL,20.0,2.0,2.0,0.0,0.0,2.0,22.0,0,0
1920YKYELLOW-XXL,26.0,3.0,1.0,0.0,0.0,1.0,27.0,0,0
1921YKOFFWHITE-5XL,3.0,1.0,0.0,0.0,0.0,0.0,3.0,0,0
1921YKOFFWHITE-M,1.0,1.0,0.0,0.0,0.0,0.0,1.0,0,0
1921YKOFFWHITE-S,3.0,3.0,0.0,0.0,0.0,0.0,3.0,0,0
1921YKOFFWHITE-XL,1.0,1.0,0.0,0.0,0.0,0.0,1.0,0,0
1921YKOFFWHITE-XXL,3.0,2.0,0.0,0.0,0.0,0.0,3.0,0,0
1923YKMAROON-3XL,1.0,0.0,0.0,0.0,0.0,0.0,1.0,0,0
1923YKMAROON-XL,2.0,1.0,1.0,0.0,0.0,1.0,3.0,0,0
1923YKMAROON-XXL,1.0,0.0,0.0,0.0,0.0,0.0,1.0,0,0
1924YKMULTI-XL,1.0,1.0,0.0,0.0,0.0,0.0,1.0,0,0
1924YKMULTI-XXL,3.0,1.0,0.0,0.0,0.0,0.0,3.0,0,0
1925YKGREY-3XL,1.0,0.0,0.0,0.0,0.0,0.0,1.0,0,0
1925YKGREY-XL,5.0,2.0,0.0,0.0,0.0,0.0,5.0,0,0
1925YKGREY-XXL,7.0,3.0,0.0,0.0,0.0,0.0,7.0,0,0
1926YKRED-3XL,26.0,4.0,4.0,0.0,0.0,4.0,30.0,0,0
1926YKRED-4XL,27.0,4.0,5.0,0.0,0.0,5.0,32.0,0,0
1926YKRED-5XL,12.0,5.0,8.0,0.0,0.0,8.0,20.0,0,0
1926YKRED-L,37.0,4.0,1.0,0.0,0.0,1.0,38.0,0,0
1926YKRED-M,32.0,4.0,2.0,0.0,0.0,2.0,34.0,0,0
1926YKRED-S,4.0,2.0,2.0,0.0,0.0,2.0,6.0,0,0
1926YKRED-XL,31.0,3.0,1.0,0.0,0.0,1.0,32.0,0,0
1926YKRED-XS,10.0,3.0,0.0,0.0,0.0,0.0,10.0,0,0
1926YKRED-XXL,31.0,5.0,3.0,0.0,0.0,3.0,34.0,0,0
1927YKORANGE-3XL,1.0,0.0,0.0,0.0,0.0,0.0,1.0,0,0
1927YKORANGE-XL,1.0,0.0,0.0,0.0,0.0,0.0,1.0,0,0
1928YKBLUE-3XL,20.0,4.0,5.0,0.0,0.0,5.0,25.0,0,0
1928YKBLUE-4XL,28.0,4.0,2.0,0.0,0.0,4.0,32.0,2,0
1928YKBLUE-5XL,8.0,3.0,2.0,0.0,0.0,2.0,10.0,0,0
1928YKBLUE-6XL,5.0,3.0,5.0,0.0,0.0,5.0,10.0,0,0
1928YKBLUE-7XL,4.0,3.0,3.0,0.0,0.0,3.0,7.0,0,0
1928YKBLUE-8XL,1.0,1.0,0.0,0.0,0.0,0.0,1.0,0,0
1928YKBLUE-L,23.0,5.0,3.0,0.0,0.0,3.0,26.0,0,0
1928YKBLUE-M,32.0,4.0,3.0,0.0,0.0,3.0,35.0,0,0
1928YKBLUE-S,22.0,4.0,1.0,0.0,0.0,1.0,23.0,0,0
1928YKBLUE-XL,13.0,6.0,5.0,0.0,0.0,5.0,18.0,0,0
1928YKBLUE-XS,19.0,4.0,4.0,0.0,0.0,4.0,23.0,0,0
1928YKBLUE-XXL,33.0,5.0,7.0,0.0,0.0,7.0,40.0,0,0
1929YKBLACK-M,1.0,0.0,2.0,0.0,0.0,4.0,5.0,2,0
1929YKBLACK-XL,7.0,2.0,0.0,0.0,0.0,0.0,7.0,0,0
192YK251GREEN-3XL,7.0,6.0,1.0,0.0,0.0,1.0,8.0,0,0
192YK251GREEN-4XL,3.0,4.0,5.0,0.0,0.0,5.0,8.0,0,0
192YK251GREEN-5XL,6.0,8.0,7.0,0.0,0.0,7.0,13.0,0,0
192YK251GREEN-6XL,1.0,1.0,2.0,0.0,0.0,2.0,3.0,0,0
192YK251GREEN-7XL,25.0,2.0,0.0,0.0,0.0,0.0,25.0,0,0
192YK251GREEN-8XL,5.0,4.0,1.0,0.0,0.0,1.0,6.0,0,0
192YK251GREEN-L,1.0,1.0,4.0,0.0,0.0,8.0,9.0,4,0
192YK251GREEN-M,38.0,5.0,4.0,0.0,0.0,4.0,42.0,0,0
192YK251GREEN-S,25.0,6.0,1.0,0.0,0.0,1.0,26.0,0,0
192YK251GREEN-XL,38.0,7.0,12.0,0.0,0.0,13.0,51.0,0,1
192YK251GREEN-XS,7.0,5.0,0.0,0.0,0.0,0.0,7.0,0,0
192YK251GREEN-XXL,24.0,8.0,9.0,0.0,0.0,9.0,33.0,0,0
1930YKBLUE-XL,8.0,3.0,3.0,0.0,0.0,3.0,11.0,0,0
1930YKBLUE-XXL,8.0,8.0,1.0,0.0,0.0,1.0,9.0,0,0
1931YKMULTI-L,6.0,2.0,3.0,0.0,0.0,3.0,9.0,0,0
1931YKMULTI-M,3.0,2.0,0.0,0.0,0.0,0.0,3.0,0,0
1931YKMULTI-S,14.0,3.0,4.0,0.0,0.0,4.0,18.0,0,0
1931YKMULTI-XL,4.0,2.0,1.0,0.0,0.0,1.0,5.0,0,0
1932YKBLACK-3XL,4.0,3.0,4.0,0.0,0.0,4.0,8.0,0,0
1932YKBLACK-4XL,11.0,4.0,2.0,0.0,0.0,2.0,13.0,0,0
1932YKBLACK-5XL,0.0,0.0,5.0,0.0,0.0,11.0,11.0,6,0
1932YKBLACK-L,1.0,0.0,0.0,0.0,0.0,0.0,1.0,0,0
1932YKBLACK-M,15.0,4.0,4.0,0.0,0.0,4.0,19.0,0,0
1932YKBLACK-S,3.0,1.0,0.0,0.0,0.0,0.0,3.0,0,0
1932YKBLACK-XL,1.0,0.0,2.0,0.0,0.0,6.0,7.0,4,0
1932YKBLACK-XXL,1.0,1.0,5.0,0.0,0.0,7.0,8.0,2,0
1934YKPINK-3XL,4.0,2.0,2.0,0.0,0.0,8.0,12.0,6,0
1934YKPINK-4XL,1.0,0.0,0.0,0.0,0.0,3.0,4.0,2,1
1934YKPINK-6XL,1.0,0.0,0.0,0.0,0.0,0.0,1.0,0,0
1934YKPINK-7XL,3.0,3.0,0.0,0.0,0.0,0.0,3.0,0,0
1934YKPINK-8XL,1.0,1.0,0.0,0.0,0.0,0.0,1.0,0,0
1934YKPINK-L,57.0,5.0,4.0,0.0,0.0,4.0,61.0,0,0
1934YKPINK-M,60.0,4.0,6.0,0.0,0.0,6.0,66.0,0,0
1934YKPINK-S,74.0,5.0,1.0,0.0,0.0,1.0,75.0,0,0
1934YKPINK-XL,17.0,6.0,13.0,0.0,0.0,13.0,30.0,0,0
1934YKPINK-XS,15.0,4.0,6.0,0.0,0.0,6.0,21.0,0,0
1934YKPINK-XXL,3.0,2.0,0.0,0.0,0.0,2.0,5.0,2,0
1935YKMULTI-XS,4.0,0.0,0.0,0.0,0.0,0.0,4.0,0,0
1936YKOFFWHITE-3XL,96.0,6.0,19.0,0.0,0.0,19.0,115.0,0,0
1936YKOFFWHITE-4XL,61.0,6.0,14.0,0.0,0.0,14.0,75.0,0,0
1936YKOFFWHITE-5XL,76.0,6.0,18.0,0.0,0.0,18.0,94.0,0,0
1936YKOFFWHITE-6XL,43.0,4.0,6.0,0.0,0.0,14.0,57.0,0,8
1936YKOFFWHITE-7XL,35.0,4.0,3.0,0.0,0.0,14.0,49.0,0,11
1936YKOFFWHITE-8XL,40.0,5.0,2.0,0.0,0.0,30.0,70.0,2,26
1936YKOFFWHITE-L,31.0,4.0,3.0,0.0,0.0,3.0,34.0,0,0
1936YKOFFWHITE-M,35.0,5.0,8.0,0.0,0.0,8.0,43.0,0,0
1936YKOFFWHITE-S,31.0,4.0,1.0,0.0,0.0,1.0,32.0,0,0
1936YKOFFWHITE-XL,17.0,12.0,7.0,0.0,0.0,7.0,24.0,0,0
1936YKOFFWHITE-XS,4.0,2.0,0.0,0.0,0.0,0.0,4.0,0,0
1936YKOFFWHITE-XXL,42.0,5.0,9.0,0.0,0.0,19.0,61.0,0,10
1937YKPURPLE-3XL,0.0,0.0,13.0,1.0,0.0,26.0,26.0,12,0
1937YKPURPLE-4XL,19.0,16.0,33.0,0.0,0.0,33.0,52.0,0,0
1937YKPURPLE-5XL,0.0,0.0,2.0,2.0,0.0,6.0,6.0,2,0
1937YKPURPLE-L,4.0,3.0,48.0,1.0,0.0,59.0,63.0,10,0
1937YKPURPLE-M,19.0,12.0,47.0,0.0,0.0,52.0,71.0,5,0
1937YKPURPLE-S,15.0,5.0,20.0,0.0,0.0,22.0,37.0,2,0
1937YKPURPLE-XL,12.0,11.0,38.0,0.0,0.0,40.0,52.0,2,0
1937YKPURPLE-XS,3.0,3.0,10.0,1.0,0.0,11.0,14.0,0,0
1937YKPURPLE-XXL,6.0,5.0,23.0,0.0,0.0,33.0,39.0,10,0
1938YKBLACK-3XL,50.0,2.0,2.0,0.0,0.0,2.0,52.0,0,0
1938YKBLACK-4XL,47.0,4.0,2.0,0.0,0.0,2.0,49.0,0,0
1938YKBLACK-5XL,19.0,2.0,5.0,0.0,0.0,5.0,24.0,0,0
1938YKBLACK-6XL,18.0,3.0,4.0,0.0,0.0,4.0,22.0,0,0
1938YKBLACK-7XL,24.0,2.0,2.0,0.0,0.0,2.0,26.0,0,0
1938YKBLACK-8XL,21.0,2.0,0.0,0.0,0.0,0.0,21.0,0,0
1938YKBLACK-L,21.0,2.0,1.0,0.0,0.0,1.0,22.0,0,0
1938YKBLACK-M,24.0,2.0,1.0,0.0,0.0,1.0,25.0,0,0
1938YKBLACK-S,6.0,2.0,1.0,0.0,0.0,1.0,7.0,0,0
1938YKBLACK-XL,15.0,2.0,1.0,0.0,0.0,1.0,16.0,0,0
1938YKBLACK-XS,9.0,2.0,1.0,0.0,0.0,1.0,10.0,0,0
1938YKBLACK-XXL,41.0,2.0,7.0,0.0,0.0,7.0,48.0,0,0
1939YKBLUE-L,1.0,0.0,0.0,0.0,0.0,0.0,1.0,0,0
193YK251FIROZI-3XL,2.0,2.0,0.0,0.0,0.0,0.0,2.0,0,0
193YK251FIROZI-4XL,5.0,5.0,0.0,0.0,0.0,0.0,5.0,0,0
193YK251FIROZI-5XL,11.0,8.0,7.0,0.0,0.0,7.0,18.0,0,0
193YK251FIROZI-6XL,13.0,6.0,1.0,0.0,0.0,1.0,14.0,0,0
193YK251FIROZI-7XL,12.0,4.0,3.0,0.0,0.0,3.0,15.0,0,0
193YK251FIROZI-8XL,8.0,3.0,2.0,0.0,0.0,2.0,10.0,0,0
193YK251FIROZI-L,4.0,3.0,3.0,0.0,0.0,3.0,7.0,0,0
193YK251FIROZI-M,5.0,4.0,1.0,0.0,0.0,1.0,6.0,0,0
193YK251FIROZI-S,34.0,9.0,2.0,0.0,0.0,2.0,36.0,0,0
193YK251FIROZI-XL,1.0,1.0,1.0,0.0,0.0,1.0,2.0,0,0
193YK251FIROZI-XS,6.0,3.0,0.0,0.0,0.0,0.0,6.0,0,0
193YK251FIROZI-XXL,9.0,9.0,3.0,0.0,0.0,3.0,12.0,0,0
1940YKSKYBLUE-S,6.0,2.0,1.0,0.0,0.0,1.0,7.0,0,0
1940YKSKYBLUE-XS,8.0,3.0,0.0,0.0,0.0,0.0,8.0,0,0
1941YKMUSTARD-3XL,9.0,4.0,7.0,0.0,0.0,7.0,16.0,0,0
1941YKMUSTARD-4XL,12.0,5.0,3.0,0.0,0.0,5.0,17.0,2,0
1941YKMUSTARD-5XL,3.0,2.0,6.0,0.0,0.0,12.0,15.0,6,0
1941YKMUSTARD-6XL,14.0,3.0,9.0,0.0,0.0,9.0,23.0,0,0
1941YKMUSTARD-7XL,22.0,2.0,4.0,0.0,0.0,6.0,28.0,2,0
1941YKMUSTARD-8XL,20.0,6.0,15.0,0.0,0.0,23.0,43.0,8,0
1941YKMUSTARD-L,13.0,6.0,8.0,0.0,0.0,8.0,21.0,0,0
1941YKMUSTARD-M,40.0,7.0,12.0,0.0,0.0,12.0,52.0,0,0
1941YKMUSTARD-S,19.0,3.0,1.0,0.0,0.0,1.0,20.0,0,0
1941YKMUSTARD-XL,22.0,9.0,0.0,0.0,0.0,0.0,22.0,0,0
1941YKMUSTARD-XS,0.0,0.0,4.0,0.0,0.0,6.0,6.0,2,0
1941YKMUSTARD-XXL,17.0,4.0,1.0,0.0,0.0,1.0,18.0,0,0
1942YKMULTI-L,2.0,1.0,0.0,0.0,0.0,0.0,2.0,0,0
1942YKMULTI-M,21.0,4.0,4.0,0.0,0.0,4.0,25.0,0,0
1942YKMULTI-S,8.0,2.0,3.0,0.0,0.0,3.0,11.0,0,0
1942YKMULTI-XL,3.0,3.0,6.0,0.0,0.0,6.0,9.0,0,0
1942YKMULTI-XXL,1.0,1.0,1.0,0.0,0.0,3.0,4.0,2,0
1943YKGREEN-3XL,81.0,10.0,53.0,0.0,0.0,55.0,136.0,2,0
1943YKGREEN-4XL,22.0,5.0,22.0,0.0,0.0,23.0,45.0,0,1
1943YKGREEN-5XL,84.0,8.0,60.0,0.0,0.0,60.0,144.0,0,0
1943YKGREEN-6XL,2.0,0.0,0.0,0.0,0.0,0.0,2.0,0,0
1943YKGREEN-L,3.0,5.0,1.0,0.0,0.0,1.0,4.0,0,0
1943YKGREEN-M,24.0,4.0,8.0,0.0,0.0,8.0,32.0,0,0
1943YKGREEN-S,23.0,2.0,2.0,0.0,0.0,2.0,25.0,0,0
1943YKGREEN-XL,60.0,5.0,20.0,0.0,0.0,20.0,80.0,0,0
1943YKGREEN-XXL,17.0,6.0,26.0,0.0,0.0,29.0,46.0,3,0
1946YKGREEN-3XL,113.0,11.0,43.0,0.0,0.0,120.0,233.0,10,67
1946YKGREEN-4XL,63.0,9.0,27.0,0.0,0.0,64.0,127.0,0,37
1946YKGREEN-5XL,43.0,8.0,44.0,0.0,0.0,77.0,120.0,0,33
1946YKGREEN-6XL,17.0,7.0,26.0,0.0,0.0,39.0,56.0,0,13
1946YKGREEN-7XL,7.0,4.0,7.0,0.0,0.0,37.0,44.0,14,16
1946YKGREEN-8XL,58.0,6.0,20.0,0.0,0.0,41.0,99.0,0,21
1946YKGREEN-L,70.0,13.0,38.0,0.0,0.0,73.0,143.0,0,35
1946YKGREEN-M,80.0,6.0,38.0,1.0,0.0,75.0,155.0,0,36
1946YKGREEN-S,19.0,5.0,10.0,0.0,0.0,28.0,47.0,4,14
1946YKGREEN-XL,104.0,12.0,47.0,0.0,0.0,98.0,202.0,0,51
1946YKGREEN-XS,3.0,1.0,4.0,0.0,0.0,6.0,9.0,2,0
1946YKGREEN-XXL,102.0,6.0,60.0,0.0,0.0,85.0,187.0,0,25
1947YKGREEN-3XL,62.0,6.0,7.0,0.0,0.0,39.0,101.0,2,30
1947YKGREEN-4XL,21.0,9.0,2.0,0.0,0.0,2.0,23.0,0,0
1947YKGREEN-5XL,57.0,6.0,3.0,0.0,0.0,54.0,111.0,4,47
1947YKGREEN-6XL,12.0,4.0,2.0,0.0,0.0,5.0,17.0,0,3
1947YKGREEN-7XL,12.0,4.0,2.0,0.0,0.0,2.0,14.0,0,0
1947YKGREEN-8XL,19.0,6.0,1.0,0.0,0.0,4.0,23.0,0,3
1947YKGREEN-L,49.0,7.0,4.0,0.0,0.0,43.0,92.0,6,33
1947YKGREEN-M,29.0,8.0,5.0,0.0,0.0,9.0,38.0,4,0
1947YKGREEN-S,11.0,3.0,2.0,0.0,0.0,2.0,13.0,0,0
1947YKGREEN-XL,52.0,6.0,4.0,0.0,0.0,37.0,89.0,4,29
1947YKGREEN-XS,32.0,3.0,3.0,0.0,0.0,6.0,38.0,0,3
1947YKGREEN-XXL,78.0,7.0,5.0,0.0,0.0,7.0,85.0,2,0
1949YKPINK-S,1.0,1.0,8.0,0.0,0.0,8.0,9.0,0,0
1949YKPINK-XS,0.0,0.0,2.0,0.0,0.0,2.0,2.0,0,0
1949YKPINK-XXL,0.0,0.0,1.0,0.0,0.0,1.0,1.0,0,0
1950YKGREY-L,13.0,2.0,4.0,0.0,0.0,4.0,17.0,0,0
1950YKGREY-M,20.0,3.0,3.0,0.0,0.0,3.0,23.0,0,0
1950YKGREY-S,19.0,2.0,2.0,0.0,0.0,2.0,21.0,0,0
1950YKGREY-XL,20.0,3.0,3.0,0.0,0.0,3.0,23.0,0,0
1950YKGREY-XXL,6.0,3.0,5.0,0.0,0.0,5.0,11.0,0,0
1953YKGREY-L,37.0,5.0,10.0,0.0,0.0,10.0,47.0,0,0
1953YKGREY-M,29.0,7.0,9.0,0.0,0.0,9.0,38.0,0,0
1953YKGREY-S,18.0,5.0,4.0,0.0,0.0,4.0,22.0,0,0
1953YKGREY-XL,32.0,8.0,10.0,0.0,0.0,10.0,42.0,0,0
1953YKGREY-XS,21.0,6.0,0.0,0.0,0.0,0.0,21.0,0,0
1954YKBLUE-M,6.0,5.0,7.0,0.0,0.0,7.0,13.0,0,0
1954YKBLUE-S,4.0,4.0,1.0,0.0,0.0,1.0,5.0,0,0
1954YKBLUE-XS,10.0,4.0,4.0,0.0,0.0,4.0,14.0,0,0
1955YKTEAL-3XL,11.0,6.0,3.0,0.0,0.0,3.0,14.0,0,0
1955YKTEAL-4XL,8.0,3.0,11.0,0.0,0.0,11.0,19.0,0,0
1955YKTEAL-5XL,7.0,4.0,8.0,0.0,0.0,8.0,15.0,0,0
1955YKTEAL-6XL,3.0,2.0,1.0,0.0,0.0,2.0,5.0,0,1
1955YKTEAL-7XL,5.0,2.0,3.0,0.0,0.0,3.0,8.0,0,0
1955YKTEAL-8XL,1.0,1.0,2.0,0.0,0.0,4.0,5.0,2,0
1955YKTEAL-L,12.0,4.0,2.0,0.0,0.0,2.0,14.0,0,0
1955YKTEAL-M,21.0,5.0,2.0,0.0,0.0,2.0,23.0,0,0
1955YKTEAL-S,12.0,4.0,2.0,0.0,0.0,2.0,14.0,0,0
1955YKTEAL-XL,6.0,4.0,0.0,0.0,0.0,0.0,6.0,0,0
1955YKTEAL-XS,5.0,3.0,0.0,0.0,0.0,0.0,5.0,0,0
1955YKTEAL-XXL,12.0,6.0,6.0,0.0,0.0,6.0,18.0,0,0
1956YKBLACK-3XL,31.0,4.0,3.0,0.0,0.0,3.0,34.0,0,0
1956YKBLACK-4XL,26.0,5.0,6.0,0.0,0.0,6.0,32.0,0,0
1956YKBLACK-5XL,28.0,5.0,9.0,0.0,0.0,9.0,37.0,0,0
1956YKBLACK-6XL,28.0,4.0,0.0,0.0,0.0,0.0,28.0,0,0
1956YKBLACK-7XL,26.0,4.0,0.0,0.0,0.0,0.0,26.0,0,0
1956YKBLACK-8XL,30.0,3.0,0.0,0.0,0.0,0.0,30.0,0,0
1956YKBLACK-L,16.0,6.0,1.0,0.0,0.0,1.0,17.0,0,0
1956YKBLACK-M,17.0,4.0,2.0,0.0,0.0,2.0,19.0,0,0
1956YKBLACK-S,16.0,4.0,1.0,0.0,0.0,1.0,17.0,0,0
1956YKBLACK-XL,33.0,3.0,3.0,0.0,0.0,3.0,36.0,0,0
1956YKBLACK-XS,9.0,3.0,1.0,0.0,0.0,1.0,10.0,0,0
1956YKBLACK-XXL,50.0,8.0,1.0,0.0,0.0,1.0,51.0,0,0
1957YKMULTI-3XL,0.0,0.0,0.0,0.0,0.0,2.0,2.0,2,0
1957YKMULTI-4XL,1.0,0.0,0.0,0.0,0.0,0.0,1.0,0,0
1957YKMULTI-M,0.0,0.0,1.0,0.0,0.0,3.0,3.0,2,0
1957YKMULTI-S,6.0,3.0,0.0,0.0,0.0,0.0,6.0,0,0
1957YKMULTI-XL,1.0,0.0,0.0,0.0,0.0,2.0,3.0,2,0
1957YKMULTI-XXL,1.0,0.0,0.0,0.0,0.0,0.0,1.0,0,0
1958YKPINK-3XL,0.0,0.0,0.0,0.0,0.0,2.0,2.0,2,0
1958YKPINK-4XL,0.0,0.0,0.0,0.0,0.0,2.0,2.0,2,0
1958YKPINK-5XL,1.0,0.0,0.0,0.0,0.0,2.0,3.0,2,0
1958YKPINK-L,2.0,2.0,0.0,0.0,0.0,0.0,2.0,0,0
1958YKPINK-M,4.0,4.0,0.0,0.0,0.0,0.0,4.0,0,0
1958YKPINK-S,8.0,8.0,4.0,0.0,0.0,4.0,12.0,0,0
1958YKPINK-XL,1.0,0.0,0.0,0.0,0.0,0.0,1.0,0,0
1958YKPINK-XS,3.0,3.0,0.0,0.0,0.0,0.0,3.0,0,0
1958YKPINK-XXL,2.0,1.0,0.0,0.0,0.0,2.0,4.0,2,0
1959YKBLACK-3XL,33.0,5.0,0.0,0.0,0.0,0.0,33.0,0,0
1959YKBLACK-5XL,37.0,5.0,0.0,0.0,0.0,0.0,37.0,0,0
1959YKBLACK-M,30.0,5.0,0.0,0.0,0.0,0.0,30.0,0,0
1959YKBLACK-XXL,37.0,5.0,0.0,0.0,0.0,0.0,37.0,0,0
1960YKTEAL-3XL,1.0,1.0,1.0,0.0,0.0,5.0,6.0,4,0
1960YKTEAL-4XL,10.0,6.0,6.0,0.0,0.0,10.0,20.0,4,0
1960YKTEAL-5XL,3.0,3.0,5.0,0.0,0.0,9.0,12.0,4,0
1960YKTEAL-L,1.0,0.0,0.0,0.0,0.0,4.0,5.0,4,0
1960YKTEAL-M,12.0,9.0,0.0,0.0,0.0,0.0,12.0,0,0
1960YKTEAL-S,3.0,2.0,0.0,0.0,0.0,2.0,5.0,0,2
1960YKTEAL-XL,9.0,6.0,0.0,0.0,0.0,4.0,13.0,4,0
1960YKTEAL-XXL,8.0,4.0,6.0,0.0,0.0,8.0,16.0,2,0
1961YKBROWN-3XL,15.0,5.0,6.0,0.0,0.0,8.0,23.0,2,0
1961YKBROWN-4XL,4.0,4.0,15.0,1.0,0.0,22.0,26.0,6,0
1961YKBROWN-5XL,15.0,5.0,7.0,0.0,0.0,9.0,24.0,2,0
1961YKBROWN-L,28.0,9.0,0.0,0.0,0.0,0.0,28.0,0,0
1961YKBROWN-M,15.0,9.0,3.0,0.0,0.0,7.0,22.0,4,0
1961YKBROWN-S,17.0,5.0,0.0,0.0,0.0,0.0,17.0,0,0
1961YKBROWN-XL,11.0,3.0,6.0,0.0,0.0,12.0,23.0,6,0
1961YKBROWN-XXL,19.0,7.0,8.0,1.0,0.0,11.0,30.0,2,0
1964YKMAROON-3XL,24.0,2.0,0.0,0.0,0.0,0.0,24.0,0,0
1964YKMAROON-4XL,17.0,2.0,0.0,0.0,0.0,0.0,17.0,0,0
1964YKMAROON-5XL,20.0,2.0,0.0,0.0,0.0,0.0,20.0,0,0
1964YKMAROON-6XL,11.0,2.0,0.0,0.0,0.0,0.0,11.0,0,0
1964YKMAROON-7XL,18.0,2.0,0.0,0.0,0.0,0.0,18.0,0,0
1964YKMAROON-8XL,14.0,2.0,0.0,0.0,0.0,0.0,14.0,0,0
1964YKMAROON-L,26.0,2.0,0.0,0.0,0.0,0.0,26.0,0,0
1964YKMAROON-M,26.0,2.0,0.0,0.0,0.0,0.0,26.0,0,0
1964YKMAROON-S,20.0,2.0,0.0,0.0,0.0,0.0,20.0,0,0
1964YKMAROON-XL,18.0,2.0,0.0,0.0,0.0,0.0,18.0,0,0
1964YKMAROON-XXL,25.0,2.0,0.0,0.0,0.0,0.0,25.0,0,0
1966YKYELLOW-3XL,52.0,5.0,0.0,0.0,0.0,0.0,52.0,0,0
1966YKYELLOW-4XL,59.0,2.0,0.0,0.0,0.0,0.0,59.0,0,0
1966YKYELLOW-5XL,52.0,6.0,0.0,0.0,0.0,0.0,52.0,0,0
1966YKYELLOW-6XL,28.0,5.0,0.0,0.0,0.0,0.0,28.0,0,0
1966YKYELLOW-7XL,28.0,3.0,0.0,0.0,0.0,0.0,28.0,0,0
1966YKYELLOW-8XL,30.0,2.0,0.0,0.0,0.0,0.0,30.0,0,0
1966YKYELLOW-L,55.0,6.0,0.0,0.0,0.0,0.0,55.0,0,0
1966YKYELLOW-M,56.0,4.0,0.0,0.0,0.0,0.0,56.0,0,0
1966YKYELLOW-S,30.0,2.0,0.0,0.0,0.0,0.0,30.0,0,0
1966YKYELLOW-XL,48.0,7.0,0.0,0.0,0.0,0.0,48.0,0,0
1966YKYELLOW-XS,27.0,4.0,0.0,0.0,0.0,0.0,27.0,0,0
1966YKYELLOW-XXL,57.0,4.0,0.0,0.0,0.0,0.0,57.0,0,0
1967YKPINK-3XL,53.0,4.0,0.0,0.0,0.0,0.0,53.0,0,0
1967YKPINK-4XL,58.0,3.0,0.0,0.0,0.0,0.0,58.0,0,0
1967YKPINK-5XL,58.0,5.0,0.0,0.0,0.0,0.0,58.0,0,0
1967YKPINK-6XL,39.0,2.0,0.0,0.0,0.0,0.0,39.0,0,0
1967YKPINK-7XL,37.0,5.0,0.0,0.0,0.0,0.0,37.0,0,0
1967YKPINK-8XL,39.0,2.0,0.0,0.0,0.0,0.0,39.0,0,0
1967YKPINK-L,52.0,7.0,0.0,0.0,0.0,0.0,52.0,0,0
1967YKPINK-M,56.0,4.0,0.0,0.0,0.0,0.0,56.0,0,0
1967YKPINK-S,38.0,2.0,0.0,0.0,0.0,0.0,38.0,0,0
1967YKPINK-XL,47.0,10.0,0.0,0.0,0.0,0.0,47.0,0,0
1967YKPINK-XS,40.0,2.0,0.0,0.0,0.0,0.0,40.0,0,0
1967YKPINK-XXL,55.0,4.0,0.0,0.0,0.0,0.0,55.0,0,0
1968YKBLACK-3XL,42.0,8.0,0.0,0.0,0.0,0.0,42.0,0,0
1968YKBLACK-4XL,55.0,4.0,0.0,0.0,0.0,0.0,55.0,0,0
1968YKBLACK-5XL,54.0,13.0,0.0,0.0,0.0,0.0,54.0,0,0
1968YKBLACK-6XL,25.0,5.0,0.0,0.0,0.0,0.0,25.0,0,0
1968YKBLACK-7XL,24.0,3.0,0.0,0.0,0.0,0.0,24.0,0,0
1968YKBLACK-8XL,21.0,3.0,0.0,0.0,0.0,0.0,21.0,0,0
1968YKBLACK-L,47.0,4.0,0.0,0.0,0.0,0.0,47.0,0,0
1968YKBLACK-M,56.0,3.0,0.0,0.0,0.0,0.0,56.0,0,0
1968YKBLACK-S,22.0,3.0,0.0,0.0,0.0,0.0,22.0,0,0
1968YKBLACK-XL,51.0,3.0,0.0,0.0,0.0,0.0,51.0,0,0
1968YKBLACK-XS,24.0,3.0,0.0,0.0,0.0,0.0,24.0,0,0
1968YKBLACK-XXL,42.0,5.0,0.0,0.0,0.0,0.0,42.0,0,0
196YK315MUSTARD-L,1.0,0.0,0.0,0.0,0.0,0.0,1.0,0,0
196YK315MUSTARD-XL,8.0,2.0,0.0,0.0,0.0,0.0,8.0,0,0
196YK315MUSTARD-XXL,6.0,2.0,0.0,0.0,0.0,0.0,6.0,0,0
1975YKGREY-3XL,30.0,0.0,0.0,0.0,0.0,0.0,30.0,0,0
1975YKGREY-4XL,31.0,0.0,0.0,0.0,0.0,0.0,31.0,0,0
1975YKGREY-5XL,29.0,0.0,0.0,0.0,0.0,0.0,29.0,0,0
1975YKGREY-XL,27.0,0.0,0.0,0.0,0.0,0.0,27.0,0,0
1975YKGREY-XXL,30.0,0.0,0.0,0.0,0.0,0.0,30.0,0,0
1977YKMUSTARD-3XL,48.0,0.0,0.0,0.0,0.0,0.0,48.0,0,0
1977YKMUSTARD-4XL,45.0,0.0,0.0,0.0,0.0,0.0,45.0,0,0
1977YKMUSTARD-5XL,50.0,0.0,0.0,0.0,0.0,0.0,50.0,0,0
1977YKMUSTARD-L,40.0,0.0,0.0,0.0,0.0,0.0,40.0,0,0
1977YKMUSTARD-M,46.0,0.0,0.0,0.0,0.0,0.0,46.0,0,0
1977YKMUSTARD-S,46.0,0.0,0.0,0.0,0.0,0.0,46.0,0,0
1977YKMUSTARD-XL,52.0,0.0,0.0,0.0,0.0,0.0,52.0,0,0
1977YKMUSTARD-XXL,46.0,0.0,0.0,0.0,0.0,0.0,46.0,0,0
1979YKBLACK-3XL,44.0,0.0,0.0,0.0,0.0,12.0,56.0,0,12
1979YKBLACK-4XL,18.0,0.0,0.0,0.0,0.0,35.0,53.0,0,35
1979YKBLACK-5XL,116.0,0.0,0.0,0.0,0.0,134.0,250.0,0,134
1979YKBLACK-6XL,32.0,0.0,0.0,0.0,0.0,1.0,33.0,0,1
1979YKBLACK-7XL,57.0,0.0,0.0,3.0,0.0,3.0,60.0,0,0
1979YKBLACK-8XL,37.0,0.0,0.0,0.0,0.0,27.0,64.0,0,27
1979YKBLACK-L,33.0,0.0,0.0,0.0,0.0,1.0,34.0,0,1
1979YKBLACK-M,45.0,0.0,0.0,4.0,0.0,4.0,49.0,0,0
1979YKBLACK-S,33.0,0.0,0.0,2.0,0.0,4.0,37.0,0,2
1979YKBLACK-XL,11.0,0.0,0.0,0.0,0.0,1.0,12.0,0,1
1979YKBLACK-XXL,59.0,0.0,0.0,0.0,0.0,1.0,60.0,0,1
197YK316GREY-L,1.0,0.0,0.0,0.0,0.0,0.0,1.0,0,0
197YK316GREY-S,2.0,0.0,0.0,0.0,0.0,0.0,2.0,0,0
197YK316GREY-XL,3.0,0.0,0.0,0.0,0.0,0.0,3.0,0,0
197YK316GREY-XXL,2.0,0.0,0.0,0.0,0.0,0.0,2.0,0,0
1985YKOFFWHITE-L,29.0,0.0,0.0,0.0,0.0,0.0,29.0,0,0
1985YKOFFWHITE-M,31.0,0.0,0.0,0.0,0.0,0.0,31.0,0,0
1985YKOFFWHITE-S,32.0,0.0,0.0,0.0,0.0,0.0,32.0,0,0
1985YKOFFWHITE-XL,31.0,0.0,0.0,0.0,0.0,0.0,31.0,0,0
1989YKBLACK-M-L,48.0,0.0,0.0,0.0,0.0,26.0,74.0,0,26
1989YKBLACK-XL-XXL,45.0,0.0,0.0,0.0,0.0,0.0,45.0,0,0
1989YKBLACK-XS-S,18.0,0.0,0.0,0.0,0.0,0.0,18.0,0,0
198YK317NAVY-XL,1.0,0.0,0.0,0.0,0.0,0.0,1.0,0,0
198YK317NAVY-XXL,1.0,0.0,0.0,0.0,0.0,0.0,1.0,0,0
1990YKWHITE-M-L,26.0,0.0,0.0,0.0,0.0,0.0,26.0,0,0
1990YKWHITE-XL-XXL,21.0,0.0,0.0,0.0,0.0,0.0,21.0,0,0
1990YKWHITE-XS-S,18.0,0.0,0.0,0.0,0.0,0.0,18.0,0,0
1992YKOFFWHITE-4XL-5XL,60.0,0.0,0.0,0.0,0.0,0.0,60.0,0,0
1992YKOFFWHITE-L-XL,76.0,0.0,0.0,0.0,0.0,0.0,76.0,0,0
1992YKOFFWHITE-S-M,31.0,0.0,0.0,0.0,0.0,0.0,31.0,0,0
1992YKOFFWHITE-XXL-3XL,67.0,0.0,0.0,0.0,0.0,0.0,67.0,0,0
1994YKOFFWHITE-L,58.0,0.0,0.0,0.0,0.0,0.0,58.0,0,0
1994YKOFFWHITE-M,53.0,0.0,0.0,0.0,0.0,0.0,53.0,0,0
1994YKOFFWHITE-S,38.0,0.0,0.0,0.0,0.0,0.0,38.0,0,0
1994YKOFFWHITE-XL,55.0,0.0,0.0,0.0,0.0,0.0,55.0,0,0
1995YKBLACK-L,44.0,0.0,0.0,0.0,0.0,0.0,44.0,0,0
1995YKBLACK-M,42.0,0.0,0.0,0.0,0.0,0.0,42.0,0,0
1995YKBLACK-S,32.0,0.0,0.0,0.0,0.0,0.0,32.0,0,0
1995YKBLACK-XL,39.0,0.0,0.0,0.0,0.0,0.0,39.0,0,0
2000YKGREEN-4XL-5XL,62.0,0.0,0.0,0.0,0.0,0.0,62.0,0,0
2000YKGREEN-L-XL,62.0,0.0,0.0,0.0,0.0,0.0,62.0,0,0
2000YKGREEN-S-M,48.0,0.0,0.0,0.0,0.0,0.0,48.0,0,0
2000YKGREEN-XXL-3XL,62.0,0.0,0.0,0.0,0.0,0.0,62.0,0,0
2001YKNAVY-L,46.0,0.0,0.0,0.0,0.0,0.0,46.0,0,0
2001YKNAVY-M,44.0,0.0,0.0,0.0,0.0,0.0,44.0,0,0
2001YKNAVY-S,44.0,0.0,0.0,0.0,0.0,0.0,44.0,0,0
2001YKNAVY-XL,44.0,0.0,0.0,0.0,0.0,0.0,44.0,0,0
2001YKNAVY-XS,20.0,0.0,0.0,0.0,0.0,0.0,20.0,0,0
200YK319YELLOW-S,1.0,0.0,0.0,0.0,0.0,0.0,1.0,0,0
201YK320WHITE-S,1.0,0.0,0.0,0.0,0.0,0.0,1.0,0,0
202YK321BLUE-L,3.0,0.0,0.0,0.0,0.0,0.0,3.0,0,0
202YK321BLUE-M,1.0,0.0,0.0,0.0,0.0,0.0,1.0,0,0
202YK321BLUE-XL,1.0,0.0,0.0,0.0,0.0,0.0,1.0,0,0
202YK321BLUE-XXL,2.0,0.0,0.0,0.0,0.0,0.0,2.0,0,0
206YK324MUSTARD-3XL,114.0,10.0,19.0,3.0,0.0,22.0,136.0,0,0
206YK324MUSTARD-4XL,51.0,7.0,12.0,3.0,0.0,15.0,66.0,0,0
206YK324MUSTARD-5XL,45.0,7.0,4.0,3.0,0.0,7.0,52.0,0,0
206YK324MUSTARD-6XL,12.0,4.0,2.0,0.0,0.0,2.0,14.0,0,0
206YK324MUSTARD-7XL,7.0,3.0,4.0,0.0,0.0,4.0,11.0,0,0
206YK324MUSTARD-8XL,8.0,4.0,6.0,2.0,0.0,8.0,16.0,0,0
206YK324MUSTARD-L,65.0,6.0,21.0,0.0,9.0,30.0,95.0,0,0
206YK324MUSTARD-M,232.0,17.0,9.0,0.0,0.0,9.0,241.0,0,0
206YK324MUSTARD-S,151.0,13.0,10.0,2.0,0.0,12.0,163.0,0,0
206YK324MUSTARD-XL,43.0,7.0,18.0,1.0,0.0,19.0,62.0,0,0
206YK324MUSTARD-XS,31.0,6.0,4.0,3.0,0.0,7.0,38.0,0,0
206YK324MUSTARD-XXL,15.0,6.0,23.0,2.0,0.0,26.0,41.0,0,1
208YK322YELLOW-L,1.0,0.0,0.0,0.0,0.0,0.0,1.0,0,0
208YK322YELLOW-M,1.0,0.0,0.0,0.0,0.0,0.0,1.0,0,0
213YK231ORANGE-L,3.0,1.0,0.0,0.0,0.0,0.0,3.0,0,0
213YK231ORANGE-S,2.0,0.0,0.0,0.0,0.0,0.0,2.0,0,0
215YK204TEAL-L,3.0,1.0,0.0,0.0,0.0,0.0,3.0,0,0
215YK204TEAL-XL,1.0,0.0,0.0,0.0,0.0,0.0,1.0,0,0
215YK204TEAL-XXL,5.0,2.0,0.0,0.0,0.0,0.0,5.0,0,0
216YK321BLUE-XL,1.0,0.0,0.0,0.0,0.0,0.0,1.0,0,0
216YK321BLUE-XXL,2.0,0.0,0.0,0.0,0.0,0.0,2.0,0,0
217YK252PINK-XL,4.0,0.0,0.0,0.0,0.0,0.0,4.0,0,0
217YK252PINK-XXL,1.0,0.0,0.0,0.0,0.0,0.0,1.0,0,0
218YK200GREEN-XL,2.0,0.0,0.0,0.0,0.0,0.0,2.0,0,0
218YK200GREEN-XXL,1.0,0.0,0.0,0.0,0.0,0.0,1.0,0,0
220YK200PINK-L,1.0,0.0,0.0,0.0,0.0,0.0,1.0,0,0
221YK207N BLUE-XXL,2.0,0.0,0.0,0.0,0.0,0.0,2.0,0,0
224KD148BNDJ-11-12,1.0,0.0,0.0,0.0,0.0,0.0,1.0,0,0
224KD148BNDJ-7-8,15.0,5.0,0.0,0.0,0.0,0.0,15.0,0,0
224KD148BNDJ-9-10,7.0,3.0,0.0,0.0,0.0,0.0,7.0,0,0
224YK148BNDJ-3XL,81.0,3.0,12.0,4.0,0.0,16.0,97.0,0,0
224YK148BNDJ-4XL,76.0,14.0,46.0,9.0,2.0,63.0,139.0,6,0
224YK148BNDJ-5XL,126.0,18.0,42.0,6.0,0.0,50.0,176.0,0,2
224YK148BNDJ-6XL,48.0,8.0,28.0,2.0,0.0,30.0,78.0,0,0
224YK148BNDJ-7XL,12.0,6.0,27.0,0.0,6.0,33.0,45.0,0,0
224YK148BNDJ-8XL,23.0,7.0,36.0,3.0,1.0,40.0,63.0,0,0
224YK148BNDJ-L,21.0,5.0,8.0,0.0,3.0,16.0,37.0,5,0
224YK148BNDJ-M,31.0,4.0,7.0,1.0,0.0,8.0,39.0,0,0
224YK148BNDJ-S,39.0,3.0,3.0,0.0,0.0,3.0,42.0,0,0
224YK148BNDJ-XL,39.0,5.0,16.0,0.0,0.0,16.0,55.0,0,0
224YK148BNDJ-XS,20.0,5.0,0.0,0.0,0.0,0.0,20.0,0,0
224YK148BNDJ-XXL,152.0,19.0,58.0,70.0,0.0,132.0,284.0,4,0
225KD148OWHTE-7-8,1.0,0.0,0.0,0.0,0.0,0.0,1.0,0,0
225YK148OWHTE-3XL,0.0,0.0,0.0,1.0,0.0,1.0,1.0,0,0
225YK148OWHTE-4XL,3.0,3.0,4.0,0.0,0.0,4.0,7.0,0,0
225YK148OWHTE-5XL,3.0,3.0,4.0,0.0,0.0,4.0,7.0,0,0
225YK148OWHTE-L,3.0,2.0,7.0,5.0,0.0,12.0,15.0,0,0
225YK148OWHTE-M,3.0,2.0,0.0,0.0,0.0,0.0,3.0,0,0
225YK148OWHTE-S,5.0,3.0,0.0,0.0,0.0,0.0,5.0,0,0
225YK148OWHTE-XL,1.0,1.0,7.0,0.0,0.0,7.0,8.0,0,0
225YK148OWHTE-XXL,2.0,2.0,0.0,0.0,0.0,2.0,4.0,2,0
226YK346GREEN-3XL,27.0,12.0,3.0,0.0,0.0,5.0,32.0,2,0
226YK346GREEN-4XL,9.0,5.0,2.0,0.0,0.0,9.0,18.0,2,5
226YK346GREEN-5XL,14.0,10.0,1.0,0.0,0.0,33.0,47.0,2,30
226YK346GREEN-6XL,10.0,4.0,3.0,0.0,0.0,9.0,19.0,0,6
226YK346GREEN-7XL,9.0,3.0,1.0,0.0,0.0,9.0,18.0,0,8
226YK346GREEN-8XL,17.0,6.0,3.0,0.0,0.0,20.0,37.0,2,15
226YK346GREEN-L,16.0,5.0,3.0,0.0,0.0,9.0,25.0,4,2
226YK346GREEN-M,25.0,6.0,1.0,1.0,0.0,20.0,45.0,2,16
226YK346GREEN-S,22.0,4.0,5.0,0.0,0.0,5.0,27.0,0,0
226YK346GREEN-XL,23.0,9.0,8.0,0.0,0.0,36.0,59.0,12,16
226YK346GREEN-XS,27.0,6.0,0.0,0.0,0.0,8.0,35.0,0,8
226YK346GREEN-XXL,48.0,6.0,2.0,0.0,0.0,42.0,90.0,4,36
233YK338MULTI-M,1.0,0.0,0.0,0.0,0.0,0.0,1.0,0,0
233YK338MULTI-S,1.0,0.0,0.0,0.0,0.0,0.0,1.0,0,0
234YK340FIROZI-3XL,54.0,14.0,2.0,0.0,0.0,2.0,56.0,0,0
234YK340FIROZI-4XL,59.0,14.0,6.0,0.0,0.0,6.0,65.0,0,0
234YK340FIROZI-5XL,42.0,9.0,5.0,0.0,0.0,5.0,47.0,0,0
234YK340FIROZI-L,3.0,0.0,0.0,0.0,0.0,0.0,3.0,0,0
234YK340FIROZI-M,3.0,2.0,0.0,0.0,0.0,0.0,3.0,0,0
234YK340FIROZI-S,47.0,9.0,7.0,0.0,0.0,7.0,54.0,0,0
234YK340FIROZI-XL,3.0,3.0,0.0,0.0,0.0,0.0,3.0,0,0
234YK340FIROZI-XS,20.0,6.0,5.0,0.0,0.0,5.0,25.0,0,0
234YK340FIROZI-XXL,14.0,10.0,8.0,0.0,0.0,8.0,22.0,0,0
237YK345PINK-3XL,34.0,7.0,20.0,8.0,0.0,36.0,70.0,8,0
237YK345PINK-4XL,51.0,6.0,13.0,6.0,0.0,21.0,72.0,2,0
237YK345PINK-5XL,26.0,3.0,4.0,0.0,0.0,6.0,32.0,2,0
237YK345PINK-6XL,17.0,3.0,3.0,0.0,0.0,6.0,23.0,3,0
237YK345PINK-7XL,14.0,3.0,6.0,0.0,0.0,6.0,20.0,0,0
237YK345PINK-8XL,20.0,4.0,1.0,0.0,0.0,1.0,21.0,0,0
237YK345PINK-L,82.0,9.0,32.0,0.0,3.0,35.0,117.0,0,0
237YK345PINK-M,65.0,6.0,40.0,0.0,0.0,47.0,112.0,6,1
237YK345PINK-S,54.0,3.0,16.0,0.0,3.0,23.0,77.0,4,0
237YK345PINK-XL,24.0,5.0,30.0,0.0,0.0,34.0,58.0,4,0
237YK345PINK-XS,7.0,3.0,2.0,0.0,0.0,2.0,9.0,0,0
237YK345PINK-XXL,55.0,11.0,24.0,8.0,0.0,36.0,91.0,3,1
238YK343PINK-L,4.0,3.0,0.0,0.0,0.0,0.0,4.0,0,0
238YK343PINK-S,1.0,0.0,0.0,0.0,0.0,0.0,1.0,0,0
238YK343PINK-XL,2.0,0.0,0.0,0.0,0.0,0.0,2.0,0,0
241YK287BLACKRAY-3XL,6.0,6.0,11.0,0.0,0.0,24.0,30.0,4,9
241YK287BLACKRAY-4XL,69.0,9.0,7.0,0.0,0.0,38.0,107.0,4,27
241YK287BLACKRAY-5XL,39.0,11.0,26.0,0.0,0.0,60.0,99.0,20,14
241YK287BLACKRAY-6XL,0.0,0.0,1.0,0.0,0.0,3.0,3.0,2,0
241YK287BLACKRAY-7XL,2.0,2.0,0.0,0.0,0.0,0.0,2.0,0,0
241YK287BLACKRAY-8XL,1.0,1.0,0.0,0.0,0.0,6.0,7.0,6,0
241YK287BLACKRAY-L,78.0,5.0,7.0,3.0,0.0,39.0,117.0,4,25
241YK287BLACKRAY-M,40.0,8.0,14.0,1.0,0.0,19.0,59.0,0,4
241YK287BLACKRAY-S,61.0,5.0,12.0,8.0,0.0,44.0,105.0,2,22
241YK287BLACKRAY-XL,27.0,3.0,14.0,3.0,0.0,32.0,59.0,3,12
241YK287BLACKRAY-XS,23.0,4.0,6.0,9.0,0.0,15.0,38.0,0,0
241YK287BLACKRAY-XXL,99.0,8.0,16.0,0.0,2.0,105.0,204.0,3,84
242YK287MEHROON-L,3.0,3.0,0.0,0.0,0.0,0.0,3.0,0,0
242YK287MEHROON-S,1.0,1.0,0.0,0.0,0.0,0.0,1.0,0,0
242YK287MEHROON-XL,2.0,2.0,0.0,0.0,0.0,0.0,2.0,0,0
244YK295MULTI-M,1.0,0.0,0.0,0.0,0.0,0.0,1.0,0,0
247YK358DANGRI-L,1.0,0.0,0.0,0.0,0.0,0.0,1.0,0,0
248YK360POLKA-L,1.0,0.0,0.0,0.0,0.0,0.0,1.0,0,0
248YK360POLKA-M,5.0,2.0,0.0,0.0,0.0,0.0,5.0,0,0
248YK360POLKA-S,7.0,2.0,0.0,0.0,0.0,0.0,7.0,0,0
249YK361WHITE-L,1.0,0.0,0.0,0.0,0.0,0.0,1.0,0,0
249YK361WHITE-M,1.0,0.0,0.0,0.0,0.0,0.0,1.0,0,0
249YK361WHITE-S,1.0,0.0,0.0,0.0,0.0,0.0,1.0,0,0
249YK361WHITE-XL,1.0,0.0,0.0,0.0,0.0,0.0,1.0,0,0
250YK366GREEN-L,1.0,0.0,0.0,0.0,0.0,0.0,1.0,0,0
250YK366GREEN-S,1.0,0.0,0.0,0.0,0.0,0.0,1.0,0,0
250YK366GREEN-XL,1.0,1.0,0.0,0.0,0.0,0.0,1.0,0,0
250YK366GREEN-XXL,1.0,1.0,0.0,0.0,0.0,0.0,1.0,0,0
251YK366PINK-XL,1.0,0.0,0.0,0.0,0.0,0.0,1.0,0,0
255YK364OWHITE-S,1.0,0.0,0.0,0.0,0.0,0.0,1.0,0,0
255YK364OWHITE-XL,1.0,0.0,0.0,0.0,0.0,0.0,1.0,0,0
256YK365PINK-L,2.0,2.0,0.0,0.0,0.0,0.0,2.0,0,0
256YK365PINK-M,3.0,1.0,0.0,0.0,0.0,0.0,3.0,0,0
256YK365PINK-S,4.0,2.0,0.0,0.0,0.0,0.0,4.0,0,0
258YK368LGREEN-S,4.0,0.0,0.0,0.0,0.0,0.0,4.0,0,0
259YK340PINK-L,1.0,0.0,0.0,0.0,0.0,0.0,1.0,0,0
259YK340PINK-M,1.0,0.0,0.0,0.0,0.0,0.0,1.0,0,0
259YK340PINK-S,4.0,2.0,0.0,0.0,0.0,0.0,4.0,0,0
260YK340GREEN-M,2.0,1.0,0.0,0.0,0.0,0.0,2.0,0,0
260YK340GREEN-S,1.0,0.0,0.0,0.0,0.0,0.0,1.0,0,0
263YK294TEAL-S,1.0,0.0,0.0,0.0,0.0,0.0,1.0,0,0
264YK346TEAL-3XL,15.0,6.0,10.0,0.0,0.0,10.0,25.0,0,0
264YK346TEAL-4XL,13.0,5.0,2.0,0.0,0.0,2.0,15.0,0,0
264YK346TEAL-5XL,1.0,0.0,0.0,0.0,0.0,0.0,1.0,0,0
264YK346TEAL-L,12.0,4.0,6.0,0.0,0.0,6.0,18.0,0,0
264YK346TEAL-M,4.0,2.0,0.0,0.0,0.0,0.0,4.0,0,0
264YK346TEAL-S,11.0,5.0,6.0,0.0,0.0,6.0,17.0,0,0
264YK346TEAL-XL,2.0,1.0,0.0,0.0,0.0,0.0,2.0,0,0
264YK346TEAL-XS,17.0,4.0,3.0,0.0,0.0,3.0,20.0,0,0
264YK346TEAL-XXL,3.0,2.0,6.0,0.0,0.0,8.0,11.0,2,0
265YK346YELLOW-XL,1.0,0.0,0.0,0.0,0.0,0.0,1.0,0,0
266YK372BLACK-3XL,4.0,4.0,0.0,0.0,0.0,0.0,4.0,0,0
266YK372BLACK-4XL,12.0,4.0,0.0,0.0,0.0,0.0,12.0,0,0
266YK372BLACK-5XL,1.0,1.0,0.0,0.0,0.0,0.0,1.0,0,0
266YK372BLACK-6XL,7.0,2.0,1.0,0.0,0.0,1.0,8.0,0,0
266YK372BLACK-7XL,6.0,3.0,7.0,0.0,0.0,10.0,16.0,3,0
266YK372BLACK-8XL,19.0,4.0,1.0,0.0,0.0,1.0,20.0,0,0
266YK372BLACK-L,1.0,0.0,0.0,0.0,0.0,2.0,3.0,2,0
266YK372BLACK-M,29.0,6.0,2.0,0.0,0.0,2.0,31.0,0,0
266YK372BLACK-S,4.0,2.0,0.0,0.0,0.0,0.0,4.0,0,0
266YK372BLACK-XL,4.0,2.0,5.0,0.0,0.0,5.0,9.0,0,0
266YK372BLACK-XXL,9.0,5.0,0.0,0.0,0.0,0.0,9.0,0,0
267YK373LBLUE-S,2.0,0.0,0.0,0.0,0.0,0.0,2.0,0,0
268YK370PINK-M,1.0,0.0,0.0,0.0,0.0,0.0,1.0,0,0
268YK370PINK-S,1.0,0.0,0.0,0.0,0.0,0.0,1.0,0,0
269YK349MUSTARD-XL,1.0,0.0,0.0,0.0,0.0,0.0,1.0,0,0
271YK348GREEN-3XL,2.0,1.0,0.0,0.0,0.0,0.0,2.0,0,0
271YK348GREEN-4XL,10.0,8.0,6.0,0.0,0.0,6.0,16.0,0,0
271YK348GREEN-5XL,5.0,5.0,2.0,0.0,0.0,2.0,7.0,0,0
271YK348GREEN-L,3.0,1.0,0.0,0.0,0.0,0.0,3.0,0,0
271YK348GREEN-M,10.0,3.0,0.0,0.0,0.0,0.0,10.0,0,0
271YK348GREEN-S,6.0,2.0,0.0,0.0,0.0,0.0,6.0,0,0
271YK348GREEN-XL,1.0,1.0,0.0,0.0,0.0,0.0,1.0,0,0
271YK348GREEN-XS,9.0,3.0,3.0,0.0,0.0,3.0,12.0,0,0
271YK348GREEN-XXL,1.0,1.0,0.0,0.0,0.0,0.0,1.0,0,0
275YK146MULTI-3XL,6.0,7.0,7.0,0.0,4.0,11.0,17.0,0,0
275YK146MULTI-4XL,34.0,11.0,11.0,3.0,2.0,16.0,50.0,0,0
275YK146MULTI-5XL,50.0,15.0,22.0,3.0,0.0,27.0,77.0,2,0
275YK146MULTI-6XL,6.0,3.0,5.0,0.0,1.0,9.0,15.0,3,0
275YK146MULTI-7XL,12.0,4.0,4.0,0.0,1.0,5.0,17.0,0,0
275YK146MULTI-8XL,17.0,6.0,10.0,0.0,0.0,10.0,27.0,0,0
275YK146MULTI-L,70.0,9.0,18.0,0.0,0.0,18.0,88.0,0,0
275YK146MULTI-M,93.0,8.0,13.0,0.0,5.0,18.0,111.0,0,0
275YK146MULTI-S,28.0,6.0,8.0,0.0,0.0,8.0,36.0,0,0
275YK146MULTI-XL,52.0,10.0,18.0,3.0,0.0,23.0,75.0,2,0
275YK146MULTI-XS,19.0,3.0,10.0,0.0,2.0,12.0,31.0,0,0
275YK146MULTI-XXL,59.0,12.0,23.0,4.0,0.0,27.0,86.0,0,0
277YK162BLUE-L,1.0,0.0,0.0,0.0,0.0,0.0,1.0,0,0
277YK162BLUE-M,1.0,0.0,0.0,0.0,0.0,0.0,1.0,0,0
277YK162BLUE-XL,1.0,1.0,0.0,0.0,0.0,0.0,1.0,0,0
279YK58WHITE-M,1.0,0.0,0.0,0.0,0.0,0.0,1.0,0,0
283YK367BLACK-S,1.0,0.0,0.0,0.0,0.0,0.0,1.0,0,0
286YK228PINK-XXL,1.0,0.0,0.0,0.0,0.0,0.0,1.0,0,0
287YK253GREEN-L,1.0,0.0,0.0,0.0,0.0,0.0,1.0,0,0
288YK395MUSTARD-3XL,19.0,9.0,7.0,0.0,0.0,7.0,26.0,0,0
288YK395MUSTARD-4XL,15.0,5.0,7.0,0.0,0.0,7.0,22.0,0,0
288YK395MUSTARD-5XL,66.0,8.0,6.0,0.0,0.0,6.0,72.0,0,0
288YK395MUSTARD-L,3.0,1.0,0.0,0.0,0.0,0.0,3.0,0,0
288YK395MUSTARD-M,4.0,2.0,0.0,0.0,0.0,0.0,4.0,0,0
288YK395MUSTARD-S,5.0,3.0,2.0,0.0,0.0,2.0,7.0,0,0
288YK395MUSTARD-XL,34.0,6.0,7.0,0.0,0.0,7.0,41.0,0,0
288YK395MUSTARD-XS,18.0,5.0,3.0,0.0,0.0,3.0,21.0,0,0
288YK395MUSTARD-XXL,7.0,7.0,1.0,0.0,0.0,1.0,8.0,0,0
289YK345YELLOW-3XL,27.0,6.0,17.0,2.0,0.0,19.0,46.0,0,0
289YK345YELLOW-4XL,18.0,8.0,12.0,3.0,0.0,19.0,37.0,4,0
289YK345YELLOW-5XL,30.0,7.0,10.0,5.0,0.0,17.0,47.0,2,0
289YK345YELLOW-6XL,18.0,6.0,4.0,4.0,0.0,9.0,27.0,1,0
289YK345YELLOW-7XL,19.0,5.0,3.0,3.0,0.0,7.0,26.0,1,0
289YK345YELLOW-8XL,25.0,3.0,5.0,5.0,0.0,11.0,36.0,1,0
289YK345YELLOW-L,30.0,16.0,17.0,7.0,0.0,27.0,57.0,3,0
289YK345YELLOW-M,39.0,17.0,21.0,4.0,0.0,28.0,67.0,2,1
289YK345YELLOW-S,11.0,10.0,12.0,0.0,0.0,12.0,23.0,0,0
289YK345YELLOW-XL,40.0,23.0,18.0,3.0,0.0,22.0,62.0,1,0
289YK345YELLOW-XS,8.0,3.0,1.0,0.0,0.0,1.0,9.0,0,0
289YK345YELLOW-XXL,38.0,25.0,15.0,2.0,0.0,17.0,55.0,0,0
290YK371WHITE-XXL,1.0,0.0,0.0,0.0,0.0,0.0,1.0,0,0
292YK392MAROON-S,1.0,0.0,0.0,0.0,0.0,0.0,1.0,0,0
293YK393GREEN-3XL,1.0,1.0,0.0,0.0,0.0,0.0,1.0,0,0
293YK393GREEN-4XL,0.0,0.0,2.0,0.0,0.0,4.0,4.0,2,0
293YK393GREEN-5XL,7.0,6.0,9.0,0.0,4.0,13.0,20.0,0,0
293YK393GREEN-L,8.0,5.0,9.0,0.0,0.0,9.0,17.0,0,0
293YK393GREEN-M,10.0,3.0,3.0,0.0,7.0,10.0,20.0,0,0
293YK393GREEN-S,32.0,5.0,3.0,0.0,0.0,3.0,35.0,0,0
293YK393GREEN-XL,22.0,4.0,8.0,0.0,0.0,8.0,30.0,0,0
293YK393GREEN-XS,5.0,3.0,1.0,0.0,0.0,1.0,6.0,0,0
293YK393GREEN-XXL,3.0,3.0,5.0,0.0,2.0,13.0,16.0,6,0
295KD148CHECKS-7-8,2.0,0.0,0.0,0.0,0.0,0.0,2.0,0,0
295KD148CHECKS-9-10,1.0,0.0,0.0,0.0,0.0,0.0,1.0,0,0
295YK148CHECKS-3XL,0.0,0.0,3.0,0.0,0.0,5.0,5.0,2,0
295YK148CHECKS-4XL,0.0,0.0,1.0,0.0,0.0,1.0,1.0,0,0
295YK148CHECKS-5XL,0.0,0.0,4.0,0.0,0.0,8.0,8.0,4,0
295YK148CHECKS-6XL,4.0,3.0,0.0,0.0,0.0,0.0,4.0,0,0
295YK148CHECKS-7XL,8.0,5.0,3.0,0.0,0.0,3.0,11.0,0,0
295YK148CHECKS-8XL,3.0,2.0,2.0,0.0,0.0,2.0,5.0,0,0
295YK148CHECKS-L,2.0,1.0,0.0,0.0,0.0,0.0,2.0,0,0
295YK148CHECKS-M,4.0,2.0,0.0,0.0,1.0,1.0,5.0,0,0
295YK148CHECKS-S,15.0,4.0,1.0,0.0,0.0,1.0,16.0,0,0
295YK148CHECKS-XL,1.0,1.0,0.0,0.0,0.0,0.0,1.0,0,0
295YK148CHECKS-XS,12.0,6.0,3.0,0.0,0.0,3.0,15.0,0,0
295YK148CHECKS-XXL,1.0,0.0,0.0,0.0,0.0,0.0,1.0,0,0
298YK340MEHROON-M,1.0,0.0,0.0,0.0,0.0,0.0,1.0,0,0
298YK340MEHROON-XXL,1.0,0.0,0.0,0.0,0.0,0.0,1.0,0,0
299YK340MUSTARD-L,1.0,1.0,0.0,0.0,0.0,0.0,1.0,0,0
299YK340MUSTARD-M,4.0,2.0,0.0,0.0,0.0,0.0,4.0,0,0
299YK340MUSTARD-S,5.0,4.0,0.0,0.0,0.0,0.0,5.0,0,0
299YK340MUSTARD-XL,2.0,1.0,0.0,0.0,0.0,0.0,2.0,0,0
300YK340TEAL-L,2.0,2.0,0.0,0.0,0.0,0.0,2.0,0,0
300YK340TEAL-M,3.0,3.0,0.0,0.0,0.0,0.0,3.0,0,0
300YK340TEAL-S,23.0,7.0,0.0,0.0,0.0,0.0,23.0,0,0
300YK340TEAL-XL,2.0,2.0,0.0,0.0,0.0,0.0,2.0,0,0
301YK340TYEDYE-3XL,137.0,21.0,8.0,0.0,0.0,8.0,145.0,0,0
301YK340TYEDYE-4XL,16.0,6.0,6.0,2.0,0.0,8.0,24.0,0,0
301YK340TYEDYE-5XL,74.0,12.0,11.0,3.0,0.0,14.0,88.0,0,0
301YK340TYEDYE-6XL,14.0,4.0,5.0,0.0,0.0,5.0,19.0,0,0
301YK340TYEDYE-7XL,2.0,2.0,2.0,0.0,0.0,2.0,4.0,0,0
301YK340TYEDYE-L,151.0,5.0,5.0,0.0,1.0,6.0,157.0,0,0
301YK340TYEDYE-M,347.0,6.0,9.0,0.0,0.0,9.0,356.0,0,0
301YK340TYEDYE-S,177.0,7.0,9.0,0.0,0.0,9.0,186.0,0,0
301YK340TYEDYE-XL,240.0,13.0,26.0,1.0,0.0,27.0,267.0,0,0
301YK340TYEDYE-XS,34.0,7.0,1.0,0.0,1.0,2.0,36.0,0,0
301YK340TYEDYE-XXL,138.0,10.0,17.0,2.0,0.0,19.0,157.0,0,0
302YK340YELLOW-L,6.0,4.0,0.0,0.0,0.0,0.0,6.0,0,0
302YK340YELLOW-M,6.0,5.0,0.0,0.0,0.0,0.0,6.0,0,0
302YK340YELLOW-S,2.0,2.0,0.0,0.0,0.0,0.0,2.0,0,0
303YK403BLACK-3XL,2.0,0.0,0.0,0.0,0.0,0.0,2.0,0,0
303YK403BLACK-L,4.0,2.0,0.0,0.0,0.0,0.0,4.0,0,0
303YK403BLACK-M,4.0,2.0,0.0,0.0,0.0,0.0,4.0,0,0
303YK403BLACK-S,19.0,5.0,0.0,0.0,0.0,0.0,19.0,0,0
303YK403BLACK-XS,8.0,3.0,0.0,0.0,0.0,0.0,8.0,0,0
303YK403BLACK-XXL,2.0,0.0,0.0,0.0,0.0,0.0,2.0,0,0
305YK397BEIGE-3XL,3.0,1.0,0.0,0.0,0.0,1.0,4.0,0,1
305YK397BEIGE-4XL,4.0,2.0,0.0,0.0,0.0,0.0,4.0,0,0
305YK397BEIGE-5XL,3.0,2.0,0.0,0.0,0.0,0.0,3.0,0,0
305YK397BEIGE-L,20.0,6.0,9.0,0.0,0.0,9.0,29.0,0,0
305YK397BEIGE-M,11.0,4.0,8.0,0.0,0.0,8.0,19.0,0,0
305YK397BEIGE-S,14.0,5.0,4.0,0.0,0.0,4.0,18.0,0,0
305YK397BEIGE-XL,20.0,6.0,8.0,0.0,0.0,8.0,28.0,0,0
305YK397BEIGE-XS,1.0,1.0,0.0,0.0,0.0,0.0,1.0,0,0
305YK397BEIGE-XXL,4.0,4.0,2.0,0.0,0.0,6.0,10.0,4,0
306YK398BLUE-M,1.0,0.0,0.0,0.0,0.0,0.0,1.0,0,0
306YK398BLUE-S,2.0,0.0,0.0,0.0,0.0,0.0,2.0,0,0
306YK398BLUE-XL,1.0,1.0,0.0,0.0,0.0,0.0,1.0,0,0
306YK398BLUE-XXL,7.0,3.0,0.0,0.0,0.0,0.0,7.0,0,0
311KD148BBNDJ-11-12,2.0,2.0,0.0,0.0,0.0,0.0,2.0,0,0
311KD148BBNDJ-13-14,4.0,3.0,0.0,0.0,0.0,0.0,4.0,0,0
311KD148BBNDJ-7-8,26.0,10.0,1.0,0.0,0.0,1.0,27.0,0,0
311KD148BBNDJ-9-10,21.0,6.0,1.0,0.0,0.0,1.0,22.0,0,0
311YK148BBNDJ-3XL,113.0,18.0,19.0,4.0,0.0,23.0,136.0,0,0
311YK148BBNDJ-4XL,86.0,16.0,15.0,5.0,1.0,21.0,107.0,0,0
311YK148BBNDJ-5XL,74.0,12.0,16.0,3.0,0.0,19.0,93.0,0,0
311YK148BBNDJ-6XL,21.0,6.0,5.0,0.0,0.0,9.0,30.0,4,0
311YK148BBNDJ-7XL,26.0,5.0,2.0,0.0,0.0,2.0,28.0,0,0
311YK148BBNDJ-8XL,16.0,5.0,6.0,0.0,0.0,6.0,22.0,0,0
311YK148BBNDJ-L,118.0,16.0,12.0,2.0,0.0,14.0,132.0,0,0
311YK148BBNDJ-M,55.0,8.0,4.0,0.0,0.0,4.0,59.0,0,0
311YK148BBNDJ-S,68.0,8.0,9.0,0.0,0.0,9.0,77.0,0,0
311YK148BBNDJ-XL,157.0,9.0,6.0,3.0,0.0,9.0,166.0,0,0
311YK148BBNDJ-XS,16.0,6.0,2.0,0.0,0.0,2.0,18.0,0,0
311YK148BBNDJ-XXL,235.0,19.0,25.0,11.0,0.0,36.0,271.0,0,0
313KD411BLUE-11-12,1.0,0.0,0.0,0.0,0.0,0.0,1.0,0,0
313KD411BLUE-7-8,4.0,2.0,11.0,0.0,0.0,13.0,17.0,2,0
313KD411BLUE-9-10,29.0,7.0,17.0,0.0,0.0,17.0,46.0,0,0
313YK411BLUE-3XL,19.0,8.0,15.0,0.0,1.0,16.0,35.0,0,0
313YK411BLUE-4XL,19.0,11.0,15.0,0.0,0.0,15.0,34.0,0,0
313YK411BLUE-5XL,12.0,9.0,12.0,0.0,0.0,12.0,24.0,0,0
313YK411BLUE-6XL,3.0,3.0,2.0,0.0,0.0,2.0,5.0,0,0
313YK411BLUE-7XL,25.0,6.0,4.0,0.0,0.0,4.0,29.0,0,0
313YK411BLUE-8XL,7.0,3.0,6.0,0.0,0.0,6.0,13.0,0,0
313YK411BLUE-L,40.0,8.0,6.0,0.0,0.0,6.0,46.0,0,0
313YK411BLUE-M,27.0,7.0,7.0,0.0,0.0,7.0,34.0,0,0
313YK411BLUE-S,29.0,6.0,9.0,0.0,0.0,9.0,38.0,0,0
313YK411BLUE-XL,21.0,8.0,9.0,0.0,0.0,9.0,30.0,0,0
313YK411BLUE-XS,12.0,5.0,7.0,0.0,0.0,7.0,19.0,0,0
313YK411BLUE-XXL,39.0,12.0,18.0,1.0,0.0,19.0,58.0,0,0
314KD411RED-11-12,4.0,4.0,1.0,0.0,0.0,3.0,7.0,0,2
314KD411RED-13-14,8.0,7.0,12.0,0.0,0.0,22.0,30.0,10,0
314KD411RED-7-8,6.0,4.0,16.0,0.0,0.0,16.0,22.0,0,0
314KD411RED-9-10,3.0,2.0,22.0,0.0,0.0,22.0,25.0,0,0
314YK411RED-3XL,133.0,20.0,46.0,0.0,0.0,46.0,179.0,0,0
314YK411RED-4XL,78.0,13.0,29.0,0.0,0.0,29.0,107.0,0,0
314YK411RED-5XL,148.0,20.0,33.0,1.0,0.0,34.0,182.0,0,0
314YK411RED-6XL,21.0,5.0,11.0,1.0,0.0,12.0,33.0,0,0
314YK411RED-7XL,42.0,4.0,14.0,1.0,0.0,15.0,57.0,0,0
314YK411RED-8XL,71.0,8.0,12.0,3.0,0.0,15.0,86.0,0,0
314YK411RED-L,122.0,16.0,37.0,0.0,0.0,37.0,159.0,0,0
314YK411RED-M,279.0,16.0,23.0,1.0,0.0,24.0,303.0,0,0
314YK411RED-S,86.0,11.0,12.0,2.0,0.0,14.0,100.0,0,0
314YK411RED-XL,260.0,17.0,35.0,3.0,5.0,43.0,303.0,0,0
314YK411RED-XS,46.0,6.0,9.0,2.0,0.0,11.0,57.0,0,0
314YK411RED-XXL,215.0,24.0,43.0,3.0,3.0,49.0,264.0,0,0
315YK251TEAL-3XL,64.0,7.0,7.0,0.0,0.0,7.0,71.0,0,0
315YK251TEAL-4XL,64.0,3.0,4.0,0.0,0.0,4.0,68.0,0,0
315YK251TEAL-5XL,62.0,6.0,8.0,0.0,0.0,10.0,72.0,2,0
315YK251TEAL-L,84.0,7.0,6.0,0.0,0.0,6.0,90.0,0,0
315YK251TEAL-M,99.0,5.0,8.0,0.0,0.0,8.0,107.0,0,0
315YK251TEAL-S,34.0,4.0,0.0,0.0,0.0,0.0,34.0,0,0
315YK251TEAL-XL,81.0,5.0,13.0,0.0,0.0,15.0,96.0,2,0
315YK251TEAL-XS,46.0,4.0,2.0,0.0,0.0,2.0,48.0,0,0
315YK251TEAL-XXL,96.0,7.0,12.0,0.0,0.0,12.0,108.0,0,0
318YK406YELLOW-3XL,16.0,7.0,2.0,0.0,0.0,2.0,18.0,0,0
318YK406YELLOW-4XL,21.0,8.0,2.0,0.0,0.0,2.0,23.0,0,0
318YK406YELLOW-5XL,64.0,8.0,1.0,0.0,0.0,1.0,65.0,0,0
318YK406YELLOW-L,29.0,8.0,8.0,0.0,0.0,8.0,37.0,0,0
318YK406YELLOW-M,40.0,8.0,5.0,0.0,2.0,7.0,47.0,0,0
318YK406YELLOW-S,23.0,8.0,6.0,0.0,0.0,8.0,31.0,2,0
318YK406YELLOW-XL,46.0,9.0,13.0,0.0,0.0,13.0,59.0,0,0
318YK406YELLOW-XS,21.0,7.0,4.0,0.0,0.0,4.0,25.0,0,0
318YK406YELLOW-XXL,19.0,8.0,2.0,0.0,0.0,2.0,21.0,0,0
322YK300PINK-XL,2.0,0.0,0.0,0.0,0.0,0.0,2.0,0,0
323YK350BLACK-XL,1.0,0.0,0.0,0.0,0.0,0.0,1.0,0,0
324YK393RANI-3XL,4.0,4.0,1.0,0.0,0.0,1.0,5.0,0,0
324YK393RANI-4XL,3.0,3.0,0.0,0.0,0.0,0.0,3.0,0,0
324YK393RANI-5XL,2.0,2.0,0.0,0.0,0.0,0.0,2.0,0,0
324YK393RANI-6XL,2.0,2.0,1.0,0.0,0.0,1.0,3.0,0,0
324YK393RANI-7XL,1.0,1.0,0.0,0.0,0.0,0.0,1.0,0,0
324YK393RANI-8XL,2.0,1.0,0.0,0.0,0.0,0.0,2.0,0,0
324YK393RANI-L,3.0,3.0,6.0,0.0,0.0,6.0,9.0,0,0
324YK393RANI-M,34.0,7.0,7.0,0.0,0.0,7.0,41.0,0,0
324YK393RANI-S,7.0,4.0,0.0,0.0,0.0,0.0,7.0,0,0
324YK393RANI-XL,4.0,4.0,0.0,0.0,0.0,0.0,4.0,0,0
324YK393RANI-XS,14.0,4.0,1.0,0.0,0.0,1.0,15.0,0,0
324YK393RANI-XXL,25.0,9.0,11.0,0.0,0.0,11.0,36.0,0,0
325YK399TEAL-3XL,2.0,0.0,0.0,0.0,0.0,0.0,2.0,0,0
325YK399TEAL-4XL,0.0,0.0,1.0,0.0,0.0,1.0,1.0,0,0
325YK399TEAL-5XL,1.0,1.0,0.0,0.0,0.0,0.0,1.0,0,0
325YK399TEAL-L,2.0,2.0,1.0,0.0,0.0,1.0,3.0,0,0
325YK399TEAL-M,3.0,2.0,2.0,0.0,0.0,2.0,5.0,0,0
325YK399TEAL-S,4.0,3.0,3.0,0.0,0.0,3.0,7.0,0,0
325YK399TEAL-XL,1.0,1.0,6.0,0.0,0.0,6.0,7.0,0,0
325YK399TEAL-XS,4.0,3.0,0.0,0.0,0.0,0.0,4.0,0,0
325YK399TEAL-XXL,2.0,2.0,0.0,0.0,0.0,0.0,2.0,0,0
329YK83FIROZI-L,11.0,5.0,0.0,0.0,0.0,0.0,11.0,0,0
329YK83FIROZI-M,5.0,5.0,1.0,0.0,0.0,1.0,6.0,0,0
329YK83FIROZI-S,17.0,5.0,1.0,0.0,0.0,1.0,18.0,0,0
329YK83FIROZI-XL,20.0,5.0,3.0,0.0,0.0,3.0,23.0,0,0
329YK83FIROZI-XXL,9.0,4.0,0.0,0.0,0.0,0.0,9.0,0,0
4001DRSRED-L,90.0,3.0,4.0,0.0,0.0,4.0,94.0,0,0
4001DRSRED-M,85.0,4.0,1.0,0.0,0.0,1.0,86.0,0,0
4001DRSRED-S,31.0,3.0,1.0,0.0,0.0,1.0,32.0,0,0
4001DRSRED-XL,75.0,3.0,1.0,0.0,0.0,1.0,76.0,0,0
4001DRSRED-XXL,99.0,2.0,2.0,0.0,0.0,2.0,101.0,0,0
4002DRSYELLOW-L,35.0,2.0,5.0,0.0,0.0,5.0,40.0,0,0
4002DRSYELLOW-M,3.0,1.0,1.0,0.0,0.0,1.0,4.0,0,0
4002DRSYELLOW-S,4.0,2.0,0.0,0.0,0.0,0.0,4.0,0,0
4002DRSYELLOW-XL,45.0,3.0,4.0,0.0,0.0,4.0,49.0,0,0
4002DRSYELLOW-XXL,55.0,3.0,4.0,0.0,0.0,4.0,59.0,0,0
4003DRSBLACK-XS,5.0,0.0,0.0,0.0,0.0,0.0,5.0,0,0
4003DRSGREEN-3XL,26.0,4.0,1.0,0.0,0.0,2.0,28.0,0,1
4003DRSGREEN-4XL,15.0,3.0,0.0,0.0,0.0,1.0,16.0,0,1
4003DRSGREEN-5XL,19.0,2.0,4.0,0.0,0.0,5.0,24.0,0,1
4003DRSGREEN-L,7.0,2.0,9.0,0.0,0.0,13.0,20.0,4,0
4003DRSGREEN-M,24.0,3.0,3.0,0.0,0.0,3.0,27.0,0,0
4003DRSGREEN-S,6.0,2.0,6.0,0.0,0.0,11.0,17.0,5,0
4003DRSGREEN-XL,14.0,3.0,9.0,0.0,0.0,9.0,23.0,0,0
4003DRSGREEN-XS,7.0,3.0,1.0,0.0,0.0,1.0,8.0,0,0
4003DRSGREEN-XXL,25.0,2.0,2.0,0.0,0.0,9.0,34.0,2,5
4004DRSBLACK-L,8.0,3.0,5.0,0.0,0.0,5.0,13.0,0,0
4004DRSBLACK-M,13.0,2.0,5.0,0.0,0.0,5.0,18.0,0,0
4004DRSBLACK-S,27.0,4.0,6.0,0.0,0.0,6.0,33.0,0,0
4004DRSBLACK-XS,24.0,3.0,4.0,0.0,0.0,4.0,28.0,0,0
4005DRSBROWN-3XL,2.0,2.0,0.0,0.0,0.0,0.0,2.0,0,0
4005DRSBROWN-L,16.0,3.0,7.0,0.0,0.0,7.0,23.0,0,0
4005DRSBROWN-M,16.0,3.0,6.0,0.0,0.0,6.0,22.0,0,0
4005DRSBROWN-S,45.0,2.0,4.0,0.0,0.0,4.0,49.0,0,0
4005DRSBROWN-XL,11.0,4.0,4.0,0.0,0.0,4.0,15.0,0,0
4005DRSBROWN-XS,27.0,2.0,3.0,0.0,0.0,3.0,30.0,0,0
4005DRSBROWN-XXL,5.0,5.0,0.0,0.0,0.0,0.0,5.0,0,0
4006DRSRED-3XL,7.0,4.0,8.0,0.0,0.0,12.0,19.0,4,0
4006DRSRED-4XL,10.0,3.0,4.0,0.0,0.0,6.0,16.0,2,0
4006DRSRED-5XL,10.0,6.0,11.0,0.0,0.0,11.0,21.0,0,0
4006DRSRED-L,5.0,5.0,7.0,0.0,0.0,7.0,12.0,0,0
4006DRSRED-M,11.0,2.0,12.0,0.0,0.0,12.0,23.0,0,0
4006DRSRED-S,26.0,5.0,1.0,0.0,0.0,1.0,27.0,0,0
4006DRSRED-XL,13.0,9.0,7.0,0.0,0.0,12.0,25.0,5,0
4006DRSRED-XS,10.0,2.0,0.0,0.0,0.0,0.0,10.0,0,0
4006DRSRED-XXL,6.0,6.0,12.0,0.0,0.0,12.0,18.0,0,0
4007DRSBLACK-3XL,32.0,2.0,6.0,0.0,0.0,6.0,38.0,0,0
4007DRSBLACK-4XL,30.0,6.0,0.0,0.0,0.0,0.0,30.0,0,0
4007DRSBLACK-5XL,34.0,2.0,4.0,0.0,0.0,4.0,38.0,0,0
4007DRSBLACK-L,38.0,4.0,4.0,0.0,0.0,4.0,42.0,0,0
4007DRSBLACK-M,20.0,2.0,2.0,0.0,0.0,6.0,26.0,4,0
4007DRSBLACK-S,39.0,3.0,4.0,0.0,0.0,4.0,43.0,0,0
4007DRSBLACK-XL,30.0,3.0,3.0,0.0,0.0,3.0,33.0,0,0
4007DRSBLACK-XXL,38.0,3.0,4.0,0.0,0.0,4.0,42.0,0,0
4008DRSMAROON-S,1.0,0.0,0.0,0.0,0.0,0.0,1.0,0,0
4009DRSGREEN-XL,1.0,0.0,0.0,0.0,0.0,0.0,1.0,0,0
4010DRSMULTI-L,117.0,5.0,30.0,6.0,3.0,41.0,158.0,2,0
4010DRSMULTI-M,111.0,4.0,21.0,9.0,3.0,39.0,150.0,5,1
4010DRSMULTI-S,123.0,5.0,19.0,5.0,1.0,27.0,150.0,2,0
4010DRSMULTI-XL,36.0,5.0,16.0,0.0,0.0,22.0,58.0,6,0
4010DRSMULTI-XS,102.0,3.0,10.0,2.0,0.0,13.0,115.0,1,0
4011DRSBLUE-L,14.0,4.0,3.0,0.0,0.0,3.0,17.0,0,0
4011DRSBLUE-M,20.0,4.0,11.0,0.0,0.0,19.0,39.0,8,0
4011DRSBLUE-S,3.0,3.0,1.0,0.0,0.0,1.0,4.0,0,0
4011DRSBLUE-XL,14.0,3.0,1.0,0.0,0.0,3.0,17.0,2,0
4012DRSWHITE-L,1.0,0.0,0.0,0.0,0.0,0.0,1.0,0,0
4012DRSWHITE-M,0.0,0.0,2.0,0.0,0.0,2.0,2.0,0,0
4012DRSWHITE-S,1.0,1.0,0.0,0.0,0.0,0.0,1.0,0,0
4012DRSWHITE-XL,1.0,0.0,0.0,0.0,0.0,2.0,3.0,2,0
4012DRSWHITE-XS,1.0,1.0,0.0,0.0,0.0,0.0,1.0,0,0
4013DRSWHITE-3XL,1.0,1.0,3.0,0.0,0.0,7.0,8.0,4,0
4013DRSWHITE-4XL,2.0,2.0,0.0,0.0,0.0,2.0,4.0,2,0
4013DRSWHITE-5XL,0.0,0.0,1.0,0.0,0.0,5.0,5.0,4,0
4013DRSWHITE-L,5.0,5.0,0.0,0.0,0.0,0.0,5.0,0,0
4013DRSWHITE-M,3.0,2.0,7.0,0.0,0.0,13.0,16.0,6,0
4013DRSWHITE-S,7.0,4.0,1.0,0.0,0.0,1.0,8.0,0,0
4013DRSWHITE-XL,3.0,1.0,1.0,0.0,0.0,1.0,4.0,0,0
4013DRSWHITE-XS,16.0,5.0,2.0,0.0,0.0,2.0,18.0,0,0
4013DRSWHITE-XXL,1.0,0.0,0.0,0.0,0.0,2.0,3.0,2,0
4014DRSBLUE-3XL,0.0,0.0,0.0,0.0,0.0,2.0,2.0,2,0
4014DRSBLUE-4XL,1.0,0.0,0.0,0.0,0.0,0.0,1.0,0,0
4014DRSBLUE-L,3.0,1.0,4.0,0.0,0.0,8.0,11.0,4,0
4014DRSBLUE-M,3.0,1.0,4.0,0.0,0.0,8.0,11.0,4,0
4014DRSBLUE-S,9.0,4.0,1.0,0.0,0.0,1.0,10.0,0,0
4014DRSBLUE-XL,2.0,1.0,3.0,0.0,0.0,7.0,9.0,4,0
4014DRSBLUE-XXL,1.0,0.0,0.0,0.0,0.0,0.0,1.0,0,0
4015DRSBLUE-L,27.0,11.0,0.0,0.0,0.0,30.0,57.0,0,30
4015DRSBLUE-M,21.0,9.0,0.0,0.0,0.0,26.0,47.0,0,26
4015DRSBLUE-S,28.0,9.0,0.0,0.0,0.0,30.0,58.0,0,30
4015DRSBLUE-XL,21.0,10.0,0.0,0.0,0.0,26.0,47.0,0,26
4015DRSBLUE-XS,22.0,9.0,0.0,0.0,0.0,27.0,49.0,0,27
4016DRSWHITE-L,4.0,4.0,1.0,0.0,0.0,1.0,5.0,0,0
4016DRSWHITE-M,11.0,4.0,0.0,0.0,0.0,4.0,15.0,4,0
4016DRSWHITE-S,8.0,4.0,1.0,0.0,0.0,1.0,9.0,0,0
4016DRSWHITE-XL,4.0,4.0,0.0,0.0,0.0,0.0,4.0,0,0
4017DRSBLUE-3XL,50.0,9.0,11.0,0.0,0.0,11.0,61.0,0,0
4017DRSBLUE-4XL,21.0,2.0,2.0,0.0,0.0,2.0,23.0,0,0
4017DRSBLUE-5XL,9.0,4.0,2.0,0.0,0.0,2.0,11.0,0,0
4017DRSBLUE-L,44.0,4.0,16.0,0.0,0.0,16.0,60.0,0,0
4017DRSBLUE-M,39.0,3.0,14.0,0.0,0.0,14.0,53.0,0,0
4017DRSBLUE-S,16.0,3.0,7.0,0.0,0.0,7.0,23.0,0,0
4017DRSBLUE-XL,7.0,2.0,1.0,0.0,0.0,5.0,12.0,4,0
4017DRSBLUE-XXL,76.0,5.0,4.0,0.0,0.0,4.0,80.0,0,0
4018DRSBLUE-L,108.0,4.0,20.0,6.0,3.0,32.0,140.0,2,1
4018DRSBLUE-M,110.0,4.0,19.0,7.0,2.0,31.0,141.0,3,0
4018DRSBLUE-S,146.0,2.0,19.0,9.0,2.0,32.0,178.0,2,0
4018DRSBLUE-XS,202.0,5.0,17.0,1.0,0.0,19.0,221.0,0,1
4019DRSWHITE-L,2.0,1.0,0.0,0.0,0.0,0.0,2.0,0,0
4019DRSWHITE-M,3.0,2.0,0.0,0.0,0.0,0.0,3.0,0,0
4019DRSWHITE-S,1.0,0.0,3.0,0.0,0.0,7.0,8.0,4,0
4019DRSWHITE-XL,3.0,3.0,0.0,0.0,0.0,0.0,3.0,0,0
4020DRSWHITE-L,1.0,0.0,0.0,0.0,0.0,0.0,1.0,0,0
4020DRSWHITE-M,1.0,0.0,0.0,0.0,0.0,0.0,1.0,0,0
4021DRSGREEN-L,6.0,4.0,2.0,0.0,0.0,2.0,8.0,0,0
4021DRSGREEN-M,6.0,4.0,3.0,0.0,0.0,3.0,9.0,0,0
4021DRSGREEN-S,21.0,6.0,8.0,0.0,0.0,8.0,29.0,0,0
4021DRSGREEN-XL,4.0,3.0,0.0,0.0,0.0,0.0,4.0,0,0
4022DRSGREEN-L,9.0,8.0,0.0,0.0,0.0,1.0,10.0,0,1
4022DRSGREEN-M,5.0,4.0,0.0,0.0,0.0,6.0,11.0,4,2
4022DRSGREEN-S,4.0,4.0,0.0,0.0,0.0,0.0,4.0,0,0
4022DRSGREEN-XL,8.0,2.0,0.0,0.0,0.0,0.0,8.0,0,0
4022DRSGREEN-XXL,13.0,3.0,12.0,0.0,0.0,22.0,35.0,8,2
4027DRSGREY-L,25.0,4.0,4.0,0.0,0.0,4.0,29.0,0,0
4027DRSGREY-M,23.0,3.0,9.0,0.0,0.0,9.0,32.0,0,0
4027DRSGREY-S,32.0,2.0,4.0,0.0,0.0,4.0,36.0,0,0
4027DRSGREY-XS,33.0,2.0,1.0,0.0,0.0,1.0,34.0,0,0
4028DRSPINK-3XL,4.0,2.0,2.0,0.0,0.0,6.0,10.0,4,0
4028DRSPINK-4XL,3.0,3.0,1.0,0.0,0.0,1.0,4.0,0,0
4028DRSPINK-5XL,3.0,3.0,10.0,0.0,0.0,16.0,19.0,6,0
4028DRSPINK-6XL,3.0,3.0,1.0,0.0,0.0,1.0,4.0,0,0
4028DRSPINK-7XL,5.0,3.0,4.0,0.0,0.0,4.0,9.0,0,0
4028DRSPINK-8XL,14.0,5.0,3.0,0.0,0.0,4.0,18.0,0,1
4028DRSPINK-L,25.0,3.0,2.0,0.0,0.0,5.0,30.0,2,1
4028DRSPINK-M,23.0,2.0,1.0,0.0,0.0,2.0,25.0,0,1
4028DRSPINK-S,41.0,2.0,2.0,0.0,0.0,2.0,43.0,0,0
4028DRSPINK-XL,41.0,6.0,7.0,0.0,0.0,11.0,52.0,4,0
4028DRSPINK-XXL,6.0,5.0,13.0,0.0,0.0,17.0,23.0,4,0
4029DRSWHITE-L,8.0,3.0,1.0,0.0,0.0,1.0,9.0,0,0
4029DRSWHITE-M,18.0,2.0,3.0,0.0,0.0,3.0,21.0,0,0
4029DRSWHITE-S,25.0,2.0,1.0,0.0,0.0,1.0,26.0,0,0
4029DRSWHITE-XL,0.0,0.0,1.0,0.0,0.0,3.0,3.0,2,0
4029DRSWHITE-XS,21.0,2.0,4.0,0.0,0.0,4.0,25.0,0,0
4031DRSBLUE-L,8.0,1.0,3.0,0.0,0.0,3.0,11.0,0,0
4031DRSBLUE-M,39.0,2.0,4.0,0.0,0.0,4.0,43.0,0,0
4031DRSBLUE-S,29.0,2.0,3.0,0.0,0.0,3.0,32.0,0,0
4031DRSBLUE-XL,78.0,2.0,3.0,0.0,0.0,3.0,81.0,0,0
4032DRSGREEN-L,0.0,0.0,3.0,0.0,0.0,7.0,7.0,4,0
4032DRSGREEN-M,2.0,0.0,6.0,0.0,0.0,12.0,14.0,6,0
4032DRSGREEN-S,0.0,0.0,7.0,0.0,0.0,13.0,13.0,6,0
4032DRSGREEN-XS,2.0,1.0,1.0,0.0,0.0,1.0,3.0,0,0
4032DRSGREEN-XXL,0.0,0.0,3.0,0.0,0.0,8.0,8.0,5,0
4033DRSBLUE-3XL,2.0,4.0,4.0,0.0,0.0,10.0,12.0,6,0
4033DRSBLUE-4XL,4.0,3.0,1.0,0.0,0.0,5.0,9.0,4,0
4033DRSBLUE-5XL,6.0,5.0,7.0,0.0,0.0,8.0,14.0,0,1
4033DRSBLUE-6XL,2.0,1.0,0.0,0.0,0.0,1.0,3.0,0,1
4033DRSBLUE-7XL,18.0,5.0,4.0,0.0,0.0,4.0,22.0,0,0
4033DRSBLUE-8XL,10.0,4.0,6.0,0.0,0.0,6.0,16.0,0,0
4033DRSBLUE-L,18.0,3.0,1.0,0.0,0.0,1.0,19.0,0,0
4033DRSBLUE-M,18.0,4.0,2.0,0.0,0.0,2.0,20.0,0,0
4033DRSBLUE-S,27.0,2.0,2.0,0.0,0.0,2.0,29.0,0,0
4033DRSBLUE-XL,34.0,6.0,7.0,0.0,0.0,7.0,41.0,0,0
4033DRSBLUE-XXL,5.0,5.0,6.0,0.0,0.0,11.0,16.0,4,1
4034DRSNAVY-L,16.0,3.0,2.0,0.0,0.0,2.0,18.0,0,0
4034DRSNAVY-M,21.0,4.0,6.0,0.0,0.0,6.0,27.0,0,0
4034DRSNAVY-S,27.0,3.0,1.0,0.0,0.0,1.0,28.0,0,0
4034DRSNAVY-XL,25.0,3.0,2.0,0.0,0.0,2.0,27.0,0,0
4034DRSNAVY-XS,29.0,3.0,1.0,0.0,0.0,1.0,30.0,0,0
4035DRSMULTI-L,1.0,0.0,19.0,0.0,0.0,28.0,29.0,9,0
4035DRSMULTI-M,25.0,4.0,8.0,0.0,0.0,8.0,33.0,0,0
4035DRSMULTI-S,29.0,4.0,9.0,0.0,0.0,9.0,38.0,0,0
4035DRSMULTI-XS,33.0,2.0,10.0,0.0,0.0,10.0,43.0,0,0
4036DRSMULTI-L,41.0,2.0,5.0,0.0,0.0,5.0,46.0,0,0
4036DRSMULTI-M,62.0,2.0,1.0,0.0,0.0,1.0,63.0,0,0
4036DRSMULTI-S,20.0,2.0,2.0,0.0,0.0,2.0,22.0,0,0
4036DRSMULTI-XL,42.0,3.0,4.0,0.0,0.0,4.0,46.0,0,0
4036DRSMULTI-XS,8.0,1.0,3.0,0.0,0.0,3.0,11.0,0,0
4038DRSBLACK-L,24.0,5.0,0.0,0.0,0.0,0.0,24.0,0,0
4038DRSBLACK-M,28.0,2.0,0.0,0.0,0.0,0.0,28.0,0,0
4038DRSBLACK-S,26.0,3.0,0.0,0.0,0.0,0.0,26.0,0,0
4038DRSBLACK-XL,20.0,4.0,0.0,0.0,0.0,0.0,20.0,0,0
4038DRSBLACK-XS,11.0,2.0,0.0,0.0,0.0,0.0,11.0,0,0
4038DRSBLACK-XXL,15.0,11.0,0.0,0.0,0.0,0.0,15.0,0,0
4042DRSPINK-3XL-4XL,25.0,0.0,0.0,0.0,0.0,20.0,45.0,0,20
4042DRSPINK-5XL-6XL,26.0,0.0,0.0,0.0,0.0,24.0,50.0,0,24
4042DRSPINK-7XL-8XL,13.0,0.0,0.0,0.0,0.0,7.0,20.0,0,7
4042DRSPINK-M-L,10.0,0.0,0.0,0.0,0.0,9.0,19.0,0,9
4042DRSPINK-XL-XXL,26.0,0.0,0.0,0.0,0.0,24.0,50.0,0,24
4042DRSPINK-XS-S,14.0,0.0,0.0,0.0,0.0,13.0,27.0,0,13
4043DRSMULTI-L,25.0,0.0,0.0,0.0,0.0,0.0,25.0,0,0
4043DRSMULTI-M,25.0,0.0,0.0,0.0,0.0,0.0,25.0,0,0
4043DRSMULTI-S,25.0,0.0,0.0,0.0,0.0,0.0,25.0,0,0
4043DRSMULTI-XL,25.0,0.0,0.0,0.0,0.0,0.0,25.0,0,0
42YK187WHITE-M,4.0,2.0,0.0,0.0,0.0,0.0,4.0,0,0
42YK187WHITE-S,9.0,4.0,1.0,0.0,0.0,1.0,10.0,0,0
42YK187WHITE-XS,2.0,2.0,1.0,0.0,0.0,1.0,3.0,0,0
49YK151MAROON-S,2.0,0.0,0.0,0.0,0.0,0.0,2.0,0,0
5005YKBROWN-3XL,3.0,3.0,0.0,0.0,0.0,4.0,7.0,4,0
5005YKBROWN-4XL,7.0,5.0,6.0,0.0,0.0,6.0,13.0,0,0
5005YKBROWN-5XL,8.0,5.0,10.0,0.0,0.0,16.0,24.0,6,0
5005YKBROWN-6XL,3.0,2.0,0.0,0.0,0.0,0.0,3.0,0,0
5005YKBROWN-7XL,21.0,6.0,7.0,0.0,0.0,7.0,28.0,0,0
5005YKBROWN-8XL,19.0,5.0,3.0,0.0,0.0,3.0,22.0,0,0
5005YKBROWN-L,0.0,0.0,6.0,0.0,0.0,12.0,12.0,6,0
5005YKBROWN-M,1.0,2.0,1.0,0.0,0.0,5.0,6.0,4,0
5005YKBROWN-S,6.0,3.0,3.0,0.0,0.0,7.0,13.0,4,0
5005YKBROWN-XL,3.0,1.0,39.0,0.0,0.0,49.0,52.0,10,0
5005YKBROWN-XXL,2.0,1.0,0.0,1.0,0.0,3.0,5.0,2,0
5006YKBLUE-3XL,21.0,8.0,28.0,0.0,0.0,28.0,49.0,0,0
5006YKBLUE-4XL,3.0,2.0,10.0,0.0,0.0,14.0,17.0,4,0
5006YKBLUE-5XL,10.0,8.0,11.0,0.0,0.0,13.0,23.0,2,0
5006YKBLUE-6XL,19.0,5.0,6.0,0.0,0.0,6.0,25.0,0,0
5006YKBLUE-7XL,14.0,4.0,5.0,0.0,0.0,5.0,19.0,0,0
5006YKBLUE-8XL,16.0,6.0,7.0,0.0,0.0,7.0,23.0,0,0
5006YKBLUE-L,3.0,2.0,1.0,0.0,0.0,3.0,6.0,2,0
5006YKBLUE-M,7.0,5.0,13.0,0.0,0.0,15.0,22.0,2,0
5006YKBLUE-S,0.0,2.0,7.0,0.0,0.0,13.0,13.0,6,0
5006YKBLUE-XL,0.0,2.0,25.0,0.0,0.0,35.0,35.0,10,0
5006YKBLUE-XXL,20.0,8.0,23.0,1.0,0.0,24.0,44.0,0,0
5007YKBLACK-3XL,11.0,7.0,55.0,0.0,0.0,61.0,72.0,6,0
5007YKBLACK-4XL,36.0,15.0,50.0,0.0,0.0,50.0,86.0,0,0
5007YKBLACK-5XL,32.0,8.0,28.0,0.0,0.0,41.0,73.0,13,0
5007YKBLACK-6XL,16.0,8.0,11.0,0.0,0.0,15.0,31.0,4,0
5007YKBLACK-7XL,13.0,7.0,11.0,0.0,0.0,13.0,26.0,2,0
5007YKBLACK-8XL,12.0,8.0,14.0,0.0,0.0,14.0,26.0,0,0
5007YKBLACK-L,98.0,16.0,75.0,0.0,0.0,75.0,173.0,0,0
5007YKBLACK-M,86.0,10.0,53.0,0.0,0.0,53.0,139.0,0,0
5007YKBLACK-S,12.0,11.0,18.0,0.0,0.0,24.0,36.0,6,0
5007YKBLACK-XL,23.0,11.0,88.0,0.0,0.0,88.0,111.0,0,0
5007YKBLACK-XS,9.0,6.0,14.0,0.0,0.0,14.0,23.0,0,0
5007YKBLACK-XXL,98.0,23.0,57.0,0.0,0.0,57.0,155.0,0,0
5008YKGREEN-3XL,57.0,7.0,17.0,0.0,0.0,17.0,74.0,0,0
5008YKGREEN-4XL,7.0,6.0,14.0,0.0,0.0,18.0,25.0,4,0
5008YKGREEN-5XL,10.0,5.0,9.0,0.0,0.0,11.0,21.0,2,0
5008YKGREEN-6XL,16.0,3.0,6.0,0.0,0.0,6.0,22.0,0,0
5008YKGREEN-7XL,14.0,5.0,3.0,0.0,0.0,3.0,17.0,0,0
5008YKGREEN-8XL,16.0,5.0,9.0,0.0,0.0,9.0,25.0,0,0
5008YKGREEN-L,0.0,0.0,0.0,0.0,1.0,3.0,3.0,2,0
5008YKGREEN-M,60.0,7.0,18.0,0.0,0.0,18.0,78.0,0,0
5008YKGREEN-S,16.0,8.0,18.0,0.0,0.0,18.0,34.0,0,0
5008YKGREEN-XL,53.0,16.0,49.0,0.0,0.0,49.0,102.0,0,0
5008YKGREEN-XS,22.0,3.0,2.0,0.0,0.0,2.0,24.0,0,0
5008YKGREEN-XXL,53.0,10.0,29.0,2.0,0.0,31.0,84.0,0,0
5009YKGREY-3XL,51.0,6.0,8.0,0.0,0.0,8.0,59.0,0,0
5009YKGREY-4XL,13.0,5.0,17.0,0.0,0.0,17.0,30.0,0,0
5009YKGREY-5XL,19.0,5.0,9.0,0.0,0.0,9.0,28.0,0,0
5009YKGREY-6XL,19.0,4.0,1.0,0.0,0.0,1.0,20.0,0,0
5009YKGREY-7XL,19.0,4.0,4.0,0.0,0.0,4.0,23.0,0,0
5009YKGREY-8XL,15.0,4.0,1.0,0.0,0.0,1.0,16.0,0,0
5009YKGREY-L,31.0,8.0,12.0,0.0,0.0,12.0,43.0,0,0
5009YKGREY-M,18.0,7.0,12.0,0.0,0.0,12.0,30.0,0,0
5009YKGREY-S,37.0,8.0,6.0,0.0,0.0,6.0,43.0,0,0
5009YKGREY-XL,51.0,10.0,28.0,0.0,0.0,28.0,79.0,0,0
5009YKGREY-XXL,16.0,6.0,16.0,0.0,0.0,23.0,39.0,7,0
5010YKWHITE-3XL,167.0,14.0,89.0,0.0,0.0,89.0,256.0,0,0
5010YKWHITE-4XL,122.0,18.0,74.0,0.0,0.0,74.0,196.0,0,0
5010YKWHITE-5XL,140.0,16.0,53.0,11.0,0.0,64.0,204.0,0,0
5010YKWHITE-6XL,21.0,8.0,11.0,0.0,0.0,11.0,32.0,0,0
5010YKWHITE-7XL,52.0,12.0,13.0,0.0,0.0,13.0,65.0,0,0
5010YKWHITE-8XL,54.0,7.0,27.0,0.0,0.0,27.0,81.0,0,0
5010YKWHITE-L,273.0,19.0,119.0,0.0,0.0,119.0,392.0,0,0
5010YKWHITE-M,240.0,23.0,109.0,0.0,2.0,111.0,351.0,0,0
5010YKWHITE-S,94.0,13.0,76.0,0.0,1.0,77.0,171.0,0,0
5010YKWHITE-XL,255.0,24.0,138.0,0.0,0.0,138.0,393.0,0,0
5010YKWHITE-XS,29.0,5.0,20.0,0.0,0.0,20.0,49.0,0,0
5010YKWHITE-XXL,137.0,15.0,136.0,0.0,0.0,156.0,293.0,20,0
5011YKOWHITE-3XL,20.0,6.0,15.0,0.0,0.0,31.0,51.0,16,0
5011YKOWHITE-4XL,55.0,7.0,22.0,0.0,0.0,22.0,77.0,0,0
5011YKOWHITE-5XL,11.0,5.0,29.0,6.0,0.0,61.0,72.0,26,0
5011YKOWHITE-6XL,53.0,7.0,10.0,0.0,0.0,10.0,63.0,0,0
5011YKOWHITE-7XL,16.0,5.0,4.0,0.0,0.0,4.0,20.0,0,0
5011YKOWHITE-8XL,49.0,6.0,9.0,0.0,0.0,9.0,58.0,0,0
5011YKOWHITE-L,66.0,7.0,33.0,0.0,0.0,40.0,106.0,7,0
5011YKOWHITE-M,25.0,9.0,26.0,0.0,0.0,28.0,53.0,2,0
5011YKOWHITE-S,37.0,9.0,14.0,0.0,0.0,14.0,51.0,0,0
5011YKOWHITE-XL,52.0,9.0,38.0,0.0,0.0,82.0,134.0,44,0
5011YKOWHITE-XS,10.0,3.0,12.0,0.0,0.0,12.0,22.0,0,0
5011YKOWHITE-XXL,85.0,9.0,38.0,0.0,0.0,44.0,129.0,6,0
5012YKPINK-3XL,53.0,3.0,17.0,0.0,0.0,17.0,70.0,0,0
5012YKPINK-4XL,18.0,9.0,5.0,0.0,0.0,5.0,23.0,0,0
5012YKPINK-5XL,49.0,4.0,13.0,0.0,0.0,13.0,62.0,0,0
5012YKPINK-L,20.0,7.0,16.0,0.0,0.0,16.0,36.0,0,0
5012YKPINK-M,80.0,9.0,12.0,0.0,0.0,12.0,92.0,0,0
5012YKPINK-S,56.0,4.0,5.0,0.0,0.0,7.0,63.0,2,0
5012YKPINK-XL,64.0,5.0,38.0,0.0,0.0,38.0,102.0,0,0
5012YKPINK-XS,29.0,3.0,0.0,6.0,0.0,6.0,35.0,0,0
5012YKPINK-XXL,61.0,7.0,19.0,0.0,0.0,19.0,80.0,0,0
5013YKRED-3XL,14.0,8.0,20.0,0.0,0.0,20.0,34.0,0,0
5013YKRED-4XL,73.0,4.0,21.0,0.0,0.0,21.0,94.0,0,0
5013YKRED-5XL,10.0,5.0,5.0,1.0,0.0,27.0,37.0,6,15
5013YKRED-6XL,26.0,3.0,10.0,0.0,0.0,10.0,36.0,0,0
5013YKRED-7XL,18.0,6.0,4.0,0.0,0.0,4.0,22.0,0,0
5013YKRED-8XL,42.0,2.0,1.0,0.0,0.0,1.0,43.0,0,0
5013YKRED-L,51.0,5.0,24.0,0.0,0.0,36.0,87.0,12,0
5013YKRED-M,143.0,9.0,18.0,0.0,0.0,18.0,161.0,0,0
5013YKRED-S,29.0,7.0,6.0,0.0,0.0,6.0,35.0,0,0
5013YKRED-XL,145.0,8.0,37.0,0.0,0.0,37.0,182.0,0,0
5013YKRED-XS,41.0,4.0,5.0,0.0,0.0,5.0,46.0,0,0
5013YKRED-XXL,184.0,8.0,19.0,0.0,0.0,19.0,203.0,0,0
5014YKMAROON-3XL,0.0,0.0,1.0,0.0,0.0,1.0,1.0,0,0
5014YKMAROON-4XL,34.0,7.0,18.0,0.0,0.0,18.0,52.0,0,0
5014YKMAROON-5XL,101.0,7.0,6.0,2.0,0.0,8.0,109.0,0,0
5014YKMAROON-6XL,7.0,6.0,2.0,0.0,0.0,2.0,9.0,0,0
5014YKMAROON-7XL,2.0,0.0,6.0,0.0,0.0,12.0,14.0,6,0
5014YKMAROON-8XL,19.0,5.0,6.0,0.0,0.0,6.0,25.0,0,0
5014YKMAROON-L,1.0,0.0,4.0,0.0,0.0,4.0,5.0,0,0
5014YKMAROON-M,2.0,2.0,5.0,0.0,0.0,11.0,13.0,6,0
5014YKMAROON-S,4.0,4.0,1.0,0.0,0.0,1.0,5.0,0,0
5014YKMAROON-XL,7.0,4.0,4.0,0.0,0.0,4.0,11.0,0,0
5014YKMAROON-XS,2.0,1.0,0.0,0.0,0.0,0.0,2.0,0,0
5014YKMAROON-XXL,0.0,2.0,3.0,0.0,0.0,7.0,7.0,4,0
5015YKMUSTARD-3XL,14.0,9.0,14.0,0.0,0.0,14.0,28.0,0,0
5015YKMUSTARD-4XL,10.0,6.0,10.0,0.0,0.0,10.0,20.0,0,0
5015YKMUSTARD-5XL,21.0,5.0,19.0,4.0,0.0,23.0,44.0,0,0
5015YKMUSTARD-6XL,24.0,5.0,5.0,0.0,0.0,5.0,29.0,0,0
5015YKMUSTARD-7XL,17.0,4.0,5.0,0.0,0.0,5.0,22.0,0,0
5015YKMUSTARD-8XL,21.0,3.0,4.0,0.0,0.0,4.0,25.0,0,0
5015YKMUSTARD-L,21.0,8.0,29.0,0.0,0.0,29.0,50.0,0,0
5015YKMUSTARD-M,8.0,7.0,1.0,0.0,0.0,1.0,9.0,0,0
5015YKMUSTARD-S,15.0,7.0,5.0,0.0,0.0,5.0,20.0,0,0
5015YKMUSTARD-XL,2.0,2.0,18.0,0.0,0.0,20.0,22.0,2,0
5015YKMUSTARD-XXL,17.0,6.0,20.0,0.0,0.0,20.0,37.0,0,0
5017YKSHARARA-3XL,1.0,0.0,0.0,0.0,0.0,0.0,1.0,0,0
5017YKSHARARA-XL,8.0,3.0,0.0,0.0,0.0,0.0,8.0,0,0
5017YKSHARARA-XXL,2.0,0.0,0.0,0.0,0.0,0.0,2.0,0,0
5018YKRED-L,1.0,0.0,0.0,0.0,0.0,0.0,1.0,0,0
5018YKRED-XL,2.0,2.0,0.0,0.0,0.0,0.0,2.0,0,0
5018YKRED-XXL,4.0,3.0,0.0,0.0,0.0,0.0,4.0,0,0
5019YKDENIM-3XL,0.0,0.0,8.0,0.0,0.0,17.0,17.0,9,0
5019YKDENIM-4XL,40.0,8.0,20.0,0.0,0.0,20.0,60.0,0,0
5019YKDENIM-5XL,0.0,0.0,7.0,0.0,0.0,11.0,11.0,4,0
5019YKDENIM-L,1.0,1.0,13.0,0.0,0.0,23.0,24.0,10,0
5019YKDENIM-M,22.0,4.0,7.0,0.0,0.0,7.0,29.0,0,0
5019YKDENIM-S,9.0,6.0,8.0,0.0,1.0,11.0,20.0,2,0
5019YKDENIM-XL,41.0,6.0,10.0,0.0,0.0,10.0,51.0,0,0
5019YKDENIM-XS,7.0,3.0,0.0,0.0,0.0,0.0,7.0,0,0
5019YKDENIM-XXL,4.0,2.0,6.0,0.0,0.0,14.0,18.0,8,0
5020YKYELLOW-M,9.0,6.0,0.0,0.0,0.0,0.0,9.0,0,0
5020YKYELLOW-S,8.0,3.0,0.0,0.0,0.0,0.0,8.0,0,0
5022YKWHITE-M,6.0,3.0,0.0,0.0,0.0,0.0,6.0,0,0
5022YKWHITE-S,29.0,6.0,1.0,0.0,0.0,1.0,30.0,0,0
5023YKBLUE-4XL,3.0,2.0,1.0,0.0,0.0,1.0,4.0,0,0
5023YKBLUE-5XL,10.0,3.0,4.0,0.0,0.0,4.0,14.0,0,0
5023YKBLUE-L,2.0,1.0,0.0,0.0,0.0,0.0,2.0,0,0
5023YKBLUE-M,2.0,2.0,16.0,0.0,1.0,23.0,25.0,6,0
5023YKBLUE-S,3.0,3.0,0.0,0.0,0.0,0.0,3.0,0,0
5023YKBLUE-XL,2.0,1.0,1.0,0.0,1.0,4.0,6.0,2,0
5023YKBLUE-XS,3.0,1.0,0.0,0.0,0.0,0.0,3.0,0,0
5023YKBLUE-XXL,1.0,1.0,10.0,0.0,0.0,17.0,18.0,7,0
5024YKBLACK-3XL,1.0,0.0,0.0,0.0,0.0,0.0,1.0,0,0
5024YKBLACK-5XL,2.0,0.0,0.0,0.0,0.0,0.0,2.0,0,0
5024YKBLACK-L,1.0,1.0,0.0,0.0,0.0,0.0,1.0,0,0
5024YKBLACK-M,1.0,1.0,0.0,0.0,0.0,0.0,1.0,0,0
5024YKBLACK-XL,1.0,1.0,0.0,0.0,0.0,0.0,1.0,0,0
5024YKBLACK-XXL,7.0,3.0,0.0,0.0,0.0,0.0,7.0,0,0
5025YKTEAL-3XL,28.0,5.0,11.0,0.0,0.0,11.0,39.0,0,0
5025YKTEAL-4XL,21.0,9.0,6.0,0.0,0.0,6.0,27.0,0,0
5025YKTEAL-5XL,22.0,6.0,7.0,0.0,0.0,7.0,29.0,0,0
5025YKTEAL-L,6.0,5.0,2.0,0.0,0.0,2.0,8.0,0,0
5025YKTEAL-M,37.0,6.0,14.0,0.0,0.0,14.0,51.0,0,0
5025YKTEAL-S,12.0,3.0,7.0,0.0,0.0,7.0,19.0,0,0
5025YKTEAL-XL,38.0,6.0,12.0,0.0,0.0,12.0,50.0,0,0
5025YKTEAL-XXL,52.0,9.0,9.0,0.0,0.0,9.0,61.0,0,0
5026YKYELLOW-L,38.0,6.0,2.0,0.0,0.0,2.0,40.0,0,0
5026YKYELLOW-M,20.0,7.0,1.0,0.0,0.0,1.0,21.0,0,0
5026YKYELLOW-S,11.0,6.0,2.0,0.0,0.0,2.0,13.0,0,0
5026YKYELLOW-XL,31.0,8.0,0.0,0.0,0.0,0.0,31.0,0,0
5026YKYELLOW-XXL,30.0,6.0,0.0,0.0,0.0,0.0,30.0,0,0
5027YKMULTI-L,18.0,9.0,1.0,0.0,0.0,1.0,19.0,0,0
5027YKMULTI-M,19.0,9.0,1.0,0.0,0.0,1.0,20.0,0,0
5027YKMULTI-S,19.0,7.0,0.0,0.0,0.0,0.0,19.0,0,0
5027YKMULTI-XL,15.0,7.0,0.0,0.0,0.0,0.0,15.0,0,0
5027YKMULTI-XXL,8.0,5.0,0.0,0.0,0.0,0.0,8.0,0,0
5028YKMUSTARD-L,41.0,8.0,1.0,0.0,0.0,1.0,42.0,0,0
5028YKMUSTARD-M,29.0,10.0,5.0,0.0,0.0,5.0,34.0,0,0
5028YKMUSTARD-S,10.0,8.0,1.0,0.0,0.0,1.0,11.0,0,0
5028YKMUSTARD-XL,14.0,8.0,1.0,0.0,0.0,1.0,15.0,0,0
5028YKMUSTARD-XXL,15.0,7.0,1.0,0.0,0.0,1.0,16.0,0,0
5029YKMULTI-L,7.0,5.0,1.0,0.0,0.0,1.0,8.0,0,0
5029YKMULTI-M,14.0,7.0,1.0,0.0,0.0,1.0,15.0,0,0
5029YKMULTI-S,24.0,11.0,2.0,0.0,0.0,2.0,26.0,0,0
5029YKMULTI-XL,20.0,10.0,3.0,0.0,0.0,3.0,23.0,0,0
5029YKMULTI-XXL,8.0,6.0,1.0,0.0,0.0,1.0,9.0,0,0
5031YKMAROON-L-XL,22.0,15.0,2.0,0.0,0.0,2.0,24.0,0,0
5031YKMAROON-S-M,55.0,21.0,1.0,0.0,0.0,1.0,56.0,0,0
5031YKMAROON-XXL-3XL,35.0,11.0,3.0,0.0,0.0,3.0,38.0,0,0
5032YKBLACK-L-XL,27.0,13.0,2.0,0.0,0.0,4.0,31.0,2,0
5032YKBLACK-S-M,54.0,16.0,1.0,0.0,0.0,1.0,55.0,0,0
5032YKBLACK-XXL-3XL,46.0,17.0,1.0,0.0,0.0,1.0,47.0,0,0
5033YKBEIGE-3XL,21.0,6.0,15.0,0.0,0.0,15.0,36.0,0,0
5033YKBEIGE-4XL,21.0,4.0,7.0,0.0,0.0,7.0,28.0,0,0
5033YKBEIGE-5XL,10.0,4.0,13.0,0.0,0.0,13.0,23.0,0,0
5033YKBEIGE-6XL,13.0,4.0,8.0,0.0,0.0,8.0,21.0,0,0
5033YKBEIGE-8XL,22.0,6.0,13.0,0.0,0.0,13.0,35.0,0,0
5033YKBEIGE-L,16.0,4.0,10.0,0.0,0.0,10.0,26.0,0,0
5033YKBEIGE-M,25.0,3.0,11.0,0.0,0.0,11.0,36.0,0,0
5033YKBEIGE-S,36.0,4.0,8.0,0.0,0.0,8.0,44.0,0,0
5033YKBEIGE-XL,41.0,6.0,18.0,0.0,0.0,18.0,59.0,0,0
5033YKBEIGE-XXL,17.0,5.0,13.0,0.0,0.0,13.0,30.0,0,0
5034YKOFFWHITE-3XL,113.0,10.0,43.0,2.0,0.0,45.0,158.0,0,0
5034YKOFFWHITE-4XL,70.0,6.0,28.0,0.0,0.0,28.0,98.0,0,0
5034YKOFFWHITE-5XL,87.0,5.0,20.0,0.0,0.0,20.0,107.0,0,0
5034YKOFFWHITE-6XL,35.0,7.0,16.0,1.0,0.0,17.0,52.0,0,0
5034YKOFFWHITE-7XL,34.0,6.0,16.0,0.0,0.0,16.0,50.0,0,0
5034YKOFFWHITE-8XL,45.0,4.0,10.0,0.0,0.0,12.0,57.0,2,0
5034YKOFFWHITE-L,198.0,8.0,66.0,1.0,0.0,67.0,265.0,0,0
5034YKOFFWHITE-M,101.0,7.0,36.0,0.0,0.0,36.0,137.0,0,0
5034YKOFFWHITE-S,25.0,3.0,19.0,0.0,0.0,19.0,44.0,0,0
5034YKOFFWHITE-XL,172.0,13.0,73.0,0.0,0.0,73.0,245.0,0,0
5034YKOFFWHITE-XS,25.0,4.0,3.0,0.0,0.0,5.0,30.0,2,0
5034YKOFFWHITE-XXL,110.0,8.0,37.0,0.0,0.0,37.0,147.0,0,0
5035YKBLACK-4XL,1.0,1.0,1.0,0.0,0.0,5.0,6.0,4,0
5035YKBLACK-5XL,2.0,0.0,0.0,0.0,0.0,0.0,2.0,0,0
5035YKBLACK-L,1.0,1.0,1.0,0.0,0.0,3.0,4.0,2,0
5035YKBLACK-M,9.0,4.0,10.0,0.0,0.0,10.0,19.0,0,0
5035YKBLACK-S,5.0,3.0,1.0,0.0,0.0,1.0,6.0,0,0
5035YKBLACK-XL,12.0,6.0,8.0,0.0,0.0,8.0,20.0,0,0
5035YKBLACK-XXL,10.0,5.0,9.0,0.0,0.0,9.0,19.0,0,0
5036YKGREY-L,56.0,2.0,0.0,0.0,0.0,0.0,56.0,0,0
5036YKGREY-M,76.0,3.0,1.0,0.0,0.0,1.0,77.0,0,0
5036YKGREY-S,22.0,4.0,0.0,0.0,0.0,0.0,22.0,0,0
5036YKGREY-XL,11.0,3.0,1.0,0.0,0.0,1.0,12.0,0,0
5036YKGREY-XXL,66.0,4.0,2.0,0.0,0.0,4.0,70.0,2,0
5037YKPINK-3XL,89.0,11.0,61.0,0.0,0.0,61.0,150.0,0,0
5037YKPINK-4XL,82.0,8.0,30.0,0.0,0.0,30.0,112.0,0,0
5037YKPINK-5XL,78.0,9.0,19.0,0.0,0.0,19.0,97.0,0,0
5037YKPINK-6XL,14.0,5.0,7.0,0.0,0.0,7.0,21.0,0,0
5037YKPINK-7XL,29.0,6.0,12.0,0.0,0.0,12.0,41.0,0,0
5037YKPINK-8XL,13.0,3.0,4.0,0.0,0.0,7.0,20.0,3,0
5037YKPINK-L,203.0,12.0,131.0,1.0,0.0,234.0,437.0,102,0
5037YKPINK-M,73.0,12.0,122.0,1.0,4.0,229.0,302.0,102,0
5037YKPINK-S,119.0,7.0,29.0,2.0,4.0,35.0,154.0,0,0
5037YKPINK-XL,302.0,16.0,74.0,3.0,0.0,97.0,399.0,20,0
5037YKPINK-XXL,81.0,12.0,54.0,0.0,0.0,80.0,161.0,26,0
5038YKPOWDERBLUE-3XL,45.0,9.0,8.0,0.0,0.0,8.0,53.0,0,0
5038YKPOWDERBLUE-4XL,18.0,7.0,10.0,0.0,0.0,10.0,28.0,0,0
5038YKPOWDERBLUE-5XL,47.0,7.0,15.0,0.0,0.0,15.0,62.0,0,0
5038YKPOWDERBLUE-L,54.0,5.0,12.0,0.0,0.0,12.0,66.0,0,0
5038YKPOWDERBLUE-M,40.0,5.0,13.0,0.0,0.0,13.0,53.0,0,0
5038YKPOWDERBLUE-S,15.0,5.0,6.0,0.0,0.0,6.0,21.0,0,0
5038YKPOWDERBLUE-XL,88.0,6.0,17.0,0.0,0.0,17.0,105.0,0,0
5038YKPOWDERBLUE-XXL,41.0,6.0,15.0,0.0,0.0,15.0,56.0,0,0
5039YKTEAL-3XL,12.0,4.0,6.0,1.0,1.0,8.0,20.0,0,0
5039YKTEAL-4XL,18.0,4.0,5.0,0.0,0.0,7.0,25.0,2,0
5039YKTEAL-5XL,3.0,3.0,13.0,1.0,0.0,14.0,17.0,0,0
5039YKTEAL-6XL,11.0,3.0,12.0,0.0,2.0,22.0,33.0,8,0
5039YKTEAL-7XL,31.0,5.0,6.0,0.0,0.0,6.0,37.0,0,0
5039YKTEAL-8XL,23.0,4.0,6.0,0.0,0.0,8.0,31.0,2,0
5039YKTEAL-L,14.0,6.0,29.0,0.0,0.0,39.0,53.0,10,0
5039YKTEAL-M,40.0,6.0,18.0,0.0,0.0,18.0,58.0,0,0
5039YKTEAL-S,9.0,5.0,1.0,0.0,0.0,1.0,10.0,0,0
5039YKTEAL-XL,50.0,4.0,61.0,0.0,0.0,93.0,143.0,32,0
5039YKTEAL-XXL,26.0,5.0,33.0,2.0,0.0,55.0,81.0,20,0
5040YKBEIGE-3XL,0.0,0.0,10.0,0.0,0.0,12.0,12.0,2,0
5040YKBEIGE-4XL,2.0,1.0,14.0,0.0,0.0,20.0,22.0,6,0
5040YKBEIGE-5XL,13.0,7.0,25.0,0.0,0.0,25.0,38.0,0,0
5040YKBEIGE-L,29.0,16.0,70.0,0.0,0.0,70.0,99.0,0,0
5040YKBEIGE-M,50.0,9.0,52.0,0.0,0.0,52.0,102.0,0,0
5040YKBEIGE-S,33.0,8.0,28.0,0.0,0.0,28.0,61.0,0,0
5040YKBEIGE-XL,1.0,0.0,0.0,0.0,0.0,0.0,1.0,0,0
5040YKBEIGE-XXL,0.0,0.0,4.0,0.0,0.0,6.0,6.0,2,0
5041YKBOTTELGREEN-3XL,11.0,7.0,0.0,0.0,0.0,0.0,11.0,0,0
5041YKBOTTELGREEN-4XL,5.0,4.0,0.0,0.0,0.0,0.0,5.0,0,0
5041YKBOTTELGREEN-5XL,18.0,9.0,0.0,0.0,0.0,0.0,18.0,0,0
5041YKBOTTELGREEN-6XL,25.0,4.0,11.0,0.0,0.0,11.0,36.0,0,0
5041YKBOTTELGREEN-7XL,25.0,3.0,16.0,0.0,0.0,16.0,41.0,0,0
5041YKBOTTELGREEN-8XL,39.0,4.0,7.0,0.0,0.0,7.0,46.0,0,0
5041YKBOTTELGREEN-L,9.0,7.0,0.0,0.0,0.0,0.0,9.0,0,0
5041YKBOTTELGREEN-M,3.0,2.0,0.0,0.0,0.0,0.0,3.0,0,0
5041YKBOTTELGREEN-S,35.0,5.0,0.0,0.0,0.0,0.0,35.0,0,0
5041YKBOTTELGREEN-XL,11.0,9.0,0.0,0.0,0.0,0.0,11.0,0,0
5041YKBOTTELGREEN-XXL,19.0,8.0,0.0,0.0,0.0,0.0,19.0,0,0
5041YKBOTTLEGREEN-3XL,0.0,0.0,26.0,2.0,0.0,28.0,28.0,0,0
5041YKBOTTLEGREEN-4XL,0.0,0.0,11.0,0.0,0.0,11.0,11.0,0,0
5041YKBOTTLEGREEN-5XL,0.0,0.0,12.0,0.0,0.0,12.0,12.0,0,0
5041YKBOTTLEGREEN-L,0.0,0.0,33.0,0.0,0.0,33.0,33.0,0,0
5041YKBOTTLEGREEN-M,0.0,0.0,25.0,0.0,0.0,31.0,31.0,6,0
5041YKBOTTLEGREEN-S,0.0,0.0,19.0,0.0,0.0,23.0,23.0,4,0
5041YKBOTTLEGREEN-XL,0.0,0.0,44.0,0.0,0.0,44.0,44.0,0,0
5041YKBOTTLEGREEN-XXL,0.0,0.0,40.0,0.0,1.0,41.0,41.0,0,0
5042YKHUNTERGREEN-3XL,19.0,3.0,0.0,0.0,0.0,0.0,19.0,0,0
5042YKHUNTERGREEN-4XL,19.0,4.0,0.0,0.0,0.0,0.0,19.0,0,0
5042YKHUNTERGREEN-5XL,17.0,4.0,3.0,0.0,0.0,5.0,22.0,2,0
5042YKHUNTERGREEN-6XL,9.0,4.0,0.0,0.0,0.0,0.0,9.0,0,0
5042YKHUNTERGREEN-7XL,13.0,5.0,0.0,0.0,0.0,0.0,13.0,0,0
5042YKHUNTERGREEN-8XL,13.0,4.0,0.0,0.0,0.0,0.0,13.0,0,0
5042YKHUNTERGREEN-L,15.0,5.0,0.0,0.0,0.0,0.0,15.0,0,0
5042YKHUNTERGREEN-M,17.0,4.0,0.0,0.0,0.0,0.0,17.0,0,0
5042YKHUNTERGREEN-S,20.0,4.0,0.0,0.0,0.0,0.0,20.0,0,0
5042YKHUNTERGREEN-XL,14.0,6.0,1.0,0.0,0.0,3.0,17.0,2,0
5042YKHUNTERGREEN-XXL,19.0,5.0,0.0,0.0,0.0,0.0,19.0,0,0
5043YKCRYSTALTEAL-3XL,42.0,5.0,8.0,0.0,0.0,8.0,50.0,0,0
5043YKCRYSTALTEAL-4XL,44.0,5.0,0.0,0.0,0.0,0.0,44.0,0,0
5043YKCRYSTALTEAL-5XL,45.0,4.0,0.0,0.0,0.0,0.0,45.0,0,0
5043YKCRYSTALTEAL-6XL,24.0,4.0,0.0,0.0,0.0,0.0,24.0,0,0
5043YKCRYSTALTEAL-7XL,16.0,5.0,0.0,0.0,0.0,0.0,16.0,0,0
5043YKCRYSTALTEAL-8XL,12.0,3.0,0.0,0.0,0.0,0.0,12.0,0,0
5043YKCRYSTALTEAL-L,45.0,5.0,0.0,0.0,0.0,0.0,45.0,0,0
5043YKCRYSTALTEAL-M,42.0,4.0,0.0,0.0,0.0,0.0,42.0,0,0
5043YKCRYSTALTEAL-S,18.0,4.0,0.0,0.0,0.0,0.0,18.0,0,0
5043YKCRYSTALTEAL-XL,44.0,4.0,0.0,0.0,0.0,0.0,44.0,0,0
5043YKCRYSTALTEAL-XXL,45.0,5.0,0.0,0.0,0.0,0.0,45.0,0,0
5043YKRYSTALTEAL-4XL,0.0,0.0,5.0,0.0,0.0,5.0,5.0,0,0
5043YKRYSTALTEAL-5XL,0.0,0.0,6.0,0.0,0.0,6.0,6.0,0,0
5043YKRYSTALTEAL-6XL,0.0,0.0,2.0,0.0,0.0,2.0,2.0,0,0
5043YKRYSTALTEAL-7XL,0.0,0.0,4.0,0.0,0.0,4.0,4.0,0,0
5043YKRYSTALTEAL-8XL,0.0,0.0,3.0,0.0,0.0,3.0,3.0,0,0
5043YKRYSTALTEAL-L,0.0,0.0,2.0,0.0,0.0,2.0,2.0,0,0
5043YKRYSTALTEAL-M,0.0,0.0,5.0,0.0,0.0,5.0,5.0,0,0
5043YKRYSTALTEAL-S,0.0,0.0,3.0,0.0,0.0,3.0,3.0,0,0
5043YKRYSTALTEAL-XL,0.0,0.0,5.0,0.0,0.0,5.0,5.0,0,0
5043YKRYSTALTEAL-XXL,0.0,0.0,6.0,0.0,0.0,6.0,6.0,0,0
5044YKBROWN-3XL,25.0,5.0,4.0,0.0,0.0,4.0,29.0,0,0
5044YKBROWN-4XL,22.0,4.0,3.0,0.0,0.0,3.0,25.0,0,0
5044YKBROWN-5XL,9.0,4.0,9.0,0.0,0.0,9.0,18.0,0,0
5044YKBROWN-6XL,3.0,3.0,0.0,0.0,0.0,0.0,3.0,0,0
5044YKBROWN-7XL,3.0,1.0,1.0,0.0,0.0,1.0,4.0,0,0
5044YKBROWN-8XL,3.0,2.0,0.0,0.0,0.0,0.0,3.0,0,0
5044YKBROWN-L,22.0,4.0,13.0,0.0,0.0,13.0,35.0,0,0
5044YKBROWN-M,26.0,3.0,5.0,0.0,0.0,5.0,31.0,0,0
5044YKBROWN-S,13.0,3.0,3.0,0.0,0.0,3.0,16.0,0,0
5044YKBROWN-XL,12.0,5.0,11.0,0.0,0.0,11.0,23.0,0,0
5044YKBROWN-XXL,25.0,3.0,1.0,0.0,0.0,1.0,26.0,0,0
5045YKBUBBLEGUMPINK-3XL,21.0,3.0,4.0,0.0,0.0,4.0,25.0,0,0
5045YKBUBBLEGUMPINK-4XL,20.0,4.0,5.0,0.0,0.0,5.0,25.0,0,0
5045YKBUBBLEGUMPINK-5XL,39.0,4.0,3.0,0.0,0.0,3.0,42.0,0,0
5045YKBUBBLEGUMPINK-6XL,13.0,3.0,2.0,0.0,0.0,2.0,15.0,0,0
5045YKBUBBLEGUMPINK-7XL,18.0,4.0,3.0,0.0,0.0,3.0,21.0,0,0
5045YKBUBBLEGUMPINK-8XL,6.0,3.0,6.0,0.0,0.0,7.0,13.0,1,0
5045YKBUBBLEGUMPINK-L,10.0,5.0,3.0,0.0,0.0,3.0,13.0,0,0
5045YKBUBBLEGUMPINK-M,20.0,4.0,3.0,0.0,0.0,3.0,23.0,0,0
5045YKBUBBLEGUMPINK-S,19.0,4.0,4.0,0.0,0.0,4.0,23.0,0,0
5045YKBUBBLEGUMPINK-XL,9.0,5.0,7.0,0.0,0.0,7.0,16.0,0,0
5045YKBUBBLEGUMPINK-XXL,9.0,4.0,6.0,0.0,0.0,6.0,15.0,0,0
5046HOTPINK-3XL,29.0,0.0,0.0,0.0,0.0,29.0,58.0,0,29
5046HOTPINK-4XL,23.0,0.0,0.0,0.0,0.0,23.0,46.0,0,23
5046HOTPINK-5XL,24.0,0.0,0.0,0.0,0.0,24.0,48.0,0,24
5046HOTPINK-L,27.0,0.0,0.0,0.0,0.0,27.0,54.0,0,27
5046HOTPINK-M,28.0,0.0,0.0,0.0,0.0,28.0,56.0,0,28
5046HOTPINK-S,30.0,0.0,0.0,0.0,0.0,30.0,60.0,0,30
5046HOTPINK-XL,27.0,0.0,0.0,0.0,0.0,27.0,54.0,0,27
5046HOTPINK-XXL,26.0,0.0,0.0,0.0,0.0,26.0,52.0,0,26
5047YKPASTELBLUE-3XL,40.0,4.0,2.0,0.0,0.0,2.0,42.0,0,0
5047YKPASTELBLUE-4XL,41.0,5.0,2.0,0.0,0.0,2.0,43.0,0,0
5047YKPASTELBLUE-5XL,34.0,6.0,5.0,0.0,0.0,5.0,39.0,0,0
5047YKPASTELBLUE-6XL,21.0,4.0,3.0,0.0,0.0,3.0,24.0,0,0
5047YKPASTELBLUE-7XL,33.0,4.0,4.0,0.0,0.0,4.0,37.0,0,0
5047YKPASTELBLUE-8XL,27.0,5.0,3.0,0.0,0.0,3.0,30.0,0,0
5047YKPASTELBLUE-L,25.0,4.0,10.0,0.0,0.0,10.0,35.0,0,0
5047YKPASTELBLUE-M,40.0,5.0,1.0,0.0,0.0,1.0,41.0,0,0
5047YKPASTELBLUE-S,27.0,5.0,4.0,0.0,0.0,4.0,31.0,0,0
5047YKPASTELBLUE-XL,38.0,5.0,3.0,0.0,0.0,3.0,41.0,0,0
5047YKPASTELBLUE-XXL,32.0,5.0,6.0,0.0,0.0,6.0,38.0,0,0
5048YKDEEPGREEN-3XL,40.0,7.0,0.0,0.0,0.0,0.0,40.0,0,0
5048YKDEEPGREEN-4XL,34.0,3.0,0.0,0.0,0.0,0.0,34.0,0,0
5048YKDEEPGREEN-5XL,29.0,3.0,0.0,0.0,0.0,19.0,48.0,0,19
5048YKDEEPGREEN-6XL,12.0,3.0,0.0,0.0,0.0,3.0,15.0,0,3
5048YKDEEPGREEN-7XL,12.0,3.0,0.0,0.0,0.0,0.0,12.0,0,0
5048YKDEEPGREEN-8XL,9.0,4.0,0.0,0.0,0.0,0.0,9.0,0,0
5048YKDEEPGREEN-L,28.0,5.0,4.0,0.0,0.0,6.0,34.0,0,2
5048YKDEEPGREEN-M,40.0,4.0,1.0,0.0,0.0,2.0,42.0,0,1
5048YKDEEPGREEN-S,13.0,2.0,0.0,0.0,0.0,0.0,13.0,0,0
5048YKDEEPGREEN-XL,38.0,5.0,1.0,0.0,0.0,3.0,41.0,0,2
5048YKDEEPGREEN-XXL,37.0,7.0,0.0,0.0,0.0,39.0,76.0,0,39
5049YKMAROON-3XL,37.0,4.0,8.0,0.0,0.0,8.0,45.0,0,0
5049YKMAROON-4XL,42.0,5.0,7.0,0.0,0.0,7.0,49.0,0,0
5049YKMAROON-5XL,36.0,4.0,6.0,0.0,0.0,6.0,42.0,0,0
5049YKMAROON-6XL,4.0,4.0,2.0,0.0,0.0,2.0,6.0,0,0
5049YKMAROON-7XL,6.0,4.0,5.0,0.0,0.0,5.0,11.0,0,0
5049YKMAROON-8XL,3.0,2.0,6.0,0.0,0.0,12.0,15.0,6,0
5049YKMAROON-L,37.0,6.0,7.0,0.0,0.0,7.0,44.0,0,0
5049YKMAROON-M,41.0,4.0,3.0,0.0,0.0,3.0,44.0,0,0
5049YKMAROON-S,14.0,3.0,6.0,0.0,0.0,6.0,20.0,0,0
5049YKMAROON-XL,45.0,5.0,10.0,0.0,0.0,10.0,55.0,0,0
5049YKMAROON-XXL,36.0,7.0,6.0,0.0,0.0,6.0,42.0,0,0
56YK117MUSTARD-XL,1.0,0.0,0.0,0.0,0.0,0.0,1.0,0,0
56YK117MUSTARD-XXL,2.0,0.0,0.0,0.0,0.0,0.0,2.0,0,0
6002YK367MULTI-S,2.0,1.0,0.0,0.0,0.0,0.0,2.0,0,0
6003SKDGREEN-3XL,33.0,5.0,8.0,0.0,0.0,8.0,41.0,0,0
6003SKDGREEN-4XL,13.0,4.0,6.0,0.0,0.0,6.0,19.0,0,0
6003SKDGREEN-5XL,3.0,3.0,0.0,0.0,0.0,0.0,3.0,0,0
6003SKDGREEN-XXL,19.0,6.0,1.0,0.0,0.0,1.0,20.0,0,0
6004SKDRED-3XL,43.0,5.0,0.0,0.0,0.0,0.0,43.0,0,0
6004SKDRED-4XL,38.0,4.0,0.0,0.0,0.0,0.0,38.0,0,0
6004SKDRED-5XL,53.0,4.0,1.0,0.0,0.0,1.0,54.0,0,0
6004SKDRED-XXL,33.0,6.0,1.0,0.0,0.0,1.0,34.0,0,0
6005SKDBLUE-3XL,2.0,1.0,0.0,0.0,0.0,0.0,2.0,0,0
6005SKDBLUE-4XL,1.0,1.0,0.0,0.0,0.0,0.0,1.0,0,0
6005SKDBLUE-5XL,1.0,0.0,1.0,0.0,0.0,3.0,4.0,2,0
6005SKDBLUE-XXL,5.0,3.0,2.0,0.0,0.0,2.0,7.0,0,0
6006SKDPURPLE-4XL,3.0,2.0,1.0,0.0,0.0,5.0,8.0,4,0
6006SKDPURPLE-5XL,1.0,0.0,0.0,0.0,0.0,0.0,1.0,0,0
6006SKDPURPLE-XXL,5.0,2.0,3.0,0.0,0.0,3.0,8.0,0,0
6007SKDBLUE-3XL,33.0,5.0,27.0,0.0,0.0,103.0,136.0,28,48
6007SKDBLUE-4XL,30.0,6.0,22.0,0.0,0.0,120.0,150.0,32,66
6007SKDBLUE-5XL,44.0,6.0,31.0,0.0,0.0,137.0,181.0,40,66
6007SKDBLUE-L,6.0,0.0,0.0,0.0,0.0,0.0,6.0,0,0
6007SKDBLUE-M,14.0,0.0,0.0,0.0,0.0,0.0,14.0,0,0
6007SKDBLUE-S,22.0,0.0,0.0,0.0,0.0,0.0,22.0,0,0
6007SKDBLUE-XL,16.0,0.0,0.0,0.0,0.0,0.0,16.0,0,0
6007SKDBLUE-XXL,14.0,4.0,25.0,0.0,0.0,58.0,72.0,20,13
6008SKDORANGE-3XL,8.0,3.0,6.0,0.0,0.0,6.0,14.0,0,0
6008SKDORANGE-4XL,1.0,1.0,4.0,0.0,0.0,8.0,9.0,4,0
6008SKDORANGE-XXL,7.0,4.0,4.0,0.0,0.0,4.0,11.0,0,0
6009SKDINDIGO-3XL,23.0,4.0,3.0,0.0,0.0,3.0,26.0,0,0
6009SKDINDIGO-4XL,9.0,2.0,3.0,0.0,0.0,3.0,12.0,0,0
6009SKDINDIGO-5XL,3.0,2.0,0.0,0.0,0.0,0.0,3.0,0,0
6009SKDINDIGO-L,31.0,2.0,6.0,0.0,0.0,6.0,37.0,0,0
6009SKDINDIGO-M,43.0,3.0,6.0,0.0,0.0,6.0,49.0,0,0
6009SKDINDIGO-S,17.0,2.0,4.0,0.0,0.0,4.0,21.0,0,0
6009SKDINDIGO-XL,14.0,3.0,4.0,0.0,0.0,4.0,18.0,0,0
6009SKDINDIGO-XXL,13.0,3.0,3.0,0.0,0.0,3.0,16.0,0,0
6012SKDMAROON-3XL,8.0,5.0,26.0,0.0,0.0,34.0,42.0,8,0
6012SKDMAROON-4XL,0.0,0.0,20.0,0.0,0.0,20.0,20.0,0,0
6012SKDMAROON-5XL,16.0,9.0,25.0,1.0,0.0,26.0,42.0,0,0
6012SKDMAROON-6XL,4.0,3.0,5.0,0.0,0.0,7.0,11.0,2,0
6012SKDMAROON-7XL,24.0,4.0,2.0,0.0,0.0,2.0,26.0,0,0
6012SKDMAROON-8XL,0.0,0.0,1.0,0.0,0.0,1.0,1.0,0,0
6012SKDMAROON-L,24.0,8.0,27.0,1.0,1.0,29.0,53.0,0,0
6012SKDMAROON-M,9.0,4.0,42.0,2.0,0.0,44.0,53.0,0,0
6012SKDMAROON-S,43.0,2.0,17.0,2.0,0.0,19.0,62.0,0,0
6012SKDMAROON-XL,6.0,5.0,18.0,0.0,0.0,18.0,24.0,0,0
6012SKDMAROON-XXL,13.0,6.0,24.0,2.0,1.0,27.0,40.0,0,0
6013SKDWHITE-3XL,26.0,4.0,5.0,0.0,0.0,5.0,31.0,0,0
6013SKDWHITE-4XL,4.0,1.0,5.0,0.0,0.0,5.0,9.0,0,0
6013SKDWHITE-5XL,0.0,0.0,1.0,0.0,0.0,3.0,3.0,2,0
6013SKDWHITE-L,50.0,3.0,3.0,0.0,0.0,3.0,53.0,0,0
6013SKDWHITE-M,56.0,3.0,1.0,0.0,0.0,1.0,57.0,0,0
6013SKDWHITE-S,63.0,2.0,4.0,0.0,0.0,4.0,67.0,0,0
6013SKDWHITE-XL,32.0,3.0,2.0,0.0,0.0,2.0,34.0,0,0
6013SKDWHITE-XXL,35.0,5.0,4.0,0.0,0.0,4.0,39.0,0,0
6015SKDBLACK-3XL,5.0,1.0,0.0,1.0,0.0,1.0,6.0,0,0
6015SKDBLACK-4XL,4.0,1.0,2.0,2.0,0.0,4.0,8.0,0,0
6015SKDBLACK-L,5.0,4.0,14.0,0.0,0.0,14.0,19.0,0,0
6015SKDBLACK-M,6.0,1.0,1.0,0.0,1.0,2.0,8.0,0,0
6015SKDBLACK-S,23.0,6.0,1.0,2.0,0.0,3.0,26.0,0,0
6015SKDBLACK-XL,4.0,1.0,1.0,0.0,0.0,1.0,5.0,0,0
6015SKDBLACK-XS,2.0,2.0,1.0,0.0,0.0,1.0,3.0,0,0
6015SKDBLACK-XXL,2.0,2.0,3.0,0.0,0.0,3.0,5.0,0,0
6016SKDBLUE-3XL,82.0,2.0,8.0,0.0,0.0,8.0,90.0,0,0
6016SKDBLUE-4XL,60.0,2.0,3.0,0.0,0.0,3.0,63.0,0,0
6016SKDBLUE-5XL,72.0,2.0,4.0,0.0,0.0,4.0,76.0,0,0
6016SKDBLUE-L,45.0,1.0,2.0,0.0,10.0,22.0,67.0,10,0
6016SKDBLUE-M,40.0,2.0,5.0,4.0,0.0,9.0,49.0,0,0
6016SKDBLUE-S,21.0,2.0,1.0,0.0,2.0,3.0,24.0,0,0
6016SKDBLUE-XL,60.0,1.0,2.0,0.0,9.0,21.0,81.0,10,0
6016SKDBLUE-XS,24.0,2.0,1.0,0.0,0.0,1.0,25.0,0,0
6016SKDBLUE-XXL,69.0,3.0,4.0,0.0,0.0,4.0,73.0,0,0
6017SKDRED-3XL,75.0,2.0,3.0,0.0,14.0,27.0,102.0,10,0
6017SKDRED-4XL,48.0,2.0,7.0,0.0,9.0,26.0,74.0,10,0
6017SKDRED-5XL,22.0,2.0,10.0,0.0,2.0,17.0,39.0,5,0
6017SKDRED-L,71.0,4.0,4.0,0.0,11.0,28.0,99.0,13,0
6017SKDRED-M,60.0,2.0,6.0,0.0,9.0,25.0,85.0,10,0
6017SKDRED-S,54.0,2.0,7.0,0.0,11.0,28.0,82.0,10,0
6017SKDRED-XL,69.0,2.0,3.0,0.0,14.0,32.0,101.0,15,0
6017SKDRED-XS,30.0,2.0,2.0,0.0,0.0,2.0,32.0,0,0
6017SKDRED-XXL,101.0,2.0,6.0,0.0,0.0,6.0,107.0,0,0
6018SKDYELLOW-3XL,64.0,2.0,8.0,0.0,9.0,27.0,91.0,10,0
6018SKDYELLOW-4XL,8.0,2.0,7.0,0.0,0.0,7.0,15.0,0,0
6018SKDYELLOW-5XL,37.0,3.0,10.0,0.0,9.0,29.0,66.0,10,0
6018SKDYELLOW-L,87.0,2.0,5.0,0.0,7.0,12.0,99.0,0,0
6018SKDYELLOW-M,1.0,1.0,4.0,0.0,0.0,4.0,5.0,0,0
6018SKDYELLOW-S,9.0,2.0,2.0,0.0,0.0,2.0,11.0,0,0
6018SKDYELLOW-XL,14.0,1.0,9.0,0.0,0.0,9.0,23.0,0,0
6018SKDYELLOW-XS,42.0,2.0,1.0,0.0,0.0,1.0,43.0,0,0
6018SKDYELLOW-XXL,108.0,2.0,4.0,0.0,11.0,25.0,133.0,10,0
6019SKDWHITE-3XL,20.0,2.0,8.0,0.0,0.0,8.0,28.0,0,0
6019SKDWHITE-4XL,8.0,3.0,4.0,0.0,0.0,4.0,12.0,0,0
6019SKDWHITE-5XL,0.0,0.0,4.0,0.0,0.0,7.0,7.0,3,0
6019SKDWHITE-L,21.0,6.0,3.0,0.0,0.0,3.0,24.0,0,0
6019SKDWHITE-M,19.0,4.0,7.0,0.0,0.0,7.0,26.0,0,0
6019SKDWHITE-S,7.0,2.0,3.0,0.0,0.0,3.0,10.0,0,0
6019SKDWHITE-XL,15.0,4.0,4.0,0.0,0.0,4.0,19.0,0,0
6019SKDWHITE-XXL,8.0,2.0,5.0,0.0,0.0,5.0,13.0,0,0
6020SKDOFFWHITE-3XL,33.0,5.0,5.0,0.0,0.0,5.0,38.0,0,0
6020SKDOFFWHITE-4XL,20.0,3.0,7.0,0.0,0.0,7.0,27.0,0,0
6020SKDOFFWHITE-5XL,17.0,4.0,8.0,0.0,0.0,8.0,25.0,0,0
6020SKDOFFWHITE-L,29.0,3.0,6.0,0.0,0.0,6.0,35.0,0,0
6020SKDOFFWHITE-M,31.0,2.0,3.0,0.0,0.0,3.0,34.0,0,0
6020SKDOFFWHITE-S,17.0,2.0,3.0,0.0,0.0,3.0,20.0,0,0
6020SKDOFFWHITE-XL,18.0,3.0,12.0,0.0,0.0,12.0,30.0,0,0
6020SKDOFFWHITE-XXL,29.0,2.0,5.0,0.0,0.0,5.0,34.0,0,0
6021SKDPINK-4XL,1.0,0.0,3.0,0.0,0.0,7.0,8.0,4,0
6021SKDPINK-5XL,0.0,0.0,1.0,0.0,0.0,3.0,3.0,2,0
6021SKDPINK-6XL,1.0,0.0,0.0,0.0,0.0,2.0,3.0,2,0
6021SKDPINK-7XL,7.0,6.0,0.0,0.0,0.0,0.0,7.0,0,0
6021SKDPINK-8XL,1.0,0.0,0.0,0.0,0.0,0.0,1.0,0,0
6021SKDPINK-M,2.0,0.0,0.0,0.0,0.0,0.0,2.0,0,0
6021SKDPINK-XXL,0.0,0.0,1.0,0.0,0.0,5.0,5.0,4,0
6022SKDGREEN-3XL,21.0,3.0,13.0,0.0,0.0,13.0,34.0,0,0
6022SKDGREEN-4XL,25.0,4.0,4.0,0.0,0.0,4.0,29.0,0,0
6022SKDGREEN-5XL,25.0,3.0,4.0,0.0,0.0,4.0,29.0,0,0
6022SKDGREEN-6XL,8.0,3.0,5.0,0.0,0.0,5.0,13.0,0,0
6022SKDGREEN-7XL,11.0,4.0,2.0,0.0,0.0,2.0,13.0,0,0
6022SKDGREEN-8XL,11.0,3.0,1.0,0.0,0.0,1.0,12.0,0,0
6022SKDGREEN-L,28.0,3.0,7.0,0.0,0.0,7.0,35.0,0,0
6022SKDGREEN-M,41.0,3.0,4.0,0.0,0.0,4.0,45.0,0,0
6022SKDGREEN-S,17.0,3.0,0.0,0.0,0.0,0.0,17.0,0,0
6022SKDGREEN-XL,8.0,3.0,4.0,0.0,0.0,4.0,12.0,0,0
6022SKDGREEN-XXL,24.0,3.0,9.0,0.0,0.0,9.0,33.0,0,0
6023SKDBLUE-L,13.0,2.0,0.0,0.0,0.0,0.0,13.0,0,0
6023SKDBLUE-M,12.0,2.0,0.0,0.0,0.0,0.0,12.0,0,0
6023SKDBLUE-S,14.0,4.0,1.0,0.0,0.0,1.0,15.0,0,0
6023SKDBLUE-XL,12.0,4.0,2.0,0.0,0.0,2.0,14.0,0,0
6024SKD5010-L,0.0,0.0,2.0,0.0,0.0,2.0,2.0,0,0
6024SKD5010-M,0.0,0.0,3.0,0.0,0.0,3.0,3.0,0,0
6024SKD5010-S,0.0,0.0,1.0,0.0,0.0,1.0,1.0,0,0
6024SKD5010-XL,0.0,0.0,1.0,0.0,0.0,1.0,1.0,0,0
6024SKDPURPLE-L,9.0,0.0,0.0,0.0,0.0,0.0,9.0,0,0
6024SKDPURPLE-M,19.0,0.0,0.0,0.0,0.0,0.0,19.0,0,0
6024SKDPURPLE-S,27.0,0.0,0.0,0.0,0.0,0.0,27.0,0,0
6024SKDPURPLE-XL,5.0,0.0,0.0,0.0,0.0,0.0,5.0,0,0
6025SKDPURPLE-3XL,1.0,1.0,1.0,0.0,0.0,3.0,4.0,2,0
6025SKDPURPLE-4XL,5.0,2.0,7.0,0.0,0.0,7.0,12.0,0,0
6025SKDPURPLE-5XL,19.0,5.0,18.0,0.0,0.0,18.0,37.0,0,0
6025SKDPURPLE-6XL,8.0,3.0,0.0,0.0,0.0,0.0,8.0,0,0
6025SKDPURPLE-7XL,7.0,3.0,0.0,0.0,0.0,0.0,7.0,0,0
6025SKDPURPLE-8XL,6.0,2.0,6.0,0.0,0.0,6.0,12.0,0,0
6025SKDPURPLE-L,8.0,3.0,0.0,0.0,0.0,0.0,8.0,0,0
6025SKDPURPLE-M,5.0,2.0,6.0,0.0,0.0,6.0,11.0,0,0
6025SKDPURPLE-S,9.0,1.0,0.0,0.0,0.0,0.0,9.0,0,0
6025SKDPURPLE-XL,4.0,2.0,1.0,0.0,0.0,3.0,7.0,2,0
6025SKDPURPLE-XXL,5.0,2.0,9.0,0.0,0.0,9.0,14.0,0,0
6026SKDWINE-3XL,0.0,0.0,1.0,0.0,0.0,3.0,3.0,2,0
6026SKDWINE-4XL,2.0,0.0,1.0,0.0,0.0,3.0,5.0,2,0
6026SKDWINE-5XL,0.0,0.0,1.0,0.0,0.0,3.0,3.0,2,0
6026SKDWINE-7XL,1.0,0.0,0.0,0.0,0.0,0.0,1.0,0,0
6026SKDWINE-8XL,0.0,0.0,0.0,0.0,0.0,2.0,2.0,2,0
6026SKDWINE-M,1.0,0.0,0.0,0.0,0.0,0.0,1.0,0,0
6026SKDWINE-S,1.0,0.0,0.0,0.0,0.0,0.0,1.0,0,0
6026SKDWINE-XXL,0.0,0.0,2.0,0.0,0.0,4.0,4.0,2,0
6027SKDBLACK-3XL,59.0,3.0,2.0,0.0,0.0,2.0,61.0,0,0
6027SKDBLACK-4XL,34.0,3.0,6.0,0.0,0.0,6.0,40.0,0,0
6027SKDBLACK-5XL,24.0,7.0,4.0,0.0,0.0,4.0,28.0,0,0
6027SKDBLACK-6XL,9.0,3.0,1.0,0.0,0.0,1.0,10.0,0,0
6027SKDBLACK-7XL,13.0,2.0,5.0,0.0,0.0,5.0,18.0,0,0
6027SKDBLACK-8XL,11.0,2.0,2.0,0.0,0.0,2.0,13.0,0,0
6027SKDBLACK-L,22.0,4.0,9.0,0.0,0.0,9.0,31.0,0,0
6027SKDBLACK-M,55.0,2.0,5.0,0.0,0.0,5.0,60.0,0,0
6027SKDBLACK-S,10.0,3.0,0.0,0.0,0.0,0.0,10.0,0,0
6027SKDBLACK-XL,13.0,5.0,9.0,0.0,0.0,13.0,26.0,4,0
6027SKDBLACK-XXL,29.0,6.0,3.0,0.0,0.0,3.0,32.0,0,0
6028SKDMAROON-3XL,5.0,3.0,7.0,0.0,0.0,7.0,12.0,0,0
6028SKDMAROON-4XL,2.0,1.0,0.0,0.0,0.0,0.0,2.0,0,0
6028SKDMAROON-L,38.0,5.0,2.0,0.0,0.0,2.0,40.0,0,0
6028SKDMAROON-M,41.0,3.0,9.0,0.0,0.0,9.0,50.0,0,0
6028SKDMAROON-S,18.0,2.0,5.0,0.0,0.0,5.0,23.0,0,0
6028SKDMAROON-XL,10.0,4.0,14.0,0.0,0.0,14.0,24.0,0,0
6028SKDMAROON-XS,14.0,2.0,3.0,0.0,0.0,3.0,17.0,0,0
6028SKDMAROON-XXL,6.0,4.0,9.0,0.0,0.0,9.0,15.0,0,0
678KL5008PLYKGREEN-XXL,0.0,0.0,0.0,2.0,0.0,2.0,2.0,0,0
679KL5008YKGREEN-M,0.0,0.0,0.0,2.0,0.0,2.0,2.0,0,0
679KL5008YKGREEN-S,0.0,0.0,0.0,1.0,0.0,1.0,1.0,0,0
679KL5008YKGREEN-XL,0.0,0.0,0.0,4.0,0.0,4.0,4.0,0,0
67YK83INDIGO-L,22.0,5.0,36.0,5.0,0.0,160.0,182.0,44,75
67YK83INDIGO-M,50.0,11.0,41.0,1.0,0.0,101.0,151.0,4,55
67YK83INDIGO-S,50.0,5.0,37.0,3.0,0.0,68.0,118.0,3,25
67YK83INDIGO-XL,16.0,5.0,36.0,1.0,0.0,118.0,134.0,36,45
67YK83INDIGO-XS,20.0,7.0,24.0,6.0,0.0,33.0,53.0,3,0
67YK83INDIGO-XXL,9.0,3.0,16.0,18.0,0.0,77.0,86.0,18,25
683KL5010YKWHITE-XL,0.0,0.0,0.0,1.0,0.0,1.0,1.0,0,0
685KL5011YKOWHITE-S,0.0,0.0,0.0,2.0,0.0,2.0,2.0,0,0
68YK83BLACK-M,1.0,0.0,0.0,0.0,0.0,0.0,1.0,0,0
68YK83BLACK-S,1.0,0.0,0.0,0.0,0.0,0.0,1.0,0,0
690KL5014PLYKMAROON-4XL,0.0,0.0,0.0,2.0,0.0,2.0,2.0,0,0
690KL5014PLYKMAROON-5XL,0.0,0.0,0.0,3.0,0.0,3.0,3.0,0,0
690KL5014PLYKMAROON-XXL,0.0,0.0,0.0,2.0,0.0,2.0,2.0,0,0
691KL5014YKMAROON-M,0.0,0.0,0.0,1.0,0.0,1.0,1.0,0,0
691KL5014YKMAROON-S,0.0,0.0,0.0,2.0,0.0,2.0,2.0,0,0
694KL5019PLYKDENIM-4XL,0.0,0.0,0.0,3.0,0.0,3.0,3.0,0,0
695KL5019YKDENIM-M,0.0,0.0,0.0,3.0,0.0,3.0,3.0,0,0
695KL5019YKDENIM-XL,0.0,0.0,0.0,4.0,0.0,4.0,4.0,0,0
7003YKBLSRED-L-XL,1.0,0.0,0.0,0.0,0.0,0.0,1.0,0,0
7004YKBLSMULTI-L-XL,0.0,0.0,1.0,0.0,0.0,3.0,3.0,2,0
7004YKBLSMULTI-S-M,7.0,6.0,4.0,0.0,0.0,6.0,13.0,2,0
7005YKBLSMULTI-4XL-5XL,40.0,8.0,5.0,0.0,0.0,5.0,45.0,0,0
7005YKBLSMULTI-L-XL,37.0,12.0,28.0,0.0,0.0,28.0,65.0,0,0
7005YKBLSMULTI-S-M,153.0,12.0,17.0,0.0,4.0,21.0,174.0,0,0
7005YKBLSMULTI-XXL-3XL,31.0,9.0,9.0,0.0,0.0,9.0,40.0,0,0
7006YKBLSBLUE-4XL-5XL,0.0,1.0,5.0,0.0,0.0,11.0,11.0,6,0
7006YKBLSBLUE-L-XL,8.0,8.0,40.0,0.0,0.0,44.0,52.0,4,0
7006YKBLSBLUE-S-M,43.0,11.0,37.0,0.0,0.0,37.0,80.0,0,0
7006YKBLSBLUE-XXL-3XL,2.0,0.0,0.0,0.0,0.0,0.0,2.0,0,0
7007YKBLS-L-XL,2.0,1.0,0.0,0.0,0.0,0.0,2.0,0,0
7007YKBLS-S-M,14.0,6.0,4.0,0.0,0.0,4.0,18.0,0,0
7008YKBLSBLUE-4XL-5XL,26.0,14.0,1.0,0.0,0.0,1.0,27.0,0,0
7008YKBLSBLUE-L-XL,7.0,6.0,30.0,0.0,0.0,40.0,47.0,10,0
7008YKBLSBLUE-S-M,52.0,11.0,20.0,0.0,0.0,20.0,72.0,0,0
7008YKBLSBLUE-XXL-3XL,12.0,10.0,11.0,0.0,0.0,11.0,23.0,0,0
7009YKBLSGREEN-S-M,1.0,1.0,0.0,0.0,0.0,0.0,1.0,0,0
7011YKBLSMAROON-L-XL,10.0,7.0,18.0,0.0,0.0,18.0,28.0,0,0
7011YKBLSMAROON-S-M,2.0,2.0,0.0,0.0,0.0,0.0,2.0,0,0
7014YKBLSMAROON-4XL-5XL,69.0,10.0,23.0,0.0,0.0,27.0,96.0,4,0
7014YKBLSMAROON-L-XL,262.0,15.0,33.0,0.0,16.0,49.0,311.0,0,0
7014YKBLSMAROON-S-M,85.0,9.0,25.0,5.0,0.0,30.0,115.0,0,0
7014YKBLSMAROON-XXL-3XL,55.0,12.0,17.0,0.0,0.0,17.0,72.0,0,0
7015YKBLSBLACK-S-M,1.0,0.0,0.0,0.0,0.0,0.0,1.0,0,0
7028YKBLS-L-XL,0.0,0.0,1.0,0.0,0.0,1.0,1.0,0,0
7028YKBLS-S-M,9.0,9.0,2.0,0.0,0.0,2.0,11.0,0,0
7029YKBLS-L-XL,3.0,1.0,1.0,0.0,0.0,1.0,4.0,0,0
7029YKBLS-S-M,17.0,6.0,7.0,0.0,0.0,7.0,24.0,0,0
7031YKBLS-L-XL,1.0,0.0,0.0,0.0,0.0,0.0,1.0,0,0
7031YKBLS-S-M,4.0,4.0,2.0,0.0,0.0,2.0,6.0,0,0
7032YKBLS-S-M,6.0,5.0,12.0,0.0,0.0,12.0,18.0,0,0
7033YKBLS-S-M,2.0,2.0,0.0,0.0,0.0,0.0,2.0,0,0
7034YKBLS-L-XL,0.0,0.0,1.0,0.0,0.0,1.0,1.0,0,0
7034YKBLS-S-M,4.0,4.0,3.0,0.0,0.0,3.0,7.0,0,0
7035YKBLS-L-XL,0.0,0.0,5.0,0.0,0.0,7.0,7.0,2,0
7035YKBLS-S-M,3.0,3.0,0.0,0.0,0.0,0.0,3.0,0,0
7036YKBLS-L-XL,0.0,0.0,2.0,0.0,0.0,6.0,6.0,4,0
7036YKBLS-S-M,9.0,8.0,9.0,0.0,0.0,9.0,18.0,0,0
7037YKBLS-L-XL,1.0,1.0,0.0,0.0,0.0,0.0,1.0,0,0
7037YKBLS-S-M,18.0,9.0,1.0,0.0,0.0,1.0,19.0,0,0
7039YKBLS-S-M,1.0,1.0,3.0,0.0,0.0,3.0,4.0,0,0
7040YKBLS-L-XL,8.0,4.0,5.0,0.0,0.0,5.0,13.0,0,0
7040YKBLS-S-M,8.0,6.0,4.0,0.0,0.0,4.0,12.0,0,0
7041YKBLS-4XL-5XL,16.0,7.0,2.0,0.0,0.0,2.0,18.0,0,0
7041YKBLS-L-XL,2.0,2.0,0.0,0.0,0.0,0.0,2.0,0,0
7041YKBLS-S-M,2.0,1.0,3.0,0.0,0.0,5.0,7.0,2,0
7041YKBLS-XXL-3XL,10.0,7.0,6.0,0.0,0.0,6.0,16.0,0,0
7042YKBLS-S-M,1.0,0.0,0.0,0.0,0.0,0.0,1.0,0,0
7044YKBLS-4XL-5XL,4.0,2.0,1.0,0.0,0.0,1.0,5.0,0,0
7044YKBLS-L-XL,1.0,1.0,0.0,0.0,0.0,0.0,1.0,0,0
7044YKBLS-S-M,1.0,0.0,0.0,0.0,0.0,0.0,1.0,0,0
7045YKBLS-S-M,1.0,1.0,0.0,0.0,0.0,0.0,1.0,0,0
7046YKBLS-L-XL,3.0,1.0,0.0,0.0,0.0,0.0,3.0,0,0
7046YKBLS-S-M,4.0,3.0,1.0,0.0,0.0,1.0,5.0,0,0
7048YKBLS-L-XL,0.0,0.0,3.0,0.0,1.0,6.0,6.0,2,0
7048YKBLS-S-M,11.0,7.0,5.0,0.0,3.0,8.0,19.0,0,0
7049YKBLS-4XL-5XL,36.0,0.0,0.0,0.0,0.0,0.0,36.0,0,0
7049YKBLS-L-XL,25.0,6.0,0.0,0.0,0.0,0.0,25.0,0,0
7049YKBLS-S-M,33.0,5.0,3.0,0.0,0.0,3.0,36.0,0,0
7049YKBLS-XXL-3XL,39.0,0.0,0.0,0.0,0.0,0.0,39.0,0,0
7050YKBLS-L-XL,1.0,1.0,0.0,0.0,0.0,0.0,1.0,0,0
7050YKBLS-S-M,14.0,5.0,4.0,0.0,0.0,4.0,18.0,0,0
7051YKBLS-4XL-5XL,48.0,0.0,0.0,0.0,0.0,0.0,48.0,0,0
7051YKBLS-L-XL,90.0,14.0,4.0,0.0,0.0,4.0,94.0,0,0
7051YKBLS-S-M,98.0,9.0,3.0,0.0,0.0,3.0,101.0,0,0
7051YKBLS-XXL-3XL,49.0,0.0,0.0,0.0,0.0,0.0,49.0,0,0
7052YKBLS-S-M,2.0,1.0,7.0,0.0,0.0,7.0,9.0,0,0
7053YKBLS-L-XL,64.0,9.0,19.0,0.0,13.0,32.0,96.0,0,0
7053YKBLS-S-M,47.0,9.0,8.0,0.0,13.0,21.0,68.0,0,0
7054YKBLS-L-XL,3.0,3.0,2.0,0.0,0.0,2.0,5.0,0,0
7054YKBLS-S-M,3.0,3.0,8.0,0.0,0.0,8.0,11.0,0,0
7057YKBLS-S-M,2.0,2.0,0.0,0.0,0.0,0.0,2.0,0,0
7058YKBLS-S-M,3.0,2.0,2.0,0.0,0.0,2.0,5.0,0,0
7059YKBLS-L-XL,6.0,4.0,3.0,0.0,0.0,3.0,9.0,0,0
7059YKBLS-S-M,4.0,4.0,2.0,0.0,0.0,2.0,6.0,0,0
7061YKBLSMAROON-F,2.0,2.0,0.0,0.0,0.0,0.0,2.0,0,0
7062YKBLSMULTI-F,0.0,0.0,0.0,2.0,0.0,2.0,2.0,0,0
7064YKBLSMAROON-F,12.0,7.0,34.0,0.0,0.0,34.0,46.0,0,0
7066YKBLSGREEN-F,26.0,5.0,3.0,5.0,0.0,8.0,34.0,0,0
7067YKBLSGREY-F,2.0,1.0,0.0,0.0,0.0,0.0,2.0,0,0
7069YKBLSBROWN-F,6.0,6.0,5.0,2.0,0.0,7.0,13.0,0,0
7073YKBLSBLUE-F,60.0,10.0,10.0,6.0,0.0,16.0,76.0,0,0
7074YKBLSBLUE-F,13.0,8.0,7.0,2.0,0.0,9.0,22.0,0,0
7077YKMEHROON-4XL-5XL,40.0,12.0,0.0,0.0,0.0,0.0,40.0,0,0
7077YKMEHROON-S-M-L,3.0,2.0,14.0,0.0,0.0,22.0,25.0,8,0
7077YKMEHROON-XL-XXL-3XL,4.0,4.0,1.0,0.0,0.0,1.0,5.0,0,0
7078YKBROWN-4XL-5XL,18.0,0.0,0.0,0.0,0.0,0.0,18.0,0,0
7078YKBROWN-S-M-L,45.0,13.0,11.0,0.0,0.0,11.0,56.0,0,0
7078YKBROWN-XL-XXL-3XL,23.0,12.0,11.0,0.0,0.0,11.0,34.0,0,0
7079YKWHITE-L-XL,18.0,8.0,4.0,2.0,0.0,6.0,24.0,0,0
7079YKWHITE-S-M,22.0,8.0,2.0,2.0,0.0,4.0,26.0,0,0
7079YKWHITE-XXL-3XL,13.0,8.0,2.0,0.0,0.0,2.0,15.0,0,0
7080YKBEIGE-4XL-5XL,7.0,6.0,19.0,0.0,0.0,23.0,30.0,4,0
7080YKBEIGE-L-XL,0.0,0.0,31.0,0.0,0.0,31.0,31.0,0,0
7080YKBEIGE-S-M,7.0,7.0,7.0,0.0,0.0,7.0,14.0,0,0
7080YKBEIGE-XXL-3XL,1.0,1.0,19.0,0.0,0.0,21.0,22.0,2,0
7081YKPINK-4XL-5XL,76.0,11.0,0.0,0.0,0.0,0.0,76.0,0,0
7081YKPINK-L-XL,26.0,13.0,2.0,0.0,0.0,14.0,40.0,12,0
7081YKPINK-S-M,17.0,12.0,10.0,0.0,0.0,28.0,45.0,18,0
7081YKPINK-XXL-3XL,47.0,0.0,14.0,0.0,0.0,34.0,81.0,20,0
7082YKMULTI-4XL-5XL,1.0,0.0,0.0,0.0,0.0,0.0,1.0,0,0
7082YKMULTI-L-XL,7.0,5.0,4.0,0.0,0.0,7.0,14.0,3,0
7082YKMULTI-S-M,15.0,6.0,3.0,0.0,0.0,3.0,18.0,0,0
7082YKMULTI-XXL-3XL,1.0,1.0,1.0,0.0,0.0,1.0,2.0,0,0
7083YKTEAL-L-XL,39.0,9.0,2.0,0.0,0.0,2.0,41.0,0,0
7083YKTEAL-S-M,48.0,8.0,2.0,0.0,0.0,2.0,50.0,0,0
7083YKTEAL-XXL-3XL,29.0,10.0,9.0,0.0,0.0,9.0,38.0,0,0
7084YKBLUE-L-XL,4.0,2.0,0.0,0.0,0.0,0.0,4.0,0,0
7084YKBLUE-S-M,4.0,2.0,0.0,0.0,0.0,0.0,4.0,0,0
7084YKBLUE-XXL-3XL,1.0,0.0,0.0,0.0,0.0,0.0,1.0,0,0
7085YKBLACK-4XL-5XL,4.0,4.0,0.0,0.0,0.0,0.0,4.0,0,0
7085YKBLACK-L-XL,4.0,2.0,0.0,0.0,0.0,0.0,4.0,0,0
7085YKBLACK-S-M,7.0,6.0,1.0,0.0,0.0,1.0,8.0,0,0
7086YKMULTI-L-XL,19.0,9.0,10.0,0.0,0.0,10.0,29.0,0,0
7086YKMULTI-S-M,34.0,7.0,2.0,0.0,0.0,2.0,36.0,0,0
7086YKMULTI-XXL-3XL,7.0,6.0,3.0,0.0,0.0,3.0,10.0,0,0
7087YKMUSTARD-L-XL,3.0,2.0,1.0,0.0,0.0,1.0,4.0,0,0
7087YKMUSTARD-S-M,6.0,6.0,10.0,0.0,0.0,12.0,18.0,2,0
7087YKMUSTARD-XXL-3XL,2.0,0.0,0.0,0.0,0.0,2.0,4.0,2,0
7088YKBLUE-4XL-5XL,3.0,3.0,0.0,0.0,0.0,0.0,3.0,0,0
7088YKBLUE-L-XL,16.0,7.0,10.0,0.0,0.0,10.0,26.0,0,0
7088YKBLUE-S-M,39.0,8.0,3.0,0.0,0.0,3.0,42.0,0,0
7088YKBLUE-XXL-3XL,1.0,0.0,1.0,0.0,0.0,1.0,2.0,0,0
7089YKNAVY-4XL-5XL,2.0,2.0,0.0,0.0,0.0,0.0,2.0,0,0
7089YKNAVY-L-XL,15.0,9.0,16.0,0.0,0.0,16.0,31.0,0,0
7089YKNAVY-S-M,59.0,10.0,14.0,0.0,0.0,14.0,73.0,0,0
7089YKNAVY-XXL-3XL,2.0,2.0,0.0,0.0,0.0,0.0,2.0,0,0
7090YKWHITE-L-XL,12.0,10.0,5.0,3.0,0.0,8.0,20.0,0,0
7090YKWHITE-S-M,40.0,9.0,10.0,3.0,0.0,13.0,53.0,0,0
7091YKMULTI-F,1.0,0.0,0.0,0.0,0.0,0.0,1.0,0,0
7092YKBLUE-F,45.0,4.0,4.0,0.0,0.0,4.0,49.0,0,0
7093YKBROWN-F,82.0,4.0,3.0,0.0,0.0,3.0,85.0,0,0
7094YKPINK-F,1.0,1.0,9.0,2.0,0.0,11.0,12.0,0,0
7095YKBLUE-F,98.0,4.0,1.0,0.0,0.0,1.0,99.0,0,0
7096YKBOTTELGREEN-4XL-5XL,1.0,1.0,3.0,0.0,0.0,7.0,8.0,4,0
7096YKBOTTELGREEN-L-XL,1.0,0.0,1.0,0.0,0.0,1.0,2.0,0,0
7096YKBOTTELGREEN-S-M,0.0,0.0,13.0,0.0,0.0,13.0,13.0,0,0
7096YKBOTTELGREEN-XXL-3XL,3.0,0.0,0.0,0.0,0.0,4.0,7.0,4,0
7097YKBLUE-4XL-5XL,64.0,10.0,22.0,3.0,0.0,27.0,91.0,2,0
7097YKBLUE-L-XL,173.0,16.0,36.0,0.0,0.0,56.0,229.0,20,0
7097YKBLUE-S-M,95.0,12.0,34.0,1.0,0.0,35.0,130.0,0,0
7097YKBLUE-XXL-3XL,92.0,13.0,37.0,1.0,0.0,38.0,130.0,0,0
7098YKPINK-4XL-5XL,43.0,8.0,49.0,0.0,0.0,49.0,92.0,0,0
7098YKPINK-L-XL,12.0,13.0,42.0,0.0,0.0,46.0,58.0,4,0
7098YKPINK-S-M,9.0,8.0,4.0,0.0,0.0,8.0,17.0,4,0
7098YKPINK-XXL-3XL,9.0,7.0,35.0,0.0,0.0,41.0,50.0,6,0
7099YKBROWN-4XL-5XL,0.0,0.0,23.0,0.0,0.0,33.0,33.0,10,0
7099YKBROWN-L-XL,7.0,8.0,15.0,0.0,0.0,29.0,36.0,14,0
7099YKBROWN-S-M,0.0,4.0,18.0,0.0,0.0,20.0,20.0,2,0
7099YKBROWN-XXL-3XL,0.0,0.0,4.0,0.0,0.0,12.0,12.0,8,0
7100YKTEAL-4XL-5XL,5.0,5.0,13.0,0.0,0.0,17.0,22.0,4,0
7100YKTEAL-L-XL,3.0,3.0,3.0,0.0,0.0,3.0,6.0,0,0
7100YKTEAL-S-M,23.0,6.0,5.0,0.0,0.0,13.0,36.0,8,0
7100YKTEAL-XXL-3XL,4.0,4.0,0.0,0.0,0.0,4.0,8.0,4,0
7100YKYEAL-4XL-5XL,32.0,0.0,0.0,0.0,0.0,0.0,32.0,0,0
7100YKYEAL-L-XL,81.0,0.0,0.0,0.0,0.0,0.0,81.0,0,0
7100YKYEAL-S-M,14.0,0.0,0.0,0.0,0.0,0.0,14.0,0,0
7100YKYEAL-XXL-3XL,45.0,0.0,0.0,0.0,0.0,0.0,45.0,0,0
7102YKMAROON-4XL-5XL,6.0,6.0,31.0,0.0,0.0,61.0,67.0,30,0
7102YKMAROON-L-XL,0.0,0.0,0.0,0.0,0.0,18.0,18.0,18,0
7102YKMAROON-S-M,0.0,0.0,15.0,0.0,0.0,39.0,39.0,24,0
7102YKMAROON-XXL-3XL,4.0,4.0,12.0,0.0,0.0,42.0,46.0,30,0
7103YKBLACK-4XL-5XL,2.0,2.0,7.0,0.0,0.0,7.0,9.0,0,0
7103YKBLACK-L-XL,0.0,0.0,0.0,0.0,0.0,2.0,2.0,2,0
7103YKBLACK-S-M,4.0,4.0,0.0,0.0,0.0,2.0,6.0,2,0
7103YKBLACK-XXL-3XL,2.0,2.0,3.0,0.0,0.0,3.0,5.0,0,0
7104YKOFFWHITE-4XL-5XL,11.0,7.0,16.0,0.0,0.0,30.0,41.0,14,0
7104YKOFFWHITE-L-XL,4.0,3.0,2.0,0.0,0.0,18.0,22.0,16,0
7104YKOFFWHITE-S-M,10.0,8.0,5.0,0.0,0.0,17.0,27.0,12,0
7104YKOFFWHITE-XXL-3XL,3.0,2.0,6.0,0.0,0.0,24.0,27.0,18,0
7105YKORANGE-L-XL,7.0,4.0,8.0,0.0,0.0,8.0,15.0,0,0
7105YKORANGE-S-M,18.0,5.0,11.0,0.0,0.0,11.0,29.0,0,0
7106YKGREY-F,7.0,7.0,2.0,0.0,4.0,11.0,18.0,5,0
7107YKBROWN-F,167.0,0.0,0.0,0.0,0.0,0.0,167.0,0,0
7108YKBLUE-F,78.0,0.0,0.0,0.0,0.0,0.0,78.0,0,0
7109YKTEAL-F,51.0,0.0,0.0,0.0,0.0,0.0,51.0,0,0
7110YKMULTI-F,117.0,0.0,0.0,0.0,0.0,0.0,117.0,0,0
7111YKOFFWHITE-F,100.0,0.0,0.0,0.0,0.0,0.0,100.0,0,0
7112YKWHITE-F,80.0,0.0,0.0,0.0,0.0,0.0,80.0,0,0
7113YKSKYBLUE-F,76.0,0.0,0.0,0.0,0.0,0.0,76.0,0,0
7114YKPOWERBLUE-F,96.0,0.0,0.0,0.0,0.0,0.0,96.0,0,0
7115YKBLUE-F,69.0,0.0,0.0,0.0,0.0,0.0,69.0,0,0
7116YKGREEN-F,97.0,0.0,0.0,0.0,0.0,0.0,97.0,0,0
7117YKWHITE-F,85.0,0.0,0.0,0.0,0.0,0.0,85.0,0,0
7118YKBROWN-F,44.0,0.0,0.0,0.0,0.0,0.0,44.0,0,0
7119YKOFFWHITE-F,194.0,0.0,0.0,0.0,0.0,0.0,194.0,0,0
7120YKBLUE-F,104.0,0.0,0.0,0.0,0.0,0.0,104.0,0,0
7121YKRED-F,197.0,0.0,0.0,0.0,0.0,0.0,197.0,0,0
7160YKMULTI-4XL-5XL,4.0,2.0,0.0,0.0,0.0,0.0,4.0,0,0
7160YKMULTI-XXL-3XL,15.0,9.0,12.0,0.0,0.0,16.0,31.0,4,0
73YK25RED-L,9.0,3.0,0.0,0.0,0.0,0.0,9.0,0,0
73YK25RED-M,2.0,2.0,0.0,0.0,0.0,0.0,2.0,0,0
73YK25RED-S,3.0,2.0,0.0,0.0,0.0,0.0,3.0,0,0
73YK25RED-XL,8.0,2.0,0.0,0.0,0.0,0.0,8.0,0,0
73YK25RED-XXL,4.0,2.0,0.0,0.0,0.0,0.0,4.0,0,0
74YK79BLACK-XL,1.0,0.0,0.0,0.0,0.0,0.0,1.0,0,0
79YKYELLOW-S,2.0,0.0,0.0,0.0,0.0,0.0,2.0,0,0
7YK169INDIGO-L,2.0,2.0,0.0,0.0,0.0,0.0,2.0,0,0
7YK169INDIGO-M,1.0,0.0,0.0,0.0,0.0,0.0,1.0,0,0
7YK169INDIGO-S,1.0,0.0,0.0,0.0,0.0,0.0,1.0,0,0
7YK169INDIGO-XL,4.0,2.0,0.0,0.0,0.0,0.0,4.0,0,0
7YK169INDIGO-XXL,2.0,1.0,0.0,0.0,0.0,0.0,2.0,0,0
8001MWRED-L,8.0,4.0,4.0,0.0,0.0,4.0,12.0,0,0
8001MWRED-M,7.0,1.0,8.0,0.0,0.0,8.0,15.0,0,0
8001MWRED-S,33.0,3.0,2.0,0.0,0.0,2.0,35.0,0,0
8001MWRED-XL,6.0,2.0,6.0,0.0,0.0,9.0,15.0,3,0
8001MWRED-XXL,22.0,3.0,10.0,0.0,0.0,10.0,32.0,0,0
8003MWMAROON-L,41.0,4.0,2.0,0.0,0.0,2.0,43.0,0,0
8003MWMAROON-M,56.0,4.0,1.0,0.0,0.0,1.0,57.0,0,0
8003MWMAROON-S,64.0,7.0,1.0,0.0,0.0,1.0,65.0,0,0
8003MWMAROON-XL,41.0,5.0,2.0,0.0,0.0,2.0,43.0,0,0
8003MWMAROON-XXL,49.0,4.0,1.0,0.0,0.0,1.0,50.0,0,0
8005MWMINT-L,0.0,0.0,4.0,0.0,0.0,6.0,6.0,2,0
8005MWMINT-M,3.0,1.0,3.0,0.0,0.0,5.0,8.0,2,0
8005MWMINT-S,2.0,1.0,8.0,0.0,0.0,8.0,10.0,0,0
8005MWMINT-XXL,1.0,0.0,0.0,0.0,0.0,0.0,1.0,0,0
8005MWMIT-5XL,1.0,0.0,0.0,0.0,0.0,0.0,1.0,0,0
8006MWGREEN-L,1.0,1.0,0.0,0.0,0.0,0.0,1.0,0,0
8006MWGREEN-M,3.0,2.0,0.0,0.0,0.0,0.0,3.0,0,0
8006MWGREEN-S,43.0,4.0,2.0,0.0,0.0,2.0,45.0,0,0
8006MWGREEN-XL,3.0,1.0,0.0,0.0,0.0,0.0,3.0,0,0
8006MWGREEN-XXL,4.0,3.0,0.0,0.0,0.0,0.0,4.0,0,0
8007MWPINK-M,2.0,1.0,0.0,0.0,0.0,0.0,2.0,0,0
8007MWPINK-S,11.0,4.0,0.0,0.0,0.0,0.0,11.0,0,0
8007MWPINK-XL,2.0,0.0,0.0,0.0,0.0,0.0,2.0,0,0
8009MWWHITE-L,15.0,3.0,1.0,0.0,0.0,1.0,16.0,0,0
8009MWWHITE-M,21.0,3.0,1.0,0.0,0.0,1.0,22.0,0,0
8009MWWHITE-S,30.0,2.0,1.0,0.0,0.0,1.0,31.0,0,0
8009MWWHITE-XL,15.0,3.0,0.0,0.0,0.0,0.0,15.0,0,0
8009MWWHITE-XXL,18.0,2.0,1.0,0.0,0.0,1.0,19.0,0,0
8010MWMULTI-L,72.0,8.0,24.0,0.0,0.0,24.0,96.0,0,0
8010MWMULTI-M,65.0,5.0,24.0,0.0,0.0,24.0,89.0,0,0
8010MWMULTI-S,40.0,3.0,14.0,0.0,0.0,14.0,54.0,0,0
8010MWMULTI-XL,56.0,6.0,16.0,0.0,0.0,16.0,72.0,0,0
8010MWMULTI-XXL,36.0,9.0,18.0,0.0,0.0,18.0,54.0,0,0
8011MWBLUE-L,38.0,5.0,13.0,0.0,0.0,23.0,61.0,10,0
8011MWBLUE-M,34.0,6.0,8.0,0.0,0.0,8.0,42.0,0,0
8011MWBLUE-S,78.0,2.0,5.0,0.0,0.0,5.0,83.0,0,0
8011MWBLUE-XL,62.0,5.0,18.0,0.0,0.0,28.0,90.0,10,0
8011MWBLUE-XXL,15.0,4.0,22.0,0.0,0.0,28.0,43.0,6,0
8012MWGREEN-M,4.0,2.0,1.0,0.0,0.0,3.0,7.0,2,0
8012MWGREEN-S,10.0,3.0,4.0,0.0,0.0,4.0,14.0,0,0
8012MWGREEN-XL,0.0,0.0,0.0,0.0,0.0,2.0,2.0,2,0
8012MWGREEN-XXL,1.0,0.0,0.0,0.0,0.0,0.0,1.0,0,0
8014MWSKYBLUE-L,71.0,2.0,2.0,0.0,0.0,2.0,73.0,0,0
8014MWSKYBLUE-M,36.0,3.0,1.0,0.0,0.0,1.0,37.0,0,0
8014MWSKYBLUE-S,36.0,2.0,2.0,0.0,0.0,2.0,38.0,0,0
8014MWSKYBLUE-XL,48.0,2.0,2.0,0.0,0.0,2.0,50.0,0,0
8014MWSKYBLUE-XXL,36.0,2.0,1.0,0.0,0.0,1.0,37.0,0,0
8015MWMULTI-L,3.0,2.0,1.0,0.0,0.0,1.0,4.0,0,0
8015MWMULTI-M,10.0,2.0,5.0,0.0,0.0,5.0,15.0,0,0
8015MWMULTI-S,22.0,2.0,4.0,0.0,0.0,4.0,26.0,0,0
8015MWMULTI-XL,14.0,2.0,1.0,0.0,0.0,1.0,15.0,0,0
8015MWMULTI-XXL,19.0,2.0,3.0,0.0,0.0,3.0,22.0,0,0
8018MWBLUE-L,62.0,4.0,1.0,0.0,0.0,1.0,63.0,0,0
8018MWBLUE-M,63.0,4.0,2.0,0.0,0.0,2.0,65.0,0,0
8018MWBLUE-S,67.0,4.0,2.0,0.0,0.0,2.0,69.0,0,0
8018MWBLUE-XL,64.0,4.0,1.0,0.0,0.0,1.0,65.0,0,0
8018MWBLUE-XXL,61.0,4.0,3.0,0.0,0.0,3.0,64.0,0,0
8019MWBLACK-L,61.0,4.0,1.0,0.0,0.0,1.0,62.0,0,0
8019MWBLACK-M,57.0,4.0,1.0,0.0,0.0,1.0,58.0,0,0
8019MWBLACK-S,64.0,4.0,1.0,0.0,0.0,1.0,65.0,0,0
8019MWBLACK-XL,70.0,4.0,1.0,0.0,0.0,1.0,71.0,0,0
8019MWBLACK-XXL,69.0,4.0,1.0,0.0,0.0,1.0,70.0,0,0
8020MWOFFWHITE-L,19.0,3.0,0.0,0.0,0.0,0.0,19.0,0,0
8020MWOFFWHITE-M,19.0,3.0,0.0,0.0,0.0,0.0,19.0,0,0
8020MWOFFWHITE-S,20.0,2.0,0.0,0.0,0.0,0.0,20.0,0,0
8020MWOFFWHITE-XL,17.0,3.0,0.0,0.0,0.0,0.0,17.0,0,0
8020MWOFFWHITE-XXL,20.0,2.0,0.0,0.0,0.0,0.0,20.0,0,0
87YK216BROWN-M,3.0,1.0,0.0,0.0,0.0,0.0,3.0,0,0
87YK216BROWN-S,8.0,3.0,0.0,0.0,0.0,0.0,8.0,0,0
91YK217BROWN-XXL,1.0,0.0,0.0,0.0,0.0,0.0,1.0,0,0
95YK215BROWN-L,6.0,2.0,0.0,0.0,0.0,0.0,6.0,0,0
95YK215BROWN-M,2.0,1.0,0.0,0.0,0.0,0.0,2.0,0,0
95YK215BROWN-S,2.0,0.0,0.0,0.0,0.0,0.0,2.0,0,0
95YK215BROWN-XL,4.0,2.0,0.0,0.0,0.0,0.0,4.0,0,0
95YK215BROWN-XXL,2.0,1.0,0.0,0.0,0.0,0.0,2.0,0,0
9KD148BLACK-11-12,2.0,0.0,0.0,0.0,0.0,0.0,2.0,0,0
9KD148BLACK-13-14,1.0,0.0,0.0,0.0,0.0,0.0,1.0,0,0
9KD148BLACK-7-8,4.0,3.0,0.0,0.0,0.0,0.0,4.0,0,0
9KD148BLACK-9-10,11.0,3.0,0.0,0.0,0.0,0.0,11.0,0,0
9YK148BLACK-3XL,39.0,6.0,11.0,0.0,1.0,13.0,52.0,0,1
9YK148BLACK-4XL,46.0,9.0,4.0,6.0,0.0,12.0,58.0,0,2
9YK148BLACK-5XL,35.0,11.0,7.0,6.0,0.0,15.0,50.0,0,2
9YK148BLACK-6XL,9.0,4.0,5.0,0.0,0.0,5.0,14.0,0,0
9YK148BLACK-7XL,32.0,5.0,6.0,0.0,0.0,6.0,38.0,0,0
9YK148BLACK-8XL,12.0,5.0,4.0,0.0,0.0,4.0,16.0,0,0
9YK148BLACK-L,66.0,5.0,11.0,5.0,0.0,16.0,82.0,0,0
9YK148BLACK-M,16.0,5.0,5.0,0.0,0.0,5.0,21.0,0,0
9YK148BLACK-S,30.0,7.0,3.0,0.0,0.0,3.0,33.0,0,0
9YK148BLACK-XL,53.0,12.0,8.0,6.0,0.0,14.0,67.0,0,0
9YK148BLACK-XS,6.0,4.0,2.0,0.0,0.0,2.0,8.0,0,0
9YK148BLACK-XXL,26.0,12.0,9.0,8.0,5.0,22.0,48.0,0,0
AB001BLUE,8.0,0.0,0.0,0.0,0.0,0.0,8.0,0,0
AB002GREEN,8.0,0.0,0.0,0.0,0.0,0.0,8.0,0,0
AB003YELLOW,1.0,0.0,0.0,0.0,0.0,0.0,1.0,0,0
AB004PINK,8.0,0.0,0.0,0.0,0.0,0.0,8.0,0,0
AB007RED,8.0,0.0,0.0,0.0,0.0,0.0,8.0,0,0
AB008BLACK,8.0,0.0,0.0,0.0,0.0,0.0,8.0,0,0
AB009BLUE,8.0,0.0,0.0,0.0,0.0,0.0,8.0,0,0
AB010BLUE,7.0,0.0,0.0,0.0,0.0,0.0,7.0,0,0
AB011OFFWHITE,8.0,0.0,0.0,0.0,0.0,0.0,8.0,0,0
AK-102BROWN-M,1.0,0.0,0.0,0.0,0.0,0.0,1.0,0,0
AK-103BLUE-L,3.0,0.0,0.0,0.0,0.0,0.0,3.0,0,0
AK-103BLUE-XL,1.0,0.0,0.0,0.0,0.0,0.0,1.0,0,0
AK-104BLUE-M,2.0,0.0,0.0,0.0,0.0,0.0,2.0,0,0
AK-104YKBLUE-S,1.0,0.0,0.0,0.0,0.0,0.0,1.0,0,0
AK-105MUSTARD-L,2.0,0.0,0.0,0.0,0.0,0.0,2.0,0,0
AK-106MULTI-XL,1.0,0.0,0.0,0.0,0.0,0.0,1.0,0,0
AK-107WHITE-M,1.0,1.0,0.0,0.0,0.0,0.0,1.0,0,0
AK-107WHITE-S,7.0,1.0,0.0,0.0,0.0,0.0,7.0,0,0
AK-107WHITE-XL,2.0,1.0,0.0,0.0,0.0,0.0,2.0,0,0
AK-107WHITE-XS,7.0,1.0,0.0,0.0,0.0,0.0,7.0,0,0
AK-108MULTI-XL,4.0,0.0,0.0,0.0,0.0,0.0,4.0,0,0
AK-109MUSTARD-M,2.0,0.0,0.0,0.0,0.0,0.0,2.0,0,0
AK-110WHITE-M,1.0,0.0,0.0,0.0,0.0,0.0,1.0,0,0
AK-117BLUE-M,1.0,0.0,0.0,0.0,0.0,0.0,1.0,0,0
AK-117BLUE-S,3.0,1.0,0.0,0.0,0.0,0.0,3.0,0,0
AK-120BLACK-S,1.0,0.0,0.0,0.0,0.0,0.0,1.0,0,0
AK-124WHITE-L,23.0,2.0,1.0,0.0,0.0,1.0,24.0,0,0
AK-124WHITE-M,18.0,2.0,1.0,0.0,0.0,1.0,19.0,0,0
AK-124WHITE-S,28.0,2.0,1.0,0.0,0.0,1.0,29.0,0,0
AK-124WHITE-XL,17.0,1.0,1.0,0.0,0.0,1.0,18.0,0,0
AK-124WHITE-XXL,15.0,1.0,1.0,0.0,0.0,1.0,16.0,0,0
AK-125BLACK-XXL,1.0,0.0,0.0,0.0,0.0,0.0,1.0,0,0
AK-126BLACK-L,20.0,2.0,0.0,0.0,0.0,0.0,20.0,0,0
AK-126BLACK-M,23.0,2.0,0.0,0.0,0.0,0.0,23.0,0,0
AK-126BLACK-S,17.0,2.0,0.0,0.0,0.0,0.0,17.0,0,0
AK-126BLACK-XL,30.0,1.0,0.0,0.0,0.0,0.0,30.0,0,0
AK-126BLACK-XXL,32.0,1.0,0.0,0.0,0.0,0.0,32.0,0,0
AK-127WHITE-L,8.0,2.0,0.0,0.0,0.0,0.0,8.0,0,0
AK-127WHITE-M,19.0,2.0,0.0,0.0,0.0,0.0,19.0,0,0
AK-127WHITE-S,20.0,1.0,0.0,0.0,0.0,0.0,20.0,0,0
AK-127WHITE-XL,12.0,1.0,0.0,0.0,0.0,0.0,12.0,0,0
AK-127WHITE-XXL,1.0,1.0,0.0,0.0,0.0,0.0,1.0,0,0
AK-128GREEN-L,12.0,1.0,1.0,0.0,0.0,1.0,13.0,0,0
AK-128GREEN-M,12.0,1.0,1.0,0.0,0.0,1.0,13.0,0,0
AK-128GREEN-S,18.0,1.0,1.0,0.0,0.0,1.0,19.0,0,0
AK-128GREEN-XL,10.0,1.0,1.0,0.0,0.0,1.0,11.0,0,0
AK-128GREEN-XXL,13.0,1.0,1.0,0.0,0.0,1.0,14.0,0,0
AK-129BLACK-L,38.0,2.0,0.0,0.0,0.0,0.0,38.0,0,0
AK-129BLACK-M,35.0,2.0,0.0,0.0,0.0,0.0,35.0,0,0
AK-129BLACK-S,34.0,2.0,0.0,0.0,0.0,0.0,34.0,0,0
AK-129BLACK-XL,35.0,2.0,0.0,0.0,0.0,0.0,35.0,0,0
AK-129BLACK-XXL,29.0,1.0,0.0,0.0,0.0,0.0,29.0,0,0
AK-130MULTI-L,18.0,1.0,0.0,0.0,0.0,0.0,18.0,0,0
AK-130MULTI-M,17.0,2.0,0.0,0.0,0.0,0.0,17.0,0,0
AK-130MULTI-S,17.0,2.0,0.0,0.0,0.0,0.0,17.0,0,0
AK-130MULTI-XL,20.0,1.0,0.0,0.0,0.0,0.0,20.0,0,0
AK-130MULTI-XXL,20.0,2.0,0.0,0.0,0.0,0.0,20.0,0,0
AK-131MULTI-L,11.0,1.0,0.0,0.0,0.0,0.0,11.0,0,0
AK-131MULTI-M,4.0,1.0,0.0,0.0,0.0,0.0,4.0,0,0
AK-131MULTI-S,6.0,1.0,0.0,0.0,0.0,0.0,6.0,0,0
AK-131MULTI-XL,5.0,1.0,0.0,0.0,0.0,0.0,5.0,0,0
AK-131MULTI-XXL,6.0,1.0,0.0,0.0,0.0,0.0,6.0,0,0
AK-132MULTI-L,14.0,1.0,0.0,0.0,0.0,0.0,14.0,0,0
AK-132MULTI-M,12.0,1.0,0.0,0.0,0.0,0.0,12.0,0,0
AK-132MULTI-S,11.0,1.0,0.0,0.0,0.0,0.0,11.0,0,0
AK-132MULTI-XL,13.0,1.0,0.0,0.0,0.0,0.0,13.0,0,0
AK-132MULTI-XXL,13.0,1.0,0.0,0.0,0.0,0.0,13.0,0,0
AK-134BROWN-L,2.0,0.0,0.0,0.0,0.0,0.0,2.0,0,0
AK-134BROWN-M,1.0,0.0,0.0,0.0,0.0,0.0,1.0,0,0
AK-134BROWN-XL,1.0,0.0,0.0,0.0,0.0,0.0,1.0,0,0
AK-134BROWN-XXL,1.0,0.0,0.0,0.0,0.0,0.0,1.0,0,0
AK-135BEIGE-L,1.0,0.0,0.0,0.0,0.0,0.0,1.0,0,0
AK-135BEIGE-XL,1.0,0.0,0.0,0.0,0.0,0.0,1.0,0,0
AK-136MULTI-XL,2.0,0.0,0.0,0.0,0.0,0.0,2.0,0,0
AK-137BROWN-4XL,1.0,1.0,0.0,0.0,0.0,0.0,1.0,0,0
AK-138YELLOW-3XL,7.0,1.0,0.0,0.0,0.0,0.0,7.0,0,0
AK-138YELLOW-4XL,1.0,1.0,0.0,0.0,0.0,0.0,1.0,0,0
AK-138YELLOW-XXL,10.0,1.0,0.0,0.0,0.0,0.0,10.0,0,0
AK-139BROWN-8XL,1.0,0.0,0.0,0.0,0.0,0.0,1.0,0,0
AK-139BROWN-L,11.0,2.0,3.0,0.0,0.0,3.0,14.0,0,0
AK-139BROWN-M,12.0,1.0,7.0,0.0,0.0,7.0,19.0,0,0
AK-139BROWN-S,20.0,2.0,5.0,0.0,0.0,5.0,25.0,0,0
AK-139BROWN-XL,3.0,1.0,1.0,0.0,0.0,1.0,4.0,0,0
AK-139BROWN-XXL,0.0,0.0,3.0,0.0,0.0,3.0,3.0,0,0
AK-140YELLOW-3XL,0.0,0.0,3.0,0.0,0.0,3.0,3.0,0,0
AK-140YELLOW-6XL,0.0,0.0,5.0,0.0,0.0,5.0,5.0,0,0
AK-140YELLOW-7XL,5.0,2.0,3.0,0.0,0.0,3.0,8.0,0,0
AK-140YELLOW-8XL,4.0,1.0,2.0,0.0,0.0,2.0,6.0,0,0
AK-140YELLOW-L,19.0,2.0,11.0,0.0,0.0,11.0,30.0,0,0
AK-140YELLOW-M,20.0,2.0,8.0,0.0,0.0,8.0,28.0,0,0
AK-140YELLOW-S,18.0,2.0,10.0,0.0,0.0,10.0,28.0,0,0
AK-140YELLOW-XL,17.0,2.0,8.0,0.0,0.0,8.0,25.0,0,0
AK-140YELLOW-XXL,0.0,0.0,4.0,0.0,0.0,4.0,4.0,0,0
AK-141PINK-3XL,4.0,1.0,1.0,0.0,0.0,1.0,5.0,0,0
AK-141PINK-4XL,2.0,1.0,3.0,0.0,1.0,4.0,6.0,0,0
AK-141PINK-6XL,1.0,0.0,0.0,0.0,0.0,0.0,1.0,0,0
AK-141PINK-7XL,0.0,0.0,4.0,0.0,0.0,4.0,4.0,0,0
AK-141PINK-8XL,0.0,0.0,1.0,0.0,0.0,1.0,1.0,0,0
AK-141PINK-L,18.0,2.0,6.0,0.0,0.0,6.0,24.0,0,0
AK-141PINK-M,25.0,2.0,7.0,0.0,0.0,7.0,32.0,0,0
AK-141PINK-S,11.0,2.0,7.0,0.0,0.0,7.0,18.0,0,0
AK-141PINK-XL,3.0,2.0,5.0,0.0,0.0,5.0,8.0,0,0
AK-141PINK-XS,9.0,1.0,3.0,0.0,0.0,3.0,12.0,0,0
AK-141PINK-XXL,3.0,1.0,4.0,0.0,2.0,6.0,9.0,0,0
AK-142BLACK-3XL,42.0,2.0,5.0,0.0,0.0,5.0,47.0,0,0
AK-142BLACK-4XL,11.0,2.0,3.0,0.0,0.0,3.0,14.0,0,0
AK-142BLACK-5XL,9.0,2.0,3.0,0.0,0.0,3.0,12.0,0,0
AK-142BLACK-6XL,15.0,1.0,4.0,0.0,0.0,4.0,19.0,0,0
AK-142BLACK-7XL,10.0,2.0,4.0,0.0,0.0,4.0,14.0,0,0
AK-142BLACK-8XL,13.0,1.0,4.0,0.0,0.0,4.0,17.0,0,0
AK-142BLACK-L,20.0,2.0,7.0,0.0,0.0,7.0,27.0,0,0
AK-142BLACK-M,17.0,1.0,8.0,0.0,0.0,8.0,25.0,0,0
AK-142BLACK-S,20.0,2.0,8.0,0.0,0.0,8.0,28.0,0,0
AK-142BLACK-XL,27.0,2.0,5.0,0.0,0.0,5.0,32.0,0,0
AK-142BLACK-XXL,37.0,2.0,6.0,0.0,0.0,6.0,43.0,0,0
AK-144BLACK-3XL,16.0,2.0,0.0,0.0,0.0,0.0,16.0,0,0
AK-144BLACK-4XL,9.0,1.0,0.0,0.0,0.0,0.0,9.0,0,0
AK-144BLACK-5XL,5.0,1.0,0.0,0.0,0.0,0.0,5.0,0,0
AK-144BLACK-XXL,15.0,2.0,0.0,0.0,0.0,0.0,15.0,0,0
AK-147BLACK-3XL,1.0,1.0,1.0,0.0,0.0,1.0,2.0,0,0
AK-147BLACK-4XL,0.0,0.0,1.0,0.0,0.0,1.0,1.0,0,0
AK-147BLACK-S,1.0,0.0,0.0,0.0,0.0,0.0,1.0,0,0
AK-147BLACK-XXL,7.0,2.0,1.0,0.0,0.0,1.0,8.0,0,0
AK-148BLACK-3XL,2.0,1.0,1.0,0.0,0.0,1.0,3.0,0,0
AK-148BLACK-4XL,1.0,0.0,0.0,0.0,0.0,0.0,1.0,0,0
AK-148BLACK-5XL,0.0,0.0,1.0,0.0,0.0,1.0,1.0,0,0
AK-148BLACK-XXL,10.0,1.0,1.0,0.0,0.0,1.0,11.0,0,0
AK-149BLUE-F,11.0,1.0,0.0,0.0,0.0,0.0,11.0,0,0
AK-150BLUE-F,28.0,2.0,0.0,0.0,0.0,0.0,28.0,0,0
AK-151PINK-L,13.0,2.0,0.0,0.0,0.0,0.0,13.0,0,0
AK-151PINK-M,11.0,2.0,0.0,0.0,0.0,0.0,11.0,0,0
AK-151PINK-S,20.0,2.0,0.0,0.0,0.0,0.0,20.0,0,0
AK-151PINK-XL,11.0,1.0,0.0,0.0,0.0,0.0,11.0,0,0
AK-152MAROON-3XL,2.0,2.0,0.0,0.0,0.0,0.0,2.0,0,0
AK-152MAROON-4XL,1.0,1.0,1.0,0.0,0.0,1.0,2.0,0,0
AK-152MAROON-5XL,1.0,1.0,4.0,0.0,0.0,4.0,5.0,0,0
AK-152MAROON-XXL,2.0,2.0,0.0,0.0,0.0,0.0,2.0,0,0
AK-153BLUE-S,2.0,1.0,0.0,0.0,0.0,0.0,2.0,0,0
AK-153BLUE-XL,1.0,1.0,0.0,0.0,0.0,0.0,1.0,0,0
AK-153BLUE-XXL,1.0,1.0,0.0,0.0,0.0,0.0,1.0,0,0
AK-155SKYBLUE-3XL,12.0,2.0,0.0,0.0,0.0,0.0,12.0,0,0
AK-155SKYBLUE-4XL,3.0,1.0,0.0,0.0,0.0,0.0,3.0,0,0
AK-155SKYBLUE-XXL,20.0,2.0,0.0,0.0,0.0,0.0,20.0,0,0
AK-156MULTI-F,2.0,2.0,0.0,0.0,0.0,0.0,2.0,0,0
AK-159BLACK-3XL,13.0,2.0,0.0,0.0,0.0,0.0,13.0,0,0
AK-159BLACK-4XL,13.0,2.0,0.0,0.0,0.0,0.0,13.0,0,0
AK-159BLACK-5XL,9.0,2.0,0.0,0.0,0.0,0.0,9.0,0,0
AK-159BLACK-XXL,11.0,2.0,0.0,0.0,0.0,0.0,11.0,0,0
AK-160BLACK-3XL,10.0,1.0,1.0,0.0,0.0,1.0,11.0,0,0
AK-160BLACK-4XL,9.0,1.0,1.0,0.0,0.0,1.0,10.0,0,0
AK-160BLACK-5XL,4.0,2.0,0.0,0.0,0.0,0.0,4.0,0,0
AK-160BLACK-XXL,15.0,2.0,1.0,0.0,0.0,1.0,16.0,0,0
AK-161BLACK-3XL,4.0,1.0,1.0,0.0,0.0,1.0,5.0,0,0
AK-161BLACK-4XL,10.0,1.0,0.0,0.0,0.0,0.0,10.0,0,0
AK-161BLACK-5XL,7.0,1.0,0.0,0.0,0.0,0.0,7.0,0,0
AK-161BLACK-XXL,13.0,2.0,1.0,0.0,0.0,1.0,14.0,0,0
AK-163MULTI-F-S/XXL,37.0,10.0,0.0,0.0,0.0,0.0,37.0,0,0
AK-164GREEN-F-3XL/5XL,10.0,5.0,0.0,0.0,0.0,0.0,10.0,0,0
AK-164GREEN-F-S/XXL,61.0,8.0,0.0,0.0,0.0,0.0,61.0,0,0
AK-179BLACK-L,1.0,1.0,0.0,0.0,0.0,0.0,1.0,0,0
AK-179BLACK-M,1.0,0.0,0.0,0.0,0.0,0.0,1.0,0,0
AK-179BLACK-S,1.0,0.0,0.0,0.0,0.0,0.0,1.0,0,0
AK-180BLACK-L,7.0,3.0,0.0,0.0,0.0,0.0,7.0,0,0
AK-180BLACK-M,3.0,2.0,0.0,0.0,0.0,0.0,3.0,0,0
AK-180BLACK-S,7.0,2.0,0.0,0.0,0.0,0.0,7.0,0,0
AK-180BLACK-XL,5.0,3.0,0.0,0.0,0.0,0.0,5.0,0,0
AK-182BROWN-L,2.0,1.0,0.0,0.0,0.0,0.0,2.0,0,0
AK-182BROWN-M,1.0,1.0,0.0,0.0,0.0,0.0,1.0,0,0
AK-182BROWN-S,2.0,0.0,0.0,0.0,0.0,0.0,2.0,0,0
AK-182BROWN-XL,2.0,1.0,0.0,0.0,0.0,0.0,2.0,0,0
AK-185BLUE-S,1.0,0.0,0.0,0.0,0.0,0.0,1.0,0,0
AK-186MULTI-F,74.0,2.0,0.0,0.0,0.0,0.0,74.0,0,0
AK-187BLACK-F,70.0,2.0,0.0,0.0,0.0,0.0,70.0,0,0
AK-189BLUE-L,1.0,1.0,0.0,0.0,0.0,0.0,1.0,0,0
AK-189BLUE-M,5.0,2.0,0.0,0.0,0.0,0.0,5.0,0,0
AK-189BLUE-S,18.0,1.0,0.0,0.0,0.0,0.0,18.0,0,0
AK-189BLUE-XL,1.0,1.0,0.0,0.0,0.0,0.0,1.0,0,0
AK-190MAROON-L,21.0,3.0,5.0,0.0,0.0,5.0,26.0,0,0
AK-190MAROON-M,37.0,2.0,2.0,0.0,0.0,2.0,39.0,0,0
AK-190MAROON-S,37.0,2.0,1.0,0.0,0.0,1.0,38.0,0,0
AK-190MAROON-XL,37.0,3.0,2.0,0.0,0.0,2.0,39.0,0,0
AK-190MAROON-XXL,28.0,6.0,3.0,0.0,0.0,3.0,31.0,0,0
AK-190YK5011-L,0.0,0.0,2.0,0.0,0.0,2.0,2.0,0,0
AK-190YK5011-M,0.0,0.0,1.0,0.0,0.0,1.0,1.0,0,0
AK-190YK5011-XL,0.0,0.0,4.0,0.0,0.0,4.0,4.0,0,0
AK-191BROWN-3XL,15.0,25.0,90.0,0.0,0.0,90.0,105.0,0,0
AK-191BROWN-4XL,58.0,24.0,81.0,0.0,0.0,81.0,139.0,0,0
AK-191BROWN-5XL,10.0,26.0,56.0,0.0,0.0,56.0,66.0,0,0
AK-191BROWN-6XL,3.0,3.0,4.0,0.0,0.0,4.0,7.0,0,0
AK-191BROWN-7XL,12.0,8.0,27.0,0.0,0.0,27.0,39.0,0,0
AK-191BROWN-8XL,5.0,3.0,5.0,0.0,0.0,5.0,10.0,0,0
AK-191BROWN-L,20.0,24.0,13.0,0.0,0.0,13.0,33.0,0,0
AK-191BROWN-M,23.0,20.0,18.0,0.0,0.0,21.0,44.0,0,3
AK-191BROWN-S,28.0,12.0,23.0,0.0,0.0,23.0,51.0,0,0
AK-191BROWN-XL,16.0,19.0,66.0,0.0,0.0,70.0,86.0,0,4
AK-191BROWN-XXL,15.0,25.0,25.0,0.0,0.0,25.0,40.0,0,0
AK-192BLUE-F,88.0,2.0,0.0,0.0,0.0,0.0,88.0,0,0
AK-193GREENLEHRIYA-3XL,13.0,1.0,0.0,0.0,0.0,0.0,13.0,0,0
AK-193GREENLEHRIYA-4XL,14.0,1.0,0.0,0.0,0.0,0.0,14.0,0,0
AK-193GREENLEHRIYA-5XL,12.0,2.0,0.0,0.0,0.0,0.0,12.0,0,0
AK-195WINE-5XL,1.0,1.0,0.0,0.0,0.0,0.0,1.0,0,0
AK-195WINE-XXL,5.0,1.0,0.0,0.0,0.0,0.0,5.0,0,0
AK-196GREEN-3XL,35.0,2.0,0.0,0.0,0.0,0.0,35.0,0,0
AK-196GREEN-4XL,16.0,2.0,0.0,0.0,0.0,0.0,16.0,0,0
AK-196GREEN-5XL,12.0,1.0,0.0,0.0,0.0,0.0,12.0,0,0
AK-196GREEN-XXL,25.0,2.0,0.0,0.0,0.0,0.0,25.0,0,0
AK-200SKDMULTI-3XL,63.0,2.0,0.0,0.0,0.0,0.0,63.0,0,0
AK-200SKDMULTI-4XL,59.0,2.0,0.0,0.0,0.0,0.0,59.0,0,0
AK-200SKDMULTI-5XL,61.0,2.0,0.0,0.0,0.0,0.0,61.0,0,0
AK-200SKDMULTI-XXL,50.0,2.0,0.0,0.0,0.0,0.0,50.0,0,0
AK-201ORANGE-3XL,4.0,1.0,0.0,0.0,0.0,0.0,4.0,0,0
AK-201ORANGE-4XL,1.0,1.0,3.0,0.0,0.0,3.0,4.0,0,0
AK-201ORANGE-5XL,2.0,1.0,0.0,0.0,0.0,0.0,2.0,0,0
AK-201ORANGE-XXL,6.0,2.0,2.0,0.0,0.0,2.0,8.0,0,0
AK-202BLUE-3XL,23.0,2.0,0.0,0.0,0.0,0.0,23.0,0,0
AK-202BLUE-4XL,20.0,1.0,0.0,0.0,0.0,0.0,20.0,0,0
AK-202BLUE-5XL,17.0,2.0,0.0,0.0,0.0,0.0,17.0,0,0
AK-203BLUE-3XL,2.0,0.0,9.0,0.0,0.0,9.0,11.0,0,0
AK-203BLUE-4XL,3.0,0.0,6.0,0.0,0.0,6.0,9.0,0,0
AK-203BLUE-5XL,1.0,0.0,7.0,0.0,0.0,7.0,8.0,0,0
AK-203BLUE-XL,0.0,0.0,8.0,0.0,0.0,8.0,8.0,0,0
AK-203BLUE-XXL,4.0,0.0,8.0,0.0,0.0,8.0,12.0,0,0
AK-204SKDPINK-3XL,45.0,0.0,0.0,0.0,0.0,0.0,45.0,0,0
AK-204SKDPINK-4XL,46.0,0.0,0.0,0.0,0.0,0.0,46.0,0,0
AK-204SKDPINK-5XL,51.0,0.0,0.0,0.0,0.0,0.0,51.0,0,0
AK-204SKDPINK-XL,44.0,0.0,0.0,0.0,0.0,0.0,44.0,0,0
AK-204SKDPINK-XXL,44.0,0.0,0.0,0.0,0.0,0.0,44.0,0,0
AK-205SKDGREEN-3XL,39.0,0.0,0.0,0.0,0.0,0.0,39.0,0,0
AK-205SKDGREEN-4XL,46.0,0.0,0.0,0.0,0.0,0.0,46.0,0,0
AK-205SKDGREEN-5XL,25.0,0.0,0.0,0.0,0.0,0.0,25.0,0,0
AK-205SKDGREEN-XL,46.0,0.0,0.0,0.0,0.0,0.0,46.0,0,0
AK-205SKDGREEN-XXL,44.0,0.0,0.0,0.0,0.0,0.0,44.0,0,0
AK-205YK5007-3XL,0.0,0.0,1.0,0.0,0.0,1.0,1.0,0,0
AK-205YK5007-4XL,0.0,0.0,1.0,0.0,0.0,1.0,1.0,0,0
AK-205YK5007-XL,0.0,0.0,3.0,0.0,0.0,3.0,3.0,0,0
AK-205YK5007-XXL,0.0,0.0,2.0,0.0,0.0,2.0,2.0,0,0
AK-206WHITE-L,44.0,1.0,0.0,0.0,0.0,0.0,44.0,0,0
AK-206WHITE-M,37.0,1.0,0.0,0.0,0.0,0.0,37.0,0,0
AK-206WHITE-S,45.0,1.0,0.0,0.0,0.0,0.0,45.0,0,0
AK-206WHITE-XL,43.0,1.0,0.0,0.0,0.0,0.0,43.0,0,0
AK-208MUSTARD-3XL,37.0,2.0,0.0,0.0,0.0,0.0,37.0,0,0
AK-208MUSTARD-4XL,43.0,2.0,0.0,0.0,0.0,0.0,43.0,0,0
AK-208MUSTARD-5XL,44.0,2.0,0.0,0.0,0.0,0.0,44.0,0,0
AK-208MUSTARD-XL,31.0,2.0,0.0,0.0,0.0,0.0,31.0,0,0
AK-208MUSTARD-XXL,37.0,2.0,0.0,0.0,0.0,0.0,37.0,0,0
AK-209NAVY-3XL,2.0,0.0,0.0,0.0,0.0,0.0,2.0,0,0
AK-209NAVY-4XL,2.0,0.0,0.0,0.0,0.0,0.0,2.0,0,0
AK-209NAVY-5XL,1.0,0.0,0.0,0.0,0.0,0.0,1.0,0,0
AK-209NAVY-XL,2.0,0.0,0.0,0.0,0.0,0.0,2.0,0,0
AK-209NAVY-XXL,2.0,0.0,4.0,0.0,0.0,4.0,6.0,0,0
AK-210SKDORANGE-3XL,44.0,2.0,3.0,0.0,0.0,3.0,47.0,0,0
AK-210SKDORANGE-4XL,62.0,1.0,4.0,0.0,0.0,4.0,66.0,0,0
AK-210SKDORANGE-5XL,63.0,1.0,3.0,0.0,0.0,3.0,66.0,0,0
AK-210SKDORANGE-6XL,45.0,2.0,4.0,0.0,0.0,4.0,49.0,0,0
AK-210SKDORANGE-7XL,35.0,1.0,4.0,0.0,0.0,4.0,39.0,0,0
AK-210SKDORANGE-8XL,36.0,2.0,6.0,0.0,0.0,6.0,42.0,0,0
AK-210SKDORANGE-XL,40.0,2.0,5.0,0.0,0.0,5.0,45.0,0,0
AK-210SKDORANGE-XXL,44.0,2.0,4.0,0.0,0.0,4.0,48.0,0,0
AK-211ORANGE-L,12.0,1.0,1.0,0.0,0.0,1.0,13.0,0,0
AK-211ORANGE-M,11.0,1.0,1.0,0.0,0.0,1.0,12.0,0,0
AK-211ORANGE-S,8.0,2.0,2.0,0.0,0.0,2.0,10.0,0,0
AK-211ORANGE-XL,7.0,1.0,2.0,0.0,0.0,2.0,9.0,0,0
AK-211ORANGE-XXL,3.0,1.0,2.0,0.0,0.0,2.0,5.0,0,0
AK-212NAVYBLUE-L,2.0,1.0,0.0,0.0,0.0,0.0,2.0,0,0
AK-212NAVYBLUE-M,3.0,1.0,2.0,0.0,0.0,2.0,5.0,0,0
AK-212NAVYBLUE-S,14.0,2.0,2.0,0.0,0.0,2.0,16.0,0,0
AK-212NAVYBLUE-XS,3.0,0.0,0.0,0.0,0.0,0.0,3.0,0,0
AK-212NAVYBLUE-XXL,0.0,0.0,1.0,0.0,0.0,1.0,1.0,0,0
AK-213BROWN-3XL,0.0,0.0,0.0,0.0,0.0,1.0,1.0,0,1
AK-213BROWN-L,2.0,1.0,2.0,0.0,0.0,2.0,4.0,0,0
AK-213BROWN-M,1.0,1.0,1.0,0.0,0.0,1.0,2.0,0,0
AK-213BROWN-S,2.0,1.0,1.0,0.0,0.0,1.0,3.0,0,0
AK-213BROWN-XXL,0.0,0.0,1.0,0.0,0.0,1.0,1.0,0,0
AK-214GREY-3XL,18.0,2.0,5.0,0.0,0.0,5.0,23.0,0,0
AK-214GREY-4XL,18.0,2.0,4.0,0.0,0.0,4.0,22.0,0,0
AK-214GREY-5XL,6.0,2.0,3.0,0.0,0.0,3.0,9.0,0,0
AK-214GREY-XXL,42.0,2.0,3.0,0.0,0.0,3.0,45.0,0,0
AK-215BOTTELGREEN-3XL,18.0,2.0,9.0,0.0,0.0,9.0,27.0,0,0
AK-215BOTTELGREEN-4XL,5.0,1.0,5.0,0.0,0.0,5.0,10.0,0,0
AK-215BOTTELGREEN-XXL,83.0,2.0,12.0,0.0,0.0,12.0,95.0,0,0
AK-216BLUE-3XL,44.0,2.0,13.0,0.0,0.0,13.0,57.0,0,0
AK-216BLUE-4XL,17.0,2.0,14.0,0.0,0.0,14.0,31.0,0,0
AK-216BLUE-5XL,2.0,2.0,10.0,0.0,0.0,10.0,12.0,0,0
AK-216BLUE-XXL,29.0,2.0,15.0,0.0,0.0,15.0,44.0,0,0
AK-217WHITE-3XL,0.0,0.0,3.0,0.0,0.0,3.0,3.0,0,0
AK-217WHITE-4XL,1.0,0.0,3.0,0.0,0.0,3.0,4.0,0,0
AK-217WHITE-XXL,17.0,0.0,1.0,0.0,0.0,1.0,18.0,0,0
AK-218BLUE-3XL,13.0,3.0,0.0,0.0,0.0,0.0,13.0,0,0
AK-218BLUE-4XL,9.0,3.0,0.0,0.0,0.0,0.0,9.0,0,0
AK-218BLUE-5XL,15.0,3.0,0.0,0.0,0.0,0.0,15.0,0,0
AK-218BLUE-XXL,13.0,3.0,0.0,0.0,0.0,0.0,13.0,0,0
AK-219BLUE-3XL,5.0,1.0,1.0,0.0,0.0,1.0,6.0,0,0
AK-219BLUE-4XL,2.0,1.0,0.0,0.0,0.0,0.0,2.0,0,0
AK-219BLUE-5XL,1.0,1.0,2.0,0.0,0.0,2.0,3.0,0,0
AK-219BLUE-XL,7.0,2.0,1.0,0.0,0.0,1.0,8.0,0,0
AK-219BLUE-XXL,0.0,0.0,2.0,0.0,0.0,2.0,2.0,0,0
AK-220GREEN-3XL,19.0,2.0,4.0,0.0,0.0,4.0,23.0,0,0
AK-220GREEN-4XL,10.0,2.0,5.0,0.0,0.0,5.0,15.0,0,0
AK-220GREEN-5XL,24.0,2.0,4.0,0.0,0.0,4.0,28.0,0,0
AK-220GREEN-XL,25.0,2.0,3.0,0.0,0.0,3.0,28.0,0,0
AK-220GREEN-XXL,25.0,2.0,4.0,0.0,0.0,4.0,29.0,0,0
AK-221PURPLE-3XL,27.0,3.0,3.0,0.0,0.0,3.0,30.0,0,0
AK-221PURPLE-4XL,15.0,2.0,0.0,0.0,0.0,0.0,15.0,0,0
AK-221PURPLE-5XL,3.0,1.0,2.0,0.0,0.0,2.0,5.0,0,0
AK-221PURPLE-6XL,5.0,1.0,0.0,0.0,0.0,0.0,5.0,0,0
AK-221PURPLE-L,55.0,2.0,3.0,0.0,0.0,3.0,58.0,0,0
AK-221PURPLE-M,62.0,2.0,3.0,0.0,0.0,3.0,65.0,0,0
AK-221PURPLE-S,33.0,1.0,3.0,0.0,0.0,3.0,36.0,0,0
AK-221PURPLE-XL,54.0,2.0,3.0,0.0,0.0,3.0,57.0,0,0
AK-221PURPLE-XS,14.0,2.0,4.0,0.0,0.0,4.0,18.0,0,0
AK-221PURPLE-XXL,48.0,2.0,2.0,0.0,0.0,2.0,50.0,0,0
AK-224GREEN-3XL,4.0,2.0,0.0,0.0,0.0,0.0,4.0,0,0
AK-224GREEN-4XL,3.0,2.0,0.0,0.0,0.0,0.0,3.0,0,0
AK-224GREEN-5XL,2.0,1.0,0.0,0.0,0.0,0.0,2.0,0,0
AK-224GREEN-6XL,4.0,2.0,2.0,0.0,0.0,2.0,6.0,0,0
AK-224GREEN-7XL,5.0,5.0,10.0,0.0,0.0,10.0,15.0,0,0
AK-224GREEN-8XL,9.0,5.0,6.0,0.0,0.0,6.0,15.0,0,0
AK-224GREEN-XL,18.0,5.0,5.0,0.0,0.0,5.0,23.0,0,0
AK-224GREEN-XXL,3.0,1.0,3.0,0.0,0.0,3.0,6.0,0,0
AK-225PINK-3XL,19.0,2.0,6.0,0.0,0.0,6.0,25.0,0,0
AK-225PINK-4XL,22.0,2.0,6.0,0.0,0.0,6.0,28.0,0,0
AK-225PINK-5XL,7.0,1.0,3.0,0.0,0.0,3.0,10.0,0,0
AK-225PINK-XL,22.0,2.0,8.0,0.0,0.0,8.0,30.0,0,0
AK-225PINK-XXL,34.0,2.0,7.0,0.0,0.0,7.0,41.0,0,0
AK-226INDIGO-3XL,30.0,2.0,4.0,0.0,0.0,7.0,37.0,3,0
AK-226INDIGO-4XL,31.0,2.0,5.0,7.0,0.0,15.0,46.0,3,0
AK-226INDIGO-5XL,1.0,1.0,1.0,0.0,0.0,1.0,2.0,0,0
AK-226INDIGO-XL,37.0,2.0,4.0,4.0,0.0,11.0,48.0,3,0
AK-226INDIGO-XXL,37.0,2.0,2.0,11.0,0.0,16.0,53.0,3,0
AK-228BLACK-3XL,16.0,14.0,20.0,0.0,0.0,24.0,40.0,4,0
AK-228BLACK-4XL,1.0,0.0,10.0,0.0,0.0,12.0,13.0,2,0
AK-228BLACK-5XL,4.0,3.0,43.0,0.0,0.0,47.0,51.0,4,0
AK-228BLACK-L,18.0,6.0,6.0,0.0,0.0,8.0,26.0,2,0
AK-228BLACK-M,15.0,3.0,8.0,0.0,0.0,8.0,23.0,0,0
AK-228BLACK-S,35.0,3.0,3.0,0.0,0.0,3.0,38.0,0,0
AK-228BLACK-XL,3.0,1.0,0.0,0.0,0.0,0.0,3.0,0,0
AK-228BLACK-XXL,9.0,4.0,5.0,0.0,0.0,9.0,18.0,4,0
AK-229MAUVE-3XL,6.0,4.0,3.0,0.0,0.0,3.0,9.0,0,0
AK-229MAUVE-XXL,10.0,5.0,0.0,0.0,0.0,0.0,10.0,0,0
AK-230BLUE-3XL,31.0,4.0,1.0,0.0,0.0,1.0,32.0,0,0
AK-230BLUE-4XL,1.0,1.0,0.0,0.0,0.0,0.0,1.0,0,0
AK-230BLUE-5XL,1.0,1.0,0.0,0.0,0.0,0.0,1.0,0,0
AK-230BLUE-XXL,11.0,6.0,2.0,0.0,0.0,2.0,13.0,0,0
AK-231PINK-3XL,54.0,2.0,4.0,0.0,0.0,4.0,58.0,0,0
AK-231PINK-4XL,53.0,2.0,6.0,0.0,0.0,6.0,59.0,0,0
AK-231PINK-5XL,32.0,2.0,5.0,0.0,0.0,5.0,37.0,0,0
AK-231PINK-XXL,50.0,2.0,6.0,0.0,0.0,6.0,56.0,0,0
AK-232WHITE-L-XL-XXL,11.0,3.0,10.0,6.0,0.0,16.0,27.0,0,0
AK-232WHITE-XS-S-M,12.0,6.0,10.0,9.0,0.0,19.0,31.0,0,0
AK-233GREEN-L-XL,24.0,4.0,4.0,0.0,0.0,4.0,28.0,0,0
AK-233GREEN-S-M,26.0,4.0,4.0,0.0,0.0,4.0,30.0,0,0
AK-234BROWN-L-XL,20.0,5.0,0.0,0.0,0.0,0.0,20.0,0,0
AK-234BROWN-S-M,23.0,4.0,0.0,0.0,0.0,0.0,23.0,0,0
AK-235RED-L-XL,20.0,4.0,8.0,0.0,0.0,8.0,28.0,0,0
AK-235RED-S-M,23.0,4.0,8.0,0.0,0.0,8.0,31.0,0,0
AK-236WHITE-L-XL,22.0,2.0,0.0,0.0,0.0,0.0,22.0,0,0
AK-236WHITE-XS-S-M,21.0,3.0,0.0,0.0,0.0,0.0,21.0,0,0
AK-237MULTI-3XL,7.0,4.0,6.0,0.0,0.0,14.0,21.0,8,0
AK-237MULTI-4XL,7.0,5.0,9.0,0.0,0.0,15.0,22.0,6,0
AK-237MULTI-5XL,2.0,2.0,5.0,0.0,0.0,15.0,17.0,10,0
AK-237MULTI-XXL,16.0,5.0,7.0,0.0,0.0,7.0,23.0,0,0
AK-238MULTI-3XL,3.0,3.0,3.0,0.0,0.0,15.0,18.0,12,0
AK-238MULTI-4XL,2.0,3.0,1.0,0.0,0.0,9.0,11.0,8,0
AK-238MULTI-5XL,1.0,0.0,2.0,0.0,0.0,14.0,15.0,12,0
AK-238MULTI-XXL,15.0,9.0,10.0,0.0,0.0,16.0,31.0,6,0
AK-239YELLOW-3XL,33.0,2.0,8.0,0.0,0.0,8.0,41.0,0,0
AK-239YELLOW-4XL,14.0,2.0,9.0,0.0,0.0,9.0,23.0,0,0
AK-239YELLOW-5XL,17.0,2.0,13.0,0.0,0.0,13.0,30.0,0,0
AK-239YELLOW-XXL,27.0,2.0,10.0,0.0,0.0,10.0,37.0,0,0
AK-240MAUVE-L-XL,6.0,3.0,7.0,0.0,0.0,7.0,13.0,0,0
AK-240MAUVE-S-M,33.0,2.0,8.0,0.0,0.0,8.0,41.0,0,0
AK-242BLSRED-2XL-3XL,4.0,2.0,0.0,0.0,0.0,0.0,4.0,0,0
AK-242BLSRED-L-XL,21.0,10.0,6.0,0.0,0.0,6.0,27.0,0,0
AK-242BLSRED-S-M,14.0,6.0,5.0,0.0,0.0,5.0,19.0,0,0
AK-246MAROON-3XL,20.0,1.0,10.0,0.0,0.0,10.0,30.0,0,0
AK-246MAROON-4XL,7.0,2.0,12.0,0.0,0.0,12.0,19.0,0,0
AK-246MAROON-5XL,2.0,0.0,0.0,0.0,0.0,0.0,2.0,0,0
AK-246MAROON-XXL,27.0,2.0,8.0,0.0,0.0,8.0,35.0,0,0
AK-250BLUE-3XL,8.0,3.0,7.0,0.0,0.0,7.0,15.0,0,0
AK-250BLUE-4XL,12.0,5.0,10.0,0.0,0.0,10.0,22.0,0,0
AK-250BLUE-5XL,12.0,9.0,16.0,0.0,0.0,16.0,28.0,0,0
AK-250BLUE-6XL,3.0,2.0,3.0,0.0,0.0,3.0,6.0,0,0
AK-250BLUE-7XL,4.0,2.0,7.0,0.0,0.0,7.0,11.0,0,0
AK-250BLUE-8XL,4.0,4.0,3.0,0.0,0.0,3.0,7.0,0,0
AK-250BLUE-L,13.0,2.0,18.0,0.0,0.0,18.0,31.0,0,0
AK-250BLUE-M,18.0,3.0,12.0,0.0,0.0,12.0,30.0,0,0
AK-250BLUE-S,6.0,1.0,2.0,0.0,0.0,2.0,8.0,0,0
AK-250BLUE-XL,6.0,2.0,14.0,0.0,0.0,14.0,20.0,0,0
AK-250BLUE-XXL,2.0,0.0,15.0,0.0,0.0,15.0,17.0,0,0
AK-255OFFWHITE-3XL,26.0,0.0,0.0,0.0,0.0,0.0,26.0,0,0
AK-255OFFWHITE-4XL,26.0,0.0,0.0,0.0,0.0,0.0,26.0,0,0
AK-255OFFWHITE-5XL,27.0,0.0,0.0,0.0,0.0,0.0,27.0,0,0
AK-255OFFWHITE-XL,12.0,0.0,0.0,0.0,0.0,0.0,12.0,0,0
AK-255OFFWHITE-XXL,27.0,0.0,0.0,0.0,0.0,0.0,27.0,0,0
AK-256PINK-3XL,47.0,0.0,0.0,0.0,0.0,0.0,47.0,0,0
AK-256PINK-4XL,45.0,0.0,0.0,0.0,0.0,0.0,45.0,0,0
AK-256PINK-5XL,39.0,0.0,0.0,0.0,0.0,0.0,39.0,0,0
AK-256PINK-XL,49.0,0.0,0.0,0.0,0.0,0.0,49.0,0,0
AK-256PINK-XXL,53.0,0.0,0.0,0.0,0.0,0.0,53.0,0,0
AK-257TEAL-3XL,20.0,0.0,0.0,0.0,0.0,19.0,39.0,0,19
AK-257TEAL-4XL,20.0,0.0,0.0,0.0,0.0,20.0,40.0,0,20
AK-257TEAL-5XL,20.0,0.0,0.0,0.0,0.0,19.0,39.0,0,19
AK-257TEAL-L,20.0,0.0,0.0,0.0,0.0,20.0,40.0,0,20
AK-257TEAL-M,20.0,0.0,0.0,0.0,0.0,12.0,32.0,0,12
AK-257TEAL-S,19.0,0.0,0.0,0.0,0.0,16.0,35.0,0,16
AK-257TEAL-XL,24.0,0.0,0.0,0.0,0.0,20.0,44.0,0,20
AK-257TEAL-XXL,25.0,0.0,0.0,0.0,0.0,24.0,49.0,0,24
AK-258GREEN-3XL,28.0,2.0,0.0,0.0,0.0,0.0,28.0,0,0
AK-258GREEN-4XL,29.0,2.0,0.0,0.0,0.0,0.0,29.0,0,0
AK-258GREEN-5XL,26.0,2.0,0.0,0.0,0.0,0.0,26.0,0,0
AK-258GREEN-L,38.0,2.0,0.0,0.0,0.0,0.0,38.0,0,0
AK-258GREEN-M,25.0,2.0,0.0,0.0,0.0,0.0,25.0,0,0
AK-258GREEN-S,24.0,2.0,0.0,0.0,0.0,0.0,24.0,0,0
AK-258GREEN-XL,37.0,2.0,0.0,0.0,0.0,0.0,37.0,0,0
AK-258GREEN-XXL,38.0,2.0,0.0,0.0,0.0,0.0,38.0,0,0
CR4_YAGPL,183.0,0.0,0.0,0.0,0.0,0.0,183.0,0,0
DPT11WINE,264.0,26.0,2.0,0.0,0.0,2.0,266.0,0,0
DPT19WHITE,52.0,22.0,2.0,0.0,0.0,2.0,54.0,0,0
DPT20WHITE,211.0,23.0,5.0,0.0,0.0,5.0,216.0,0,0
DPT21MULTI,1462.0,34.0,0.0,0.0,0.0,0.0,1462.0,0,0
DPT23BLUE,99.0,9.0,9.0,0.0,0.0,9.0,108.0,0,0
DPT24MAROON,30.0,14.0,7.0,0.0,0.0,7.0,37.0,0,0
DPT27TEAL,310.0,32.0,2.0,0.0,0.0,2.0,312.0,0,0
DPT28GREEN,205.0,27.0,8.0,0.0,0.0,8.0,213.0,0,0
DPT29PINK,202.0,24.0,0.0,0.0,0.0,0.0,202.0,0,0
DPT30GREEN,223.0,23.0,4.0,0.0,0.0,4.0,227.0,0,0
DPT35WHITE,195.0,10.0,7.0,0.0,0.0,7.0,202.0,0,0
DPT37RED,42.0,16.0,3.0,0.0,0.0,3.0,45.0,0,0
DPT38BLUE,63.0,16.0,3.0,0.0,0.0,3.0,66.0,0,0
DPT6MULTI,44.0,20.0,6.0,0.0,0.0,6.0,50.0,0,0
DPT9BLACK,43.0,11.0,1.0,0.0,0.0,1.0,44.0,0,0
KD0010PINK-7-8,19.0,5.0,2.0,0.0,0.0,2.0,21.0,0,0
KD0010PINK-9-10,19.0,9.0,1.0,0.0,0.0,1.0,20.0,0,0
KD0018GREEN-7-8,53.0,10.0,2.0,0.0,0.0,4.0,57.0,2,0
KD0018GREEN-9-10,4.0,3.0,0.0,0.0,0.0,0.0,4.0,0,0
KD0019PINK-11-12,1.0,0.0,0.0,0.0,0.0,0.0,1.0,0,0
KD0019PINK-13-14,3.0,3.0,0.0,0.0,0.0,0.0,3.0,0,0
KD0019PINK-7-8,16.0,5.0,1.0,0.0,0.0,1.0,17.0,0,0
KD0019PINK-9-10,4.0,2.0,0.0,0.0,0.0,0.0,4.0,0,0
KD0021YELLOW-11-12,3.0,1.0,0.0,0.0,0.0,0.0,3.0,0,0
KD0021YELLOW-13-14,2.0,0.0,0.0,0.0,0.0,0.0,2.0,0,0
KD0021YELLOW-7-8,3.0,2.0,0.0,0.0,0.0,0.0,3.0,0,0
KD0021YELLOW-9-10,1.0,1.0,0.0,0.0,0.0,0.0,1.0,0,0
KD0022GREEN-11-12,1.0,0.0,0.0,0.0,0.0,0.0,1.0,0,0
KD0022GREEN-7-8,10.0,6.0,3.0,0.0,0.0,3.0,13.0,0,0
KD0022GREEN-9-10,1.0,1.0,0.0,0.0,0.0,0.0,1.0,0,0
KD0023PINK-11-12,2.0,2.0,0.0,0.0,0.0,0.0,2.0,0,0
KD0023PINK-7-8,3.0,1.0,0.0,0.0,0.0,0.0,3.0,0,0
KD0023PINK-9-10,1.0,0.0,0.0,0.0,0.0,0.0,1.0,0,0
KD0024BEIGE-7-8,30.0,4.0,1.0,0.0,0.0,1.0,31.0,0,0
KD0024BEIGE-9-10,22.0,6.0,3.0,0.0,0.0,3.0,25.0,0,0
KD0028SKYBLUE-11-12,19.0,5.0,2.0,0.0,0.0,2.0,21.0,0,0
KD0028SKYBLUE-13-14,11.0,3.0,2.0,0.0,0.0,2.0,13.0,0,0
KD0028SKYBLUE-7-8,22.0,5.0,1.0,0.0,0.0,1.0,23.0,0,0
KD0028SKYBLUE-9-10,22.0,4.0,1.0,0.0,0.0,1.0,23.0,0,0
KD0029GREEN-7-8,33.0,3.0,3.0,0.0,0.0,3.0,36.0,0,0
KD0029GREEN-9-10,33.0,3.0,3.0,0.0,0.0,3.0,36.0,0,0
KD0030GREY-7-8,36.0,4.0,4.0,0.0,0.0,4.0,40.0,0,0
KD0030GREY-9-10,29.0,3.0,2.0,0.0,0.0,2.0,31.0,0,0
KD004PINK-11-12,4.0,2.0,1.0,0.0,0.0,1.0,5.0,0,0
KD004PINK-13-14,31.0,5.0,1.0,0.0,0.0,1.0,32.0,0,0
KD004PINK-7-8,56.0,6.0,1.0,0.0,0.0,1.0,57.0,0,0
KD004PINK-9-10,20.0,4.0,1.0,0.0,0.0,1.0,21.0,0,0
KD006PINK-11-12,10.0,3.0,0.0,0.0,0.0,0.0,10.0,0,0
KD006PINK-13-14,8.0,3.0,0.0,0.0,0.0,0.0,8.0,0,0
KD006PINK-7-8,12.0,4.0,0.0,0.0,0.0,0.0,12.0,0,0
KD006PINK-9-10,9.0,3.0,0.0,0.0,0.0,0.0,9.0,0,0
KD007MAROON-11-12,1.0,1.0,0.0,0.0,0.0,0.0,1.0,0,0
KD007MAROON-7-8,14.0,3.0,1.0,0.0,0.0,1.0,15.0,0,0
KD007MAROON-9-10,10.0,3.0,0.0,0.0,0.0,0.0,10.0,0,0
KL_5037PLYKPINK-4XL,0.0,0.0,0.0,2.0,0.0,2.0,2.0,0,0
KL_5037PLYKPINK-5XL,0.0,0.0,0.0,2.0,0.0,2.0,2.0,0,0
KL_5037PLYKPINK-XXL,0.0,0.0,0.0,1.0,0.0,1.0,1.0,0,0
SKU-DEL,0.0,0.0,0.0,0.0,15.0,15.0,15.0,0,0
TB10YKBLUE,7.0,0.0,0.0,0.0,0.0,0.0,7.0,0,0
TB13BLACK,84.0,0.0,0.0,0.0,0.0,0.0,84.0,0,0
TB14PINK,13.0,0.0,0.0,0.0,0.0,0.0,13.0,0,0
TB15BLUE,17.0,0.0,0.0,0.0,0.0,0.0,17.0,0,0
TB18MAROON,11.0,0.0,0.0,0.0,0.0,0.0,11.0,0,0
TB19PINK,39.0,0.0,0.0,0.0,0.0,0.0,39.0,0,0
TB21MAROON,16.0,0.0,0.0,0.0,0.0,0.0,16.0,0,0
TB22GREEN,7.0,0.0,0.0,0.0,0.0,0.0,7.0,0,0
TB23GREEN,11.0,0.0,0.0,0.0,0.0,0.0,11.0,0,0
TB26BLUE,29.0,0.0,0.0,0.0,0.0,0.0,29.0,0,0
TB27BROWN,12.0,0.0,0.0,0.0,0.0,0.0,12.0,0,0
TB28MULTI,22.0,0.0,0.0,0.0,0.0,0.0,22.0,0,0
TB29NAVYBLUE,6.0,0.0,0.0,0.0,0.0,0.0,6.0,0,0
TB30BEIGE,23.0,0.0,0.0,0.0,0.0,0.0,23.0,0,0
TB31BLACK,63.0,0.0,0.0,0.0,0.0,0.0,63.0,0,0
TB32YELLOW,6.0,0.0,0.0,0.0,0.0,0.0,6.0,0,0
TB34OFFWHITE,39.0,0.0,0.0,0.0,0.0,0.0,39.0,0,0
TB35SKYBLUE,12.0,0.0,0.0,0.0,0.0,0.0,12.0,0,0
TB37OFFWHITE,62.0,0.0,0.0,0.0,0.0,0.0,62.0,0,0
TB38BLUE,14.0,0.0,0.0,0.0,0.0,0.0,14.0,0,0
TB40BLACK,99.0,0.0,0.0,0.0,0.0,0.0,99.0,0,0
