"Customer Shipment Date","Merchant SKU","FNSKU","ASIN","FC","Quantity","Amazon Order Id","Currency","Product Amount","Shipping Amount","Gift Amount","Shipment To City","Shipment To State","Shipment To Postal Code"
"2026-08-05T23:58:53+05:30","1786YKDBLUE-XXL","X0029V8GYN","B0F3DKHQVR","BLR7","1","407-7779827-4573926","INR","875.24","38.10","0.00","GURUGRAM","HARYANA","122011"
"2026-08-05T23:58:47+05:30","1738YKDWHITE-5XL","X002CQLCD7","B0FH6YX3VL","MAA4","1","171-1231486-9460321","INR","884.76","0.00","0.00","Chennai","TAMIL NADU","600116"
"2026-08-05T23:58:47+05:30","1809YKDYELLOW-6XL","X002DVO90J","B0FN7R1GLJ","MAA4","1","171-1231486-9460321","INR","1265.72","0.00","0.00","Chennai","TAMIL NADU","600116"
"2026-08-05T23:56:49+05:30","5037YKPINK-M","X00291PHEP","B0DZC86Z7H","BLR7","1","171-1489329-3969949","INR","494.28","0.00","0.00","Bengaluru","KARNATAKA","560039"
"2026-08-05T23:56:03+05:30","1967YKPINK-L","X002MFM3D1","B0H64P19PL","BOM7","1","404-4937621-1377113","INR","475.24","0.00","0.00","PUNE","MAHARASHTRA","411028"
"2026-08-05T23:55:45+05:30","1158YKGREEN-XL","X0018EJ2JP","B08HHCRCZ5","MAA4","1","405-0439049-5306724","INR","646.66","0.00","0.00","CHENNAI","TAMIL NADU","600100"
"2026-08-05T23:54:06+05:30","1252DPT28GREEN-L","X0027WIVFN","B0DT4LPRD8","BLR8","1","403-5181383-5854703","INR","913.34","4.53","0.00","BENGALURU","KARNATAKA","560093"
"2026-08-05T23:53:59+05:30","67-YK83INDIGO-S","X000UBO6C5","B07CJH8YHR","BOM5","1","403-6717942-5752348","INR","446.66","0.00","0.00","Vasai Virar","MAHARASHTRA","401208"
"2026-08-05T23:53:50+05:30","1904YKPINK-6XL","X002AWGAHV","B0F889TWK9","HYD8","1","171-5309303-8065951","INR","713.34","18.10","0.00","HYDERABAD","TELANGANA","500024"
"2026-08-05T23:51:50+05:30","313KD411BLUE-9-10","X002HC1RWH","B0GCZLLBW4","MAA4","1","406-6817760-4625124","INR","532.38","0.00","0.00","Chennai","TAMIL NADU","600013"
"2026-08-05T23:51:46+05:30","1189PLYKMAROON-5XL","X001DHUJ71","B09261597H","BOM7","1","402-0767193-6912345","INR","799.05","0.00","0.00","HYDERABAD","TELANGANA","500091"
"2026-08-05T23:50:50+05:30","5047YKPASTELBLUE-XL","X002GIEA49","B0G3X1BK6H","DED4","1","403-4030404-1995566","INR","513.33","0.00","0.00","NEW DELHI","DELHI","110077"
"2026-08-05T23:49:02+05:30","1540PLYKGREEN-XXL","X001URI75F","B0CGV8Y1ZC","DED4","1","405-6782154-7811506","INR","713.33","0.00","0.00","WEST DELHI","DELHI","110058"
"2026-08-05T23:47:46+05:30","1556YKGREEN-XS","X00271912L","B0DQ83WJPM","PNQ3","1","402-4531594-5072344","INR","446.66","0.00","0.00","PUNE","MAHARASHTRA","411036"
"2026-08-05T23:46:55+05:30","1602PLYKLAVENDER-3XL","X001VZUXMB","B0CL488NWR","BLR7","1","407-1895600-4681148","INR","513.34","18.10","0.00","BENGALURU","KARNATAKA","560098"
"2026-08-05T23:46:55+05:30","1303YKBLACK-S","X001F7T49X","B097R5K45J","BLR7","1","407-7397329-5132329","INR","541.90","38.10","0.00","MADURAI","TAMIL NADU","625014"
"2026-08-05T23:46:53+05:30","5034YKOFFWHITE-XXL","X001X2WIUH","B0CPJ1DS8G","DEL4","1","407-0819651-7653935","INR","541.90","0.00","0.00","HANSI","HARYANA","125033"
"2026-08-05T23:46:52+05:30","1562YKGREEN-L","X001VFBFD7","B0CJFQ956N","PNQ3","1","408-6869599-4338751","INR","522.86","0.00","0.00","HYDERABAD","TELANGANA","500050"
"2026-08-05T23:44:31+05:30","1529PLYKWINE-8XL","X00232HHT3","B0D9NZ4B63","BLR7","1","407-3948701-7348367","INR","865.71","38.10","0.00","PUDUKKOTTAI","TAMIL NADU","622404"
"2026-08-05T23:44:31+05:30","224PLYK148BNDJ-8XL","X0022GNNCP","B0D7W52K7X","BLR7","1","407-3948701-7348367","INR","856.19","38.10","0.00","PUDUKKOTTAI","TAMIL NADU","622404"
"2026-08-05T23:44:31+05:30","311PLYK148BBNDJ-8XL","X0024WU46F","B0DHCZPM2N","BLR7","1","407-3948701-7348367","INR","856.19","38.10","0.00","PUDUKKOTTAI","TAMIL NADU","622404"
"2026-08-05T23:43:45+05:30","190PLYK214MEHROON-4XL","X001BETX7N","B08SQH2NCD","MAA4","1","404-6427419-7247503","INR","0.00","0.00","0.00","CHENNAI","TAMIL NADU","600095"
"2026-08-05T23:42:52+05:30","5039YKTEAL-M","X0028ZDZ87","B0DZ21SPFQ","BLR8","1","406-3228163-6246750","INR","494.28","0.00","0.00","BENGALURU","KARNATAKA","560035"
"2026-08-05T23:42:50+05:30","1904YKPINK-XL","X002AWJNUH","B0F887ZD72","HYD8","1","408-3245204-7786718","INR","618.10","0.00","0.00","Sai sagar Enclave, Manovikas nagar, Secunderabad","TELANGANA","500015"
"2026-08-05T23:40:57+05:30","1310PLYKBLUE-3XL","X001G7GOSV","B09HKD1JM4","HYD8","1","408-0393396-2252330","INR","799.05","38.10","0.00","HOWRAH","WEST BENGAL","711103"
"2026-08-05T23:40:48+05:30","1188YKPINK-XL","X0018YK4IN","B08HHCQQF1","MAA4","1","406-1921375-7009963","INR","741.90","18.10","0.00","Chennai","TAMIL NADU","600017"
"2026-08-05T23:38:54+05:30","141PLYK251PINK-4XL","X00149KR6L","B08292KQZH","BLR7","1","403-9635057-4025928","INR","627.62","0.00","0.00","HYDERABAD","TELANGANA","500097"
"2026-08-05T23:36:56+05:30","1966YKYELLOW-XL","X002MFONW5","B0H64VN8YQ","BLR8","1","406-0485285-7466722","INR","475.24","9.04","0.00","Bengaluru","KARNATAKA","560100"
"2026-08-05T23:36:56+05:30","1968YKBLACK-XL","X002MFK48R","B0H655QFTG","BLR8","1","406-0485285-7466722","INR","475.24","9.04","0.00","Bengaluru","KARNATAKA","560100"
"2026-08-05T23:36:02+05:30","6025SKDPURPLE-3XL","X002HL4Z8L","B0GGB95PCB","DEL5","1","402-6218671-5671553","INR","1199.05","0.00","0.00","JAIPUR","RAJASTHAN","302013"
"2026-08-05T23:35:56+05:30","1505YKORANGE-L","X001SVCV5P","B0C89QN86W","BOM5","1","407-7727195-8666713","INR","313.33","38.10","0.00","RAIPUR","CHHATTISGARH","492007"
"2026-08-05T23:33:55+05:30","1960YKTEAL-XXL","X002GACZ71","B0G2JJQX5N","BLR7","1","403-5284837-5661108","INR","722.86","18.10","0.00","BENGALURU","KARNATAKA","560043"
"2026-08-05T23:31:46+05:30","1529KDWINE-13-14","X002H4MITL","B0G9J4J8KF","MAA4","1","404-8975337-3177969","INR","0.00","0.00","0.00","Puducherry","PUDUCHERRY","605008"
"2026-08-05T23:29:50+05:30","1293YKMAROON-L","X001CZZ9CJ","B092R2R3R3","PNQ3","1","404-6648645-7102745","INR","780.00","0.00","0.00","AURANGABAD","MAHARASHTRA","431001"
"2026-08-05T23:28:51+05:30","1414PLYKGREY-3XL","X001NOLX2T","B0BJ2ZG3TB","DEL4","1","171-1235429-3354758","INR","827.62","38.10","0.00","Kolkata","WEST BENGAL","700066"
"2026-08-05T23:26:42+05:30","1391PLYKBLUE-5XL","X001NOO50L","B0BJ31GXN6","BOM7","1","404-8356627-7841145","INR","0.00","0.00","0.00","PUNE","MAHARASHTRA","411012"
"2026-08-05T23:20:53+05:30","1895YKDGREY-4XL","X002CNZ5UL","B0FH2NT82X","BLR8","1","404-0920814-4755564","INR","0.00","0.00","0.00","SALEM","TAMIL NADU","636006"
"2026-08-05T23:18:52+05:30","7099YKBROWN-L","X002GON7GF","B0G4RB5NG2","LKO1","1","404-7706754-7485958","INR","418.10","0.00","0.00","Lucknow","UTTAR PRADESH","226001"
"2026-08-05T23:17:48+05:30","1605YKBLUE-5XL","X001Z1Z3H1","B0CWY17L89","CCX2","1","405-1739221-2115527","INR","722.86","0.00","0.00","KOLKATA","WEST BENGAL","700008"
"2026-08-05T23:16:57+05:30","1127YKMAROON-XXL","X0017NEQW5","B085ZWXWQ6","BLR7","1","402-4149020-8226755","INR","837.14","38.10","0.00","TIRUNELVELI","TAMIL NADU","627002"
"2026-08-05T23:16:51+05:30","5014YKMAROON-M","X001A8MN3L","B08CSMRF2H","BOM5","1","406-5799093-5586724","INR","475.24","38.10","0.00","SIPCOT PERUNDURAI","TAMIL NADU","638051"
"2026-08-05T23:14:01+05:30","1968YKBLACK-3XL","X002MFNEXJ","B0H64S86SR","HYD8","1","171-7181388-4868301","INR","522.86","38.10","0.00","Mumbai","MAHARASHTRA","400064"
"2026-08-05T23:12:50+05:30","1683YKBLUE-4XL","X002DBKH73","B0FKT5QWS2","MAA4","1","403-5567002-0049156","INR","884.76","75.24","0.00","CHENNAI","TAMIL NADU","600072"
"2026-08-05T23:12:50+05:30","5010YKWHITE-6XL","X0026R0VGL","B0DPHJBQ9Z","BOM5","1","403-8362712-0165153","INR","589.52","18.10","0.00","Mumbai","MAHARASHTRA","400068"
"2026-08-05T23:10:44+05:30","5007YKBLACK-5XL","X001W0CS7X","B0CL4Y4CR7","CCX2","1","404-2588144-0209928","INR","513.34","0.00","0.00","BIDHAN NAGAR","WEST BENGAL","700064"
"2026-08-05T23:10:44+05:30","5007YKBLACK-5XL","X001W0CS7X","B0CL4Y4CR7","CCX2","1","404-2588144-0209928","INR","513.34","0.00","0.00","BIDHAN NAGAR","WEST BENGAL","700064"
"2026-08-05T23:09:49+05:30","1457PLYKPINK-XXL","X001VV98E9","B0CKT61HSK","MAA4","1","403-2060086-4359548","INR","770.48","0.00","0.00","CHENNAI","TAMIL NADU","600055"
"2026-08-05T23:03:49+05:30","1373YKPINK-3XL","X001UW5HPN","B0CGVK25H2","BOM7","1","402-4879206-9432306","INR","475.24","18.10","0.00","NAVI MUMBAI","MAHARASHTRA","410210"
"2026-08-05T22:56:50+05:30","1472PLYKGREEN-XXL","X001WJU09R","B0CN13ZZ95","DEL5","1","171-6657355-2797139","INR","903.81","38.10","0.00","PATNA","BIHAR","801503"
"2026-08-05T22:55:45+05:30","1048YKBLUE-3XL","X002DYV5NF","B0FNN636RK","DEL5","1","404-1353812-2583558","INR","0.00","0.00","0.00","PATNA","BIHAR","800016"
"2026-08-05T22:53:45+05:30","7097YKBLUE-M","X002GOLXJD","B0G4R8CWB3","GAX1","1","405-9147613-7066758","INR","418.10","0.00","0.00","GUWAHATI","ASSAM","781034"
"2026-08-05T22:50:50+05:30","1522PLYKMUSTARD-7XL","X002E9532N","B0FPR4R4DZ","CCX1","1","402-1669349-7348300","INR","960.96","0.00","0.00","Serampore","WEST BENGAL","712203"
"2026-08-05T22:38:48+05:30","1968YKBLACK-XL","X002MFK48R","B0H655QFTG","DEL5","1","405-4530360-7507554","INR","475.24","0.00","0.00","KOSAMBA","GUJARAT","394120"
"2026-08-05T22:37:58+05:30","1341YKGREEN-4XL","X001QWZWAR","B0BZL7ZF2Y","BLR8","1","407-8333310-4989126","INR","541.90","0.00","0.00","BENGALURU","KARNATAKA","560046"
"2026-08-05T22:37:58+05:30","1556YKGREEN-3XL","X001VG2LWZ","B0CJ2HTR63","BLR8","1","407-8333310-4989126","INR","475.24","0.00","0.00","BENGALURU","KARNATAKA","560046"
"2026-08-05T22:37:58+05:30","AK-228BLACK-4XL","X002F3KQ4D","B0FTMG4Q8Q","BLR8","1","407-8333310-4989126","INR","475.24","0.00","0.00","BENGALURU","KARNATAKA","560046"
"2026-08-05T22:37:48+05:30","1540PLYKGREEN-4XL","X001URKCWB","B0CGV9W653","BLR7","1","402-2070539-6334757","INR","713.33","0.00","0.00","CHENNAI","TAMIL NADU","600011"
"2026-08-05T22:24:50+05:30","5037YKPINK-L","X00291PK6Z","B0DZCC8J5X","DEL4","1","405-5228777-8199500","INR","494.29","0.00","0.00","NEW DELHI","DELHI","110092"
"2026-08-05T22:22:49+05:30","5040YKBEIGE-S","X002B5JW0J","B0F91T5H2Y","BLR7","1","402-5822764-3803516","INR","494.28","0.00","0.00","DHARWAD","KARNATAKA","580008"
"2026-08-05T22:13:50+05:30","1473YKWHITE-XL","X001Q35VFR","B0BVRHMSTK","BLR8","1","171-6039393-8740368","INR","389.52","18.10","0.00","BENGALURU","KARNATAKA","560087"
"2026-08-05T22:08:52+05:30","1162YKMAROON-XL","X0017LPBJT","B08DHX5NXL","BLR7","1","406-5381632-4071541","INR","446.66","0.00","0.00","Bengaluru","KARNATAKA","560050"
"2026-08-05T22:07:52+05:30","226PLYK346GREEN-7XL","X0029U3JE1","B0F38NVTNX","BLR7","1","406-2501091-8855557","INR","732.38","0.00","0.00","HYDERABAD","TELANGANA","500049"
"2026-08-05T22:06:46+05:30","1379YKGREEN-S","X001JFG6KB","B09QX48YNL","BLR7","1","404-9308023-3345912","INR","0.00","0.00","0.00","Bengaluru","KARNATAKA","560109"
"2026-08-05T22:05:45+05:30","4010DRSMULTI-XL","X002KB2ZNP","B0GX9ZBXW4","MAA4","1","407-1662448-6185906","INR","408.58","9.04","0.00","Chennai","TAMIL NADU","600044"
"2026-08-05T22:04:54+05:30","1532YKBLUE-5XL","X0028IH7F1","B0DWX71F7P","BOM7","1","402-6585262-1881103","INR","475.24","0.00","0.00","PUNE","MAHARASHTRA","411028"
"2026-08-05T22:03:52+05:30","5033YKBEIGE-XXL","X001X2U4WB","B0CPHZW59H","BLR8","1","402-2649356-3077904","INR","541.90","0.00","0.00","BENGALURU","KARNATAKA","560035"
"2026-08-05T22:03:49+05:30","1127YKMAROON-XXL","X0017NEQW5","B085ZWXWQ6","CCX1","1","403-1282054-9632362","INR","837.14","0.00","0.00","DHANBAD","JHARKHAND","826005"
"2026-08-05T22:00:54+05:30","7014YKBLSMAROON-XL","X001WDMD6B","B0CM9KLSQ6","MAA4","1","171-8990673-9550750","INR","503.80","0.00","0.00","CHENNAI","TAMIL NADU","600026"
"2026-08-05T21:59:45+05:30","1589YKORANGE-XXL","X001VPOPZ7","B0CKBNV5LC","CCX2","1","171-3230332-6655508","INR","475.24","0.00","0.00","NORTH 24 PARGANAS, kolkata","WEST BENGAL","700135"
"2026-08-05T21:57:43+05:30","7101YKGREEN-M","X002ISEV37","B0GPWHRYTB","HYD8","1","404-9340340-9149129","INR","0.00","0.00","0.00","BHUBANESWAR","ODISHA","751030"
"2026-08-05T21:55:46+05:30","1785YKRED-XL","X002CWW9JH","B0FHWBF2MP","LDX1","1","171-6497216-3540354","INR","675.24","0.00","0.00","Mandi","HIMACHAL PRADESH","175001"
"2026-08-05T21:54:50+05:30","1625YKBLACK-XL","X002077DZJ","B0D1PX68Z7","BLR8","1","405-0818833-1052359","INR","808.58","18.10","0.00","BENGALURU","KARNATAKA","560099"
"2026-08-05T21:50:50+05:30","1683YKBLUE-L","X0024JCUC9","B0DGQGTGWC","BLR8","1","408-3178594-3717144","INR","856.20","0.00","0.00","BENGALURU","KARNATAKA","560068"
"2026-08-05T21:50:45+05:30","5041YKBOTTELGREEN-XL","X002A67IRD","B0F4RCXHJ1","MAA4","1","408-7465554-5999527","INR","475.24","18.10","0.00","CHENNAI","TAMIL NADU","600078"
"2026-08-05T21:44:51+05:30","5040YKBEIGE-XL","X002B5GCHF","B0F91SSBGC","BOM5","1","406-8696734-5628350","INR","494.28","0.00","0.00","Mumbai","MAHARASHTRA","400005"
"2026-08-05T21:42:57+05:30","1753YKGREEN-3XL","X0025PRBYT","B0DKFSPFXT","HYD8","1","404-7562403-9661103","INR","1170.48","0.00","0.00","HYDERABAD","TELANGANA","500014"
"2026-08-05T21:41:50+05:30","4011DRSBLUE-S","X002EMNQL5","B0FRGBS7PS","HYD8","1","405-0964301-9118722","INR","360.95","0.00","0.00","BENGALURU","KARNATAKA","560075"
"2026-08-05T21:35:49+05:30","1785PLYKRED-5XL","X002CWXFVD","B0FHWMFVRM","HYD8","1","405-1739221-2115527","INR","713.33","0.00","0.00","KOLKATA","WEST BENGAL","700008"
"2026-08-05T21:33:53+05:30","190YKN214MEHROON-6XL","X0022AFL4T","B0D7D49V2W","MAA4","1","404-7753351-1901904","INR","751.42","18.10","0.00","CHENNAI","TAMIL NADU","600073"
"2026-08-05T21:33:52+05:30","1046YKBLUE-L","X0013JOO9X","B07Z5WH53W","BOM5","1","406-4584553-1209107","INR","541.90","6.04","0.00","MUMBAI","MAHARASHTRA","400081"
"2026-08-05T21:29:01+05:30","1887YKBLACK-3XL","X0028MK6J1","B0DXF741PD","CCX1","1","404-0101178-7593979","INR","837.14","2.01","0.00","KOLKATA","WEST BENGAL","700027"
"2026-08-05T21:23:45+05:30","7098YKPINK-L","X002H0UEJB","B0G7HW5TLG","DEL5","1","403-4878142-1736351","INR","418.10","38.10","0.00","GREATER NOIDA","UTTAR PRADESH","201306"
"2026-08-05T21:14:50+05:30","7101YKGREEN-M","X002ISEV37","B0GPWHRYTB","BOM7","1","406-2176812-9080351","INR","418.10","0.00","0.00","THANE","MAHARASHTRA","401107"
"2026-08-05T21:13:49+05:30","1743PLYKYELLOW-4XL","X002DRH77F","B0FMRY8V2Z","BOM5","1","403-9489906-8140343","INR","1094.28","0.00","0.00","NASHIK","MAHARASHTRA","422011"
"2026-08-05T21:12:50+05:30","5041YKBOTTELGREEN-5XL","X002A68LU1","B0F4RJ598L","BOM7","1","404-5648647-3481928","INR","513.33","0.00","0.00","AHMEDABAD","GUJARAT","380052"
"2026-08-05T21:11:45+05:30","1777YKOFFWHITE-XL","X0025FL1TZ","B0DJR84SBQ","BOM7","1","407-5332737-6595561","INR","503.80","18.10","0.00","MUMBAI","MAHARASHTRA","400092"
"2026-08-05T21:10:51+05:30","1555YKGREEN-M","X001VVLMQV","B0CKT5C4GL","BLR8","1","408-9561055-6702762","INR","418.10","0.00","0.00","PUNE","MAHARASHTRA","411060"
"2026-08-05T21:10:46+05:30","1043YKMAROON-XL","X0013I5S1R","B07Z5WYPQ8","BOM7","1","403-6200815-3281957","INR","427.62","38.10","0.00","NASHIK","MAHARASHTRA","422003"
"2026-08-05T21:09:49+05:30","1488YKWHITE-XL","X001VZSFI5","B0CL494XPR","HYD8","1","403-4772682-5093147","INR","618.10","0.00","0.00","HYDERABAD","TELANGANA","500075"
"2026-08-05T21:08:54+05:30","1048YKBLUE-XXL","X002A6C9VX","B0F4RD5XLC","DEL5","1","403-1794241-1736347","INR","541.90","0.00","0.00","NEW DELHI","DELHI","110019"
"2026-08-05T21:08:50+05:30","1048YKBLUE-5XL","X002DZ127X","B0FNN3L7R7","DEL5","1","405-0429098-7929964","INR","541.90","0.00","0.00","NEW DELHI","DELHI","110058"
"2026-08-05T21:08:48+05:30","190YK214MEHROON-XL","X000VC2YJ5","B07F1RHZHN","LKO1","1","404-4480560-5469152","INR","627.62","0.00","0.00","ZAMANIA","UTTAR PRADESH","232331"
"2026-08-05T21:07:45+05:30","1937YKPURPLE-L","X002F2H3SV","B0FTF3Z97H","BOM5","1","403-5123077-8197167","INR","856.20","18.10","0.00","MUMBAI","MAHARASHTRA","400072"
"2026-08-05T21:04:51+05:30","1023YKPBLUE-L","X00120WQ7Z","B07VM7KLTW","HYD3","1","406-3110177-3609167","INR","475.24","0.00","0.00","KANKIPADU","ANDHRA PRADESH","521151"
"2026-08-05T21:03:51+05:30","1293YKMAROON-3XL","X001CZY6H3","B092R2QKSL","HYD3","1","408-6087142-4825922","INR","808.57","38.10","0.00","Tanuku","ANDHRA PRADESH","534211"
"2026-08-05T21:01:51+05:30","1593PLYKGREEN-5XL","X001VVIA11","B0CKT6N5B1","BLR8","1","407-5125520-3000332","INR","722.86","75.24","0.00","BENGALURU","KARNATAKA","560098"
"2026-08-05T21:01:50+05:30","1775YKBLUE-XL","X0027P5X5V","B0DSGD1J2J","HYD8","1","403-2247983-7525167","INR","760.95","0.00","0.00","BENGALURU","KARNATAKA","560064"
"2026-08-05T21:01:49+05:30","4033DRSBLUE-4XL","X002EMJEJN","B0FRFZN242","DEL5","1","406-0344017-5171504","INR","475.24","0.00","0.00","ANKLESHWAR","GUJARAT","393001"
"2026-08-05T21:00:48+05:30","1556YKGREEN-5XL","X001VG2LX9","B0CJ2FNCKM","AMD2","1","407-3572669-8029918","INR","475.24","38.10","0.00","VADODARA","GUJARAT","390023"
"2026-08-05T20:57:51+05:30","313KD411BLUE-9-10","X002HC1RWH","B0GCZLLBW4","BOM5","1","405-4066337-3357959","INR","532.38","0.00","0.00","PUNE","MAHARASHTRA","411045"
"2026-08-05T20:55:56+05:30","4010DRSMULTI-M","X002DLKJET","B0FM48GZSX","HYD3","1","407-2064231-5971506","INR","389.52","0.00","0.00","Surat","GUJARAT","395007"
"2026-08-05T20:54:51+05:30","1412YKMULTI-S","X001PUVD8P","B0BTW39TL1","BLR7","1","406-1638708-0403561","INR","608.57","38.10","0.00","CHELAKKARA","KERALA","680586"
"2026-08-05T20:51:53+05:30","5025YKTEAL-XL","X001BLP7PD","B08W3BFW6M","HYD8","1","407-1070096-2305931","INR","475.24","38.10","0.00","HYDERABAD","TELANGANA","500043"
"2026-08-05T20:47:51+05:30","1530YKWINE-M","X001UPFFR5","B0CGNKTJJ1","DEL5","1","403-0458484-9005161","INR","522.86","0.00","0.00","NEW DELHI","DELHI","110021"
"2026-08-05T20:47:50+05:30","5037YKPINK-3XL","X00291PGWX","B0DZC82MSW","BLR8","1","408-0579872-1236332","INR","532.38","18.10","0.00","BENGALURU","KARNATAKA","560061"
"2026-08-05T20:46:51+05:30","5010YKWHITE-S","X0014LH5D7","B0832D6PTH","CJB1","1","407-8704242-9033169","INR","475.24","0.00","0.00","KOLLAM","KERALA","689695"
"2026-08-05T20:46:51+05:30","5010YKWHITE-3XL","X0015KVQ2N","B0851QWV4N","CJB1","1","407-8704242-9033169","INR","513.33","0.00","0.00","KOLLAM","KERALA","689695"
"2026-08-05T20:45:52+05:30","1946YKGREEN-L","X002GA7OG3","B0G2JH95QD","BLR7","1","404-0251268-3914766","INR","856.20","18.10","0.00","BENGALURU","KARNATAKA","560043"
"2026-08-05T20:45:49+05:30","1676YKRED-4XL","X0023G4VRP","B0DBZTLLJV","BOM5","1","408-7272236-6016358","INR","570.48","18.10","0.00","MUMBAI","MAHARASHTRA","400072"
"2026-08-05T20:44:52+05:30","1048YKBLUE-XXL","X002A6C9VX","B0F4RD5XLC","BOM5","1","403-9399857-8657103","INR","541.90","38.10","0.00","ALIBAG","MAHARASHTRA","402201"
"2026-08-05T20:44:18+05:30","1189YKMAROON-S","X00190Z8WN","B08HJDLCZ3","BLR7","1","406-1247644-1824323","INR","760.96","0.00","0.00","BENGALURU","KARNATAKA","560066"
"2026-08-05T20:42:56+05:30","6027SKDBLACK-4XL","X002IJ9FOV","B0GN34KWLN","HYD8","1","403-9265693-8084327","INR","1075.24","0.00","0.00","JAMSHEDPUR","JHARKHAND","831005"
"2026-08-05T20:41:52+05:30","5041YKBOTTELGREEN-S","X002A695VZ","B0F4RBWRVM","BLR8","1","406-3137477-6910726","INR","475.24","18.10","0.00","BENGALURU","KARNATAKA","560109"
"2026-08-05T20:39:54+05:30","1943YKGREEN-3XL","X002FQ39IP","B0FXXDKQ2L","BLR7","1","406-0750806-7265108","INR","475.24","0.00","0.00","MYSURU","KARNATAKA","570018"
"2026-08-05T20:39:48+05:30","1777YKOFFWHITE-L","X0025FLWDP","B0DJR7ZH9J","BOM5","1","408-5233123-7165914","INR","503.80","0.00","0.00","PUNE","MAHARASHTRA","411015"
"2026-08-05T20:39:48+05:30","1180YKYELLOW-XL","X0018MV4H5","B08DHT4NCV","CCX2","1","403-7737932-7679514","INR","446.67","38.10","0.00","BOKARO STEEL CITY","JHARKHAND","827013"
"2026-08-05T20:38:54+05:30","AK-228BLACK-3XL","X002F3KVX9","B0FTMJGPJ1","HYD8","1","406-3021467-3532302","INR","475.24","38.10","0.00","KHARORA","CHHATTISGARH","493225"
"2026-08-05T20:38:53+05:30","1065YKBLUE-M","X0013S1HYJ","B07YZ7HM8N","HYD3","1","408-8360591-6496352","INR","722.86","38.10","0.00","KHAMMAM","TELANGANA","507165"
"2026-08-05T20:38:49+05:30","4033DRSBLUE-8XL","X002EMDHNR","B0FRG3WRS3","BOM7","1","402-3290106-0218769","INR","608.58","0.00","0.00","MUMBAI","MAHARASHTRA","400093"
"2026-08-05T20:38:48+05:30","1605YKBLUE-M","X001Z1Y8C7","B0CWXZTCWB","MAA4","1","402-0275985-2652339","INR","684.76","0.00","0.00","VARKALA","KERALA","695144"
"2026-08-05T20:37:55+05:30","1317YKBLUE-4XL","X001GP6Y1P","B097N4L6ZH","BOM7","1","407-8333310-4989126","INR","541.90","0.00","0.00","BENGALURU","KARNATAKA","560046"
"2026-08-05T20:37:50+05:30","5012YKPINK-5XL","X0018YHIQT","B08KDTZF74","MAA4","1","171-7280454-6305108","INR","522.86","0.00","0.00","BENGALURU","KARNATAKA","560099"
"2026-08-05T20:36:47+05:30","1065YKBLUE-XL","X0013S1YTR","B07YZ648HM","BOM5","1","406-0468454-2427539","INR","722.86","0.00","0.00","Thane ambernath","MAHARASHTRA","421506"
"2026-08-05T20:35:56+05:30","1258YKWHITE-3XL","X001CWZXFF","B092R1HRNW","BOM5","1","404-9657405-1786760","INR","770.48","0.00","0.00","HYDERABAD","TELANGANA","500014"
"2026-08-05T20:35:47+05:30","1063YKRED-S","X0013WPBKV","B07Z5XPK3L","LKO1","1","408-4930517-4519539","INR","522.86","38.10","28.57","GOPALGANJ","BIHAR","841243"
"2026-08-05T20:34:56+05:30","1784YKDPINK-XL","X002DWZG2D","B0FNDGDZ41","MAA4","1","405-4270927-2046734","INR","1113.34","0.00","0.00","Karunya Nagar, Coimbatore","TAMIL NADU","641114"
"2026-08-05T20:33:55+05:30","1529KDWINE-9-10","X002H4MIZZ","B0G9GB3N9K","BLR8","1","406-6817760-4625124","INR","532.38","0.00","0.00","Chennai","TAMIL NADU","600013"
"2026-08-05T20:32:45+05:30","7102YKMAROON-M","X002HYJSDF","B0GJKGZYN1","CCX1","1","404-6330406-2630729","INR","0.00","0.00","0.00","Jorhat","ASSAM","785008"
"2026-08-05T20:30:53+05:30","1336YKBLACK-L","X001FVHBIF","B09GPBM14Q","BLR8","1","408-8819563-5992300","INR","475.24","0.00","0.00","Gurugram","HARYANA","122011"
"2026-08-05T20:28:50+05:30","1488YKWHITE-XXL","X001VZV05P","B0CL4BJXRC","BLR8","1","403-7352755-4313145","INR","627.62","0.00","0.00","Noida","UTTAR PRADESH","201301"
"2026-08-05T20:28:47+05:30","5034YKOFFWHITE-L","X001X2WIXT","B0CPJ118PF","LKO1","1","406-4311024-6237134","INR","513.34","0.00","0.00","Lucknow","UTTAR PRADESH","226030"
"2026-08-05T20:27:55+05:30","1472YKGREEN-XL","X001WJU06Z","B0CN12D7PX","DEL5","1","171-0387974-8585100","INR","903.81","0.00","0.00","DEHRADUN","UTTARAKHAND","248008"
"2026-08-05T20:24:56+05:30","5007YKBLACK-XL","X0014LH5BT","B0832CTNHN","BLR7","1","171-7038502-0646756","INR","475.24","0.00","0.00","VISAKHAPATNAM","ANDHRA PRADESH","530044"
"2026-08-05T20:24:55+05:30","1308YKBLUE-4XL","X00282C2LB","B0DTPCXYWQ","HYD8","1","403-3361438-2610754","INR","618.10","0.00","0.00","HYDERABAD","TELANGANA","500097"
"2026-08-05T20:24:52+05:30","1096YKBLUE-XXL","X0014I8S3V","B082X8BV35","HYD8","1","406-7635940-1775521","INR","760.95","0.00","0.00","REHLA","JHARKHAND","822124"
"2026-08-05T20:24:51+05:30","1308YKBLUE-4XL","X00282C2LB","B0DTPCXYWQ","MAA4","1","408-8195998-2718725","INR","618.10","0.00","0.00","BENGALURU","KARNATAKA","560034"
"2026-08-05T20:24:51+05:30","1127YKMAROON-4XL","X0020ZP2KJ","B0D3TF419V","BOM5","1","171-1120853-7607515","INR","837.14","0.00","0.00","THANE","MAHARASHTRA","401107"
"2026-08-05T20:20:54+05:30","6025SKDPURPLE-6XL","X002HLDYQ5","B0GGB41SJV","BLR8","1","171-1231486-9460321","INR","1265.71","0.00","0.00","Chennai","TAMIL NADU","600116"
"2026-08-05T20:18:53+05:30","1556YKGREEN-4XL","X001VG3VNX","B0CJ2JLQHR","CJB1","1","406-9961468-3526742","INR","475.24","0.00","0.00","ERNAKULAM","KERALA","682032"
"2026-08-05T20:18:46+05:30","314PLYK411RED-4XL","X0014BKGZB","B08292ZCLZ","MAA4","1","404-0068406-8555544","INR","0.00","0.00","0.00","CHENNAI","TAMIL NADU","600095"
"2026-08-05T20:18:05+05:30","1966YKYELLOW-8XL","X002MFLR5L","B0H64NRZGL","BLR8","1","171-6403203-8764364","INR","608.57","0.00","0.00","MADURAI","TAMIL NADU","625004"
"2026-08-05T20:17:50+05:30","1048YKBLUE-XL","X0013K7G51","B07Z5SKNB7","BOM5","1","406-9664307-5917933","INR","513.33","38.10","0.00","RAJKOT","GUJARAT","360002"
"2026-08-05T20:17:48+05:30","5035YKBLACK-5XL","X001X2SEIH","B0CPJ27KKR","BLR8","1","403-2206685-1109106","INR","541.90","0.00","0.00","BENGALURU","KARNATAKA","560048"
"2026-08-05T20:16:51+05:30","1065YKBLUE-XL","X0013S1YTR","B07YZ648HM","DED4","1","406-4626793-5061158","INR","722.86","0.00","0.00","GURUGRAM","HARYANA","122003"
"2026-08-05T20:16:46+05:30","5013YKRED-XXL","X001A8RA2Z","B08CSMLRJL","AMD2","1","407-1564968-9628353","INR","513.34","38.10","0.00","MUNDRA","GUJARAT","370421"
"2026-08-05T20:14:49+05:30","1473YKWHITE-XL","X001Q35VFR","B0BVRHMSTK","HYD8","1","405-8030709-4302769","INR","389.52","0.00","0.00","HYDERABAD","TELANGANA","500090"
"2026-08-05T20:14:49+05:30","7036YKBLS-M","X0020ZUQC3","B0D49L7KPW","PNQ3","1","171-7683580-7994738","INR","503.81","0.00","0.00","AHMEDABAD","GUJARAT","380015"
"2026-08-05T20:13:54+05:30","1258YKWHITE-M","X001CWZYWH","B092QZXZC6","HYD8","1","405-9095611-7970733","INR","741.90","0.00","0.00","hyderabad","TELANGANA","500090"
"2026-08-05T20:12:58+05:30","5007YKBLACK-L","X0014LGX8F","B0832LSJGC","BLR7","1","405-9499546-0979568","INR","475.24","9.04","0.00","Bengaluru","KARNATAKA","560062"
"2026-08-05T20:11:50+05:30","6012SKDMAROON-L","X0029NDQ9L","B0F2G3X8GN","BLR8","1","404-2352392-0606725","INR","1065.71","0.00","0.00","NOIDA","UTTAR PRADESH","201304"
"2026-08-05T20:11:45+05:30","1034YKNTEAL-XXL","X001P7J9QV","B07VPQJ2TC","DEL4","1","408-9587708-2526731","INR","665.71","38.10","0.00","PATNA","BIHAR","800013"
"2026-08-05T20:09:52+05:30","1605YKBLUE-4XL","X001Z1YAJX","B0CWXZDRYP","BOM7","1","402-6092477-4093921","INR","722.86","38.10","0.00","NAGPUR","MAHARASHTRA","440024"
"2026-08-05T20:09:52+05:30","190PLYKN214MEHROON-3XL","X001P7J9BB","B08SQKVM5W","BOM7","1","402-6092477-4093921","INR","713.34","38.10","0.00","NAGPUR","MAHARASHTRA","440024"
"2026-08-05T20:09:52+05:30","1096PLYKBLUE-3XL","X001FUOVGL","B09DT3D55D","BOM7","1","402-6092477-4093921","INR","760.96","38.10","0.00","NAGPUR","MAHARASHTRA","440024"
"2026-08-05T20:09:52+05:30","1188PLYKPINK-3XL","X001DSD2BP","B0925ZBLND","BOM7","1","402-6092477-4093921","INR","732.38","38.10","0.00","NAGPUR","MAHARASHTRA","440024"
"2026-08-05T20:08:54+05:30","4017DRSBLUE-3XL","X002CAMEIF","B0FFGRB316","BOM7","1","404-1121744-2949148","INR","570.48","6.03","0.00","Thane","MAHARASHTRA","400615"
"2026-08-05T20:08:01+05:30","237YK345PINK-XS","X0014CSNJ1","B082KFC4SL","BLR8","1","407-0095511-4110739","INR","475.24","38.10","0.00","PUNE","MAHARASHTRA","411016"
"2026-08-05T20:07:57+05:30","1278YKPINK-L","X001EDRJU9","B098LP2P9Y","HYD8","1","406-7581162-9803534","INR","684.76","0.00","0.00","PONNUR","ANDHRA PRADESH","522124"
"2026-08-05T20:07:46+05:30","1262YKBLACK-5XL","X001BZCPA9","B08W1SCHRY","CCX2","1","407-0348682-6594755","INR","789.52","0.00","0.00","KOLKATA","WEST BENGAL","700048"
"2026-08-05T20:06:49+05:30","1561YKWHITE-L","X0027BBYKN","B0DRCK8PS2","BLR7","1","407-3705319-4283533","INR","380.00","0.00","0.00","MYSURU","KARNATAKA","570028"
"2026-08-05T20:06:47+05:30","1904YKPINK-4XL","X002AWFBYJ","B0F88BFT3Z","BOM5","1","403-7481592-8424348","INR","627.62","0.00","0.00","MUMBAI","MAHARASHTRA","400012"
"2026-08-05T20:05:51+05:30","7008YKBLSBLUE-M","X001WDDA63","B0CM9HTBHZ","BLR8","1","403-6325413-7768350","INR","503.81","0.00","0.00","ERNAKULAM","KERALA","682030"
"2026-08-05T20:05:51+05:30","1943YKGREEN-3XL","X002FQ39IP","B0FXXDKQ2L","DED4","1","405-1537727-8576317","INR","475.24","0.00","0.00","PATNA","BIHAR","800023"
"2026-08-05T20:04:45+05:30","1968YKBLACK-M","X002MFK8PL","B0H654FM78","BLR8","1","404-7237076-6326740","INR","0.00","0.00","0.00","CHENNAI","TAMIL NADU","600073"
"2026-08-05T20:03:52+05:30","179PLYK295MULTI-8XL","X0024BECVT","B0DFY4KWPR","BLR7","1","403-2426347-1532322","INR","694.29","0.00","0.00","HYDERABAD","TELANGANA","500020"
"2026-08-05T20:02:49+05:30","1536YKBLACK-6XL","X002CNVRPD","B0FH2JW7NJ","AMD2","1","406-6277460-1548346","INR","675.24","0.00","0.00","AHMEDABAD","GUJARAT","380015"
"2026-08-05T19:59:50+05:30","1127YKMAROON-XS","X0026SJ111","B0DPKYQST4","CJB1","1","406-8877044-4453157","INR","808.57","0.00","0.00","Aluva","KERALA","683101"
"2026-08-05T19:58:59+05:30","1556YKGREEN-M","X001URKC7V","B0CGV7JKN2","BLR8","1","403-9094318-5521135","INR","446.66","0.00","0.00","Shivamogga","KARNATAKA","577204"
"2026-08-05T19:58:05+05:30","1303YKBLACK-S","X001F7T49X","B097R5K45J","LKO1","1","403-5006452-3775523","INR","541.90","0.00","0.00","UNNAO","UTTAR PRADESH","209801"
"2026-08-05T19:57:05+05:30","1467PLYKGREY-4XL","X001VQCV25","B0CKDXZHKC","BOM5","1","171-5150029-0053169","INR","799.04","0.00","0.00","MUMBAI","MAHARASHTRA","400103"
"2026-08-05T19:56:52+05:30","1937YKPURPLE-5XL","X002F1XG0B","B0FTFFTGGD","DEL5","1","402-6205531-0953118","INR","884.76","38.10","0.00","AJMER","RAJASTHAN","305001"
"2026-08-05T19:54:44+05:30","1507PLYKPINK-XXL","X001VV996V","B0CKT5MY3F","CJB1","1","405-3095911-1567508","INR","703.80","38.10","0.00","PERAMBALUR","TAMIL NADU","621220"
"2026-08-05T19:52:47+05:30","1470YKBLUE-M","X001VVLN0V","B0CKT5FZ5G","HYD8","1","404-1905598-0946755","INR","0.00","0.00","0.00","BENGALURU","KARNATAKA","562106"
"2026-08-05T19:50:50+05:30","1532YKBLUE-M","X001URKC99","B0CGV93PDH","DEL4","1","408-6744166-2024329","INR","446.67","38.10","0.00","JEWAR","UTTAR PRADESH","203135"
"2026-08-05T19:50:48+05:30","1373YKPINK-XXL","X001GP8T8V","B09JNP2GJW","DEL5","1","407-3694271-0978761","INR","475.24","18.10","0.00","Gurugram","HARYANA","122001"
"2026-08-05T19:50:46+05:30","1556YKGREEN-6XL","X00232CF1D","B0D9P1841G","PNQ3","1","404-6028936-9320304","INR","0.00","0.00","0.00","PUNE","MAHARASHTRA","411041"
"2026-08-05T19:48:55+05:30","1072YKBLACK-3XL","X0019NWESB","B08MS9XRQ6","DEL5","1","402-2859100-9973124","INR","646.67","18.10","0.00","NEW DELHI","DELHI","110015"
"2026-08-05T19:48:51+05:30","1303YKBLACK-XXL","X001F7SXB3","B097R6VYM2","PNQ3","1","408-8418654-4579511","INR","570.48","0.00","0.00","Pune","MAHARASHTRA","411017"
"2026-08-05T19:44:49+05:30","1391YKBLUE-XS","X002724OVN","B0DQCWQR6X","BLR7","1","406-4295571-7450702","INR","665.72","18.10","0.00","BENGALURU","KARNATAKA","560037"
"2026-08-05T19:43:59+05:30","1532YKBLUE-4XL","X0028IHWLZ","B0DWWTNQP8","DEL5","1","403-3625419-1687567","INR","475.24","0.00","0.00","AGRA","UTTAR PRADESH","282002"
"2026-08-05T19:43:53+05:30","167YKO251BLACK-M","X00112Y05F","B07BP8SHQP","HYD8","1","405-3239982-2040339","INR","608.58","18.10","0.00","HYDERABAD","TELANGANA","500040"
"2026-08-05T19:43:02+05:30","1943YKGREEN-3XL","X002FQ39IP","B0FXXDKQ2L","BOM7","1","402-1868875-5009109","INR","475.24","0.00","0.00","MUMBAI","MAHARASHTRA","400033"
"2026-08-05T19:41:58+05:30","1556YKGREEN-4XL","X001VG3VNX","B0CJ2JLQHR","MAA4","1","406-9228954-8054766","INR","475.24","0.00","0.00","CHENNAI","TAMIL NADU","600042"
"2026-08-05T19:38:54+05:30","1337PLYKRED-4XL","X001GVBZHH","B09KRZV1GN","BLR8","1","408-5356121-1026725","INR","789.52","0.00","0.00","Ranchi","JHARKHAND","834001"
"2026-08-05T19:37:54+05:30","7099YKBROWN-M","X002GOMCMF","B0G4R9BYPQ","DED4","1","171-8234761-7773121","INR","418.10","0.00","0.00","NEW DELHI","DELHI","110029"
"2026-08-05T19:37:54+05:30","7099YKBROWN-S","X002GOM8CT","B0G4R92ZRK","DED4","1","171-8234761-7773121","INR","418.10","0.00","0.00","NEW DELHI","DELHI","110029"
"2026-08-05T19:35:50+05:30","1407PLYKMULTI-4XL","X001NOM0KX","B0BJ2ZP98W","HYD8","1","408-3606901-0926711","INR","799.05","0.00","0.00","SRIKAKULAM","ANDHRA PRADESH","532403"
"2026-08-05T19:34:50+05:30","1187PLYKPINK-4XL","X001GP8S9B","B09DT6BJ5Z","BLR7","1","408-9110783-6792325","INR","722.86","0.00","0.00","BENGALURU","KARNATAKA","560034"
"2026-08-05T19:34:48+05:30","1946YKGREEN-M","X002GACYN1","B0G2JHWBX7","BOM5","1","405-4681625-4293919","INR","856.20","38.10","0.00","NAVI MUMBAI","MAHARASHTRA","400706"
"2026-08-05T19:33:52+05:30","AK-228BLACK-3XL","X002F3KVX9","B0FTMJGPJ1","DED4","1","402-4619241-9255562","INR","475.24","0.00","0.00","MUMBAI","MAHARASHTRA","400033"
"2026-08-05T19:33:51+05:30","1797YKBROWN-M","X002805XCX","B0DTHGVT4Q","PNQ3","1","406-6827287-8226766","INR","475.24","0.00","0.00","PIMPRI CHINCHWAD","MAHARASHTRA","412101"
"2026-08-05T19:32:53+05:30","1306YKORANGE-8XL","X002F6O0ND","B0FV3G79ZH","HYD8","1","403-8881042-0041133","INR","722.86","0.00","0.00","HYDERABAD","TELANGANA","500020"
"2026-08-05T19:32:51+05:30","6012SKDMAROON-L","X0029NDQ9L","B0F2G3X8GN","LKO1","1","402-5582280-8328335","INR","1065.72","0.00","0.00","KANPUR","UTTAR PRADESH","208020"
"2026-08-05T19:32:47+05:30","1048YKBLUE-4XL","X002DYV611","B0FNN6Q2CM","DED4","1","404-4462673-5869917","INR","0.00","0.00","0.00","KALADHUNGI","UTTARAKHAND","263139"
"2026-08-05T19:31:01+05:30","1556YKGREEN-L","X001URKJAV","B0CGV9FLX3","HYD8","1","405-0098233-2898749","INR","446.66","6.03","0.00","HYDERABAD","TELANGANA","500049"
"2026-08-05T19:30:52+05:30","7099YKBROWN-XL","X002GON60H","B0G4R6R88H","BLR7","1","407-5605270-7608361","INR","418.10","0.00","0.00","BENGALURU","KARNATAKA","560085"
"2026-08-05T19:27:46+05:30","5010YKWHITE-L","X0014LH5BJ","B0832KVFFK","MAA4","1","408-2323692-6050748","INR","475.24","18.10","0.00","Chennai","TAMIL NADU","600129"
"2026-08-05T19:25:52+05:30","5041YKBOTTELGREEN-4XL","X002A68JKD","B0F4RFMVBJ","BLR7","1","406-2752752-4006769","INR","513.33","38.10","0.00","DEORIA","UTTAR PRADESH","274806"
"2026-08-05T19:25:49+05:30","1306YKORANGE-L","X001GC4IV1","B09GPGH5CH","HYD8","1","403-9468091-0940357","INR","618.10","38.10","0.00","ELURU","ANDHRA PRADESH","534001"
"2026-08-05T19:23:01+05:30","4035DRSMULTI-L","X002GA044H","B0G2JGWZ5N","DEL5","1","171-3978788-0532344","INR","541.90","0.00","0.00","GHAZIABAD","UTTAR PRADESH","201017"
"2026-08-05T19:21:47+05:30","1096YKBLUE-3XL","X001JWNXFP","B09X79KHCW","MAA4","1","408-2790243-5809161","INR","760.96","0.00","0.00","CHENNAI","TAMIL NADU","600099"
"2026-08-05T19:20:48+05:30","190YK214MEHROON-L","X000VC31Q5","B07F1NLYP3","CJB1","1","403-4896410-9801962","INR","627.62","0.00","0.00","THIRUVANANTHAPURAM","KERALA","695023"
"2026-08-05T19:19:54+05:30","4028DRSPINK-L","X002LQVOY5","B0H33JPX95","BLR7","1","407-2387854-8150738","INR","513.34","38.10","0.00","BENGALURU","KARNATAKA","560048"
"2026-08-05T19:19:53+05:30","7099YKBROWN-L","X002GON7GF","B0G4RB5NG2","BLR8","1","404-4764918-7161929","INR","418.10","0.00","0.00","BENGALURU","KARNATAKA","560083"
"2026-08-05T19:19:52+05:30","1491YKMAROON-XL","X001VVMTVX","B0CKT4B5PT","BLR7","1","408-9151909-5215533","INR","675.24","0.00","0.00","CHENNAI","TAMIL NADU","600122"
"2026-08-05T19:16:44+05:30","AK-228BLACK-5XL","X002F2OTCJ","B0FTMD3QZR","AMD2","1","406-4863660-3142704","INR","475.24","38.10","0.00","Perundurai","TamilNadu","638116"
"2026-08-05T19:16:43+05:30","1592PLYKBLUE-3XL","X001VZSN41","B0CL487FNQ","FBOF","1","408-0110045-6904303","INR","722.86","9.04","0.00","MUMBAI","MAHARASHTRA","400078"
"2026-08-05T19:16:43+05:30","1162YKMAROON-3XL","X00232G0P5","B08J3TVPRS","MAA4","1","404-9819541-8444305","INR","0.00","0.00","0.00","Chennai","TAMIL NADU","600091"
"2026-08-05T19:15:47+05:30","1085YKPINK-4XL","X001HVQZ6H","B09P5JYH93","DEL5","1","406-6105513-5657924","INR","684.76","0.00","0.00","Pune","MAHARASHTRA","412101"
"2026-08-05T19:13:51+05:30","4004DRSBLACK-S","X002F2LC51","B0FTFWQ8HS","DEL4","1","403-1678738-8699567","INR","399.04","18.10","0.00","Gurugram","HARYANA","122018"
"2026-08-05T19:12:49+05:30","1517YKBLACK-XL","X002D5RV0P","B0FK2P22LP","HYD8","1","408-2070716-2551550","INR","532.38","0.00","0.00","CHIPURUPALLE","ANDHRA PRADESH","535128"
"2026-08-05T19:12:48+05:30","1336YKBLACK-XL","X001FVHBI5","B09GPB6555","DEL5","1","406-1947676-9392335","INR","475.24","0.00","0.00","HSIIDC INDUSTRIAL ESTATE PANIPAT","HARYANA","132140"
"2026-08-05T19:12:47+05:30","7087YKMUSTARD-M","X002GER60N","B0G3594S9X","LKO1","1","171-2033071-8606716","INR","513.33","38.10","0.00","HOWRAH","WEST BENGAL","711102"
"2026-08-05T19:12:47+05:30","190PLYK214MEHROON-5XL","X001BEWCA3","B08SQSHJG4","HYD8","1","403-9421658-6440358","INR","675.24","38.10","0.00","HYDERABAD","TELANGANA","500038"
"2026-08-05T19:12:46+05:30","1602YKLAVENDER-M","X001VZSN6T","B0CL49VM92","BOM5","1","171-1980204-2681952","INR","475.24","0.00","0.00","KARAD","MAHARASHTRA","415539"
"2026-08-05T19:11:50+05:30","1362YKBLACK-L","X001GP8OAT","B09GVJRYJF","CJB1","1","403-1222407-7575559","INR","627.62","0.00","0.00","BENGALURU","KARNATAKA","560016"
"2026-08-05T19:09:48+05:30","1942YKMULTI-XL","X002F45VZ1","B0FTSM9M5B","DEL4","1","403-4507502-5556361","INR","446.67","0.00","0.00","RISHIKESH","UTTARAKHAND","249204"
"2026-08-05T19:08:50+05:30","AK-228BLACK-XXL","X002F3JSOR","B0FTMF59GR","BLR8","1","408-1864448-0112315","INR","475.24","0.00","0.00","Aluva","KERALA","683105"
"2026-08-05T19:05:49+05:30","1472PLYKGREEN-XXL","X001WJU09R","B0CN13ZZ95","LKO1","1","403-0567215-6392314","INR","903.81","38.10","0.00","CHANPATIA","BIHAR","845449"
"2026-08-05T19:04:47+05:30","1180YKYELLOW-L","X0018MTD5P","B08DHL1FV8","CJB1","1","408-4021703-9057962","INR","446.66","38.10","0.00","KAMBAINALLUR","TAMIL NADU","635202"
"2026-08-05T19:03:44+05:30","1589YKORANGE-4XL","X002ANGB97","B0F6YP4DVM","LKO1","1","404-7663234-0349931","INR","475.24","0.00","0.00","NEW DELHI","DELHI","110017"
"2026-08-05T19:02:47+05:30","4007DRSBLACK-M","X002CAMDXL","B0FFGTG2KP","BLR8","1","404-5069299-9101918","INR","0.00","0.00","0.00","MANTHA","MAHARASHTRA","431504"
"2026-08-05T19:00:53+05:30","6007SKDBLUE-XL","X002IFQOWL","B0GMH6PKNP","DEL5","1","407-9627234-4193107","INR","1189.52","0.00","0.00","Ernakulam","KERALA","682017"
"2026-08-05T19:00:51+05:30","1472YKGREEN-M","X001WJULXH","B0CN14GYTM","DED4","1","407-5838599-4775510","INR","903.81","0.00","0.00","Mumbai","MAHARASHTRA","400076"
"2026-08-05T18:59:54+05:30","1096YKBLUE-S","X0014ICJH7","B082X8MQS7","DEL5","1","408-7433228-4237125","INR","722.86","38.10","0.00","VARANASI","UTTAR PRADESH","221107"
"2026-08-05T18:58:50+05:30","1051YKMAROON-S","X0013IU7G3","B07YZ7WQ76","BLR7","1","408-3978644-1275536","INR","741.90","38.10","0.00","HYDERABAD","TELANGANA","501505"
"2026-08-05T18:54:57+05:30","188YK83NAVY-XL","X000VC2WDD","B07F2CHXHR","LKO1","1","171-1677464-9522752","INR","494.29","38.10","0.00","NEW DELHI","DELHI","110095"
"2026-08-05T18:50:47+05:30","AK-228BLACK-3XL","X002F3KVX9","B0FTMJGPJ1","BLR7","1","403-2467979-2778719","INR","475.24","0.00","0.00","Pune","MAHARASHTRA","411006"
"2026-08-05T18:34:00+05:30","1046YKBLUE-XXL","X001GP8S7X","B091TY7541","HYD8","1","406-0611784-1917166","INR","570.48","0.00","0.00","BENGALURU","KARNATAKA","560036"
"2026-08-05T18:30:41+05:30","1913YKBEIGE-3XL","X002DXIJK3","B0FNK9FQN9","MAA4","1","404-7539806-1333918","INR","703.81","0.00","0.00","HYDERABAD","TELANGANA","500044"
"2026-08-05T18:29:58+05:30","1317PLYKBLUE-5XL","X001GP8OIV","B09DT47NLM","HYD8","1","407-6897432-9756364","INR","541.90","18.10","0.00","HYDERABAD","TELANGANA","500008"
"2026-08-05T18:29:55+05:30","1317PLYKBLUE-5XL","X001GP8OIV","B09DT47NLM","HYD8","1","407-0915805-0521131","INR","541.90","18.10","0.00","HYDERABAD","TELANGANA","500008"
"2026-08-05T18:29:49+05:30","1529KDWINE-9-10","X002H4MIZZ","B0G9GB3N9K","BLR8","1","405-0579756-1680341","INR","532.38","0.00","0.00","NEW DELHI","DELHI","110049"
"2026-08-05T18:28:54+05:30","1552PLYKRED-8XL","X002C3E6O7","B0FDGVT8PW","CJB1","1","407-1596455-7897935","INR","808.57","0.00","0.00","KANPUR","UTTAR PRADESH","208003"
"2026-08-05T18:26:59+05:30","5040YKBEIGE-L","X002B5GCCZ","B0F91SS9LZ","CCX1","1","403-2463605-8513904","INR","494.28","38.10","0.00","KOLKATA","WEST BENGAL","700040"
"2026-08-05T18:26:59+05:30","1127YKMAROON-4XL","X0020ZP2KJ","B0D3TF419V","CJB1","1","402-2201671-6500360","INR","837.14","38.10","0.00","ETTIMADAI","TAMIL NADU","641112"
"2026-08-05T18:26:59+05:30","1941YKMUSTARD-4XL","X002F595E3","B0FTX1RMQM","CJB1","1","402-2201671-6500360","INR","837.14","38.10","0.00","ETTIMADAI","TAMIL NADU","641112"
"2026-08-05T18:26:52+05:30","1902YKGREEN-L","X002D9CDMR","B0FKH9NPYN","DED4","1","403-4492410-2840314","INR","627.62","0.00","0.00","NEW DELHI","DELHI","110064"
"2026-08-05T18:26:52+05:30","5011YKOWHITE-4XL","X001BZCUMH","B08MSYR5PS","MAA4","1","406-1072501-1565121","INR","513.34","18.10","0.00","Chennai","TAMIL NADU","600073"
"2026-08-05T18:25:44+05:30","5041YKBOTTELGREEN-L","X002A61MTX","B0F4RDVNZJ","CCX1","1","402-1818334-1775552","INR","475.24","38.10","0.00","Ranchi","JHARKHAND","834001"
"2026-08-05T18:23:49+05:30","1937YKPURPLE-4XL","X002F2H1LF","B0FTFV42KN","HYD8","1","405-3279153-7705903","INR","884.76","0.00","0.00","Vijayawada","ANDHRA PRADESH","520007"
"2026-08-05T18:22:49+05:30","5041YKBOTTELGREEN-XXL","X002A692P9","B0F4RCLSQ6","HYD3","1","405-6183146-1025922","INR","513.34","0.00","0.00","HYDERABAD","TELANGANA","500014"
"2026-08-05T18:22:46+05:30","225YK148OWHTE-4XL","X00132C2JT","B07XZ4F1M3","DED4","1","403-0810037-5487510","INR","808.58","18.10","0.00","GURUGRAM","HARYANA","122001"
"2026-08-05T18:21:48+05:30","1303YKBLACK-XL","X001F1P42F","B097R7ZMK1","CCX2","1","408-6957009-6198750","INR","541.90","0.00","0.00","BARASAT","WEST BENGAL","700126"
"2026-08-05T18:20:53+05:30","1529KDWINE-11-12","X002H4GY7D","B0G9JXS6C4","CJB1","1","408-5658936-3873121","INR","560.95","38.10","0.00","Thrissur","KERALA","680612"
"2026-08-05T18:19:47+05:30","AK-228BLACK-5XL","X002F2OTCJ","B0FTMD3QZR","CCX1","1","171-5642938-5008362","INR","475.24","0.00","0.00","PANIHATI","WEST BENGAL","700115"
"2026-08-05T18:18:55+05:30","1379YKGREEN-M","X001JFM4OX","B09QXFBGTX","HYD8","1","403-7082678-6746703","INR","799.04","0.00","0.00","HYDERABAD","TELANGANA","500046"
"2026-08-05T18:18:49+05:30","1585YKPINK-3XL","X002AIS7SF","B0F6JWT779","HYD8","1","408-8410189-9273160","INR","1113.34","0.00","0.00","HYDERABAD","TELANGANA","500088"
"2026-08-05T18:17:49+05:30","1293YKMAROON-7XL","X0022FS38P","B0D7PXV3RV","HYD8","1","408-5703872-4331556","INR","884.76","38.10","0.00","SHAHABAD","KARNATAKA","585228"
"2026-08-05T18:16:55+05:30","1043YKMAROON-XL","X0013I5S1R","B07Z5WYPQ8","DED4","1","405-1703268-3154761","INR","427.62","0.00","0.00","NEW DELHI","DELHI","110075"
"2026-08-05T18:15:51+05:30","275YK146MULTI-L","X0010E3PCN","B07Q3KFQC3","CCX2","1","171-4976431-7505123","INR","694.28","38.10","0.00","KOLKATA","WEST BENGAL","700026"
"2026-08-05T18:12:47+05:30","1470YKBLUE-XL","X001VVIBLZ","B0CKT52LRH","PNQ3","1","406-9679100-5730760","INR","408.58","18.10","0.00","PUNE","MAHARASHTRA","411052"
"2026-08-05T18:11:00+05:30","5007YKBLACK-XL","X0014LH5BT","B0832CTNHN","HYD8","1","402-9137175-8494727","INR","475.24","4.53","0.00","Hyderabad","Telangana","502032"
"2026-08-05T18:10:53+05:30","1473YKWHITE-M","X001Q33DCZ","B0BVRJ9B1D","HYD8","1","171-4601888-6529166","INR","389.52","38.10","0.00","AMRAVATI","MAHARASHTRA","444606"
"2026-08-05T18:10:42+05:30","7098YKPINK-3XL","X002H0VX0F","B0G7HVHFM9","DEL5","1","404-8409761-7243514","INR","0.00","0.00","0.00","RUDRAPUR","UTTARAKHAND","263153"
"2026-08-05T18:10:02+05:30","1375YKMUSTARD-XL","X001L85ADF","B0B4W161S9","HYD8","1","405-1293265-3579507","INR","580.00","0.00","0.00","HYDERABAD","TELANGANA","500090"
"2026-08-05T18:09:53+05:30","1069YKBLUE-L","X0014KG331","B0833VQJNP","BLR7","1","171-6634888-7233937","INR","418.10","0.00","0.00","VISAKHAPATNAM","ANDHRA PRADESH","530014"
"2026-08-05T18:09:50+05:30","1256YKPEACH-3XL","X001JWLS4X","B09XB7FH58","HYD8","1","408-0287263-0785138","INR","570.48","0.00","0.00","HYDERABAD","TELANGANA","500043"
"2026-08-05T18:07:52+05:30","7100YKTEAL-M","X002H27M0X","B0G8F4DTCF","BLR8","1","404-5913931-5589933","INR","418.10","0.00","0.00","MUMBAI","MAHARASHTRA","400080"
"2026-08-05T18:07:49+05:30","1306YKORANGE-5XL","X001HW3TDX","B09P5K65HF","MAA4","1","407-0589202-0007525","INR","646.67","0.00","0.00","Bengaluru","KARNATAKA","560043"
"2026-08-05T18:06:03+05:30","1968YKBLACK-3XL","X002MFNEXJ","B0H64S86SR","DEL4","1","407-5392230-2315548","INR","522.86","38.10","0.00","VADODARA","GUJARAT","391740"
"2026-08-05T18:04:50+05:30","1777YKOFFWHITE-XXL","X0025FLTZ1","B0DJR9LV9J","DEL5","1","408-5029753-4305129","INR","541.90","0.00","0.00","New Delhi","DELHI","110062"
"2026-08-05T18:04:46+05:30","190YK214MEHROON-XL","X000VC2YJ5","B07F1RHZHN","DED4","1","402-2247067-3429151","INR","627.62","0.00","0.00","PUNE","MAHARASHTRA","411041"
"2026-08-05T18:03:49+05:30","1336YKBLACK-XS","X0026J3PIF","B0DNWHT3YS","BLR7","1","402-1070661-1604323","INR","475.24","0.00","0.00","Ahmedabad","GUJARAT","382424"
"2026-08-05T18:01:51+05:30","1936YKOFFWHITE-6XL","X002F2T9QP","B0FTFX7T7S","BLR8","1","405-2316046-8093168","INR","865.71","38.10","0.00","Ernakulam","KERALA","682021"
"2026-08-05T18:00:06+05:30","7006YKBLSBLUE-XL","X001WCPT3L","B0CM9KD4DF","HYD8","1","405-7823339-1383540","INR","503.81","38.10","0.00","VIJAYAWADA","ANDHRA PRADESH","520008"
"2026-08-05T17:59:53+05:30","5036YKGREY-L","X002I9AFW7","B0GL2FQR1T","HYD8","1","402-9956908-4532306","INR","570.48","18.10","0.00","HYDERABAD","TELANGANA","500019"
"2026-08-05T17:58:50+05:30","1417PLYKBLACK-3XL","X001NOLX47","B0BJ2ZKJL1","BOM7","1","407-2133721-5056318","INR","570.48","9.04","0.00","Mumbai","MAHARASHTRA","400072"
"2026-08-05T17:57:53+05:30","1605YKBLUE-S","X001Z23BZ1","B0CWY1NXPR","BLR8","1","171-0523862-2985107","INR","684.76","0.00","0.00","TRIPUNITHURA ERNAKULAM DISTRICT","KERALA","682307"
"2026-08-05T17:57:52+05:30","1453YKBLACK-M","X001SV846Z","B0C89PBFHS","HYD8","1","408-9982009-0555519","INR","446.67","0.00","0.00","CHENNAI","TAMIL NADU","600091"
"2026-08-05T17:57:52+05:30","108PLYK148PINKRAY-5XL","X00149KR57","B08292CX5B","CCX2","1","406-0415050-3383526","INR","760.95","38.10","0.00","CUTTACK","ODISHA","754006"
"2026-08-05T17:55:56+05:30","1294YKGREEN-3XL","X001D7YEWR","B09268JL5H","BOM7","1","171-9806359-9503501","INR","541.90","6.04","0.00","THANE","MAHARASHTRA","400615"
"2026-08-05T17:55:51+05:30","5006YKBLUE-XL","X0014LEEIB","B0832DXHZ4","DED4","1","404-0388185-6298740","INR","475.24","18.10","0.00","NEW DELHI","DELHI","110021"
"2026-08-05T17:55:44+05:30","1361YKNBLUE-L","X001P7LQ5N","B09GVJBTB5","BOM7","1","404-4194303-0336364","INR","541.90","0.00","0.00","VASAI VIRAR","MAHARASHTRA","401202"
"2026-08-05T17:54:53+05:30","1941YKMUSTARD-L","X002F5587V","B0FTX3LH73","BLR7","1","406-2173515-7201138","INR","808.57","0.00","0.00","RAJKOT","GUJARAT","360005"
"2026-08-05T17:52:49+05:30","1052PLYKGREEN-3XL","X001AYMD7B","B08T76QBWP","DED4","1","402-2511737-1905142","INR","618.10","0.00","0.00","PATNA","BIHAR","801105"
"2026-08-05T17:49:49+05:30","1048YKBLUE-6XL","X002DYSKE7","B0FNN5DG2B","BOM7","1","403-8934513-0555502","INR","618.10","0.00","0.00","Mumbai","MAHARASHTRA","400060"
"2026-08-05T17:47:52+05:30","1605YKBLUE-3XL","X001Z1VMMB","B0CWXZC83Y","BOM5","1","408-6500918-8325907","INR","722.86","0.00","0.00","HYDERABAD","TELANGANA","500089"
"2026-08-05T17:47:52+05:30","1376YKMULTI-XL","X001J1NTP5","B09QXGH3CR","LKO1","1","406-2853879-2395522","INR","580.00","0.00","0.00","GUNTUR","ANDHRA PRADESH","522002"
"2026-08-05T17:46:50+05:30","1766YKMULTI-S","X0027BDWZD","B0DRD2QV51","HYD3","1","403-1638805-8019552","INR","608.57","0.00","0.00","Gurugram","HARYANA","122018"
"2026-08-05T17:45:05+05:30","1293YKMAROON-L","X001CZZ9CJ","B092R2R3R3","CCX1","1","171-5860303-6794736","INR","780.00","38.10","0.00","RAMPURHAT","WEST BENGAL","731224"
"2026-08-05T17:44:50+05:30","1943YKGREEN-XL","X002FQI0F7","B0FXXFYG2L","BOM7","1","408-2606024-6049118","INR","446.66","9.04","0.00","THANE","MAHARASHTRA","400610"
"2026-08-05T17:39:47+05:30","7014YKBLSMAROON-5XL","X001WDMKRD","B0CM9JTN7Q","CCX2","1","171-3897574-6269964","INR","513.33","0.00","0.00","BONGAIGAON","ASSAM","783385"
"2026-08-05T17:37:51+05:30","1512YKBLACK-L","X00243RMS7","B0DFCQKFZX","HYD8","1","406-3391679-1585154","INR","389.52","38.10","0.00","PUNE","MAHARASHTRA","411045"
"2026-08-05T17:36:55+05:30","1287PLYKBROWN-4XL","X001PSZHE3","B0BTHYMSHW","BLR7","1","171-1075046-5365160","INR","770.48","0.00","0.00","CHENNAI","TAMIL NADU","600100"
"2026-08-05T17:36:55+05:30","1338PLYKBLACK-4XL","X001G7FEJ1","B09HKF62YP","BLR7","1","171-1075046-5365160","INR","799.05","0.00","0.00","CHENNAI","TAMIL NADU","600100"
"2026-08-05T17:35:58+05:30","1007YKBLACK-XS","X0015HG1JT","B084SWB8F6","HYD8","1","407-2421240-5434729","INR","827.62","38.10","0.00","CHENNAI","TAMIL NADU","600016"
"2026-08-05T17:31:45+05:30","7098YKPINK-XL","X002H0T1M7","B0G7HVGDYL","LKO1","1","406-4218189-6636364","INR","418.10","0.00","0.00","LUCKNOW","UTTAR PRADESH","226010"
"2026-08-05T17:30:53+05:30","1592PLYKBLUE-3XL","X001VZSN41","B0CL487FNQ","BOM7","1","408-8430420-2672332","INR","722.86","9.04","0.00","MUMBAI","MAHARASHTRA","400071"
"2026-08-05T17:28:52+05:30","1220YKWHITE-L","X001A5Q09R","B08PF92HZC","BOM5","1","407-4514314-2623515","INR","1208.58","3.01","0.00","Mumbai","MAHARASHTRA","400076"
"2026-08-05T17:26:00+05:30","7097YKBLUE-4XL","X002GOODMH","B0G4R6PW1X","LDX1","1","402-4265597-2125965","INR","418.10","38.10","0.00","KURALI","PUNJAB","140110"
"2026-08-05T17:25:57+05:30","1472PLYKGREEN-XXL","X001WJU09R","B0CN13ZZ95","DEL5","1","407-4623910-4045918","INR","903.81","38.10","0.00","DEHRADUN","UTTARAKHAND","248001"
"2026-08-05T17:25:54+05:30","275YK146MULTI-L","X0010E3PCN","B07Q3KFQC3","HYD8","1","406-4158687-8631532","INR","694.29","0.00","0.00","CHENNAI","TAMIL NADU","600100"
"2026-08-05T17:25:53+05:30","5011YKOWHITE-L","X0014PEQY9","B0832KD21X","PNQ3","1","407-5144818-1153126","INR","475.24","6.03","0.00","PUNE","MAHARASHTRA","411014"
"2026-08-05T17:24:46+05:30","1937YKPURPLE-5XL","X002F1XG0B","B0FTFFTGGD","CCX1","1","407-0866959-2484359","INR","884.76","0.00","0.00","KOLKATA","WEST BENGAL","700032"
"2026-08-05T17:22:49+05:30","1491PLYKMAROON-7XL","X002CQS30R","B0FH77CTJH","MAA4","1","402-3767543-8007531","INR","789.52","0.00","0.00","BENGALURU","KARNATAKA","560067"
"2026-08-05T17:20:54+05:30","1127YKMAROON-3XL","X0020ZKJ39","B0D3TC543T","DEL5","1","404-0051384-4470714","INR","837.14","0.00","0.00","KOLKATA","WEST BENGAL","700027"
"2026-08-05T17:20:53+05:30","5034YKOFFWHITE-6XL","X002829QSX","B0DTP7RHQH","CCX1","1","405-1254765-4463558","INR","618.10","0.00","0.00","NEW TOWN","WEST BENGAL","700059"
"2026-08-05T17:15:56+05:30","1937YKPURPLE-4XL","X002F2H1LF","B0FTFV42KN","LDX1","1","404-8286859-9517950","INR","884.76","38.10","0.00","MOHALI","PUNJAB","140301"
"2026-08-05T17:13:53+05:30","1222YKBLUE-XXL","X0019YJ9VZ","B08MTC4VM7","BOM5","1","404-6138605-8916364","INR","818.10","4.53","0.00","MUMBAI","MAHARASHTRA","400104"
"2026-08-05T17:13:53+05:30","185YK302BLUE-XXL","X000V9JLV7","B07D4D3V99","BOM5","1","404-6138605-8916364","INR","675.24","4.53","0.00","MUMBAI","MAHARASHTRA","400104"
"2026-08-05T17:13:50+05:30","5034YKOFFWHITE-3XL","X001X2QN53","B0CPHZL7JJ","DEL4","1","408-8372124-9611547","INR","541.90","0.00","0.00","GURUGRAM","HARYANA","122505"
"2026-08-05T17:13:45+05:30","4021DRSGREEN-XL","X002ELAP6Z","B0FR9GV84Y","DEL5","1","403-6450803-2047511","INR","494.29","0.00","0.00","GHAZIABAD","UTTAR PRADESH","201009"
"2026-08-05T17:12:57+05:30","1332PLYKKHAKI-7XL","X002AFJKVV","B0F635CJDV","BLR7","1","406-2415304-9521125","INR","903.81","38.10","0.00","KALYAN","MAHARASHTRA","421301"
"2026-08-05T17:12:52+05:30","324PLYK393RANI-6XL","X0029U3MYX","B0F38NBHLH","BLR7","1","406-3061338-9288356","INR","799.05","38.10","0.00","KALYAN","MAHARASHTRA","421301"
"2026-08-05T17:12:50+05:30","1085YKPINK-4XL","X001HVQZ6H","B09P5JYH93","DEL5","1","405-8510971-1557146","INR","684.76","0.00","0.00","BENGALURU","KARNATAKA","560043"
"2026-08-05T17:10:48+05:30","1753YKGREEN-5XL","X0025PRAS1","B0DKFR361Y","HYD8","1","403-1403665-7919548","INR","1153.34","0.00","0.00","Hyderabad","TELANGANA","500085"
"2026-08-05T17:09:52+05:30","1162YKMAROON-XL","X0017LPBJT","B08DHX5NXL","HYD8","1","403-5493240-8312363","INR","446.66","38.10","0.00","Secunderabad","TELANGANA","500055"
"2026-08-05T17:09:51+05:30","5008YKGREEN-XL","X0014LH5AP","B0832P4X3Z","HYD8","1","402-6113221-0735514","INR","475.24","0.00","0.00","HYDERABAD","TELANGANA","500016"
"2026-08-05T17:09:50+05:30","1251PLYKMAROON-4XL","X001CTNN0P","B092HXDRCB","BLR7","1","404-6538712-0524363","INR","694.29","0.00","0.00","CHENNAI","TAMIL NADU","600044"
"2026-08-05T17:09:48+05:30","AK-228BLACK-3XL","X002F3KVX9","B0FTMJGPJ1","BOM5","1","171-0153977-1481957","INR","475.24","0.00","0.00","RAIPUR","CHHATTISGARH","492001"
"2026-08-05T17:06:58+05:30","1189YKMAROON-5XL","X001AO0SNH","B08RS5LKHG","BLR7","1","408-1944061-8524349","INR","799.04","38.10","0.00","Bangalore","Karnataka","560072"
"2026-08-05T17:06:54+05:30","5041YKBOTTELGREEN-XXL","X002A692P9","B0F4RCLSQ6","LKO1","1","406-6183525-9021132","INR","513.34","38.10","0.00","BANSGAON","UTTAR PRADESH","273403"
"2026-08-05T17:06:49+05:30","AK-238MULTI-XXL","X002GZZ8LB","B0G7176C5V","BLR7","1","171-9079113-5833104","INR","494.29","38.10","0.00","Thiruvananthapuram","Kerala","695011"
"2026-08-05T17:05:53+05:30","1594YKYELLOW-S","X00252QGK7","B0DHW2DCP3","BLR8","1","403-8398807-0619551","INR","799.05","0.00","0.00","HYDERABAD","TELANGANA","500035"
"2026-08-05T17:03:51+05:30","1348YKMULTI-XXL","X001G4VLQJ","B09GP9X3DD","BLR7","1","402-9121568-5680345","INR","475.24","38.10","0.00","NEW TOWN","WEST BENGAL","700136"
"2026-08-05T17:02:34+05:30","1338PLYKBLACK-3XL","X001G7GKX5","B09HKFL183","ZNNE","1","408-1349797-7501929","INR","799.05","38.10","0.00","MUMBAI","MAHARASHTRA","400007"
"2026-08-05T17:02:26+05:30","7005YKBLSMULTI-5XL","X001WDDCMP","B0CM9KMC1S","ZNNE","1","171-0744519-1592325","INR","513.33","0.00","0.00","BONGAIGAON","ASSAM","783385"
"2026-08-05T17:02:19+05:30","6007SKDBLUE-L","X002N7MK6X","B0H9FGQ5XR","ZNNE","1","406-1659962-9423554","INR","1256.19","38.10","0.00","MUZAFFARPUR","BIHAR","842001"
"2026-08-05T17:02:03+05:30","AK-237MULTI-4XL","X002GZTZ3X","B0G6ZPBFCZ","ZNNE","1","403-8111893-1056357","INR","494.29","38.10","0.00","AMBALA","HARYANA","133001"
"2026-08-05T17:01:58+05:30","1647YKMULTI-XXL","X0027DDW2T","B0D37PWXJ3","ZNNE","1","171-5473952-9774753","INR","418.10","38.10","0.00","JODHPUR","RAJASTHAN","342001"
"2026-08-05T17:01:54+05:30","1096PLYKBLUE-6XL","X0025J1WKT","B0DK1JT3ZX","ZNNE","1","407-5859526-3829932","INR","827.62","0.00","0.00","THANE","MAHARASHTRA","400601"
"2026-08-05T17:01:46+05:30","1172PLYKOLIVE-5XL","X001B29APP","B08SQX3LPH","ZNNE","1","406-0879131-8315502","INR","627.62","0.00","0.00","HOSUR","TAMIL NADU","635126"
"2026-08-05T17:01:45+05:30","1085YKPINK-XL","X0015OF9A9","B082X8CRM8","ZNNE","1","406-7758342-3732358","INR","665.71","38.10","0.00","GURDASPUR","PUNJAB","143521"
"2026-08-05T17:01:43+05:30","1220YKWHITE-M","X001A5IX9R","B08PFBXJ5B","ZNNE","1","408-6404219-3944354","INR","1208.57","38.10","0.00","MUMBAI","MAHARASHTRA","400060"
"2026-08-05T17:01:42+05:30","6025SKDPURPLE-XXL","X002HLEUMR","B0GGBBK42F","ZNNE","1","402-2889643-1387515","INR","1199.04","0.00","0.00","JAIPUR","RAJASTHAN","302020"
"2026-08-05T17:01:39+05:30","1694YKMAROON-S","X002F44FM1","B0FTT1FCDP","ZNNE","1","403-5591820-4594747","INR","351.43","38.10","0.00","CHENNAI","TAMIL NADU","600087"
"2026-08-05T17:01:39+05:30","1278YKPINK-5XL","X002B7VM4L","B0F99QZDD9","ZNNE","1","403-4158289-7181930","INR","713.33","38.10","0.00","LUCKNOW","UTTAR PRADESH","226012"
"2026-08-05T17:01:38+05:30","1759YKMULTI-XL","X002EQHY4L","B0FRY5D3YL","ZNNE","1","404-3136432-6907565","INR","751.43","38.10","0.00","NAGPUR","MAHARASHTRA","440009"
"2026-08-05T17:01:31+05:30","1233PLYKNMUSTARD-XS","X00289KCKR","B0968DH2LL","ZNNE","1","403-5598822-7129113","INR","541.90","0.00","0.00","Trivandrum","KERALA","695011"
"2026-08-05T17:01:24+05:30","1934YKPINK-M","X002F22I9Z","B0FT8TKT5Q","ZNNE","1","408-4153702-8067502","INR","684.76","0.00","0.00","NEW DELHI","DELHI","110005"
"2026-08-05T17:01:24+05:30","1788YKDPINK-M","X0029NDVO1","B0F2FS6XPF","ZNNE","1","408-4153702-8067502","INR","932.38","0.00","0.00","NEW DELHI","DELHI","110005"
"2026-08-05T17:01:16+05:30","1188PLYKPINK-7XL","X00232HHIT","B0D9NYXQW6","ZNNE","1","404-5943548-8987553","INR","846.67","0.00","0.00","CHENNAI","TAMIL NADU","600073"
"2026-08-05T17:01:14+05:30","9PLYK148BLACK-3XL","X0014AWYRF","B0829152W6","ZNNE","1","403-3180520-4550734","INR","799.05","38.10","0.00","NEW DELHI","DELHI","110085"
"2026-08-05T17:01:13+05:30","1540PLYKGREEN-6XL","X0028OXBUZ","B0DXP79Y4W","ZNNE","1","403-4053345-9106712","INR","789.52","38.10","0.00","CHENNAI","TAMIL NADU","600042"
"2026-08-05T17:01:08+05:30","7104YKOFFWHITE-XXL","X002LXWDLB","B0H3ZVB6VS","ZNNE","1","406-7172730-7757949","INR","437.14","0.00","0.00","NEW DELHI","DELHI","110077"
"2026-08-05T17:01:08+05:30","7101YKGREEN-XXL","X002ISRQT3","B0GPW1P4WJ","ZNNE","1","406-7172730-7757949","INR","418.10","0.00","0.00","NEW DELHI","DELHI","110077"
"2026-08-05T17:01:08+05:30","1975YKGREY-XXL","X002N7SXVT","B0H9DVMY96","ZNNE","1","402-7787021-2065960","INR","703.81","0.00","0.00","HYDERABAD","TELANGANA","500084"
"2026-08-05T17:01:08+05:30","1309PLYKRED-5XL","X001G7FEJL","B09HHH88CN","ZNNE","1","406-3249829-3814734","INR","694.29","0.00","0.00","VIJAYAWADA","ANDHRA PRADESH","521137"
"2026-08-05T17:01:05+05:30","1598PLYKBLUE-3XL","X001WDLDUD","B0CM9JTTQF","ZNNE","1","406-4008468-3033948","INR","789.52","0.00","0.00","KANPUR","UTTAR PRADESH","208023"
"2026-08-05T17:01:04+05:30","1437YKWHITE-XL","X001SRYGPR","B0C6GXHFL2","ZNNE","1","404-2620220-8818710","INR","703.81","38.10","0.00","MOHALI","PUNJAB","140301"
"2026-08-05T17:01:01+05:30","1362YKBLACK-XXL","X001GP8T8B","B09GVHY2S3","ZNNE","1","404-4069398-9574727","INR","675.24","0.00","0.00","FATEHABAD","HARYANA","125050"
"2026-08-05T17:01:01+05:30","1513YKTEAL-6XL","X002DBTFHL","B0FKTJ28SV","ZNNE","1","404-9603680-9039538","INR","0.00","0.00","0.00","HYDERABAD","TELANGANA","500028"
"2026-08-05T17:00:59+05:30","1491PLYKMAROON-3XL","X001VVN80J","B0CKT4ZK7J","ZNNE","1","402-3832551-0361945","INR","713.33","0.00","0.00","VARANASI","UTTAR PRADESH","221005"
"2026-08-05T17:00:58+05:30","192YK251GREEN-M","X000VBTERB","B07F1MQ811","ZNNE","1","403-0737761-4113135","INR","608.57","38.10","0.00","BENGALURU","KARNATAKA","560080"
"2026-08-05T17:00:58+05:30","1572YKBLUE-S","X001X320JP","B0CPJCB2WG","ZNNE","1","171-9958759-5704329","INR","951.43","38.10","0.00","NOIDA","UTTAR PRADESH","201301"
"2026-08-05T17:00:57+05:30","295YK148CHECKS-XXL","X0010TLTAD","B07RG5ZGTY","ZNNE","1","406-9598106-0593936","INR","808.57","0.00","0.00","GURUVAYUR","KERALA","680101"
"2026-08-05T17:00:55+05:30","1172PLYKOLIVE-XXL","X001AVIKL7","B08SQQ9JKK","ZNNE","1","407-6622304-2114727","INR","627.62","0.00","0.00","GREATER NOIDA","UTTAR PRADESH","201310"
"2026-08-05T17:00:47+05:30","1695YKMAROON-8XL","X002FQLSE7","B0FXXJY9B7","ZNNE","1","404-9223125-6971542","INR","608.57","0.00","0.00","Thane","MAHARASHTRA","400607"
"2026-08-05T17:00:46+05:30","1300YKORANGE-5XL","X001DO7S0F","B092R1PH9B","ZNNE","1","171-8023023-6691559","INR","808.57","38.10","0.00","Mira road(e)","MAHARASHTRA","401107"
"2026-08-05T17:00:37+05:30","4033DRSBLUE-XXL","X002EMJ4SJ","B0FRFZ9N3Y","ZNNE","1","406-8843110-8957907","INR","475.24","0.00","0.00","THANE","MAHARASHTRA","400607"
"2026-08-05T17:00:33+05:30","1759YKMULTI-S","X002EQHYWD","B0FRY4G1T5","ZNNE","1","408-3082378-1664326","INR","789.52","0.00","0.00","CHENNAI","TAMIL NADU","600100"
"2026-08-05T17:00:27+05:30","1472YKGREEN-S","X001WJU0CT","B0CN13LNGT","ZNNE","1","171-7347312-4957942","INR","903.81","38.10","0.00","HAMIRPUR","HIMACHAL PRADESH","177001"
"2026-08-05T17:00:26+05:30","1566YKGREEN-L","X001WDLA8D","B0CM9K4KQ9","ZNNE","1","402-7011308-7517147","INR","722.86","38.10","0.00","NARKATIAGANJ","BIHAR","845455"
"2026-08-05T17:00:18+05:30","1593YKGREEN-L","X001VVJS0D","B0CKT4RSLP","ZNNE","1","404-5181734-6678707","INR","684.76","0.00","0.00","BHIWADI","RAJASTHAN","301019"
"2026-08-05T17:00:10+05:30","5019YKDENIM-5XL","X0022FS3BR","B0D7LQ48D6","ZNNE","1","403-5557917-1419557","INR","541.90","0.00","0.00","NEW DELHI","DELHI","110017"
"2026-08-05T17:00:10+05:30","1529DPT11WINE-S","X0021KO4LB","B0D5VFCXKD","ZNNE","1","402-0842047-7976312","INR","903.81","38.10","0.00","NAKODAR","PUNJAB","144630"
"2026-08-05T17:00:08+05:30","1491YKMAROON-XL","X001VVMTVX","B0CKT4B5PT","ZNNE","1","171-2090261-0461163","INR","675.24","0.00","0.00","GHAZIABAD","UTTAR PRADESH","201016"
"2026-08-05T17:00:07+05:30","4038DRSBLACK-M","X002MD0DTJ","B0H5R3Y39Z","ZNNE","1","405-7718389-1290743","INR","475.24","0.00","0.00","HAZARIBAGH","JHARKHAND","825301"
"2026-08-05T17:00:07+05:30","4033DRSBLUE-6XL","X002EMCP2B","B0FRFZKQM2","ZNNE","1","408-1552057-3269932","INR","608.57","0.00","0.00","NAVI MUMBAI","MAHARASHTRA","400706"
"2026-08-05T17:00:05+05:30","1688YKCMUSTARD-S","X0029LA7EZ","B0F27VY61W","ZNNE","1","405-9988532-9995518","INR","970.48","38.10","0.00","Haripad","KERALA","690514"
"2026-08-05T17:00:04+05:30","4033DRSBLUE-XXL","X002EMJ4SJ","B0FRFZ9N3Y","ZNNE","1","404-2382470-8857140","INR","475.24","0.00","0.00","NEW DELHI","DELHI","110013"
"2026-08-05T17:00:04+05:30","1338DPT9BLACK-M","X0021KM8EB","B0D5VCDN1G","ZNNE","1","402-9746740-9693951","INR","903.81","38.10","0.00","NAKODAR","PUNJAB","144630"
"2026-08-05T16:59:57+05:30","6007SKDBLUE-L","X002N7MK6X","B0H9FGQ5XR","ZNNE","1","403-0402899-4770721","INR","1256.19","38.10","0.00","INDORE","MADHYA PRADESH","452018"
"2026-08-05T16:59:54+05:30","1577YKPINK-L","X002D180QX","B0FJG77N36","ZNNE","1","407-3007309-0297155","INR","1151.43","38.10","0.00","SONIPAT","HARYANA","131001"
"2026-08-05T16:59:51+05:30","314KD411RED-7-8","X0020JFO2B","B0D2XF6X2F","ZNNE","1","402-1451558-4094719","INR","532.38","38.10","0.00","ONGOLE","ANDHRA PRADESH","523002"
"2026-08-05T16:59:50+05:30","1775YKBLUE-S","X0027P8CW7","B0DSG9PQ7L","ZNNE","1","407-7667389-7209135","INR","760.95","0.00","0.00","MORINDA","PUNJAB","140101"
"2026-08-05T16:59:50+05:30","1888YKPURPLE-S","X0029XERW1","B0F3TCLZHN","ZNNE","1","407-7667389-7209135","INR","722.86","0.00","0.00","MORINDA","PUNJAB","140101"
"2026-08-05T16:59:44+05:30","1906YKWINE-XXL","X002BUA019","B0FC6F18FT","ZNNE","1","404-8223800-6889948","INR","799.05","38.10","0.00","KANIGIRI","ANDHRA PRADESH","523230"
"2026-08-05T16:59:43+05:30","4015DRSBLUE-M","X002DXFQYP","B0FNK4B7YT","ZNNE","1","402-9725101-2947508","INR","408.57","0.00","0.00","New Delhi","DELHI","110044"
"2026-08-05T16:59:40+05:30","1003PLYKMUSTARD-3XL","X001AVL8BB","B08SQWBC16","ZNNE","1","404-5320139-6950718","INR","684.76","38.10","0.00","SHIMLA","HIMACHAL PRADESH","171001"
"2026-08-05T16:59:39+05:30","1722YKWHITE-XXL","X002EIMN2R","B0FR1ZT5RS","ZNNE","1","404-1654734-7765156","INR","608.57","0.00","0.00","Ludhiana","Punjab","141008"
"2026-08-05T16:59:39+05:30","AK-224GREEN-3XL","X002F473Z7","B0FTSGNHPQ","ZNNE","1","403-7979608-7591547","INR","475.24","0.00","0.00","NEW DELHI","DELHI","110017"
"2026-08-05T16:59:37+05:30","192YK251GREEN-M","X000VBTERB","B07F1MQ811","ZNNE","1","403-4399971-8317923","INR","608.57","38.10","0.00","BENGALURU","KARNATAKA","560080"
"2026-08-05T16:59:33+05:30","7104YKOFFWHITE-3XL","X002LXLS2V","B0H3ZR4HY6","ZNNE","1","404-4683199-7741134","INR","0.00","0.00","0.00","PUNE","MAHARASHTRA","411015"
"2026-08-05T16:59:29+05:30","1348YKMULTI-XL","X001G4VEDT","B09GPBN9F9","ZNNE","1","402-9008075-8502722","INR","437.14","38.10","0.00","KHATIMA","UTTARAKHAND","262308"
"2026-08-05T16:59:29+05:30","7102YKMAROON-5XL","X002HYP7YJ","B0GJKBGN79","ZNNE","1","403-1918526-3944307","INR","418.10","0.00","0.00","NOIDA","UTTAR PRADESH","201301"
"2026-08-05T16:59:24+05:30","1172YKOLIVE-5XL","X0019B6ASD","B08L8VGNZF","ZNNE","1","402-5777936-1152324","INR","627.62","38.10","0.00","HYDERABAD","TELANGANA","500032"
"2026-08-05T16:59:23+05:30","1642YKBLACK-XXL","X0028184WX","B0DTK43RLV","ZNNE","1","402-7367744-5538738","INR","427.62","0.00","0.00","GURUGRAM","HARYANA","122001"
"2026-08-05T16:59:15+05:30","7104YKOFFWHITE-XL","X002LXT37X","B0H3ZW8YXK","ZNNE","1","408-6949483-3577168","INR","437.14","0.00","0.00","BADLAPUR EAST","MAHARASHTRA","421503"
"2026-08-05T16:59:08+05:30","1362YKBLACK-XL","X001GP8OIB","B09GVJJD8W","ZNNE","1","402-6997203-9386753","INR","627.62","38.10","0.00","NEW DELHI","DELHI","110046"
"2026-08-05T16:59:05+05:30","1509PLYKPINK-L","X001VVNSJ5","B0CKT61212","ZNNE","1","171-3095807-1304315","INR","760.95","0.00","0.00","UNA","HIMACHAL PRADESH","174303"
"2026-08-05T16:59:05+05:30","7102YKMAROON-M","X002HYJSDF","B0GJKGZYN1","ZNNE","1","404-2704170-2859515","INR","418.10","38.10","0.00","BETTIAH","BIHAR","845438"
"2026-08-05T16:59:04+05:30","7104YKOFFWHITE-M","X002LXRRUN","B0H3ZPJQBP","ZNNE","1","171-6830069-3312320","INR","437.14","38.10","0.00","BENGALURU","KARNATAKA","560078"
"2026-08-05T16:58:54+05:30","224PLYK148BNDJ-XXL","X00149KR75","B08292M2RX","AMD2","1","407-8786904-5737931","INR","789.52","38.10","0.00","Ahmedabad","GUJARAT","382424"
"2026-08-05T16:58:53+05:30","241YK287BLACKRAY-XL","X000Y3BPNH","B07J2NRZCR","DEL5","1","403-5750865-3619503","INR","846.67","56.19","0.00","NEW DELHI","DELHI","110025"
"2026-08-05T16:58:53+05:30","1733YKNGREEN-L","X002NEKM6B","B0HBJR311M","ZNNE","1","171-7648589-7373966","INR","494.29","0.00","0.00","Hridaypur","WEST BENGAL","700127"
"2026-08-05T16:58:40+05:30","7104YKOFFWHITE-L","X002LXMXVB","B0H3ZT2599","ZNNE","1","403-9089775-0394717","INR","437.14","0.00","0.00","MUMBAI","MAHARASHTRA","400101"
"2026-08-05T16:58:28+05:30","7100YKTEAL-XL","X002H20LAB","B0G8DSRKPX","ZNNE","1","171-9101105-4493967","INR","418.10","0.00","0.00","NEW DELHI","DELHI","110023"
"2026-08-05T16:57:50+05:30","7077YKMEHROON-4XL","X002LHFQ25","B0H2CZXDFW","BLR8","1","171-8221738-0077145","INR","503.81","0.00","0.00","ANANTAPUR","ANDHRA PRADESH","515001"
"2026-08-05T16:56:50+05:30","1127YKMAROON-L","X0017NE2GZ","B085ZY561C","BLR8","1","402-3429153-6296304","INR","808.58","38.10","0.00","Bengaluru","KARNATAKA","560076"
"2026-08-05T16:55:50+05:30","1592PLYKBLUE-6XL","X00232G0DR","B0D9NXJM5N","DEL4","1","406-0216178-2902768","INR","789.52","0.00","0.00","AHMEDABAD","GUJARAT","380052"
"2026-08-05T16:53:46+05:30","1937YKPURPLE-S","X002F1XG9R","B0FTF5ZJ9Y","AMD2","1","404-7540587-5635528","INR","0.00","0.00","0.00","BHACHAU","GUJARAT","370140"
"2026-08-05T16:48:58+05:30","1127YKMAROON-M","X0017OZIP3","B085ZDJC3G","HYD8","1","403-5444415-4589132","INR","808.57","0.00","0.00","NELLORE","ANDHRA PRADESH","524407"
"2026-08-05T16:48:51+05:30","224PLYK148BNDJ-5XL","X0014GA6KL","B07YTR619V","BOM5","1","406-7967863-9843510","INR","789.52","18.10","0.00","THANE","MAHARASHTRA","400615"
"2026-08-05T16:46:56+05:30","1085YKPINK-XL","X0015OF9A9","B082X8CRM8","BLR7","1","408-4002248-1849139","INR","665.71","0.00","0.00","Pune","Maharashtra","411046"
"2026-08-05T16:46:50+05:30","1336YKBLACK-XXL","X001FVFIWL","B09GP9KD2N","DED4","1","406-8249990-8096314","INR","522.86","0.00","0.00","BENGALURU","KARNATAKA","560103"
"2026-08-05T16:45:55+05:30","1252YKGREEN-M","X001BD6X6N","B08SK1HNTX","PNQ3","1","407-0790389-7769138","INR","780.00","0.00","0.00","Sankeshwar","KARNATAKA","591313"
"2026-08-05T16:45:54+05:30","1936YKOFFWHITE-5XL","X002F2R5LL","B0FTFX1FCG","PNQ3","1","405-4562481-4940322","INR","799.04","0.00","0.00","PUNE","MAHARASHTRA","411030"
"2026-08-05T16:44:54+05:30","1569PLYKBLUE-6XL","X002DLJHBZ","B0FM48MY93","CCX2","1","407-6563072-7083513","INR","827.62","0.00","0.00","BENGALURU","KARNATAKA","560078"
"2026-08-05T16:44:47+05:30","224PLYK148BNDJ-5XL","X0014GA6KL","B07YTR619V","BOM7","1","404-0753913-2198762","INR","789.52","9.04","0.00","MUMBAI","MAHARASHTRA","400072"
"2026-08-05T16:41:47+05:30","1520PLYKSKYBLUE-3XL","X001WVB2GP","B0CNXXGP1X","MAA4","1","171-1008207-3262705","INR","770.48","0.00","0.00","vellore","TAMIL NADU","632002"
"2026-08-05T16:40:53+05:30","1550PLYKGREEN-3XL","X001VZUXIP","B0CL47GH5T","HYD8","1","402-8319358-4032319","INR","884.76","38.10","0.00","KOLKATA","WEST BENGAL","700078"
"2026-08-05T16:40:52+05:30","1361YKBLUE-3XL","X002CNUWX1","B0FH2FD8GR","MAA4","1","408-0659580-5219529","INR","580.00","3.00","0.00","Chennai","TAMIL NADU","600129"
"2026-08-05T16:38:46+05:30","7102YKMAROON-L","X002HYJYBV","B0GJKNSDGD","PNQ3","1","407-3432333-3657902","INR","418.10","0.00","0.00","BENGALURU","KARNATAKA","560085"
"2026-08-05T16:37:53+05:30","7098YKPINK-L","X002H0UEJB","B0G7HW5TLG","LKO1","1","407-6180537-3012311","INR","418.10","38.10","0.00","KURUKSHETRA","HARYANA","136118"
"2026-08-05T16:37:53+05:30","7097YKBLUE-L","X002GOM80V","B0G4R3TZQF","LKO1","1","407-6180537-3012311","INR","418.10","38.10","0.00","KURUKSHETRA","HARYANA","136118"
"2026-08-05T16:37:53+05:30","7101YKGREEN-L","X002ISEXEJ","B0GPVT71X5","LKO1","1","407-6180537-3012311","INR","418.10","38.10","0.00","KURUKSHETRA","HARYANA","136118"
"2026-08-05T16:37:53+05:30","7100YKTEAL-L","X002H2IIPV","B0G8DXJ2Z3","LKO1","1","407-6180537-3012311","INR","418.10","38.10","0.00","KURUKSHETRA","HARYANA","136118"
"2026-08-05T16:33:54+05:30","1593PLYKGREEN-6XL","X00272G21N","B0DQCXHTTQ","MAA4","1","171-3815813-7565127","INR","789.52","0.00","0.00","Gurugram","HARYANA","122001"
"2026-08-05T16:33:54+05:30","1937YKPURPLE-5XL","X002F1XG0B","B0FTFFTGGD","HYD8","1","406-5020325-9987568","INR","884.76","0.00","0.00","HYDERABAD","TELANGANA","500034"
"2026-08-05T16:32:53+05:30","1537PLYKRED-8XL","X002AITTNR","B0F6K5C1K6","BLR8","1","171-2922933-0974753","INR","780.00","38.10","0.00","Nileshwar","KERALA","671314"
"2026-08-05T16:30:49+05:30","1412YKMULTI-XL","X001PV68GB","B0BTVY89D6","PNQ3","1","404-0413058-2648346","INR","608.58","38.10","0.00","PIMPRI CHINCHWAD","MAHARASHTRA","411033"
"2026-08-05T16:30:49+05:30","1370PLYKMAROON-6XL","X00258V2Z5","B0DJBWTMBQ","AMD2","1","407-6563072-7083513","INR","856.19","0.00","0.00","BENGALURU","KARNATAKA","560078"
"2026-08-05T16:29:45+05:30","1592YKBLUE-XL","X001VZQS9X","B0CL494RK2","BOM5","1","404-4441846-0978766","INR","684.76","0.00","0.00","Uran, NAVI MUMBAI, Raigarh","MAHARASHTRA","400702"
"2026-08-05T16:27:48+05:30","1777YKOFFWHITE-XL","X0025FL1TZ","B0DJR84SBQ","BOM7","1","402-4145282-1511504","INR","503.80","38.10","0.00","PUNE","MAHARASHTRA","411037"
"2026-08-05T16:25:56+05:30","1220YKWHITE-XL","X001A5Q097","B08PF8RCWJ","BLR8","1","403-5829713-8326739","INR","1208.57","0.00","0.00","Secunderabad","TELANGANA","500087"
"2026-08-05T16:25:48+05:30","1943YKGREEN-5XL","X002FQI1FB","B0FXXH38D4","BLR8","1","407-6384911-2639534","INR","475.24","38.10","0.00","BENGALURU","KARNATAKA","560093"
"2026-08-05T16:23:55+05:30","1943YKGREEN-5XL","X002FQI1FB","B0FXXH38D4","DED4","1","171-4413527-6968313","INR","475.24","38.10","0.00","Amritsar","PUNJAB","143001"
"2026-08-05T16:23:44+05:30","9-YK148BLACK-5XL","X000VISS5N","B07FNHG96R","AMD2","1","407-2239174-9290725","INR","799.05","0.00","0.00","THANE","MAHARASHTRA","401107"
"2026-08-05T16:22:59+05:30","237YK345PINK-3XL","X0017PXQFL","B08DY1LS7L","BLR7","1","406-9713489-4610702","INR","522.86","0.00","0.00","PERUMBAVOOR","KERALA","683544"
"2026-08-05T16:21:46+05:30","AK-228BLACK-5XL","X002F2OTCJ","B0FTMD3QZR","AMD2","1","403-4979944-8930734","INR","475.24","38.10","0.00","Rajapalayam","TAMIL NADU","626108"
"2026-08-05T16:17:54+05:30","1472PLYKGREEN-3XL","X001WJVYKL","B0CN11Z7QH","BLR7","1","408-9416245-4613968","INR","903.80","3.62","0.00","BENGALURU","KARNATAKA","560049"
"2026-08-05T16:13:50+05:30","AK-228BLACK-3XL","X002F3KVX9","B0FTMJGPJ1","LKO1","1","402-3804748-2886718","INR","475.24","38.10","0.00","TIKAMGARH","MADHYA PRADESH","472001"
"2026-08-05T16:13:16+05:30","6007SKDBLUE-3XL","X002F3FEOP","B0FTMFL33Q","CJB1","1","403-3313194-4761943","INR","1265.71","38.10","0.00","ADOOR","KERALA","691526"
"2026-08-05T16:11:55+05:30","1777YKOFFWHITE-5XL","X002FYH72B","B0FZKJ5347","BLR7","1","403-5304358-5333132","INR","541.90","0.00","0.00","ERNAKULAM","KERALA","682018"
"2026-08-05T16:09:53+05:30","1189YKMAROON-S","X00190Z8WN","B08HJDLCZ3","PNQ3","1","407-9563287-3753150","INR","760.95","38.10","0.00","HYDERABAD","TELANGANA","500027"
"2026-08-05T16:09:49+05:30","141PLYK251PINK-5XL","X00149KR4X","B0829123JL","BOM7","1","404-0753913-2198762","INR","627.62","9.04","0.00","MUMBAI","MAHARASHTRA","400072"
"2026-08-05T16:08:52+05:30","1887YKBLACK-3XL","X0028MK6J1","B0DXF741PD","BLR7","1","405-5501236-1118747","INR","837.14","38.10","0.00","THOOTHUKKUDI","TAMIL NADU","628003"
"2026-08-05T16:07:50+05:30","1917YKBLUE-XL","X002FA6E0B","B0FVFV9JWX","BLR8","1","171-8367437-9333132","INR","437.14","0.00","0.00","New Delhi","DELHI","110085"
"2026-08-05T16:04:03+05:30","1069YKBLUE-L","X0014KG331","B0833VQJNP","BOM5","1","406-1141129-8581119","INR","418.10","38.10","0.00","Pimpri Chinchwad","MAHARASHTRA","411033"
"2026-08-05T16:03:47+05:30","7096YKBOTTELGREEN-3XL","X002I9077P","B0GL1QL7MZ","CJB1","1","403-7435740-9769139","INR","418.10","0.00","0.00","THANE","MAHARASHTRA","401107"
"2026-08-05T16:03:05+05:30","1692YKNMAROON-7XL","X002HT9DE9","B0GHQLYSMD","DEL4","1","408-8715386-6546701","INR","1208.57","0.00","0.00","BHUBANESWAR","ODISHA","751024"
"2026-08-05T16:02:52+05:30","225YK148OWHTE-L","X000Z1FU5R","B07J2PY1G5","BOM7","1","405-0943284-7705952","INR","799.05","38.10","0.00","BHOPAL","MADHYA PRADESH","462023"
"2026-08-05T16:02:43+05:30","1379YKGREEN-M","X001JFM4OX","B09QXFBGTX","BOM5","1","405-8188505-1454727","INR","799.04","0.00","0.00","NIMBHORE BUDRUK","MAHARASHTRA","425307"
"2026-08-05T16:01:48+05:30","7005YKBLSMULTI-3XL","X001WDMKI7","B0CM9HQKVD","DEL5","1","407-9966557-0037154","INR","513.33","0.00","0.00","NEW DELHI","DELHI","110074"
"2026-08-05T15:57:52+05:30","1294PLYKGREEN-4XL","X001G9WTDD","B09DT4VRR4","BLR7","1","408-0253394-9730737","INR","541.90","0.00","0.00","BENGALURU","KARNATAKA","560078"
"2026-08-05T15:56:45+05:30","1043YKMAROON-5XL","X0027PVYEP","B0DSHYMTW4","CCX2","1","403-2705402-3239565","INR","446.66","38.10","0.00","KOLKATA","WEST BENGAL","700008"
"2026-08-05T15:53:54+05:30","1373YKPINK-XXL","X001GP8T8V","B09JNP2GJW","PNQ3","1","406-1313768-8892316","INR","475.24","0.00","0.00","AHMEDABAD","GUJARAT","380051"
"2026-08-05T15:50:56+05:30","1592PLYKBLUE-5XL","X001VZSMXD","B0CL4852QQ","CCX2","1","404-5401538-5522741","INR","722.86","0.00","0.00","KOLKATA","WEST BENGAL","700103"
"2026-08-05T15:49:58+05:30","1937YKPURPLE-L","X002F2H3SV","B0FTF3Z97H","CJB1","1","403-7392422-7973950","INR","856.19","38.10","0.00","THIRUVANANTHAPURAM","KERALA","695011"
"2026-08-05T15:47:49+05:30","1256YKPEACH-XL","X001BEWCB7","B08W39XFZK","DEL5","1","403-7787033-4041127","INR","532.38","0.00","0.00","NAVI MUMBAI","MAHARASHTRA","400706"
"2026-08-05T15:44:53+05:30","1330YKBLUE-8XL","X0024ASJY1","B0DFWKNSCD","CJB1","1","407-5675471-1249917","INR","827.62","0.00","0.00","CHENNAI","TAMIL NADU","600097"
"2026-08-05T15:40:49+05:30","1293YKMAROON-M","X001CZY4I9","B092R45HMG","HYD8","1","408-1666622-7812304","INR","780.00","18.10","0.00","Hyderabad","Telengana","500030"
"2026-08-05T15:39:45+05:30","1529KDWINE-11-12","X002H4GY7D","B0G9JXS6C4","DEL5","1","402-7915725-8461941","INR","560.95","0.00","0.00","New Delhi","DELHI","110059"
"2026-08-05T15:37:45+05:30","1048YKBLUE-3XL","X002DYV5NF","B0FNN636RK","BOM7","1","408-2904412-0403533","INR","541.90","0.00","0.00","RAJKOT","GUJARAT","360005"
"2026-08-05T15:32:51+05:30","1472YKGREEN-XL","X001WJU06Z","B0CN12D7PX","CCX2","1","407-8962947-2493114","INR","903.81","0.00","0.00","DEHRI","BIHAR","821308"
"2026-08-05T15:32:48+05:30","5041YKBOTTELGREEN-M","X002A695U1","B0F4RGX843","BOM7","1","405-0908543-9642759","INR","475.24","38.10","0.00","INDORE","MADHYA PRADESH","452010"
"2026-08-05T15:30:47+05:30","1863YKMAROON-XXL","X0029HM4LD","B0F1XWLZQ5","HYD3","1","404-2375946-0261922","INR","0.00","0.00","0.00","Chennai","TAMIL NADU","600008"
"2026-08-05T15:26:49+05:30","1085YKPINK-4XL","X001HVQZ6H","B09P5JYH93","BOM7","1","404-4454545-0677137","INR","684.76","0.00","0.00","CHENNAI","TAMIL NADU","600092"
"2026-08-05T15:23:53+05:30","4013DRSWHITE-L","X002EQ61I1","B0FRXL24SQ","HYD8","1","171-9706711-7366761","INR","475.24","0.00","0.00","Pune","MAHARASHTRA","411048"
"2026-08-05T15:23:47+05:30","1529KDWINE-9-10","X002H4MIZZ","B0G9GB3N9K","BOM5","1","402-3061851-1070709","INR","532.38","38.10","0.00","PUNE","MAHARASHTRA","411046"
"2026-08-05T15:21:50+05:30","1310PLYKBLUE-5XL","X001G7GOT5","B09HKFQFKY","BOM5","1","405-0619243-5429157","INR","799.05","0.00","0.00","Bengaluru","KARNATAKA","560083"
"2026-08-05T15:20:54+05:30","1785PLYKRED-XXL","X002CWYH3D","B0FHWNMBBL","AMD2","1","408-2392266-5962737","INR","713.34","0.00","0.00","AHMEDABAD","GUJARAT","380058"
"2026-08-05T15:18:12+05:30","1898YKYELLOW-3XL","X002BUAO5B","B0FC6HNNDX","LKO1","1","407-4987075-0147547","INR","513.33","38.10","0.00","COIMBATORE","TAMIL NADU","641017"
"2026-08-05T15:17:56+05:30","1797YKBROWN-L","X002806A39","B0DTHHMDM6","CCX2","1","405-2123892-3545969","INR","475.24","38.10","0.00","MALDA","WEST BENGAL","732101"
"2026-08-05T15:17:51+05:30","1797YKBROWN-M","X002805XCX","B0DTHGVT4Q","CCX2","1","405-4420552-5986723","INR","475.24","38.10","0.00","MALDA","WEST BENGAL","732101"
"2026-08-05T15:11:49+05:30","318PLYKN406YELLOW-3XL","X0028UK7CJ","B0DYF96F19","CCX1","1","408-3243033-5056317","INR","437.14","0.00","0.00","Bengaluru","KARNATAKA","560076"
"2026-08-05T15:11:46+05:30","1943YKGREEN-5XL","X002FQI1FB","B0FXXH38D4","CCX2","1","408-0254895-8167505","INR","475.24","0.00","0.00","PANIHATI","WEST BENGAL","700110"
"2026-08-05T15:08:48+05:30","1890YKMULTI-XL","X002GW1LPB","B0G651HSNQ","BLR8","1","171-5012903-7777923","INR","399.05","0.00","0.00","MARGAO 403 602","GOA","403602"
"2026-08-05T15:04:48+05:30","1303YKBLACK-4XL","X0025KQ7D5","B0DK3Z5859","HYD8","1","406-7880877-8070766","INR","570.48","18.10","0.00","HYDERABAD","TELANGANA","500019"
"2026-08-05T15:04:29+05:30","1937YKPURPLE-XXL","X002F2QCQZ","B0FTF6958X","HYD8","1","404-0668426-5784319","INR","884.76","0.00","0.00","NIZAMABAD","TELANGANA","503002"
"2026-08-05T15:02:50+05:30","1602PLYKLAVENDER-4XL","X001VZUXJ9","B0CL47MWLZ","BLR8","1","406-8565007-0790753","INR","513.33","0.00","0.00","CHENNAI","TAMIL NADU","600017"
"2026-08-05T15:01:48+05:30","1562YKGREEN-3XL","X001VF96JR","B0CJFQ1RMG","DEL4","1","402-3938149-8248303","INR","541.90","38.10","0.00","NAGPUR","MAHARASHTRA","440014"
"2026-08-05T15:00:55+05:30","1529PLYKWINE-4XL","X001TZJ4LJ","B0CD7V5Y5S","BLR8","1","402-1435995-6529131","INR","799.05","0.00","0.00","PENHA DE FRANCA","GOA","403101"
"2026-08-05T14:58:58+05:30","190YK214MEHROON-XL","X000VC2YJ5","B07F1RHZHN","HYD8","1","171-1741791-3387541","INR","627.62","38.10","0.00","Kodada Mandal, Kodada, Suryapet District","TELANGANA","508206"
"2026-08-05T14:57:48+05:30","1007PLYKBLACK-5XL","X001AVKC0J","B08SQR1KYL","BLR7","1","407-2694853-1659567","INR","856.19","38.10","0.00","NASHIK","MAHARASHTRA","422101"
"2026-08-05T14:56:58+05:30","1968YKBLACK-5XL","X002MFIT1B","B0H6595QWF","BLR8","1","402-2584099-4693156","INR","522.86","0.00","0.00","BENGALURU","KARNATAKA","560029"
"2026-08-05T14:55:59+05:30","1532YKBLUE-L","X001URI71J","B0CGV8DPLG","GAX1","1","171-8544709-3346714","INR","446.66","0.00","0.00","NORTH GUWAHATI","ASSAM","781039"
"2026-08-05T14:55:50+05:30","1592PLYKBLUE-8XL","X00232606T","B0D9NZNQJB","RJX1","1","403-2553466-9866767","INR","789.52","0.00","0.00","NELLIMARLA","ANDHRA PRADESH","535217"
"2026-08-05T14:55:01+05:30","1605YKBLUE-XXL","X001Z20WXZ","B0CWY14YRC","BLR8","1","403-7869827-1262743","INR","722.86","0.00","0.00","VISAKHAPATNAM","ANDHRA PRADESH","530046"
"2026-08-05T14:54:55+05:30","4007DRSBLACK-S","X002CALT4P","B0FFGV1B5T","BLR8","1","404-9513201-7733115","INR","541.90","38.10","0.00","THIRUVANANTHAPURAM","KERALA","695583"
"2026-08-05T14:54:50+05:30","1887YKBLACK-M","X0028MYMO1","B0DXF4XHL9","DEL5","1","402-2752766-7410757","INR","808.57","0.00","0.00","MUMBAI","MAHARASHTRA","400101"
"2026-08-05T14:54:49+05:30","1473YKWHITE-L","X001Q33EWT","B0BVRJ3RDT","CCX1","1","171-2509130-3145943","INR","389.52","0.00","0.00","BHUBANESWAR","ODISHA","751021"
"2026-08-05T14:53:52+05:30","1252DPT28GREEN-4XL","X0027WCWBH","B0DT4K3FNJ","HYD3","1","407-2305609-2501938","INR","951.42","18.10","0.00","HYDERABAD","TELANGANA","500018"
"2026-08-05T14:52:49+05:30","5040YKBEIGE-XL","X002B5GCHF","B0F91SSBGC","DEL5","1","403-0582879-5953146","INR","494.29","0.00","0.00","Solan","HIMACHAL PRADESH","173229"
"2026-08-05T14:51:52+05:30","1127YKMAROON-XXL","X0017NEQW5","B085ZWXWQ6","HYD3","1","408-7432878-3600308","INR","837.14","18.10","0.00","HYDERABAD","TELANGANA","500086"
"2026-08-05T14:51:52+05:30","1003YKMUSTARD-XL","X0011V1K1X","B07VM7X1HB","RJX1","1","408-0267062-8524311","INR","665.72","0.00","0.00","CHIPURUPALLE","ANDHRA PRADESH","535128"
"2026-08-05T14:50:50+05:30","1967YKPINK-3XL","X002MFONWZ","B0H6556QHX","DEL4","1","407-8127240-8860333","INR","522.86","0.00","0.00","KOLKATA","WEST BENGAL","700086"
"2026-08-05T14:48:57+05:30","1256PLYKPEACH-5XL","X001GP8TN1","B09DT5JSR2","HYD8","1","402-5037835-9804369","INR","570.48","0.00","0.00","NAVI MUMBAI","MAHARASHTRA","400705"
"2026-08-05T14:48:57+05:30","1588YKBLUE-5XL","X00232G861","B0D9P2ZRFX","HYD8","1","402-5037835-9804369","INR","475.24","0.00","0.00","NAVI MUMBAI","MAHARASHTRA","400705"
"2026-08-05T14:47:51+05:30","1256YKPEACH-4XL","X001JWHOUP","B09XB73H34","BLR7","1","407-1659383-9101960","INR","570.48","0.00","0.00","HYDERABAD","TELANGANA","500062"
"2026-08-05T14:47:45+05:30","1369YKMAROON-7XL","X00291Q2T9","B0DZC69ZS6","AMD2","1","404-9373388-8090704","INR","856.19","38.10","0.00","JALANDHAR","PUNJAB","144004"
"2026-08-05T14:44:56+05:30","1556YKGREEN-3XL","X001VG2LWZ","B0CJ2HTR63","CCX2","1","406-5662454-3964366","INR","475.24","38.10","0.00","RANCHI","JHARKHAND","834001"
"2026-08-05T14:43:56+05:30","1412YKMULTI-3XL","X002ANICB7","B0F6YLJVNZ","HYD8","1","403-8697294-1502707","INR","618.10","0.00","0.00","BALODA BAZAR","CHHATTISGARH","493332"
"2026-08-05T14:42:01+05:30","5049YKMAROON-M","X002HL0MV5","B0GGB2QVYG","BLR7","1","402-3359644-0836338","INR","513.33","38.10","0.00","NAVI MUMBAI","MAHARASHTRA","410210"
"2026-08-05T14:38:33+05:30","1556YKGREEN-4XL","X001VG3VNX","B0CJ2JLQHR","MAA4","1","407-1659383-9101960","INR","475.24","0.00","0.00","HYDERABAD","TELANGANA","500062"
"2026-08-05T14:37:52+05:30","1391PLYKBLUE-XXL","X001NOM0GR","B0BJ2XHFRF","BLR8","1","403-8440639-8348326","INR","703.81","38.10","0.00","THIRUVANANTHAPURAM","KERALA","695008"
"2026-08-05T14:36:51+05:30","5038YKPOWDERBLUE-XL","X0028ZE1FX","B0DZ1YWJSW","CJB1","1","406-7386152-0539519","INR","494.29","38.10","0.00","SIRALKOPPA","KARNATAKA","577428"
"2026-08-05T14:35:59+05:30","1937YKPURPLE-3XL","X002F1XDPJ","B0FTFHQBTH","BLR7","1","408-4591281-9489937","INR","884.76","0.00","0.00","TIRUCHIRAPPALLI","TAMIL NADU","620008"
"2026-08-05T14:33:49+05:30","1254YKBLUE-XL","X001AUQ5MJ","B08SJZVZM5","MAA4","1","408-6924002-9692325","INR","808.58","0.00","0.00","KARUR","TAMIL NADU","639004"
"2026-08-05T14:30:51+05:30","1602YKLAVENDER-XL","X001VZSN4B","B0CL486MFV","CCX2","1","403-3585224-4589116","INR","475.24","38.10","0.00","KURSEONG","WEST BENGAL","734203"
"2026-08-05T14:29:59+05:30","1373YKPINK-L","X001GP8OAJ","B09JNNL1KB","BOM5","1","406-2859541-5907546","INR","437.14","38.10","0.00","THANE","MAHARASHTRA","400605"
"2026-08-05T14:29:49+05:30","1625YKBLACK-5XL","X0020723O5","B0D1QFXBNB","CCX1","1","404-2180911-9717958","INR","837.14","0.00","0.00","JALPAIGURI","WEST BENGAL","735101"
"2026-08-05T14:28:49+05:30","1556YKGREEN-L","X001URKJAV","B0CGV9FLX3","HYD3","1","406-1327944-5692327","INR","446.66","38.10","0.00","HYDERABAD","TELANGANA","500084"
"2026-08-05T14:26:54+05:30","241YK287BLACKRAY-L","X000Y3CNFB","B07J2L62FR","AMD2","1","171-9429554-7161965","INR","812.38","38.10","0.00","Murwara Katni","MADHYA PRADESH","483501"
"2026-08-05T14:26:52+05:30","1260YKTEAL-M","X001BEO805","B08W1PRZ5R","BLR8","1","404-0147132-2042761","INR","808.57","38.10","0.00","PARBHANI","MAHARASHTRA","431401"
"2026-08-05T14:26:50+05:30","1967YKPINK-XL","X002MFKILP","B0H64SDT8C","DEL5","1","404-9577311-5200315","INR","475.24","0.00","0.00","Kolkata","WEST BENGAL","700107"
"2026-08-05T14:24:51+05:30","1890YKMULTI-M","X002DBLJ75","B0FKT9DQ9Z","HYD8","1","404-6050508-0687566","INR","399.05","0.00","0.00","NAGPUR","MAHARASHTRA","440009"
"2026-08-05T14:22:45+05:30","190YKN214MEHROON-4XL","X0016020LX","B0863N4L79","DEL4","1","171-6020666-4857109","INR","675.24","38.10","0.00","GREATER NOIDA","UTTAR PRADESH","201310"
"2026-08-05T14:21:52+05:30","5025YKTEAL-3XL","X002870C3B","B0DVC7HR2T","PNQ3","1","405-9470267-3264346","INR","513.34","0.00","0.00","pune","MAHARASHTRA","412105"
"2026-08-05T14:20:53+05:30","7102YKMAROON-XXL","X002HYQ117","B0GJKKT544","DEL5","1","406-7492243-1093161","INR","418.10","38.10","0.00","GAUTAM BUDDHA NAGAR","UTTAR PRADESH","201318"
"2026-08-05T14:20:53+05:30","7103YKBLACK-3XL","X002HHVC31","B0GD6MTGMZ","DEL5","1","406-7492243-1093161","INR","418.10","38.10","0.00","GAUTAM BUDDHA NAGAR","UTTAR PRADESH","201318"
"2026-08-05T14:19:53+05:30","1127YKMAROON-8XL","X0028ZITL5","B08J3R8J6R","HYD8","1","402-5266986-6889103","INR","903.81","38.10","0.00","JABALPUR","MADHYA PRADESH","482001"
"2026-08-05T14:11:03+05:30","1934YKPINK-8XL","X002F25M9D","B0FT8VYRQV","BLR7","1","403-1143193-4900303","INR","799.05","38.10","0.00","chennai","TAMIL NADU","600118"
"2026-08-05T14:11:03+05:30","1001PLYKBEIGE-8XL","X0023PKUCB","B0DD49PZJV","BLR7","1","403-1143193-4900303","INR","789.52","38.10","0.00","chennai","TAMIL NADU","600118"
"2026-08-05T14:09:53+05:30","1455YKBLUE-L","X001VVN7X7","B0CKT6T4BZ","PNQ3","1","405-4668016-8039524","INR","494.28","6.03","0.00","Pimple Saudagar","MAHARASHTRA","411027"
"2026-08-05T14:09:49+05:30","AK-228BLACK-5XL","X002F2OTCJ","B0FTMD3QZR","DEL4","1","402-3434610-8654707","INR","475.24","0.00","0.00","BENGALURU","KARNATAKA","560078"
"2026-08-05T14:08:50+05:30","7084YKBLUE-S","X002F6RI5P","B0FV3HZ4L9","DEL4","1","406-6721433-1533922","INR","541.90","0.00","0.00","Bengaluru","KARNATAKA","560100"
"2026-08-05T14:08:50+05:30","1916YKRED-XL","X002EUFA61","B0FSDCGZTV","CJB1","1","403-0092576-0370712","INR","437.14","38.10","0.00","KADUNGALLOOR","KERALA","683501"
"2026-08-05T14:05:57+05:30","1330YKBLUE-M","X001FW51RR","B09GPHMFD3","HYD8","1","403-7724266-5101140","INR","722.86","0.00","0.00","RAMANATHAPURAM","TAMIL NADU","623529"
"2026-08-05T14:05:52+05:30","266PLYK372BLACK-5XL","X001AVIKNP","B08SR3XGCF","BLR8","1","405-7746146-9494731","INR","808.57","0.00","0.00","PUNE","MAHARASHTRA","411030"
"2026-08-05T14:00:01+05:30","314KD411RED-9-10","X0020JFM6T","B0D2XBMQQT","HYD8","1","407-5785892-5162762","INR","532.38","38.10","0.00","Hyderabad","TELANGANA","500075"
"2026-08-05T13:58:59+05:30","4015DRSBLUE-L","X002DXNC5Z","B0FNK7CM3P","CCX1","1","406-3486687-4467502","INR","408.57","0.00","0.00","BENGALURU","KARNATAKA","560102"
"2026-08-05T13:58:58+05:30","311YK148BBNDJ-XXL","X0010OHR0T","B07RF78TNJ","MAA4","1","408-1830625-8153118","INR","789.52","0.00","0.00","CHENNAI","TAMIL NADU","600099"
"2026-08-05T13:58:52+05:30","1190YKMULTI-M","X00194EJDD","B08KQ2Z7WH","CJB1","1","406-4649520-7193102","INR","389.52","0.00","0.00","BENGALURU","KARNATAKA","560055"
"2026-08-05T13:52:50+05:30","1529KDWINE-7-8","X002H48T8P","B0G9HLZV74","HYD8","1","408-1249428-7045114","INR","532.38","38.10","0.00","JAGGAMPETA","ANDHRA PRADESH","533435"
"2026-08-05T13:51:52+05:30","7098YKPINK-M","X002H0UYG9","B0G7HLGP3P","CJB1","1","407-5545927-7781942","INR","418.10","0.00","0.00","THANE","MAHARASHTRA","400601"
"2026-08-05T13:48:52+05:30","1887YKBLACK-4XL","X0028MXFIP","B0DXF6JR18","BOM7","1","402-3125071-3211529","INR","837.14","38.10","0.00","MUMBAI","MAHARASHTRA","400018"
"2026-08-05T13:43:54+05:30","4028DRSPINK-XL","X002EMEXNP","B0FRFZJM91","MAA4","1","406-3033778-5053130","INR","475.24","38.10","0.00","PERUMBAVOOR","KERALA","683542"
"2026-08-05T13:41:59+05:30","288YK395MUSTARD-5XL","X0011V1K3V","B07VNGP8F5","DED4","1","406-6504129-3415519","INR","760.95","0.00","0.00","HALDIA","WEST BENGAL","721657"
"2026-08-05T13:40:07+05:30","313YK411BLUE-7XL","X001W0CSFZ","B0CL4ZKVX6","BOM5","1","407-3291855-3873156","INR","865.71","0.00","0.00","CHENNAI","TAMIL NADU","600126"
"2026-08-05T13:33:53+05:30","1815PLYKBLACK-4XL","X00271J0GD","B0DQ8DY2FS","BOM5","1","403-6947608-1175556","INR","475.24","0.00","0.00","BENGALURU","KARNATAKA","560067"
"2026-08-05T13:25:52+05:30","1968YKBLACK-L","X002MFLRA1","B0H64YRS1B","DEL5","1","171-0930201-8638741","INR","475.24","38.10","0.00","Chennai","TAMIL NADU","600045"
"2026-08-05T13:18:01+05:30","190YK214MEHROON-XXL","X000VC3Q9H","B07F1Q647R","BOM5","1","407-7930393-7816301","INR","675.24","38.10","0.00","GANDHINAGAR","GUJARAT","382355"
"2026-08-05T13:15:45+05:30","1293YKMAROON-3XL","X001CZY6H3","B092R2QKSL","BOM5","1","404-1327954-1250735","INR","0.00","0.00","0.00","MUMBAI","MAHARASHTRA","400042"
"2026-08-05T13:14:54+05:30","1268YKMULTI-8XL","X002EWU3CZ","B0FSLHFNWJ","BOM5","1","408-6279412-2049932","INR","894.28","0.00","0.00","PUNE","MAHARASHTRA","411058"
"2026-08-05T13:14:50+05:30","1362YKBLACK-3XL","X001JWNXMN","B09XHYC1MK","CJB1","1","406-5838405-2843524","INR","675.24","38.10","0.00","AGARTALA","TRIPURA","799004"
"2026-08-05T13:10:49+05:30","1797YKBROWN-XXL","X002805MRT","B0DTHG4M5B","DEL4","1","405-4050152-2988311","INR","522.86","38.10","0.00","NEW DELHI","DELHI","110092"
"2026-08-05T13:09:48+05:30","7102YKMAROON-3XL","X002HYO4TD","B0GJKHPZBS","BOM5","1","408-3209214-4353953","INR","418.10","0.00","0.00","THANE","MAHARASHTRA","401107"
"2026-08-05T13:09:48+05:30","7099YKBROWN-3XL","X002GOIIVT","B0G4R8RRRF","BOM5","1","408-3209214-4353953","INR","418.10","0.00","0.00","THANE","MAHARASHTRA","401107"
"2026-08-05T13:05:49+05:30","7098YKPINK-XXL","X002H0SYAH","B0G7HTVLJJ","LKO1","1","402-0794038-5502705","INR","418.10","38.10","0.00","NOIDA","UTTAR PRADESH","201304"
"2026-08-05T13:01:52+05:30","301PLYK340TYEDYE-6XL","X0024AJ9PT","B0DFWNGYC3","BLR7","1","402-7220827-1825109","INR","570.48","38.10","0.00","BERHAMPUR","ODISHA","760002"
"2026-08-05T12:56:52+05:30","4017DRSBLUE-M","X002CAKLI5","B0FFGTYCX9","BOM5","1","404-0413605-5969115","INR","541.90","0.00","0.00","AHMEDABAD","GUJARAT","382345"
"2026-08-05T12:55:53+05:30","1937YKPURPLE-M","X002F2H5S9","B0FTFKYKN1","AMD2","1","408-2363731-7053137","INR","856.19","0.00","0.00","INDORE","MADHYA PRADESH","452020"
"2026-08-05T12:55:04+05:30","7102YKMAROON-XL","X002HYO8KN","B0GJKBJV5M","BLR8","1","404-5102678-2955506","INR","418.10","38.10","0.00","SIOLIM","GOA","403517"
"2026-08-05T12:54:43+05:30","7102YKMAROON-L","X002HYJYBV","B0GJKNSDGD","BOM5","1","404-5054870-0921114","INR","418.10","0.00","0.00","BENGALURU","KARNATAKA","560032"
"2026-08-05T12:53:53+05:30","1255PLYKMAROON-4XL","X001DSCWOX","B092HWQ5WL","BLR7","1","407-7817700-7929112","INR","808.57","38.10","0.00","CHENNAI","TAMIL NADU","600126"
"2026-08-05T12:51:54+05:30","7048YKBLS-L","X0022AVCSN","B0D7HPT21T","BLR8","1","408-3222074-3701162","INR","503.81","0.00","0.00","PERINTHALMANNA","KERALA","679322"
"2026-08-05T12:50:53+05:30","1127YKMAROON-XXL","X0017NEQW5","B085ZWXWQ6","BLR8","1","407-6629988-8758739","INR","837.14","0.00","0.00","COIMBATORE","TAMIL NADU","641041"
"2026-08-05T12:49:47+05:30","6019SKDWHITE-XXL","X002IC19B5","B0GLNFKBGN","BOM5","1","408-0725897-7202714","INR","1132.38","38.10","0.00","PARLI","MAHARASHTRA","431515"
"2026-08-05T12:48:45+05:30","1488YKWHITE-4XL","X0027SAFPB","B0DSPN6PS4","LKO1","1","402-8986250-5398716","INR","627.62","38.10","0.00","UTTARPARA KOTRUNG","WEST BENGAL","712232"
"2026-08-05T12:47:42+05:30","1373YKPINK-8XL","X00232GB7H","B0D9NXTNB4","BOM7","1","407-2804470-0240333","INR","560.95","38.10","0.00","GUNTUR","ANDHRA PRADESH","522006"
"2026-08-05T12:45:51+05:30","1348YKMULTI-XL","X001G4VEDT","B09GPBN9F9","BLR8","1","406-6381808-6006745","INR","437.14","0.00","0.00","PUNE","MAHARASHTRA","411052"
"2026-08-05T12:45:50+05:30","1348YKMULTI-L","X001G4S48R","B09GPBQMZC","GAX1","1","402-1933906-6424316","INR","437.14","38.10","0.00","SHILLONG","MEGHALAYA","793019"
"2026-08-05T12:45:47+05:30","1308YKBLUE-5XL","X00282COWN","B0DTPBNPWW","HYD8","1","403-3789240-2792356","INR","665.72","0.00","0.00","HYDERABAD","TELANGANA","500062"
"2026-08-05T12:43:54+05:30","190YK214MEHROON-XXL","X000VC3Q9H","B07F1Q647R","BLR8","1","408-0012929-3505946","INR","675.24","0.00","0.00","BENGALURU","KARNATAKA","560073"
"2026-08-05T12:43:54+05:30","190YK214MEHROON-XXL","X000VC3Q9H","B07F1Q647R","BOM5","1","408-4008119-3666756","INR","675.24","38.10","0.00","Nalasopara - West","MAHARASHTRA","401203"
"2026-08-05T12:39:54+05:30","1777YKOFFWHITE-3XL","X002FYFCWN","B0FZKHLN4T","BLR7","1","403-2568842-0859562","INR","541.90","0.00","0.00","PALAKKAD","KERALA","678009"
"2026-08-05T12:38:43+05:30","192PLYK251GREEN-5XL","X0014CLTQP","B08292CNQC","DED4","1","405-3841898-7501955","INR","627.62","0.00","0.00","KANPUR","UTTAR PRADESH","208024"
"2026-08-05T12:37:50+05:30","1898YKYELLOW-XXL","X002BUGQ2V","B0FC6JL8SM","BOM5","1","171-6051907-9703521","INR","513.34","0.00","0.00","Pune","MAHARASHTRA","411057"
"2026-08-05T12:35:53+05:30","1941YKMUSTARD-M","X002F56TGZ","B0FTX14GSS","BLR8","1","402-8765033-5537142","INR","808.58","0.00","0.00","BENGALURU","KARNATAKA","560077"
"2026-08-05T12:34:58+05:30","1946YKGREEN-3XL","X002GA95J7","B0G2JGR5DM","BOM5","1","408-1776371-5445105","INR","884.76","38.10","0.00","PACHORA","MAHARASHTRA","424201"
"2026-08-05T12:34:48+05:30","1303YKBLACK-3XL","X0025KSNU5","B0DK3XY8QR","HYD8","1","408-5309468-7711510","INR","570.48","0.00","0.00","HYDERABAD","TELANGANA","500043"
"2026-08-05T12:33:51+05:30","4038DRSBLACK-XL","X002MD2A1D","B0H5RF95RM","BLR8","1","408-4643565-0062704","INR","465.72","0.00","0.00","BENGALURU","KARNATAKA","560090"
"2026-08-05T12:33:49+05:30","1937YKPURPLE-L","X002F2H3SV","B0FTF3Z97H","DEL4","1","408-4325519-2913903","INR","856.20","38.10","0.00","GURUGRAM","HARYANA","122001"
"2026-08-05T12:32:49+05:30","1373YKPINK-XXL","X001GP8T8V","B09JNP2GJW","AMD2","1","403-8796830-2684350","INR","475.24","0.00","0.00","RAJKOT","GUJARAT","360001"
"2026-08-05T12:32:45+05:30","4029DRSWHITE-XL","X002GABXJH","B0G2JMXMMV","MAA4","1","171-4155598-7033910","INR","446.67","38.10","0.00","THANE","MAHARASHTRA","400615"
"2026-08-05T12:32:08+05:30","1303YKBLACK-XXL","X001F7SXB3","B097R6VYM2","MAA4","1","403-9250747-3893147","INR","570.48","0.00","0.00","VIJAYAWADA","ANDHRA PRADESH","520007"
"2026-08-05T12:29:49+05:30","1937YKPURPLE-XXL","X002F2QCQZ","B0FTF6958X","HYD8","1","171-1075566-7974735","INR","884.76","0.00","0.00","HYDERABAD","TELANGANA","500089"
"2026-08-05T12:28:49+05:30","7008YKBLSBLUE-XXL","X001WDMD43","B0CM9HWRK1","BLR8","1","171-7729272-5849959","INR","503.81","0.00","0.00","MOHALI","PUNJAB","140301"
"2026-08-05T12:25:52+05:30","1946YKGREEN-5XL","X002GACSE1","B0G2JH9PM4","BLR8","1","404-7754221-3767554","INR","884.76","38.10","0.00","BENGALURU","KARNATAKA","560078"
"2026-08-05T12:22:52+05:30","314KD411RED-11-12","X0020JFMU5","B0D2XCZPXQ","HYD8","1","402-4910619-2741112","INR","532.38","38.10","0.00","INDI","KARNATAKA","586209"
"2026-08-05T12:20:48+05:30","1943YKGREEN-5XL","X002FQI1FB","B0FXXH38D4","CCX2","1","404-4779112-3280349","INR","475.24","38.10","0.00","JAMSHEDPUR","JHARKHAND","831012"
"2026-08-05T12:18:44+05:30","190YK214MEHROON-L","X000VC31Q5","B07F1NLYP3","MAA4","1","405-5866019-4177159","INR","627.62","0.00","0.00","VELLORE","TAMIL NADU","632002"
"2026-08-05T12:17:42+05:30","5034YKOFFWHITE-3XL","X001X2QN53","B0CPHZL7JJ","CCX2","1","404-9479420-5349966","INR","0.00","0.00","0.00","KOLKATA","WEST BENGAL","700055"
"2026-08-05T12:16:43+05:30","6018SKDYELLOW-XL","X002F07GQ7","B0FT3NYFB4","LKO1","1","403-4388519-6699537","INR","903.81","0.00","0.00","GURUGRAM","HARYANA","122004"
"2026-08-05T12:13:52+05:30","1336YKBLACK-XS","X0026J3PIF","B0DNWHT3YS","BLR7","1","403-0414282-2291548","INR","475.24","38.10","0.00","SIRCILLA","TELANGANA","505301"
"2026-08-05T12:05:50+05:30","1470YKBLUE-M","X001VVLN0V","B0CKT5FZ5G","MAA4","1","406-2841875-1706703","INR","408.57","38.10","0.00","Bengaluru","KARNATAKA","560048"
"2026-08-05T12:04:49+05:30","1955YKTEAL-6XL","X002FDDE3X","B0FW57DJ14","HYD8","1","408-9253711-9248314","INR","837.14","0.00","0.00","PUNE","MAHARASHTRA","412207"
"2026-08-05T12:03:51+05:30","190YK214MEHROON-XL","X000VC2YJ5","B07F1RHZHN","BLR7","1","404-7212166-6188311","INR","627.62","0.00","0.00","BENGALURU","KARNATAKA","560077"
"2026-08-05T12:00:51+05:30","5011YKOWHITE-3XL","X001BZCUMR","B08MTXZWZ3","HYD8","1","407-9880649-1100302","INR","513.34","38.10","0.00","SANGAREDDY","TELANGANA","502001"
"2026-08-05T11:55:47+05:30","1636YKBLUE-L","X0023O1TXV","B0DCZLXMR2","PNQ3","1","402-1456598-0353145","INR","951.43","38.10","0.00","DUNGARPUR","RAJASTHAN","314001"
"2026-08-05T11:51:47+05:30","1472PLYKGREEN-5XL","X001WJU0VZ","B0CN12VRJ8","BOM7","1","406-1716374-2354755","INR","903.81","0.00","0.00","HIRIYUR","KA","577598"
"2026-08-05T11:51:43+05:30","1330YKBLUE-L","X001FW4XCB","B09GPHQBL2","LKO1","1","406-1439733-2823566","INR","722.86","0.00","0.00","PATNA","BIHAR","801503"
"2026-08-05T11:49:49+05:30","1164YKBLACK-XL","X0017QQ643","B095Y7XDRT","BOM7","1","406-3981949-0593913","INR","722.86","38.10","0.00","MUMBAI","MAHARASHTRA","400053"
"2026-08-05T11:48:49+05:30","1937YKPURPLE-M","X002F2H5S9","B0FTFKYKN1","HYD8","1","403-8099272-2372300","INR","856.19","38.10","0.00","KRISHNANAGAR,Dist-Nadia","WEST BENGAL","741101"
"2026-08-05T11:46:52+05:30","1683YKBLUE-4XL","X002DBKH73","B0FKT5QWS2","PNQ3","1","408-5474495-3286736","INR","884.76","0.00","0.00","Hyderabad","TELANGANA","500090"
"2026-08-05T11:43:52+05:30","1127YKMAROON-XL","X0017P3BU1","B085ZBBMJ3","LKO1","1","171-9898232-2677907","INR","808.58","38.10","0.00","Lucknow","UTTAR PRADESH","226007"
"2026-08-05T11:41:51+05:30","5047YKPASTELBLUE-4XL","X002GIEZ6H","B0G3X4SZVR","BOM7","1","171-1639780-7652318","INR","541.90","38.10","0.00","BENGALURU","KARNATAKA","562149"
"2026-08-05T11:41:47+05:30","1050YKBLUE-XL","X0013LO0X1","B07Z5X3TG4","CCX2","1","408-9406312-2649116","INR","541.90","0.00","0.00","KOLKATA","WEST BENGAL","700099"
"2026-08-05T11:39:49+05:30","1556YKGREEN-XL","X001URKCTJ","B0CGV839G5","CCX1","1","403-7437041-2714761","INR","446.66","38.10","0.00","KOLKATA","WEST BENGAL","700060"
"2026-08-05T11:36:00+05:30","7102YKMAROON-XXL","X002HYQ117","B0GJKKT544","CCX2","1","405-8927048-7552336","INR","418.10","38.10","0.00","KENDRAPARA","ODISHA","754231"
"2026-08-05T11:33:59+05:30","1683YKBLUE-L","X0024JCUC9","B0DGQGTGWC","HYD8","1","407-7787189-2802730","INR","856.19","38.10","0.00","KORBA","CHHATTISGARH","495450"
"2026-08-05T11:32:51+05:30","1377YKMAROON-XL","X001J1NQ1R","B09QX6SJF1","MAA4","1","408-1667445-2647519","INR","722.86","0.00","0.00","Chennai","TAMIL NADU","600100"
"2026-08-05T11:32:50+05:30","1785PLYKRED-3XL","X002CWW9XN","B0FHWN6N6T","DEL5","1","171-3803709-6448343","INR","713.33","0.00","0.00","INDORE","MADHYA PRADESH","452020"
"2026-08-05T11:31:52+05:30","4017DRSBLUE-XL","X002CAKINX","B0FFGS1Y5H","DEL4","1","404-6644645-3713923","INR","541.90","0.00","0.00","BERHAMPUR","ODISHA","760001"
"2026-08-05T11:26:04+05:30","1373YKPINK-XL","X001GP8T8L","B09JNP6V9K","DEL5","1","406-6330498-1744350","INR","437.14","0.00","0.00","HYDERABAD","TELANGANA","500049"
"2026-08-05T11:22:46+05:30","1473YKWHITE-S","X001Q33EJ7","B0BVRHW933","DEL5","1","404-8015380-1878705","INR","0.00","0.00","0.00","FARIDABAD","HARYANA","121002"
"2026-08-05T11:20:51+05:30","5045YKBUBBLEGUMPINK-M","X002GIFBWJ","B0G3X13X8X","LKO1","1","402-1375754-5224309","INR","513.33","38.10","0.00","KOLKATA","WEST BENGAL","700053"
"2026-08-05T11:20:44+05:30","1605YKBLUE-L","X001Z1Z3HB","B0CWXZYYNC","AMD2","1","406-2094605-2026742","INR","684.76","0.00","0.00","AHMEDABAD","GUJARAT","380009"
"2026-08-05T11:20:01+05:30","1317YKBLUE-XXL","X001GP8OSL","B097N4H6QN","LDX1","1","403-3791037-1870743","INR","541.90","0.00","0.00","Mehsana","GUJARAT","384001"
"2026-08-05T11:18:50+05:30","1887YKBLACK-XXL","X0028MXHTH","B0DXF5Z732","BLR8","1","408-0442213-2525104","INR","837.14","0.00","0.00","FARIDABAD","HARYANA","121002"
"2026-08-05T11:13:56+05:30","5034YKOFFWHITE-XXL","X001X2WIUH","B0CPJ1DS8G","LKO1","1","402-8826416-4160352","INR","541.90","0.00","0.00","KARWI","UTTAR PRADESH","210204"
"2026-08-05T11:13:48+05:30","1959YKBLACK-L","X002MW3ZCR","B0H7S99572","BLR7","1","406-9759008-0205125","INR","713.33","38.10","0.00","MUMBAI","MAHARASHTRA","400084"
"2026-08-05T11:13:26+05:30","190YK214MEHROON-XL","X000VC2YJ5","B07F1RHZHN","BOM7","1","405-4976728-2483530","INR","627.62","38.10","0.00","NASHIK","MAHARASHTRA","422010"
"2026-08-05T11:12:47+05:30","1836YKORANGE-S","X0029V3WRJ","B0F3DK2RJZ","CCX1","1","405-7979819-2160357","INR","446.67","38.10","0.00","Jhansi","UTTAR PRADESH","284003"
"2026-08-05T11:11:49+05:30","AK-205YK5007-5XL","X002F6KTVP","B0FV39VX2P","BLR7","1","404-3757563-5614741","INR","903.81","0.00","0.00","CHENNAI","TAMIL NADU","600122"
"2026-08-05T11:10:51+05:30","1362YKBLACK-3XL","X001JWNXMN","B09XHYC1MK","HYD8","1","171-0911261-2381135","INR","675.24","0.00","0.00","BENGALURU","KARNATAKA","560078"
"2026-08-05T11:10:46+05:30","4021DRSGREEN-L","X002EL9D7R","B0FR8FR48T","MAA4","1","404-0803629-8393169","INR","0.00","0.00","0.00","Kolkata","WEST BENGAL","700025"
"2026-08-05T11:09:49+05:30","1947YKGREEN-4XL","X002HB525V","B0GCZXM25G","MAA4","1","406-6571268-7304364","INR","722.86","0.00","0.00","Bangalore","KARNATAKA","562149"
"2026-08-05T11:07:36+05:30","1130PLYKPURPLE-6XL","X0028IOHMR","B0DWX7K9YL","BLR7","1","171-8752112-4518719","INR","732.38","0.00","0.00","CHENNAI","TAMIL NADU","600100"
"2026-08-05T11:05:52+05:30","224PLYK148BNDJ-6XL","X0022GNO7J","B0D7W4PP3V","AMD2","1","407-6608692-1601918","INR","856.20","0.00","0.00","Gandhidham","GUJARAT","370201"
"2026-08-05T11:04:51+05:30","1532YKBLUE-4XL","X0028IHWLZ","B0DWWTNQP8","BLR7","1","403-6353742-3533901","INR","475.24","0.00","0.00","BENGALURU","KARNATAKA","560067"
"2026-08-05T11:04:46+05:30","AK-228BLACK-XL","X002LHFXRD","B0H2DDCR5M","MAA4","1","402-5403041-6512342","INR","475.24","0.00","0.00","PUDUR, AMBATTUR, CHENNAI","TAMIL NADU","600053"
"2026-08-05T11:03:56+05:30","1556YKGREEN-5XL","X001VG2LX9","B0CJ2FNCKM","MAA4","1","402-0008622-6197161","INR","475.24","38.10","0.00","CHENNAI","TAMIL NADU","600002"
"2026-08-05T11:02:51+05:30","1379YKGREEN-S","X001JFG6KB","B09QX48YNL","BLR7","1","171-0013022-3273107","INR","799.05","0.00","0.00","HYDERABAD","TELANGANA","500090"
"2026-08-05T11:01:39+05:30","6024SKD5010-M","X002H0ZQ8F","B0G7JWR63L","CCX2","1","404-3879401-2749115","INR","0.00","0.00","0.00","BHUBANESWAR","ODISHA","751003"
"2026-08-05T11:00:51+05:30","1308YKBLUE-XL","X001J22VX5","B09QXR76XX","HYD8","1","405-0922064-7499521","INR","599.05","0.00","0.00","BENGALURU","KARNATAKA","560078"
"2026-08-05T10:59:51+05:30","1066YKYELLOW-L","X001442UI9","B07Z5XGKWC","BLR7","1","403-6617506-6044322","INR","427.62","0.00","0.00","THANE","MAHARASHTRA","400607"
"2026-08-05T10:59:49+05:30","1470YKBLUE-M","X001VVLN0V","B0CKT5FZ5G","BOM7","1","408-9143155-9969110","INR","408.58","0.00","0.00","PUNE","MAHARASHTRA","411021"
"2026-08-05T10:58:51+05:30","6019SKDWHITE-L","X002IC0WCR","B0GLN4RW32","BLR8","1","404-9488339-3035543","INR","1094.29","0.00","0.00","FARIDABAD","HARYANA","121002"
"2026-08-05T10:58:48+05:30","1389PLYKBROWN-8XL","X002EKXIL5","B0FR974CSF","HYD8","1","406-1081481-4910767","INR","732.38","0.00","0.00","Secunderabad","TELANGANA","500047"
"2026-08-05T10:57:50+05:30","1330PLYKBLUE-XXL","X001G7FJ37","B09HHGKPB8","HYD8","1","171-1476669-5612339","INR","760.95","56.19","0.00","KAKINADA","ANDHRA PRADESH","533005"
"2026-08-05T10:57:46+05:30","5041YKBOTTELGREEN-L","X002A61MTX","B0F4RDVNZJ","HYD3","1","404-9666521-9957144","INR","475.24","38.10","0.00","SECUNDERABAD","TELANGANA","500011"
"2026-08-05T10:55:04+05:30","1096YKBLUE-M","X0014I8S45","B082X7P496","CJB1","1","408-2569159-4146722","INR","722.86","0.00","0.00","Ernakulam","KERALA","682312"
"2026-08-05T10:53:48+05:30","5034YKOFFWHITE-XXL","X001X2WIUH","B0CPJ1DS8G","CCX1","1","406-9974798-6583558","INR","541.90","0.00","0.00","CUTTACK","ODISHA","753014"
"2026-08-05T10:51:48+05:30","1470YKBLUE-L","X001VVIBER","B0CKT4Z2RN","BOM5","1","171-3376800-6345104","INR","408.58","0.00","0.00","PUNE","MAHARASHTRA","411057"
"2026-08-05T10:50:59+05:30","5008YKGREEN-XXL","X0014LGXAN","B0832MM874","CJB1","1","171-1524509-4593935","INR","513.33","0.00","0.00","AROOR","KERALA","688537"
"2026-08-05T10:50:35+05:30","1488YKWHITE-3XL","X0027SFSUX","B0DSPLL15V","BOM5","1","171-3639472-7861904","INR","627.62","0.00","0.00","NAVI MUMBAI","MAHARASHTRA","410210"
"2026-08-05T10:47:51+05:30","1736YKBLACK-M","X002FW20PR","B0FYXH4Y95","DEL4","1","405-6099165-2882733","INR","1160.95","0.00","0.00","ALIGARH","UTTAR PRADESH","202001"
"2026-08-05T10:41:59+05:30","1043YKMAROON-L","X0013I5HIL","B07Z5XTPH4","DEL5","1","402-5594195-3884364","INR","427.62","0.00","0.00","Gurugram","HARYANA","122101"
"2026-08-05T10:41:48+05:30","1085YKPINK-XXL","X0015ODII9","B082X6QNYM","DED4","1","408-9663793-5655519","INR","684.76","38.10","0.00","Samastipur","BIHAR","847301"
"2026-08-05T10:40:52+05:30","190YK214MEHROON-XL","X000VC2YJ5","B07F1RHZHN","MAA4","1","407-9991242-4288353","INR","627.62","38.10","0.00","CHENNAI","TAMIL NADU","600081"
"2026-08-05T10:40:50+05:30","1370PLYKMAROON-7XL","X002594OXL","B0DJBWM43R","HYD8","1","171-6006865-3856338","INR","856.19","38.10","0.00","CHENNAI","TAMIL NADU","600056"
"2026-08-05T10:39:52+05:30","1325PLYKMULTI-4XL","X001FH2Y8V","B09DT5V6WJ","MAA4","1","171-1075046-5365160","INR","856.20","0.00","0.00","CHENNAI","TAMIL NADU","600100"
"2026-08-05T10:39:52+05:30","1096YKBLUE-4XL","X001JWHOSR","B09X791DLP","MAA4","1","171-1075046-5365160","INR","760.96","0.00","0.00","CHENNAI","TAMIL NADU","600100"
"2026-08-05T10:39:52+05:30","1130PLYKPURPLE-4XL","X001E8V8F1","B097RNJCQN","MAA4","1","171-1075046-5365160","INR","656.20","0.00","0.00","CHENNAI","TAMIL NADU","600100"
"2026-08-05T10:39:49+05:30","1488YKWHITE-L","X001VZRNVZ","B0CL4915M4","CCX1","1","407-3050775-7417146","INR","618.10","0.00","0.00","BHUBANESWAR","ODISHA","751019"
"2026-08-05T10:39:47+05:30","1351YKBLUE-4XL","X0023V7U41","B0DDTLJ689","MAA4","1","402-2590474-3146718","INR","675.24","38.10","0.00","MADANAPALLE","ANDHRA PRADESH","517325"
"2026-08-05T10:39:44+05:30","1895YKDGREY-5XL","X002CNYBZL","B0FH2QB9QQ","AMD2","1","402-5077717-4854753","INR","894.28","38.10","0.00","Rajkot","GUJARAT","360007"
"2026-08-05T10:38:52+05:30","1593YKGREEN-L","X001VVJS0D","B0CKT4RSLP","HYD8","1","171-8487099-1086723","INR","684.76","0.00","0.00","VIJAYAWADA","ANDHRA PRADESH","521102"
"2026-08-05T10:38:03+05:30","5010YKWHITE-M","X0014LEEJ5","B0832P7J1B","CCX1","1","406-3994675-9712359","INR","475.24","38.10","0.00","BHUBANESWAR","ODISHA","751002"
"2026-08-05T10:37:54+05:30","5035YKBLACK-XL","X001X2QOZR","B0CPHYRMRW","CJB1","1","408-7451359-6005914","INR","513.34","0.00","0.00","Coimbatore","TAMIL NADU","641019"
"2026-08-05T10:34:50+05:30","5044YKBROWN-6XL","X002HAPRLV","B0GCZNG4QT","HYD8","1","403-3027854-3668303","INR","618.10","0.00","0.00","MUMBAI","MAHARASHTRA","400067"
"2026-08-05T10:33:56+05:30","1043YKMAROON-L","X0013I5HIL","B07Z5XTPH4","BLR7","1","403-3028449-1317900","INR","427.62","0.00","0.00","BENGALURU","KARNATAKA","560078"
"2026-08-05T10:32:49+05:30","1348YKMULTI-XXL","X001G4VLQJ","B09GP9X3DD","BLR7","1","406-2771298-7133138","INR","475.24","0.00","0.00","BENGALURU","KARNATAKA","560061"
"2026-08-05T10:31:57+05:30","1043YKMAROON-XXL","X0027PNJBV","B0DSHVZRWB","HYD8","1","407-5024614-7210725","INR","446.66","0.00","0.00","HYDERABAD","TELANGANA","500032"
"2026-08-05T10:31:54+05:30","1836YKORANGE-M","X0029V3UZX","B0F3DKNF4X","BLR8","1","402-6913661-3701951","INR","446.66","38.10","0.00","BENGALURU","KARNATAKA","560105"
"2026-08-05T10:30:50+05:30","1777YKOFFWHITE-4XL","X002FY3XSN","B0FZKFL6ZC","BOM5","1","403-8582188-7663557","INR","541.90","38.10","0.00","BENGALURU","KARNATAKA","560067"
"2026-08-05T10:29:45+05:30","206YK324MUSTARD-4XL","X000YBCAMT","B07LD92YZW","MAA4","1","406-1825927-0591557","INR","513.34","0.00","0.00","CHENNAI","TAMIL NADU","600017"
"2026-08-05T10:28:47+05:30","1815PLYKBLACK-4XL","X00271J0GD","B0DQ8DY2FS","BOM5","1","406-8565007-0790753","INR","475.24","0.00","0.00","CHENNAI","TAMIL NADU","600017"
"2026-08-05T10:27:45+05:30","7101YKGREEN-5XL","X002IST7K9","B0GPWBF3VB","CCX1","1","403-4488093-6765119","INR","418.10","0.00","0.00","JORHAT","ASSAM","785004"
"2026-08-05T10:26:10+05:30","1589YKORANGE-XS","X00272BQ87","B0DQCW68XK","BLR8","1","405-7015232-0618764","INR","437.14","0.00","0.00","THIRUVANANTHAPURAM","KERALA","695013"
"2026-08-05T10:24:43+05:30","1800YKDBLUE-XL","X0028U3B4F","B0DYDF51M5","CCX1","1","402-9042314-2284345","INR","932.38","0.00","0.00","BANGALORE","KARNATAKA","560064"
"2026-08-05T10:22:52+05:30","5008YKGREEN-XXL","X0014LGXAN","B0832MM874","DEL5","1","408-1577992-3341914","INR","513.33","38.10","0.00","GHAZIABAD","UTTAR PRADESH","201005"
"2026-08-05T10:22:49+05:30","4017DRSBLUE-L","X002CAM359","B0FFGV11FJ","DEL5","1","403-5504095-3061144","INR","541.90","0.00","0.00","Noida","UTTAR PRADESH","201303"
"2026-08-05T10:21:48+05:30","7006YKBLSBLUE-L","X001WDME9R","B0CM9J1J65","BLR7","1","406-3271455-1550702","INR","503.80","0.00","0.00","BENGALURU","KARNATAKA","560062"
"2026-08-05T10:19:47+05:30","5049YKMAROON-XL","X002HL4OKZ","B0GG9KZT6R","DEL5","1","406-7081229-1013959","INR","513.33","38.10","0.00","PHILLAUR","PUNJAB","144410"
"2026-08-05T10:18:50+05:30","1308YKBLUE-5XL","X00282COWN","B0DTPBNPWW","HYD3","1","408-7179782-1010748","INR","665.71","38.10","0.00","MUMBAI","MAHARASHTRA","400053"
"2026-08-05T10:18:03+05:30","1323PLYKTEAL-4XL","X001FX3XJ9","B09DT4M23K","BLR7","1","406-0988786-1992362","INR","789.52","0.00","0.00","MADURAI","TAMIL NADU","625108"
"2026-08-05T10:17:18+05:30","1043YKMAROON-3XL","X0027PRBOR","B0DSJ15VCG","FBOF","1","408-3423377-5153114","INR","446.66","9.04","0.00","Mumbai","MAHARASHTRA","400083"
"2026-08-05T10:16:49+05:30","AK-228BLACK-3XL","X002F3KVX9","B0FTMJGPJ1","MAA4","1","402-1880383-1993148","INR","475.24","38.10","0.00","GAUTAM BUDDHA NAGAR","UTTAR PRADESH","201318"
"2026-08-05T10:15:49+05:30","190PLYK214MEHROON-4XL","X001BETX7N","B08SQH2NCD","DEL5","1","171-6083634-4205160","INR","675.24","38.10","0.00","LUDHIANA","PUNJAB","141008"
"2026-08-05T10:14:55+05:30","1224PLYKPINK-6XL","X0028MYP1L","B0DXF3TC82","DEL5","1","171-1224948-3834709","INR","903.80","0.00","0.00","Gurugram","HARYANA","122001"
"2026-08-05T10:14:55+05:30","1594YKYELLOW-6XL","X002H0HVZV","B0G7DL2LTR","DEL5","1","171-1224948-3834709","INR","894.28","0.00","0.00","Gurugram","HARYANA","122001"
"2026-08-05T10:12:51+05:30","7099YKBROWN-4XL","X002GOL6IV","B0G4R8JLK2","BLR7","1","406-0865123-4869918","INR","418.10","0.00","0.00","THIRUVANANTHAPURAM","KERALA","695029"
"2026-08-05T10:09:05+05:30","1736YKBLACK-L","X002FW2T7V","B0FYXG67MJ","CJB1","1","406-7609885-6525920","INR","1160.95","0.00","0.00","PATHANAMTHITTA","KERALA","691525"
"2026-08-05T10:07:53+05:30","1059YKMUSTARD-XL","X0014I8QPL","B082X8SLXT","HYD8","1","405-0862223-6220339","INR","751.43","38.10","0.00","PAMIDIMUKKALA","ANDHRA PRADESH","521247"
"2026-08-05T10:07:48+05:30","1162YKMAROON-3XL","X00232G0P5","B08J3TVPRS","BLR7","1","402-9530842-0827521","INR","494.28","0.00","0.00","Bengaluru","KARNATAKA","560078"
"2026-08-05T10:06:42+05:30","226YK346GREEN-L","X000XDBN3P","B07J2LN9Y9","DEL5","1","406-5444454-7533910","INR","627.62","0.00","0.00","MUMBAI","MAHARASHTRA","400079"
"2026-08-05T10:04:49+05:30","1592PLYKBLUE-3XL","X001VZSN41","B0CL487FNQ","HYD3","1","403-7822491-2266758","INR","722.86","0.00","0.00","PRASADAMPADU","ANDHRA PRADESH","521212"
"2026-08-05T10:04:49+05:30","1048YKBLUE-XL","X0013K7G51","B07Z5SKNB7","HYD3","1","402-7849725-6023549","INR","513.33","0.00","0.00","BHARUCH","GUJARAT","392001"
"2026-08-05T10:04:48+05:30","1024YKMUSTARD-M","X0012C1CWN","B07VM7VRXL","MAA4","1","171-1231816-9490764","INR","665.72","38.10","0.00","NALLUR TIRUNELVELI DISTRICT","TAMIL NADU","627853"
"2026-08-05T10:03:53+05:30","1293YKMAROON-4XL","X001CZZ9D3","B092R2XKFX","BLR7","1","171-5424733-2712357","INR","808.57","38.10","0.00","Thiruninravur","TAMIL NADU","602024"
"2026-08-05T10:03:47+05:30","5034YKOFFWHITE-3XL","X001X2QN53","B0CPHZL7JJ","CJB1","1","404-8339608-7651540","INR","541.90","0.00","0.00","MADURAI","TAMIL NADU","625020"
"2026-08-05T10:01:48+05:30","6025SKDPURPLE-4XL","X002HL4ZLD","B0GGBBXZPP","CCX2","1","402-5926474-3221148","INR","1199.04","0.00","0.00","KONNAGAR","WEST BENGAL","712235"
"2026-08-05T10:01:43+05:30","6020SKDOFFWHITE-XL","X002IRIXIH","B0GPQ4BK8X","GAX1","1","171-2923239-1692359","INR","1094.29","38.10","0.00","NAHARLAGUN","ARUNACHAL PRADESH","791110"
"2026-08-05T09:56:00+05:30","1307YKBLUE-3XL","X001E5JN4H","B097N4R5FW","BOM5","1","407-2719775-9813113","INR","541.90","0.00","0.00","MUMBAI","MAHARASHTRA","400067"
"2026-08-05T09:56:00+05:30","1532YKBLUE-3XL","X0028IIQ7J","B0DWXCYHWR","BOM5","1","407-2719775-9813113","INR","475.24","0.00","0.00","MUMBAI","MAHARASHTRA","400067"
"2026-08-05T09:56:00+05:30","1556YKGREEN-3XL","X001VG2LWZ","B0CJ2HTR63","BOM5","1","407-2719775-9813113","INR","475.24","0.00","0.00","MUMBAI","MAHARASHTRA","400067"
"2026-08-05T09:50:53+05:30","1572YKBLUE-M","X001X320YF","B0CPJCGKM5","BLR7","1","406-4432343-7485957","INR","951.43","38.10","0.00","SIVAGANGA","TAMIL NADU","630551"
"2026-08-05T09:50:53+05:30","1585YKPINK-M","X001WVIAZV","B0CNXX27Z5","BLR7","1","406-4432343-7485957","INR","951.43","38.10","0.00","SIVAGANGA","TAMIL NADU","630551"
"2026-08-05T09:49:51+05:30","5040YKBEIGE-S","X002B5JW0J","B0F91T5H2Y","BLR8","1","402-3964164-8492354","INR","494.29","38.10","0.00","Ambattur, Chennai-58","TAMIL NADU","600058"
"2026-08-05T09:46:47+05:30","1592PLYKBLUE-XXL","X001VZUXI5","B0CL4BH9F1","BLR8","1","404-1426013-2046742","INR","0.00","0.00","0.00","BENGALURU","KARNATAKA","560083"
"2026-08-05T09:45:50+05:30","1106YKBLUE-3XL","X0017YAFYR","B08FLDLBL8","BLR7","1","408-0252337-0796363","INR","799.05","0.00","0.00","PUDUCHERRY","PUDUCHERRY","605110"
"2026-08-05T09:45:44+05:30","7098YKPINK-XL","X002H0T1M7","B0G7HVGDYL","BOM5","1","171-3909663-8193111","INR","418.10","38.10","0.00","PIMPRI CHINCHWAD","MAHARASHTRA","411018"
"2026-08-05T09:44:56+05:30","206YK324MUSTARD-XL","X000VC3QDD","B07F319BYW","BLR7","1","408-7272525-0542701","INR","475.24","0.00","0.00","RAIA","GOA","403718"
"2026-08-05T09:43:55+05:30","1550YKGREEN-XL","X001VZSMYR","B0CL47Y9HK","MAA4","1","404-1080337-8466706","INR","856.19","38.10","0.00","CHITTOOR","ANDHRA PRADESH","517124"
"2026-08-05T09:43:47+05:30","1798YKBLACK-5XL","X002805WUV","B0DTHHMKTR","DEL5","1","405-0568555-7513137","INR","522.86","0.00","0.00","CHENNAI","TAMIL NADU","600061"
"2026-08-05T09:40:54+05:30","1043YKMAROON-M","X0013I5TTN","B07Z5TJWDD","HYD8","1","407-1548155-3373133","INR","427.62","38.10","0.00","VISAKHAPATNAM","ANDHRA PRADESH","530011"
"2026-08-05T09:38:51+05:30","5010YKWHITE-S","X0014LH5D7","B0832D6PTH","CCX2","1","402-8583150-3740341","INR","475.24","38.10","0.00","NORTH GUWAHATI","ASSAM","781039"
"2026-08-05T09:38:45+05:30","6007SKDBLUE-5XL","X002F2OJZB","B0FTMH4PL4","CCX1","1","403-7220341-5850748","INR","1265.71","0.00","0.00","JAMSHEDPUR","JHARKHAND","831005"
"2026-08-05T09:37:56+05:30","1316YKGREEN-3XL","X001EK9QA3","B097R575C5","BLR7","1","407-3662534-3520309","INR","541.90","0.00","0.00","MUMBAI","MAHARASHTRA","400067"
"2026-08-05T09:37:47+05:30","1937YKPURPLE-3XL","X002F1XDPJ","B0FTFHQBTH","BLR7","1","402-0889728-6680304","INR","884.76","0.00","0.00","Taleigao panaji","GOA","403003"
"2026-08-05T09:36:59+05:30","1370PLYKMAROON-3XL","X001HN1CY5","B09KRY7V6B","HYD8","1","405-6278409-5041154","INR","799.04","0.00","0.00","HYDERABAD","TELANGANA","500049"
"2026-08-05T09:35:48+05:30","1777YKOFFWHITE-M","X0025FK1H3","B0DJR8F7TG","BLR8","1","402-2794650-0484321","INR","503.80","38.10","0.00","Bengaluru","KARNATAKA","560049"
"2026-08-05T09:34:49+05:30","1247YKGREEN-4XL","X001AUQ5K1","B08SJZT219","BLR7","1","406-4347224-2817908","INR","837.14","0.00","0.00","Basudebpur","WEST BENGAL","721628"
"2026-08-05T09:33:51+05:30","1317YKBLUE-XXL","X001GP8OSL","B097N4H6QN","HYD8","1","408-0117927-9826779","INR","541.90","0.00","0.00","CHENNAI","TAMIL NADU","600092"
"2026-08-05T09:33:50+05:30","1359YKGREEN-M","X001GC5WOX","B09GPJB454","CCX1","1","404-5219853-6820353","INR","694.28","0.00","0.00","KHARDAHA/Kolkata","WEST BENGAL","700116"
"2026-08-05T09:31:52+05:30","1244PLYKBLACK-3XL","X001CTNOIV","B092HWNKSV","HYD8","1","408-4023989-2841128","INR","799.05","38.10","0.00","Malappuram","KERALA","679323"
"2026-08-05T09:30:52+05:30","6007SKDBLUE-XXL","X002F3J02R","B0FTMH88JV","DEL5","1","403-6527522-6695562","INR","1265.71","38.10","0.00","NEW DELHI","DELHI","110059"
"2026-08-05T09:29:49+05:30","1354PLYKMUSTARD-7XL","X002FWA7BV","B0FYX54VTM","BOM7","1","403-4059229-6387559","INR","865.72","0.00","0.00","Mumbai","MAHARASHTRA","400066"
"2026-08-05T09:28:56+05:30","192PLYK251GREEN-5XL","X0014CLTQP","B08292CNQC","BLR7","1","405-8982034-9806762","INR","627.62","0.00","28.57","PUNE","MAHARASHTRA","411046"
"2026-08-05T09:25:43+05:30","224PLYK148BNDJ-7XL","X0022GQV9H","B0D7W5WL3X","BOM5","1","407-1217975-2039561","INR","856.20","38.10","0.00","ROHA","MAHARASHTRA","402304"
"2026-08-05T09:22:01+05:30","4006DRSRED-XL","X002CAKLHB","B0FFGV3YBX","BLR7","1","407-5205077-0173166","INR","541.90","0.00","0.00","HYDERABAD","TELANGANA","500034"
"2026-08-05T09:21:48+05:30","1800YKDBLUE-L","X0028U2UGP","B0DYD1LBQF","BOM5","1","171-5757148-5559503","INR","932.38","0.00","0.00","Bengaluru","KARNATAKA","560098"
"2026-08-05T09:20:51+05:30","1937YKPURPLE-XL","X002F1XDKT","B0FTF3QSYX","LKO1","1","407-5989592-0519525","INR","856.20","0.00","0.00","LUCKNOW","UTTAR PRADESH","226010"
"2026-08-05T09:17:51+05:30","1048YKBLUE-3XL","X002DYV5NF","B0FNN636RK","BOM5","1","406-1425075-9400311","INR","541.90","38.10","0.00","MUMBAI","MAHARASHTRA","400069"
"2026-08-05T09:16:50+05:30","1899YKOFFWHITE-S","X002BIQVVJ","B0FBKBR6D9","BLR8","1","404-4833854-1811545","INR","0.00","0.00","0.00","BENGALURU","KARNATAKA","560027"
"2026-08-05T09:16:45+05:30","1529YKWINE-XL","X001TZJ2S9","B0CD7WJN8P","DEL4","1","403-4888831-0861906","INR","770.48","0.00","0.00","Ghaziabad","UTTAR PRADESH","201003"
"2026-08-05T09:15:49+05:30","1594YKYELLOW-5XL","X00252M3RH","B0DHW1KNT5","BOM7","1","406-4703129-3172347","INR","827.62","38.10","0.00","VASAI VIRAR","MAHARASHTRA","401305"
"2026-08-05T09:14:48+05:30","1266YKBLUE-3XL","X001C2CUW9","B08W1H1VHD","BOM7","1","171-9558863-1812358","INR","751.43","0.00","0.00","Bangalore","KARNATAKA","560060"
"2026-08-05T09:11:44+05:30","5045YKBUBBLEGUMPINK-XL","X002GIE9OZ","B0G3X5W5RQ","BOM5","1","405-5262249-3940331","INR","513.33","0.00","0.00","BENGALURU","KARNATAKA","560048"
"2026-08-05T09:09:57+05:30","5015YKMUSTARD-L","X001AB1VFT","B08CSMG5WH","HYD8","1","171-2858104-0855531","INR","475.24","0.00","0.00","HYDERABAD","TELANGANA","500101"
"2026-08-05T09:05:51+05:30","5009YKGREY-5XL","X001W0CTGN","B0CL4ZM1VG","HYD8","1","404-7422888-8855508","INR","513.33","38.10","0.00","BHUBANESWAR","ODISHA","751003"
"2026-08-05T09:05:50+05:30","1003DPT21MULTI-6XL","X0023TRG3X","B0DDP6NWVM","DEL4","1","408-7715968-6792329","INR","856.19","0.00","0.00","Chennai","Tamil Nadu","600088"
"2026-08-05T09:03:49+05:30","237YK345PINK-XXL","X0015OVBS3","B07J2MZTNQ","DEL5","1","408-2971380-4383552","INR","522.86","38.10","0.00","Pathankot","PUNJAB","145029"
"2026-08-05T09:02:55+05:30","1362YKBLACK-L","X001GP8OAT","B09GVJRYJF","HYD8","1","171-1104066-8657904","INR","627.62","38.10","0.00","BHUBANESWAR","ODISHA","751003"
"2026-08-05T09:02:47+05:30","1947YKGREEN-3XL","X002HB18T5","B0GCZRKXWP","BLR8","1","406-7680942-5807526","INR","722.86","38.10","0.00","BENGALURU","KARNATAKA","560092"
"2026-08-05T09:01:45+05:30","1265YKPINK-XL","X001C0RRVF","B08W35X1Y7","DEL5","1","404-2880803-8718764","INR","694.29","0.00","0.00","PATNA","BIHAR","800023"
"2026-08-05T08:57:54+05:30","8011MWBLUE-M","X002CZVP7V","B0FJ8N9KYY","BLR8","1","402-0114922-6624362","INR","513.33","38.10","0.00","KOKASARA","ODISHA","766017"
"2026-08-05T08:57:49+05:30","1777YKOFFWHITE-M","X0025FK1H3","B0DJR8F7TG","BLR8","1","402-6783579-2465913","INR","503.81","38.10","0.00","KOKASARA","ODISHA","766017"
"2026-08-05T08:54:48+05:30","1127YKMAROON-XL","X0017P3BU1","B085ZBBMJ3","LKO1","1","406-3181714-1458750","INR","808.58","38.10","0.00","PRAYAGRAJ","UTTAR PRADESH","211008"
"2026-08-05T05:29:48+05:30","1777YKOFFWHITE-L","X0025FLWDP","B0DJR7ZH9J","CCX1","1","402-1325475-6543506","INR","503.81","0.00","0.00","TINSUKIA","ASSAM","786160"
"2026-08-05T05:16:00+05:30","1043YKMAROON-M","X0013I5TTN","B07Z5TJWDD","CCX2","1","406-3508880-4729101","INR","427.62","0.00","0.00","Kolkata","WEST BENGAL","700136"
"2026-08-05T05:15:45+05:30","1937YKPURPLE-XL","X002F1XDKT","B0FTF3QSYX","CCX1","1","405-5100571-8391548","INR","856.19","38.10","0.00","PATNA","BIHAR","800016"
"2026-08-05T05:04:50+05:30","1057YKBLUE-M","X0014KG33L","B0833VZPP6","HYD3","1","404-5012146-9677945","INR","513.33","38.10","0.00","BENGALURU","KARNATAKA","560038"
"2026-08-05T05:04:46+05:30","1796YKBLACK-4XL","X002CY1D0B","B0FJ2KZ6Z9","CCX1","1","171-8277018-6933952","INR","903.81","38.10","0.00","SIKANDERPUR BALLIA DISTRICT","UTTAR PRADESH","277303"
"2026-08-05T04:57:46+05:30","1265YKNPINK-4XL","X001P7N25P","B09H7KMYJT","HYD8","1","406-0586494-1373929","INR","760.95","0.00","0.00","VELLORE","TAMIL NADU","632006"
"2026-08-05T04:56:57+05:30","1412YKMULTI-3XL","X002ANICB7","B0F6YLJVNZ","HYD8","1","403-8421619-1381913","INR","618.10","0.00","0.00","BHUBANESWAR","ODISHA","751021"
"2026-08-05T04:47:46+05:30","5007YKBLACK-6XL","X002381MNT","B0DB1S4ZP2","BOM7","1","403-2061437-9994756","INR","589.52","0.00","0.00","PIMPRI CHINCHWAD","MAHARASHTRA","411017"
"2026-08-05T04:43:47+05:30","1306YKORANGE-XXL","X001JWLJDX","B09X74JGC9","HYD8","1","405-9021451-5651553","INR","646.67","38.10","0.00","Bankra","WEST BENGAL","711403"
"2026-08-05T04:36:49+05:30","1913YKBEIGE-8XL","X002DXL4A5","B0FNK8LVP8","HYD8","1","405-4230267-0617102","INR","780.00","38.10","0.00","HYDERABAD","TELANGANA","500011"
"2026-08-05T04:35:02+05:30","1588YKBLUE-7XL","X00232G0TV","B0D9NZ82LL","HYD3","1","406-0275492-9190744","INR","560.95","0.00","0.00","RAMPURHAT","WEST BENGAL","731224"
"2026-08-05T04:32:58+05:30","1227YKBLUE-S","X0019OMAI9","B08MT16CJF","HYD8","1","403-6146683-7173153","INR","675.24","38.10","0.00","HYDERABAD","TELANGANA","500074"
"2026-08-05T04:31:51+05:30","1096PLYKBLUE-XXL","X001FH26E3","B09DT6STYZ","HYD8","1","407-2744218-0989913","INR","760.96","38.10","0.00","HYDERABAD","TELANGANA","500089"
"2026-08-05T04:27:55+05:30","1309YKRED-M","X001FW51QN","B09GPJRSNP","BLR7","1","402-5351696-8381958","INR","656.19","38.10","0.00","BHOPAL","MADHYA PRADESH","462041"
"2026-08-05T04:27:55+05:30","1308YKBLUE-M","X001J21A55","B09QWXX8RZ","BLR7","1","402-5351696-8381958","INR","599.05","38.10","0.00","BHOPAL","MADHYA PRADESH","462041"
"2026-08-05T04:27:52+05:30","1899YKOFFWHITE-M","X002BIT8K5","B0FBKDRFVW","BOM5","1","171-1731364-6021107","INR","475.24","38.10","0.00","CHENNAI","TAMIL NADU","600130"
"2026-08-05T04:26:51+05:30","324YK393RANI-M","X00127MVSH","B07W8ZQ693","HYD8","1","407-5017690-8526703","INR","694.29","38.10","0.00","PURI","ODISHA","752001"
"2026-08-05T04:26:48+05:30","5010YKWHITE-L","X0014LH5BJ","B0832KVFFK","DEL5","1","171-3749255-4283514","INR","475.24","56.19","0.00","VARANASI","UTTAR PRADESH","221001"
"2026-08-05T04:25:00+05:30","1470YKBLUE-L","X001VVIBER","B0CKT4Z2RN","PNQ3","1","407-9718687-5679559","INR","408.58","38.10","0.00","PIMPRI CHINCHWAD","MAHARASHTRA","411033"
"2026-08-05T04:23:54+05:30","1540YKGREEN-XL","X001URCEBN","B0CGV9PJQ2","BLR8","1","405-8147059-3973136","INR","675.24","38.10","0.00","MUMBAI","MAHARASHTRA","400053"
"2026-08-05T04:23:54+05:30","1330YKBLUE-XL","X001FW505F","B09GPJ8JVW","BLR8","1","405-8147059-3973136","INR","722.86","38.10","0.00","MUMBAI","MAHARASHTRA","400053"
"2026-08-05T04:20:53+05:30","1943YKGREEN-XXL","X002FQBWKR","B0FXXCP4R9","LKO1","1","405-8363728-7618740","INR","475.24","38.10","0.00","AMRITSAR","PUNJAB","143514"
"2026-08-05T04:20:47+05:30","7102YKMAROON-S","X002HYNPRF","B0GJK73D3T","LKO1","1","408-9411953-6475508","INR","418.10","0.00","0.00","MOHALI","PUNJAB","160062"
"2026-08-05T04:19:50+05:30","5037YKPINK-XL","X00291QEAV","B0DZCBCZCD","CJB1","1","405-0740935-1289936","INR","494.29","0.00","0.00","KANNUR","KERALA","670504"
"2026-08-05T04:19:03+05:30","1341YKGREEN-XXL","X001J1NTPP","B09QXFQ8G1","MAA4","1","403-2816859-6240302","INR","541.90","38.10","0.00","MANDAMARRI","TELANGANA","504231"
"2026-08-05T04:18:49+05:30","6007SKDBLUE-XXL","X002F3J02R","B0FTMH88JV","BOM5","1","408-3779428-5174726","INR","1265.72","0.00","0.00","MUMBAI","MAHARASHTRA","400012"
"2026-08-05T04:15:52+05:30","1726YKGREY-XL","X002AP9BSX","B0F7FKRT7P","HYD8","1","407-5158811-8150717","INR","475.24","0.00","0.00","Hadapsar, pune","MAHARASHTRA","411028"
"2026-08-05T04:14:56+05:30","1180YKYELLOW-XXL","X001FH17ON","B08MTHS7G6","BLR8","1","408-8507396-6005143","INR","532.38","0.00","0.00","KALYAN","MAHARASHTRA","421301"
"2026-08-05T04:14:47+05:30","1308YKBLUE-M","X001J21A55","B09QWXX8RZ","MAA4","1","406-9524099-3110743","INR","599.05","0.00","0.00","Hyderabad","TELANGANA","500090"
"2026-08-05T04:11:53+05:30","5009YKGREY-8XL","X002DWVRR1","B0FND94J7R","HYD8","1","404-7153681-4129155","INR","589.52","0.00","0.00","BURDWAN","WEST BENGAL","713104"
"2026-08-05T04:09:52+05:30","1529DPT11WINE-M","X0021KM8FF","B0D5VD5LM9","DEL5","1","402-2780241-4596336","INR","903.81","38.10","0.00","NAKODAR","PUNJAB","144630"
"2026-08-05T04:08:51+05:30","1569PLYKBLUE-8XL","X002DLH875","B0FM4CXVZ3","DEL5","1","407-6163931-8603528","INR","827.62","0.00","0.00","VELLORE","TAMIL NADU","632009"
"2026-08-05T04:08:50+05:30","6027SKDBLACK-M","X002IJ59XH","B0GN2SM73G","BLR8","1","408-7098183-0487549","INR","951.43","0.00","0.00","THIRUVANANTHAPURAM","KERALA","695017"
"2026-08-05T04:08:48+05:30","4007DRSBLACK-XL","X002CAKJBJ","B0FFGT9668","MAA4","1","406-7376686-3789118","INR","541.90","0.00","0.00","Ernakulam","KERALA","682040"
"2026-08-05T04:07:47+05:30","1529KDWINE-9-10","X002H4MIZZ","B0G9GB3N9K","BOM5","1","403-6809215-4087539","INR","532.38","0.00","0.00","PUNE","MAHARASHTRA","411015"
"2026-08-05T04:05:51+05:30","1080YKLEMON-XL","X0014JH0PR","B082X7JFDN","BLR7","1","405-0862223-6220339","INR","675.24","38.10","0.00","PAMIDIMUKKALA","ANDHRA PRADESH","521247"
"2026-08-05T04:01:50+05:30","1600YKGREEN-XXL","X001WXNDBF","B0CP3WL5MD","HYD8","1","407-2984390-0737139","INR","570.48","38.10","0.00","PALAKKAD","KERALA","678003"
"2026-08-05T04:01:42+05:30","1644YKMULTI-L","X0027DDW3D","B0D37YKQD2","DED4","1","404-6546791-3872322","INR","0.00","0.00","0.00","VIKASNAGAR","UTTARAKHAND","248198"
"2026-08-05T03:59:47+05:30","1473YKWHITE-XS","X001W1L1AH","B0CL4VTH4Y","BOM7","1","403-9036422-5288343","INR","389.52","0.00","0.00","DOMBIVLI","MAHARASHTRA","421204"
"2026-08-05T03:56:47+05:30","5033YKBEIGE-XL","X001X2WITX","B0CPHYFKDC","AMD2","1","407-8820619-8619553","INR","513.33","0.00","0.00","Thane","MAHARASHTRA","400607"
"2026-08-05T03:55:48+05:30","1330PLYKBLUE-5XL","X001G7FJ2D","B09HHDYXVY","BLR8","1","405-9267420-5759506","INR","760.96","38.10","0.00","BENGALURU","KARNATAKA","560087"
"2026-08-05T03:53:47+05:30","1065PLYKBLUE-8XL","X001M3R78P","B0B8VV1WW4","BLR7","1","406-4965787-4469964","INR","827.62","38.10","0.00","EDATHALA","KERALA","683561"
"2026-08-05T03:51:53+05:30","1096PLYKBLUE-8XL","X0025J5TWV","B0DK1JYLKM","BLR7","1","407-5217559-4595545","INR","827.62","0.00","0.00","BENGALURU","KARNATAKA","560066"
"2026-08-05T03:50:51+05:30","1966YKYELLOW-3XL","X002MFK4B9","B0H64X9J9H","BLR8","1","404-8810451-5634760","INR","522.86","38.10","0.00","CHENNAI","TAMIL NADU","600040"
"2026-08-05T03:49:59+05:30","1683YKBLUE-5XL","X002DBHM35","B0FKT1N4JZ","HYD8","1","171-0252450-9058772","INR","884.76","0.00","0.00","GANDHIDHAM","GUJARAT","370205"
"2026-08-05T03:49:48+05:30","5015YKMUSTARD-5XL","X001ARJ9D9","B08RWTJZ1V","BLR7","1","403-8008586-7375547","INR","513.33","38.10","0.00","CHENNAI","TAMIL NADU","600087"
"2026-08-05T03:48:51+05:30","1373YKPINK-XL","X001GP8T8L","B09JNP6V9K","HYD3","1","405-7334052-0069157","INR","437.14","0.00","0.00","NAMAKKAL","TAMIL NADU","637003"
"2026-08-05T03:47:51+05:30","1592PLYKBLUE-3XL","X001VZSN41","B0CL487FNQ","CCX1","1","407-3945643-4024303","INR","722.86","38.10","0.00","NEW TOWN","WEST BENGAL","700159"
"2026-08-05T03:47:00+05:30","1537PLYKRED-4XL","X001U4H6QJ","B0CF2FS5K4","HYD8","1","403-1437622-8505141","INR","703.81","38.10","0.00","PIMPRI CHINCHWAD","MAHARASHTRA","411027"
"2026-08-05T03:45:53+05:30","1537PLYKRED-3XL","X001U4F1FR","B0CF2HT8K7","HYD8","1","403-0702729-8057955","INR","703.81","0.00","0.00","PANIHATI","WEST BENGAL","700110"
"2026-08-05T03:43:52+05:30","1057YKBLUE-3XL","X001G2LUZD","B09H7HB21D","BOM5","1","404-0474322-2902732","INR","541.90","0.00","0.00","AHMEDABAD","GUJARAT","380007"
"2026-08-05T03:43:48+05:30","5008YKGREEN-3XL","X001W0F6EP","B0CL4ZCYP4","CCX2","1","402-4250419-4738767","INR","513.33","38.10","0.00","BALLIA","UTTAR PRADESH","221711"
"2026-08-05T03:42:46+05:30","5010YKWHITE-M","X0014LEEJ5","B0832P7J1B","CCX1","1","171-4240467-3121126","INR","475.24","38.10","0.00","KOLKATA","WEST BENGAL","700026"
"2026-08-05T03:41:44+05:30","1224PLYKPINK-XXL","X001D4TXZD","B093SH8GQV","MAA4","1","407-0897738-9421143","INR","827.62","38.10","0.00","GUNTUR","ANDHRA PRADESH","522006"
"2026-08-05T03:38:56+05:30","1127YKMAROON-L","X0017NE2GZ","B085ZY561C","BLR7","1","402-5432113-1925143","INR","808.58","38.10","0.00","SULYA","KARNATAKA","574239"
"2026-08-05T03:36:47+05:30","1158PLYKGREEN-3XL","X001CZZ9DD","B09261JMY9","AMD2","1","408-1644375-6649943","INR","675.24","38.10","0.00","Malappuram","KERALA","679323"
"2026-08-05T03:35:49+05:30","315YKO251TEAL-XXL","X001119DMB","B07RPNDSS9","PNQ3","1","402-8402394-3788311","INR","627.62","0.00","0.00","CHITTUR THATHAMANGALAM","KERALA","678101"
"2026-08-05T03:35:46+05:30","1593YKGREEN-XL","X001VVN1SD","B0CKT7Q9K3","BLR7","1","406-4284661-4375520","INR","684.76","38.10","0.00","BENGALURU","KARNATAKA","560095"
"2026-08-05T03:34:48+05:30","1387YKMULTI-M","X001J200ER","B09QX4LHR9","MAA4","1","405-5008907-3261910","INR","475.24","0.00","0.00","Hyderabad","TELANGANA","500035"
"2026-08-05T03:27:51+05:30","1967YKPINK-S","X002MFK8IN","B0H64R2F7C","HYD8","1","407-9966367-3968322","INR","475.24","0.00","0.00","PUNE","MAHARASHTRA","411009"
"2026-08-05T03:26:02+05:30","1946YKGREEN-3XL","X002GA95J7","B0G2JGR5DM","DEL5","1","406-4480428-1409160","INR","884.76","38.10","0.00","MANDI","HIMACHAL PRADESH","175001"
"2026-08-05T03:22:50+05:30","1106YKBLUE-4XL","X0017YAFYH","B08FLCPLQ3","CCX2","1","406-4672652-1678742","INR","799.05","0.00","0.00","Po-Danagadi,KALINGA NAGAR INDUSTRIAL AREA","ODISHA","755026"
"2026-08-05T03:22:02+05:30","1063YKRED-S","X0013WPBKV","B07Z5XPK3L","BOM7","1","406-3457845-6333133","INR","522.86","38.10","0.00","Hyderabad","TELANGANA","500044"
"2026-08-05T03:21:04+05:30","1937YKPURPLE-XXL","X002F2QCQZ","B0FTF6958X","HYD8","1","405-8079609-0397921","INR","884.76","0.00","0.00","PAMIDI","ANDHRA PRADESH","515775"
"2026-08-05T03:19:52+05:30","1253YKBLACK-XXL","X001BEWC9T","B08SJYTH2S","BLR7","1","407-9458226-7591567","INR","799.05","38.10","0.00","CHENNAI","TAMIL NADU","600042"
"2026-08-05T03:19:51+05:30","1556YKGREEN-M","X001URKC7V","B0CGV7JKN2","DEL5","1","405-9041910-6461156","INR","446.67","38.10","0.00","New Delhi","DELHI","110025"
"2026-08-05T03:15:50+05:30","1736YKBLACK-5XL","X002FW3LFZ","B0FYXJH2RD","HYD8","1","407-0123552-6411522","INR","1199.05","38.10","0.00","PUDUPAKKAM","TAMIL NADU","603103"
"2026-08-05T03:15:48+05:30","5034YKOFFWHITE-M","X001X2U4U3","B0CPHYXTKY","DEL5","1","403-7686794-7329128","INR","513.33","38.10","0.00","CHANDIGARH","CHANDIGARH","160022"
"2026-08-05T03:11:44+05:30","1369YKMAROON-L","X001GHN3Q7","B09JPBB7H6","AMD2","1","404-2088043-4280367","INR","760.95","38.10","0.00","Hooghly","West Bengal","712504"
"2026-08-05T03:10:49+05:30","7102YKMAROON-L","X002HYJYBV","B0GJKNSDGD","LKO1","1","404-7374401-0025123","INR","418.10","38.10","0.00","PRAYAGRAJ","UTTAR PRADESH","211011"
"2026-08-05T03:08:46+05:30","5025YKTEAL-M","X001BLP7P3","B08W3BT9T1","BLR8","1","404-3846877-8465965","INR","475.24","0.00","0.00","KALAMASSERY","KERALA","682024"
"2026-08-05T03:05:48+05:30","7102YKMAROON-XL","X002HYO8KN","B0GJKBJV5M","AMD2","1","407-0988229-6693920","INR","418.10","0.00","0.00","BHUBANESWAR","ODISHA","751030"
"2026-08-05T03:04:50+05:30","1048YKBLUE-XL","X0013K7G51","B07Z5SKNB7","HYD8","1","403-0361551-1084322","INR","513.33","38.10","0.00","PUNE","MAHARASHTRA","411046"
"2026-08-05T03:02:52+05:30","5011YKOWHITE-L","X0014PEQY9","B0832KD21X","JPX2","1","404-7963631-9331549","INR","0.00","0.00","0.00","PIPAR CITY ,jodhpur","RAJASTHAN","342601"
"2026-08-05T03:01:50+05:30","314PLYK411RED-4XL","X0014BKGZB","B08292ZCLZ","PNQ3","1","402-1435995-6529131","INR","799.05","0.00","0.00","PENHA DE FRANCA","GOA","403101"
"2026-08-05T03:01:50+05:30","1605YKBLUE-5XL","X001Z1Z3H1","B0CWY17L89","BLR8","1","403-6460642-9317111","INR","722.86","38.10","0.00","BENGALURU","KARNATAKA","560076"
"2026-08-05T03:00:50+05:30","1946YKGREEN-S","X002GACAKX","B0G2JJRWYN","DEL4","1","407-7213428-6316331","INR","856.19","0.00","0.00","MORINDA","PUNJAB","140101"
"2026-08-05T03:00:49+05:30","AK-228BLACK-3XL","X002F3KVX9","B0FTMJGPJ1","BLR7","1","408-3175233-6464369","INR","475.24","0.00","0.00","Bangalore","Karnataka","560077"
"2026-08-05T02:59:56+05:30","1507PLYKPINK-3XL","X001VV98K3","B0CKT695MH","DEL4","1","402-8394364-1201909","INR","703.81","38.10","0.00","NAKODAR","PUNJAB","144630"
"2026-08-05T02:59:50+05:30","6007SKDBLUE-5XL","X002F2OJZB","B0FTMH4PL4","HYD8","1","402-7014559-5196304","INR","1265.72","38.10","0.00","HYDERABAD","TELANGANA","500006"
"2026-08-05T02:59:45+05:30","295PLYK148checks-5xl","X0014AX1DB","B08292PXRN","BLR8","1","171-5043092-3619520","INR","808.57","38.10","0.00","MUMBAI","MAHARASHTRA","400092"
"2026-08-05T02:59:45+05:30","1752YKMULTI-6XL","X002GRZ369","B0G59G3K42","HYD8","1","402-5854073-0181164","INR","1256.20","38.10","0.00","HYDERABAD","TELANGANA","500006"
"2026-08-05T02:58:56+05:30","1293YKMAROON-XL","X001CZZGCH","B092R2KVPR","CCX1","1","402-7642934-5628353","INR","780.00","38.10","0.00","CUTTACK","ODISHA","753006"
"2026-08-05T02:57:00+05:30","5040YKBEIGE-3XL","X002B5IDYF","B0F91VQ9GV","BLR7","1","403-8001024-6526728","INR","532.38","0.00","0.00","THIRUVANANTHAPURAM","KERALA","695009"
"2026-08-05T02:56:50+05:30","5010YKWHITE-3XL","X0015KVQ2N","B0851QWV4N","BLR7","1","403-8682012-2203532","INR","513.33","0.00","0.00","THIRUVANANTHAPURAM","KERALA","695009"
"2026-08-05T02:56:50+05:30","190YK214MEHROON-L","X000VC31Q5","B07F1NLYP3","BLR8","1","407-0249780-0872345","INR","627.62","38.10","0.00","CHENNAI","TAMIL NADU","600109"
"2026-08-05T02:56:07+05:30","1488YKWHITE-L","X001VZRNVZ","B0CL4915M4","BOM7","1","404-1242778-7222731","INR","618.10","0.00","0.00","VADODARA","GUJARAT","390008"
"2026-08-05T02:54:51+05:30","1188PLYKPINK-4XL","X001DSD2BZ","B0925ZDWJP","HYD8","1","405-7396328-0939540","INR","770.48","0.00","0.00","JAGTIAL","TELANGANA","505327"
"2026-08-05T02:54:51+05:30","1592PLYKBLUE-5XL","X001VZSMXD","B0CL4852QQ","HYD8","1","405-7396328-0939540","INR","722.86","0.00","0.00","JAGTIAL","TELANGANA","505327"
"2026-08-05T02:54:44+05:30","4010DRSMULTI-M","X002DLKJET","B0FM48GZSX","JPX2","1","404-0099882-0675562","INR","389.52","0.00","0.00","AHMEDABAD","GUJARAT","380023"
"2026-08-05T02:49:47+05:30","1532YKBLUE-3XL","X0028IIQ7J","B0DWXCYHWR","BOM7","1","171-0153977-1481957","INR","475.24","0.00","0.00","RAIPUR","CHHATTISGARH","492001"
"2026-08-05T02:47:53+05:30","1498PLYKGREEN-7XL","X002AIS7Y9","B0F6K21RPP","BLR7","1","407-4230072-7363516","INR","894.29","0.00","0.00","PUNE","MAHARASHTRA","411047"
"2026-08-05T02:43:49+05:30","224PLYK148BNDJ-4XL","X0014GA5NJ","B082926779","DEL4","1","406-9558934-9940341","INR","789.52","38.10","0.00","NEW DELHI","DELHI","110096"
"2026-08-05T02:41:45+05:30","315YKO251TEAL-XXL","X001119DMB","B07RPNDSS9","HYD8","1","404-6420811-5774731","INR","0.00","0.00","0.00","Vellore distic","TAMIL NADU","632102"
"2026-08-05T02:40:54+05:30","1968YKBLACK-4XL","X002MFIT25","B0H64ZTHVK","BLR8","1","408-0030374-5541925","INR","522.86","0.00","0.00","KALYAN","MAHARASHTRA","421301"
"2026-08-05T02:40:50+05:30","1968YKBLACK-XXL","X002MFIUID","B0H64PT1FH","BLR8","1","405-1284931-0525962","INR","522.86","0.00","0.00","VELLORE","TAMIL NADU","632009"
"2026-08-05T02:40:48+05:30","1252YKGREEN-XXL","X001AUP0BB","B08SK1HXWD","HYD3","1","403-6828760-9177968","INR","808.57","0.00","0.00","UDGIR","MAHARASHTRA","413517"
"2026-08-05T02:39:48+05:30","1523YKGREEN-L","X001UJN1BD","B0CG39L7XV","BLR7","1","408-2741517-8492305","INR","408.57","38.10","0.00","BOKAJAN","ASSAM","782480"
"2026-08-05T02:37:52+05:30","1914YKYELLOW-5XL","X002F2L96X","B0FTF8XCC2","BLR8","1","408-1860956-1981167","INR","799.05","38.10","0.00","MUMBAI","MAHARASHTRA","400053"
"2026-08-05T02:37:47+05:30","192YK251GREEN-5XL","X000VC2VV1","B07F1L6HPH","BLR8","1","408-2821773-9006730","INR","627.62","38.10","0.00","MUMBAI","MAHARASHTRA","400053"
"2026-08-05T02:36:53+05:30","1256PLYKPEACH-6XL","X0028IR00N","B0DWXLCKFV","BOM5","1","408-8801849-7303561","INR","618.10","38.10","0.00","THANE","MAHARASHTRA","400604"
"2026-08-05T02:36:53+05:30","1500YKMAROON-5XL","X001QLSLVZ","B0BY4MWZZQ","BOM5","1","408-8801849-7303561","INR","475.24","38.10","0.00","THANE","MAHARASHTRA","400604"
"2026-08-05T02:36:48+05:30","1890YKMULTI-L","X002DBPPNJ","B0FKT6C9SY","DEL5","1","408-8063087-0764323","INR","399.05","38.10","0.00","BANGA","PUNJAB","144505"
"2026-08-05T02:34:50+05:30","1687YKPINK-XXL","X0021KJ7A9","B0D5VF6JBQ","BLR7","1","406-4953231-1033138","INR","951.43","38.10","0.00","Madurai","TAMIL NADU","625016"
"2026-08-05T02:33:48+05:30","1529YKWINE-M","X001TZDDQB","B0CD7W5DL6","BLR7","1","407-5389031-9777941","INR","770.48","0.00","0.00","KARWAR","KARNATAKA","581308"
"2026-08-05T02:30:52+05:30","4017DRSBLUE-XXL","X002CAM1RJ","B0FFGTLJCZ","DEL4","1","405-7386026-9980355","INR","570.48","38.10","0.00","BILASPUR GAUTAM BUDDHA NAGAR DISTRICT","UTTAR PRADESH","203202"
"2026-08-05T02:30:47+05:30","226YK346GREEN-XXL","X000WNP4W7","B07J2NYCBN","DEL5","1","405-2252455-1585917","INR","656.19","0.00","0.00","LUCKNOW","UTTAR PRADESH","226026"
"2026-08-05T02:29:49+05:30","1485PLYKMUSTARD-XXL","X001U4F52L","B0CF2HMS4T","BLR8","1","171-9809736-2669146","INR","789.52","38.10","0.00","VASAI VIRAR","MAHARASHTRA","401208"
"2026-08-05T02:29:46+05:30","1797YKBROWN-XL","X002805UJT","B0DTHG5D2G","DEL4","1","407-0885487-8503545","INR","475.24","38.10","0.00","GHAZIABAD","UTTAR PRADESH","201012"
"2026-08-05T02:27:45+05:30","7103YKBLACK-5XL","X002HIC7N9","B0GD6N5TTX","BOM7","1","408-6674009-1446759","INR","418.10","0.00","0.00","Raipur","CHHATTISGARH","492001"
"2026-08-05T02:26:57+05:30","1220YKWHITE-7XL","X002BWXXRZ","B0FCMRM3JW","JPX2","1","408-8077025-9208319","INR","1264.76","0.00","0.00","Jalandhar","PUNJAB","144004"
"2026-08-05T02:26:49+05:30","5041YKBOTTELGREEN-4XL","X002A68JKD","B0F4RFMVBJ","CCX2","1","406-1764268-7462730","INR","513.33","0.00","0.00","LUCKNOW","UTTAR PRADESH","226010"
"2026-08-05T02:25:47+05:30","1556YKGREEN-XXL","X001VG3M2X","B0CJ2HZKL7","PNQ3","1","403-2632139-0305158","INR","475.24","38.10","0.00","PUNE","MAHARASHTRA","411036"
"2026-08-05T02:25:44+05:30","1778YKBLUE-L","X0029HFA6J","B0F1XT563M","HYD3","1","404-1803485-3404323","INR","0.00","0.00","0.00","JAMSHEDPUR","JHARKHAND","831011"
"2026-08-05T02:24:50+05:30","1771YKDGREEN-5XL","X0025RV71P","B0DKNLQ4GB","MAA4","1","407-7535498-1391527","INR","894.29","0.00","0.00","MANGALURU","KARNATAKA","575003"
"2026-08-05T02:23:41+05:30","1916YKRED-4XL","X002EUHRCB","B0FSDCKBPK","BOM5","1","404-6206586-5422768","INR","0.00","0.00","0.00","Bhopal","MADHYA PRADESH","462026"
"2026-08-05T02:20:48+05:30","1665YKMULTI-XL","X002815XH7","B0DTK1MZZT","BOM5","1","402-7065347-4645130","INR","427.62","0.00","0.00","BENGALURU","KARNATAKA","560087"
"2026-08-05T02:19:50+05:30","1790YKDGREY-5XL","X002ACLHMJ","B0F5QD6DBX","BLR8","1","404-8628841-3340363","INR","865.71","0.00","0.00","Delhi","DELHI","110007"
"2026-08-05T02:16:51+05:30","7101YKGREEN-XL","X002IST6Z5","B0GPVHV6KR","DEL5","1","403-5621073-3520345","INR","418.10","0.00","0.00","MUMBAI","MAHARASHTRA","400101"
"2026-08-05T02:14:46+05:30","1059PLYKNMUSTARD-7XL","X0022ARLLF","B0D7D3XR7M","BOM7","1","408-5766979-4216341","INR","846.66","38.10","0.00","NAVI MUMBAI","MAHARASHTRA","410206"
"2026-08-05T02:10:53+05:30","1777YKOFFWHITE-L","X0025FLWDP","B0DJR7ZH9J","BLR8","1","404-9181062-6377152","INR","503.81","0.00","0.00","KALLIASSERI","KERALA","670562"
"2026-08-05T02:08:51+05:30","1253PLYKBLACK-XXL","X001GEINGP","B09DT6CQGM","MAA4","1","403-0666314-3998753","INR","837.14","0.00","0.00","Kanchipuram","TAMIL NADU","603203"
"2026-08-05T02:08:51+05:30","1913YKBEIGE-XXL","X002DXLA0J","B0FNKBQ2WR","MAA4","1","403-0666314-3998753","INR","703.80","0.00","0.00","Kanchipuram","TAMIL NADU","603203"
"2026-08-05T02:07:49+05:30","1343YKBLUE-3XL","X001JWHOWD","B09XB8CH1L","BLR8","1","405-1208287-2961100","INR","675.24","38.10","0.00","KALIAPANI","ODISHA","755028"
"2026-08-05T02:06:47+05:30","1096YKBLUE-XXL","X0014I8S3V","B082X8BV35","DEL5","1","171-9860076-0769921","INR","760.95","0.00","0.00","MAHESANA","GUJARAT","384003"
"2026-08-05T02:06:47+05:30","1304YKKHAKI-XXL","X001G7GOUJ","B09HKDDYKW","MAA4","1","405-0991514-1378741","INR","437.14","38.10","0.00","Port Blair","ANDAMAN & NICOBAR ISLANDS","744103"
"2026-08-05T02:05:51+05:30","4033DRSBLUE-7XL","X002EME1Y1","B0FRG3Q9HB","MAA4","1","403-6813292-7988320","INR","608.58","0.00","0.00","CHENNAI","TAMIL NADU","600023"
"2026-08-05T02:00:52+05:30","1417PLYKBLACK-XXL","X001NOO56P","B0BJ2XFDQN","MAA4","1","408-2319146-4812332","INR","570.48","0.00","0.00","CHENNAI","TAMIL NADU","600092"
"2026-08-05T01:57:58+05:30","1048YKBLUE-3XL","X002DYV5NF","B0FNN636RK","PAX1","1","404-2486885-5009100","INR","0.00","0.00","0.00","Barauni IOC Township","BIHAR","851117"
"2026-08-05T01:56:30+05:30","1003PLYKMUSTARD-XXL","X001AVKBZ5","B07VN8RVDQ","BLR7","1","404-8123944-0404333","INR","684.76","38.10","0.00","KALLAKKURICHI","TAMIL NADU","606213"
"2026-08-05T01:50:48+05:30","1937YKPURPLE-3XL","X002F1XDPJ","B0FTFHQBTH","MAA4","1","402-1761714-8257132","INR","884.76","0.00","0.00","CHENNAI","TAMIL NADU","600042"
"2026-08-05T01:48:49+05:30","1532YKBLUE-6XL","X0028IOI5D","B0DWX9H8FH","DED4","1","402-7409490-8237955","INR","570.48","0.00","0.00","MUMBAI","MAHARASHTRA","400095"
"2026-08-05T01:41:47+05:30","5007YKBLACK-7XL","X00237VRXP","B0DB1Q1XLY","BOM7","1","407-0623658-4101129","INR","589.52","38.10","0.00","THANE","MAHARASHTRA","401105"
"2026-08-05T01:40:48+05:30","1932YKBLACK-S","X002F1QQ6R","B0FT8NC2MG","HYD8","1","407-2079787-4625954","INR","741.90","0.00","0.00","HYDERABAD","TELANGANA","500085"
"2026-08-05T01:39:47+05:30","1484PLYKYELLOW-7XL","X0028NPTGP","B0DXK7XZC3","BLR7","1","403-0408377-9969167","INR","808.57","38.10","0.00","LONI","MAHARASHTRA","413736"
"2026-08-05T01:35:49+05:30","1043YKMAROON-3XL","X0027PRBOR","B0DSJ15VCG","BLR8","1","171-3326851-7735504","INR","446.66","0.00","0.00","Bengaluru","KARNATAKA","560047"
"2026-08-05T01:35:46+05:30","167YKO251BLACK-L","X0010ZSLJT","B07BP833KQ","BOM7","1","406-4446304-2529110","INR","608.58","38.10","0.00","MUMBAI","MAHARASHTRA","400103"
"2026-08-05T01:32:46+05:30","1886YKLAVENDER-L","X0029GYE35","B0F1V3HVLK","BOM7","1","405-1852592-5692356","INR","475.24","0.00","0.00","Bengaluru","KARNATAKA","560076"
"2026-08-05T01:28:53+05:30","314KD411RED-13-14","X0020JDDIX","B0D2XCND2B","BLR8","1","402-2773680-2233145","INR","532.38","0.00","0.00","Noida","UTTAR PRADESH","201301"
"2026-08-05T01:19:45+05:30","1051PLYKMAROON-7XL","X002DBN89H","B0FKT73R1V","CCX2","1","407-8760842-5773961","INR","837.14","38.10","0.00","THIRUVANANTHAPURAM","KERALA","695009"
"2026-08-05T01:15:55+05:30","1303YKBLACK-XS","X0026SJ0JJ","B0DPKVQK1L","HYD8","1","405-5796039-6458751","INR","541.90","18.10","0.00","HYDERABAD","TELANGANA","500048"
"2026-08-05T01:11:48+05:30","1127YKMAROON-XL","X0017P3BU1","B085ZBBMJ3","BLR8","1","402-9701037-7214750","INR","808.58","18.10","0.00","BENGALURU","KARNATAKA","560097"
"2026-08-05T01:11:47+05:30","5049YKMAROON-4XL","X002HL2YMZ","B0GG9X7HL6","AMD2","1","404-4615535-1637945","INR","541.90","38.10","0.00","Ujjain","MADHYA PRADESH","456010"
"2026-08-05T01:09:55+05:30","1532YKBLUE-M","X001URKC99","B0CGV93PDH","DEL5","1","407-5537632-3615521","INR","446.66","38.10","0.00","GURUGRAM","HARYANA","122001"
"2026-08-05T01:09:47+05:30","1759YKMULTI-M","X002EQGFUP","B0FRY6HSHB","DEL5","1","405-7656634-4904355","INR","751.43","0.00","0.00","INDORE","MADHYA PRADESH","452010"
"2026-08-05T01:08:49+05:30","5041YKBOTTELGREEN-5XL","X002A68LU1","B0F4RJ598L","PNQ3","1","404-9337194-1896315","INR","513.34","38.10","0.00","PIMPRI CHINCHWAD","MAHARASHTRA","412105"
"2026-08-05T01:08:48+05:30","5011YKOWHITE-M","X0014PD0QJ","B0832C4853","LKO1","1","405-1374145-6989138","INR","475.24","38.10","0.00","KANPUR","UTTAR PRADESH","208027"
"2026-08-05T01:06:51+05:30","1417YKBLACK-M","X001V9WRCV","B0CJ2Y65S8","MAA4","1","402-2464153-0812334","INR","541.90","6.03","0.00","CHENNAI","TAMIL NADU","600100"
"2026-08-05T01:05:51+05:30","1362YKBLACK-XL","X001GP8OIB","B09GVJJD8W","BLR8","1","406-0770656-1289959","INR","627.62","0.00","0.00","BENGALURU","KARNATAKA","560034"
"2026-08-05T01:04:48+05:30","1887YKBLACK-5XL","X0028MK82V","B0DXF5HKCM","HYD8","1","402-2717732-2396323","INR","837.14","18.10","0.00","Hyderabad","TELANGANA","500074"
"2026-08-05T01:04:47+05:30","1844YKMULTI-XS","X0027BCK0B","B0DRCJDMKR","AMD2","1","405-8404700-3361164","INR","275.24","56.19","0.00","Navi Mumbai","MAHARASHTRA","400614"
"2026-08-05T01:03:56+05:30","1348YKMULTI-L","X001G4S48R","B09GPBQMZC","BLR7","1","404-4656555-8003536","INR","437.14","0.00","0.00","BENGALURU","KARNATAKA","560091"
"2026-08-05T01:03:47+05:30","1777YKOFFWHITE-L","X0025FLWDP","B0DJR7ZH9J","CCX1","1","407-0861620-0842719","INR","503.80","0.00","0.00","KOLKATA","WEST BENGAL","700004"
"2026-08-05T01:01:48+05:30","1485PLYKMUSTARD-XXL","X001U4F52L","B0CF2HMS4T","BLR7","1","403-8272245-6669104","INR","789.52","18.10","0.00","BENGALURU","KARNATAKA","560093"
"2026-08-05T00:59:52+05:30","1096YKBLUE-XL","X0014I8RFF","B082X7XHGQ","MAA4","1","407-8019247-9022720","INR","722.86","0.00","0.00","CHENNAI","TAMIL NADU","600048"
"2026-08-05T00:59:43+05:30","1412YKMULTI-M","X001PV7ZHR","B0BTVYZZX8","CCX1","1","405-1760228-9067536","INR","608.58","38.10","0.00","UTTAR BAGDOGRA","WEST BENGAL","734014"
"2026-08-05T00:56:43+05:30","1960YKTEAL-4XL","X002GACINH","B0G2JJJ2YT","PNQ3","1","403-0137237-9550754","INR","722.86","0.00","0.00","PUNE","MAHARASHTRA","411032"
"2026-08-05T00:55:46+05:30","1034YKTEAL-XL","X00136L8EP","B07VMN2SGV","DED4","1","171-5266488-8182713","INR","627.62","38.10","0.00","BHUBANESWAR","ODISHA","751024"
"2026-08-05T00:55:12+05:30","8011MWBLUE-L","X002CZPCVV","B0FJ8MHX1N","HYD8","1","407-3486949-5722730","INR","513.34","0.00","0.00","HYDERABAD","TELANGANA","500032"
"2026-08-05T00:55:12+05:30","8010MWMULTI-XL","X002CZTEN3","B0FJ8MRWGM","HYD8","1","407-3486949-5722730","INR","513.34","0.00","0.00","HYDERABAD","TELANGANA","500032"
"2026-08-05T00:53:48+05:30","1556YKGREEN-XL","X001URKCTJ","B0CGV839G5","HYD8","1","403-2817020-3124302","INR","446.66","0.00","0.00","HYDERABAD","TELANGANA","500043"
"2026-08-05T00:51:53+05:30","7006YKBLSBLUE-M","X001WDMDOD","B0CM9LFP4G","BLR7","1","404-6285471-5638722","INR","503.80","0.00","0.00","BENGALURU","KARNATAKA","560085"
"2026-08-05T00:51:53+05:30","1532YKBLUE-XS","X00270XERZ","B0DQ82JNTV","HYD8","1","405-7582741-3803546","INR","446.66","0.00","0.00","HYDERABAD","TELANGANA","500089"
"2026-08-05T00:47:59+05:30","5036YKGREY-XXL","X002I9AGFN","B0GL2J9JPX","BLR7","1","404-6199790-4145947","INR","627.62","0.00","0.00","HYDERABAD","TELANGANA","500078"
"2026-08-05T00:47:50+05:30","AK-228BLACK-5XL","X002F2OTCJ","B0FTMD3QZR","CCX2","1","403-6219103-0618751","INR","475.24","0.00","0.00","VISSANNAPET","ANDHRA PRADESH","521215"
"2026-08-05T00:46:54+05:30","AK-228BLACK-5XL","X002F2OTCJ","B0FTMD3QZR","BLR8","1","405-8731434-4768318","INR","475.24","4.53","0.00","BENGALURU","KARNATAKA","560059"
"2026-08-05T00:46:54+05:30","1943YKGREEN-5XL","X002FQI1FB","B0FXXH38D4","BLR8","1","405-8731434-4768318","INR","475.24","4.53","0.00","BENGALURU","KARNATAKA","560059"
"2026-08-05T00:43:49+05:30","1362YKBLACK-3XL","X001JWNXMN","B09XHYC1MK","MAA4","1","171-6798312-0244313","INR","675.24","0.00","0.00","THIRUVANANTHAPURAM","KERALA","695024"
"2026-08-05T00:41:50+05:30","7099YKBROWN-XL","X002GON60H","B0G4R6R88H","BLR8","1","403-9089775-0394717","INR","418.10","0.00","0.00","MUMBAI","MAHARASHTRA","400101"
"2026-08-05T00:38:53+05:30","1348YKMULTI-M","X001G4S491","B09GP9GCKJ","BOM5","1","408-6167907-6309956","INR","437.14","38.10","0.00","NASHIK","MAHARASHTRA","422003"
"2026-08-05T00:38:47+05:30","1946YKGREEN-3XL","X002GA95J7","B0G2JGR5DM","BLR7","1","404-2740324-7579543","INR","0.00","0.00","0.00","BENGALURU","KARNATAKA","560083"
"2026-08-05T00:37:43+05:30","1362YKBLACK-XXL","X001GP8T8B","B09GVHY2S3","CCX2","1","171-6171905-7593156","INR","675.24","0.00","0.00","Kolkata","WEST BENGAL","700002"
"2026-08-05T00:36:50+05:30","1904YKPINK-XL","X002AWJNUH","B0F887ZD72","CCX2","1","403-3590996-7741127","INR","618.10","0.00","0.00","HOWRAH","WEST BENGAL","711103"
"2026-08-05T00:35:50+05:30","1530YKWINE-L","X001UPFFO3","B0CGNJR9MQ","BLR8","1","405-8876192-3942765","INR","522.86","18.10","0.00","BENGALURU","KARNATAKA","560098"
"2026-08-05T00:32:45+05:30","5015YKMUSTARD-XL","X001ACFGPT","B08CSMGQDB","MAA4","1","402-8287294-4271560","INR","475.24","56.19","0.00","Near style union","Andhrapradesh","520008"
"2026-08-05T00:31:52+05:30","1069YKBLUE-L","X0014KG331","B0833VQJNP","MAA4","1","408-0340732-9682726","INR","418.10","0.00","0.00","CHENNAI","TAMIL NADU","600080"
"2026-08-05T00:29:53+05:30","5005YKBROWN-3XL","X001W0F6GN","B0CL4ZQVZT","BLR7","1","404-7680647-7070701","INR","513.34","9.04","0.00","BENGALURU","KARNATAKA","560100"
"2026-08-05T00:28:53+05:30","5006YKBLUE-4XL","X001W0CV9X","B0CL51CWJD","DED4","1","406-1764268-7462730","INR","513.33","0.00","0.00","LUCKNOW","UTTAR PRADESH","226010"
"2026-08-05T00:28:42+05:30","225YK148OWHTE-XL","X000ZIMNZP","B07J2M42ML","MAA4","1","402-1836745-9433147","INR","799.04","38.10","0.00","CHENNAI","TAMIL NADU","600070"
"2026-08-05T00:27:57+05:30","1023YKPBLUE-XS","X001JLGY75","B09WKG31PN","HYD3","1","405-4158832-2209124","INR","475.24","0.00","0.00","HYDERABAD","TELANGANA","500073"
"2026-08-05T00:23:50+05:30","1557PLYKRED-5XL","X001U4F8B9","B0CF2JL6ZK","BOM7","1","171-1048259-9903539","INR","475.24","0.00","0.00","MUMBAI","MAHARASHTRA","400052"
"2026-08-05T00:22:55+05:30","6012SKDMAROON-5XL","X0029NOZFF","B0F2G3RSVR","HYD8","1","407-0009271-7845958","INR","1113.34","0.00","0.00","HYDERABAD","TELANGANA","500085"
"2026-08-05T00:19:55+05:30","1127YKMAROON-3XL","X0020ZKJ39","B0D3TC543T","HYD8","1","406-9652288-4394760","INR","837.14","18.10","0.00","HYDERABAD","TELANGANA","500049"
"2026-08-05T00:19:52+05:30","4028DRSPINK-XL","X002EMEXNP","B0FRFZJM91","BLR7","1","405-8278532-9345933","INR","475.24","38.10","0.00","KURUVATTUR","KERALA","673012"
"2026-08-05T00:19:03+05:30","4029DRSWHITE-XS","X002FCYI25","B0FW58MBYY","BLR8","1","171-8663965-6353161","INR","446.66","38.10","0.00","Bengaluru","KARNATAKA","560037"
"2026-08-05T00:17:50+05:30","5007YKBLACK-3XL","X001W0CSXH","B0CL4YJCTN","BOM7","1","406-3327753-2279526","INR","513.34","9.04","0.00","Navi Mumbai","MAHARASHTRA","400706"
"2026-08-05T00:14:55+05:30","7101YKGREEN-4XL","X002ISPWN5","B0GPVT523P","CJB1","1","171-8554968-1792306","INR","418.10","38.10","0.00","THRISSUR","KERALA","680002"
"2026-08-05T00:14:46+05:30","1562YKGREEN-XL","X001VF9741","B0CJFNWKJ1","CCX1","1","408-2118869-4689968","INR","522.86","56.19","0.00","MOTIHARI","BIHAR","845401"
"2026-08-05T00:11:49+05:30","1412YKMULTI-XL","X001PV68GB","B0BTVY89D6","BLR8","1","405-3854128-7783525","INR","608.58","0.00","0.00","BENGALURU","KARNATAKA","560068"
"2026-08-05T00:11:47+05:30","5011YKOWHITE-XXL","X0014PEQXZ","B0832PWCS1","BOM5","1","404-9570224-9083542","INR","513.34","0.00","0.00","THANE","MAHARASHTRA","400601"
"2026-08-05T00:10:52+05:30","1556YKGREEN-3XL","X001VG2LWZ","B0CJ2HTR63","PNQ3","1","406-0852337-3728357","INR","475.24","0.00","0.00","PUNE","MAHARASHTRA","411037"
"2026-08-05T00:09:56+05:30","5040YKBEIGE-M","X002B5C8TB","B0F91PW8SG","BLR7","1","404-2849643-3746738","INR","494.28","38.10","0.00","Bengaluru","KARNATAKA","560024"
"2026-08-05T00:09:47+05:30","1556YKGREEN-3XL","X001VG2LWZ","B0CJ2HTR63","DED4","1","404-9500464-8665938","INR","475.24","0.00","0.00","NEW DELHI","DELHI","110018"
"2026-08-05T00:07:50+05:30","1412YKMULTI-M","X001PV7ZHR","B0BTVYZZX8","BLR8","1","402-0485858-3615510","INR","608.58","0.00","0.00","BENGALURU","KARNATAKA","560056"
"2026-08-05T00:06:57+05:30","1180YKYELLOW-XXL","X001FH17ON","B08MTHS7G6","HYD8","1","406-8980390-9985916","INR","532.38","0.00","0.00","HYDERABAD","TELANGANA","500075"
"2026-08-05T00:05:46+05:30","1605YKBLUE-8XL","X0025RV7A1","B0DKNP9YKL","BOM7","1","408-3974533-8941965","INR","799.04","0.00","0.00","NAVI MUMBAI","MAHARASHTRA","400706"
"2026-08-05T00:04:44+05:30","1379YKGREEN-3XL","X001JWUIKD","B09XXGC16P","BOM7","1","171-2126913-3928352","INR","808.58","0.00","0.00","Pimpri Chinchwad","MAHARASHTRA","411033"
"2026-08-05T00:03:48+05:30","1127YKMAROON-4XL","X0020ZP2KJ","B0D3TF419V","LKO1","1","405-4314928-8545169","INR","837.14","38.10","0.00","KANPUR","UTTAR PRADESH","208001"
