"seller id","warehouse id","po_type","store order id","order release id","order line id","seller order id","order id fk","created on","style id","seller sku code","sku id","myntra sku code","size","vendor article number","brand","style name","article type","order status","packet id","seller packe id","courier code","order tracking number","seller warehouse id","cancellation reason id fk","cancellation reason","packed on","fmpu date","inscanned on","shipped on","delivered on","cancelled on","rto creation date","lost date","return creation date","final amount","total mrp","discount","coupon discount","shipping charge","gift charge","tax recovery","city","state","zipcode","seller price"
"19498","22232","PPMP","'133779124311907297503","100264215893","11318950442","fbf280fd-cc04-475a-8466-0ca29996d2ab","5975366094","2026-08-05 12:24:32.000","39201544","KL_1784YKDPINK-M","125120224","KALNKASS125120224","M","KL_1784YKDPINK","KALINI","KALINI Ethnic Motifs Printed Regular Thread Work Pure Cotton Kurta with Trousers & Dupatta","Kurta Sets","SH","1000103105955",,"EK_E2E","MYEC1113889981","22232",,,"2026-08-05 13:59:24.000","2026-08-05 17:14:34.000","2026-08-05 23:13:39.000","2026-08-05 23:20:07.000",,,,,,"1089.00","4999.00","3910.00","0.00","0.00","0.00","0.00","Farrukhabad","UP","209601","971"
"19498","22232","PPMP","'133777459401424466403","100263817663","11318551958","dd12f2eb-c452-4cfb-9555-29852bf67059","5975128610","2026-08-05 07:47:02.000","33707617","IKR1388YKMAROON-XL","108895452","IRASKRTA108895452","XL","IKR1388YKMAROON","IKRASS","IKRASS Women Striped Printed A-line Kurta","Kurtas","PK","1000102682664",,"EK_E2E","MYEP1130408442","22232",,,"2026-08-05 10:35:11.000","2026-08-05 17:14:27.000",,,,,,,,"592.00","3599.00","3007.00","60.00","0.00","0.00","0.00","Tirupur","TN","641665","533"
"19498","36","SJIT","'133781414285907464201","100264879508","11319614326","9c9313cd-57d0-499e-823b-fb71380553b1","5975773760","2026-08-05 18:46:11.000","28421024","110KL1262PLYKBLACK-5XL","91359972","KALNKRTA91359972","5XL","110KL1262PLYKBLACK","KALINI","KALINI Plus Size Floral Printed Pure Cotton Anarkali Kurta","Kurtas","SH","1000103474519","1935954215","flipkartlogistics","MYSC1329216820","36",,,"2026-08-05 22:41:45.000",,"2026-08-05 22:45:10.000","2026-08-05 22:51:48.000",,,,,,"817.00","3199.00","2382.00","0.00","0.00","0.00","0.00","Chennai","TN","600015","723"
"19498","22232","PPMP","'133777098205838127101","100263781983","11318516278","5df49ec9-37fa-4850-8516-36baf192daee","5975105881","2026-08-05 06:46:50.000","39116022","KL_7103YKBLACK-4XL","124847896","KALNSRBL124847896","4XL","KL_7103YKBLACK","KALINI","KALINI V-Neck Saree Blouse","Saree Blouse","SH","1000102423496",,"flipkartlogistics","MYSC1328916267","22232",,,"2026-08-05 09:15:33.000","2026-08-05 17:42:59.000","2026-08-06 03:50:19.000","2026-08-06 03:56:34.000",,,,,,"394.00","1999.00","1605.00","0.00","0.00","0.00","0.00","Pune","MH","411028","359"
"19498","81","SJIT","'133778611863745808701","100264063653","11318798153","4697b708-8ea7-46d0-9cef-2e6bc8b6d833","5975276225","2026-08-05 10:59:07.000","33711062","IKR1293PLYKMAROON-5XL","108907910","IRASKRTA108907910","5XL","IKR1293PLYKMAROON","IKRASS","IKRASS Women Floral Printed Sequinned Anarkali Kurta","Kurtas","SH","1000103046218","1935662920","flipkartlogistics","MYSC1329080473","81",,,"2026-08-05 13:17:25.000",,"2026-08-05 13:28:32.000","2026-08-05 13:34:10.000",,,,,,"851.00","2399.00","1548.00","0.00","0.00","0.00","0.00","New Delhi","DL","110028","757"
"19498","22232","PPMP","'133778535295880764903","100264041753","11318776238","dcf586cd-d471-4b5d-a732-9e4ce7b60fa0","5975263463","2026-08-05 10:46:21.000","41671582","KL_AK-235RED-L/XL","133236277","KALNKRTA133236277","L/XL","KL_AK-235RED","KALINI","KALINI Women Printed Kurta","Kurtas","SH","1000103111742",,"flipkartlogistics","MYSP1447213154","22232",,,"2026-08-05 14:04:03.000","2026-08-05 17:53:13.000","2026-08-06 00:10:45.000","2026-08-06 00:18:04.000",,,,,,"571.00","2599.00","2028.00","0.00","0.00","0.00","0.00","Bhopal","MP","462022","512"
"19498","28","SJIT","'133783185607007270101","100265472613","11320207440","52619b4c-858e-44e6-8315-12a1f1b55978","5976132708","2026-08-05 23:41:24.000","36683245","235KL165PLYKC251MUSTRAD-5XL","117290175","KALNKRTA117290175","5XL","235KL165PLYKC251MUSTRAD","KALINI","Women Mustard Yellow Floral Printed Angrakha Anarkali Kurta with Tassel Tie-Up","Kurtas","SH","1000103563165","1936040563","flipkartlogistics","MYSC1329247928","28",,,"2026-08-06 01:27:10.000",,"2026-08-06 01:36:50.000","2026-08-06 01:44:29.000",,,,,,"615.00","2199.00","1584.00","0.00","0.00","0.00","0.00","New Delhi","DL","110043","556"
"19498","36","SJIT","'133782040378539493103","100265070051","11319804873","e96bb762-534b-4e39-888c-1adf91803e02","5975893824","2026-08-05 20:30:32.000","28878018","234KL165YK251MUSTRAD-S","92764690","KALNKRTA92764690","S","234KL165YK251MUSTRAD","KALINI","KALINI Women Mustard Yellow Floral Printed Angrakha Anarkali Kurta with Tassel Tie-Up","Kurtas","SH","1000103414437","1935907743","flipkartlogistics","MYSP1447333390","36",,,"2026-08-05 21:05:35.000",,"2026-08-05 21:12:04.000","2026-08-05 21:18:06.000",,,,,,"574.00","2199.00","1625.00","0.00","0.00","0.00","0.00","Chennai","TN","600042","515"
"19498","22232","PPMP","'133778281662036811601","100263973346","11318707795","3318aa40-1023-4251-b8e0-deff1b7ed455","5975224149","2026-08-05 10:04:05.000","28878016","266KL1528PLYKMULTI-4XL","92764682","KALNKRTA92764682","4XL","266KL1528PLYKMULTI","KALINI","KALINI Plus Size Geometric Printed A-Line Kurta","Kurtas","SH","1000103113501",,"flipkartlogistics","MYSC1329101003","22232",,,"2026-08-05 14:05:16.000","2026-08-05 17:43:01.000","2026-08-05 23:48:48.000","2026-08-05 23:56:42.000",,,,,,"700.00","3699.00","2999.00","26.00","0.00","0.00","0.00","Hyderabad","TG","500070","641"
"19498","22232","PPMP","'133779102211818119801","100264209511","11318944061","38f877e7-af98-4fe4-8e63-a9660e38c851","5975362181","2026-08-05 12:20:50.000","33567022","868KL1676PLYKRED-4XL","108407840","KALNKRTI108407840","4XL","868KL1676PLYKRED","KALINI","KALINI Women Bandhani Printed Pure Cotton Kurti","Kurtis","SH","1000103001050",,"flipkartlogistics","MYSC1329069210","22232",,,"2026-08-05 12:50:14.000","2026-08-05 17:53:13.000","2026-08-06 00:14:42.000","2026-08-06 00:20:19.000",,,,,,"586.00","2999.00","2413.00","0.00","0.00","0.00","0.00","Mumbai","MH","400080","527"
"19498","36","SJIT","'133777308032321465401","100263800110","11318534405","499abd03-f451-4450-8a2c-2cf95f825339","5975117437","2026-08-05 07:21:48.000","28697756","219KL241PLYK287BLACKRAY-XXL","92190850","KALNKRTA92190850","XXL","219KL241PLYK287BLACKRAY","KALINI","KALINI Plus Size Colourblocked V-Neck Three-Quarter Sleeves Thread Work Anarkali Kurta","Kurtas","SH","1000102983383","1935623578","flipkartlogistics","MYSC1329063731","36",,,"2026-08-05 12:39:20.000",,"2026-08-05 12:42:15.000","2026-08-05 12:49:42.000",,,,,,"918.00","5499.00","4581.00","300.00","0.00","0.00","0.00","Pudukkottai","TN","622001","824"
"19498","22232","PPMP","'133779130664425959003","100264217875","11318952425","ebb415b3-af1d-4d05-bab2-301a08a135ad","5975367290","2026-08-05 12:25:35.000","43415257","KL_165YKC251MUSTRAD-XL","138561373","KALNKRTA138561373","XL","165YKC251MUSTRAD","KALINI","KALINI Women Anarkali Kurta","Kurtas","SH","1000103105708",,"flipkartlogistics","MYSP1447210965","22232",,,"2026-08-05 13:59:10.000","2026-08-05 17:43:03.000","2026-08-06 03:46:09.000","2026-08-06 03:52:14.000",,,,,,"650.00","3749.00","3099.00","0.00","0.00","0.00","0.00","Mumbai","MH","400086","591"
"19498","22232","PPMP","'133781802413969582901","100264995586","11319730405","0cc557d6-aa88-43a7-8df5-644a80e57930","5975847440","2026-08-05 19:50:52.000","40592321","HN_1750YKPURPLE-L","129892488","HENWKASS129892488","L","HN_1750YKPURPLE","HERE&NOW","HERE&NOW Women Floral Printed Regular Pure Cotton Kurta with Trousers & With Dupatta","Kurta Sets","WP",,,"flipkartlogistics",,"22232",,,,,,,,,,,,"1013.00","4999.00","3986.00","0.00","0.00","0.00","0.00","Deoria","UP","274409","895"
"19498","22232","PPMP","'133777732263581442001","100263859606","11318593901","6edb0834-344c-4cf4-bbef-e717204d05df","5975154876","2026-08-05 08:32:32.000","33712602","IKR241PLYK287BLACKRAY-XXL","108912575","IRASKRTA108912575","XXL","IKR241PLYK287BLACKRAY","IKRASS","IKRASS Women Abstract Printed Mirror Work Anarkali Kurta","Kurtas","SH","1000102670441",,"delhivery","5965718052092","22232",,,"2026-08-05 10:31:45.000","2026-08-05 17:53:09.000","2026-08-06 00:50:51.000","2026-08-06 03:38:22.000",,,,,,"972.00","5499.00","4527.00","0.00","0.00","0.00","0.00","Hyderabad","TG","500043","878"
"19498","22232","PPMP","'133778702232529069001","100264089435","11318823947","16120411-1067-4193-8f52-3e2bc9c3c40b","5975291214","2026-08-05 11:14:11.000","31645449","753KL1023PLYKNPBLUE-6XL","101968717","KALNTOPS101968717","6XL","753KL1023PLYKNPBLUE","KALINI","KALINI Embroidered Keyhole Neck Cotton Top","Tops","SH","1000103109300",,"flipkartlogistics","MYSP1447212640","22232",,,"2026-08-05 14:02:22.000","2026-08-05 17:53:18.000","2026-08-06 01:56:23.000","2026-08-06 02:01:51.000",,,,,,"651.00","3299.00","2648.00","0.00","0.00","0.00","0.00","Hyderabad","TG","500030","592"
"19498","15774","SJIT","'133780800825308680203","100264704078","11319438838","e707de6a-8f50-465f-89b5-2a54ddcd5fe1","5975666092","2026-08-05 17:03:56.000","28697756","219KL241PLYK287BLACKRAY-XXL","92190850","KALNKRTA92190850","XXL","219KL241PLYK287BLACKRAY","KALINI","KALINI Plus Size Colourblocked V-Neck Three-Quarter Sleeves Thread Work Anarkali Kurta","Kurtas","SH","1000103479604","1935963320","flipkartlogistics","MYSC1329217686","15774",,,"2026-08-05 22:49:46.000",,"2026-08-05 22:54:47.000","2026-08-05 23:01:35.000",,,,,,"918.00","5499.00","4581.00","0.00","0.00","0.00","0.00","Patna","BR","800024","824"
"19498","22232","PPMP","'133780518509562747401","100264623110","11319357823","8ecc70cc-ef06-4148-bb92-8e2b28c49f79","5975616205","2026-08-05 16:16:53.000","43415257","KL_165YKC251MUSTRAD-L","138561372","KALNKRTA138561372","L","165YKC251MUSTRAD","KALINI","KALINI Women Anarkali Kurta","Kurtas","WP",,,"EK_E2E",,"22232",,,,,,,,,,,,"650.00","3749.00","3099.00","0.00","0.00","0.00","0.00","Patna","BR","801109","591"
"19498","22232","PPMP","'133782536083290640901","100265231240","11319966063","52204a28-a1bd-41bd-8eb7-d4556d443e81","5975993304","2026-08-05 21:53:10.000","35283040","IKR1197PLYKNGREEN-6XL","113177306","IRASKRTA113177306","6XL","IKR1197PLYKNGREEN","IKRASS","IKRASS Floral Printed Round Neck Anarkali Cotton Kurta","Kurtas","WP",,,"flipkartlogistics",,"22232",,,,,,,,,,,,"877.00","3999.00","3122.00","0.00","0.00","0.00","0.00","Mumbai","MH","400104","783"
"19498","22232","PPMP","'133779947660240842403","100264456063","11319190613","a08f4c70-2720-4a14-87c8-b41518929404","5975513291","2026-08-05 14:41:45.000","30198072","549KL1069YKBLUE-S","97165931","KALNTOPS97165931","S","549KL1069YKBLUE","KALINI","KALINI Women's Floral Cotton High-Low Top","Tops","F","1000103212278",,"flipkartlogistics","MYSP1447256022","22232","28","Incorrect size ordered","2026-08-05 15:24:54.000","2026-08-05 17:53:16.000",,,,"2026-08-05 17:55:05.000",,,,"401.00","1999.00","1598.00","0.00","0.00","0.00","0.00","Nagpur","MH","440010","366"
"19498","22232","PPMP","'133777181993873845703","100263788291","11318522585","9bbe0bfe-5164-4bdb-8a99-85f0ed6b71be","5975109963","2026-08-05 07:00:48.000","36967799","KL_5034YKOFFWHITE-XL","118285603","KALNTRSR118285603","34","KL_5034YKOFFWHITE","KALINI","KALINI Women Mid-Rise Relaxed Fit Trouser","Trousers","PK","1000102806355",,"EK_E2E","MYEC1113847675","22232",,,"2026-08-05 11:17:30.000","2026-08-05 17:14:34.000",,,,,,,,"557.00","3199.00","2642.00","0.00","0.00","0.00","0.00","Hosur","TN","635109","498"
"19498","22232","PPMP","'133777654148702498501","100263845938","11318580233","0dff4e34-de75-465f-9492-a6a2fe9fd67a","5975146631","2026-08-05 08:19:30.000","39116022","KL_7103YKBLACK-5XL","124847897","KALNSRBL124847897","5XL","KL_7103YKBLACK","KALINI","KALINI V-Neck Saree Blouse","Saree Blouse","PK","1000102420850",,"flipkartlogistics","MYSC1328916802","22232",,,"2026-08-05 09:14:58.000","2026-08-05 17:42:46.000",,,,,,,,"394.00","1999.00","1605.00","0.00","0.00","0.00","0.00","Gurgaon","HR","122003","359"
"19498","15774","SJIT","'133782923058422578603","100265376474","11320111299","1860c0c2-da1d-4cee-b7d6-2984e5c53bc0","5976078577","2026-08-05 22:57:39.000","30256941","679KL5008YKGREEN-M","97349218","KALNTRSR97349218","30","679KL5008YKGREEN","KALINI","KALINI Women Straight Fit Mid-Rise Flat-Front Trousers","Trousers","WP","1000103670409",,"flipkartlogistics",,"15774",,,"2026-08-06 04:58:27.000",,"2026-08-06 05:07:14.000",,,,,,,"483.00","2399.00","1916.00","0.00","0.00","0.00","0.00","Ghaziabad","UP","201014","448"
"19498","22232","PPMP","'133778802069719434901","100264118411","11318852933","f43ad62c-7d0d-4cbf-910d-51b951e578f4","5975308558","2026-08-05 11:30:49.000","33565206","IKR188YK83NAVY-XS","111946556","IRASDRSS111946556","XS","IKR188YK83NAVY","IKRASS","IKRASS Floral Print Halter Neck A-Line Dress","Dresses","SH","1000103093998",,"flipkartlogistics","MYSC1329094317","22232",,,"2026-08-05 13:50:14.000","2026-08-05 17:42:59.000","2026-08-06 04:26:04.000","2026-08-06 04:31:23.000",,,,,,"491.00","1299.00","808.00","0.00","0.00","0.00","0.00","Kolkata","WB","700074","456"
"19498","81","SJIT","'133780205312801692301","100264532111","11319266668","a4f89972-2cad-4318-bc2c-05c8d99c6a8a","5975560525","2026-08-05 15:24:42.000","36683245","235KL165PLYKC251MUSTRAD-3XL","117290174","KALNKRTA117290174","3XL","235KL165PLYKC251MUSTRAD","KALINI","Women Mustard Yellow Floral Printed Angrakha Anarkali Kurta with Tassel Tie-Up","Kurtas","SH","1000103270994","1935804030","flipkartlogistics","MYSP1447280344","81",,,"2026-08-05 16:29:34.000",,"2026-08-05 16:39:56.000","2026-08-05 16:44:12.000",,,,,,"615.00","2199.00","1584.00","0.00","0.00","0.00","0.00","Pune","MH","411045","556"
"19498","22232","PPMP","'133779357717444014001","100264286583","11319021133","aabf6e96-5ccd-466e-a4c4-4bdb6e460f38","5975408289","2026-08-05 13:03:25.000","42125311","SZ_1562YKGREEN-5XL","134571215","SZTRKRTI134571215","5XL","SZ_1562YKGREEN","Sztori","Sztori Printed V-Neck Empire Kurti","Kurtis","SH","1000103237999",,"flipkartlogistics","MYSC1329139943","22232",,,"2026-08-05 15:50:28.000","2026-08-05 17:53:16.000","2026-08-06 00:09:02.000","2026-08-06 00:15:26.000",,,,,,"531.00","3599.00","3068.00","0.00","0.00","0.00","0.00","Kota","RJ","324001","472"
"19498","22232","PPMP","'133779101690320010101","100264209325","11318943875","f1e9b668-7744-46ae-9412-7315102bf66d","5975362083","2026-08-05 12:20:45.000","40596357","SZ_1789YKDLAVENDER-5XL","129904293","SZTRKASS129904293","5XL","SZ_1789YKDLAVENDER","Sztori","Sztori Women Ethnic Motifs Printed Regular Pure Cotton Kurta with Trousers & With Dupatta","Kurta Sets","F",,,"flipkartlogistics",,"22232","43","Cash Issue",,,,,,"2026-08-05 12:57:11.000",,,,"987.00","5499.00","4512.00","0.00","0.00","0.00","0.00","Chandigarh","CH","160036","869"
"19498","81","SJIT","'133781916658862748801","100265031290","11319766110","2c06b0ab-9cc1-434c-9c34-0a5d735c470c","5975869862","2026-08-05 20:09:55.000","28878020","233KL166PLYK251BLUE-XXL","92764696","KALNKRTA92764696","XXL","233KL166PLYK251BLUE","KALINI","KALINI Plus Size Ethnic Motifs Printed Patch Work Angrakha Anarkali Kurta","Kurtas","SH","1000103455685","1935945322","flipkartlogistics","MYSC1329210444","81",,,"2026-08-05 22:10:38.000",,"2026-08-05 22:23:39.000","2026-08-05 22:29:34.000",,,,,,"612.00","2199.00","1587.00","0.00","0.00","0.00","0.00","Bhopal","MP","462042","553"
"19498","22232","PPMP","'133782151172972766001","100265104489","11319839311","8a97fd95-2789-4eb6-ad1e-831f9f1f2b40","5975915231","2026-08-05 20:49:00.000","28421010","120KL1255PLYKMAROON-4XL","91359910","KALNKRTA91359910","4XL","120KL1255PLYKMAROON","KALINI","KALINI Ethnic Motifs Printed Anarkali Kurta","Kurtas","WP",,,"EK_E2E",,"22232",,,,,,,,,,,,"841.00","2999.00","2158.00","0.00","0.00","0.00","0.00","Sandila","UP","241204","747"
"19498","22232","PPMP","'133782160581799809903","100265107493","11319842315","cb064b8e-56f2-4126-8cb9-40e811e1302e","5975917112","2026-08-05 20:50:35.000","29286810","363KL1370PLYKMAROON-3XL","94085896","KALNKRTA94085896","3XL","363KL1370PLYKMAROON","KALINI","KALINI Plus Size Floral Printed Cotton Gotta Patti Anarkali Kurta","Kurtas","WP",,,"EK_E2E",,"22232",,,,,,,,,,,,"883.00","4849.00","3966.00","61.00","0.00","0.00","0.00","Mayapur","WB","741313","789"
"19498","22232","PPMP","'133780595470214080201","100264645372","11319380099","cb2e5060-2c74-4801-99af-9e0038747233","5975629960","2026-08-05 16:29:43.000","31585769","IKRAK-142BLACK-4XL","101758808","IRASKRTI101758808","4XL","IKRAK-142BLACK","IKRASS","IKRASS Women Floral Printed V-Neck Pure Cotton Daily Kurti","Tunics","WP",,,"flipkartlogistics",,"22232",,,,,,,,,,,,"491.00","3049.00","2558.00","0.00","0.00","0.00","0.00","New Delhi","DL","110075","456"
"19498","22232","PPMP","'133778008186473382703","100263911424","11318645719","d4909879-ffc6-45f2-9177-23f1d281fd01","5975186733","2026-08-05 09:18:30.000","38821675","KL_7100YKTEAL-L-XL","123894600","KALNSRBL123894600","L/XL","KL_7100YKTEAL","KALINI","KALINI Women Solid Stretchable V-Neck Front Open Saree Blouse","Saree Blouse","F","1000103000958",,"flipkartlogistics","MYSP1447172069","22232","27","Delayed Delivery Cancellation","2026-08-05 12:50:11.000","2026-08-05 17:43:01.000","2026-08-06 04:22:45.000",,,"2026-08-06 04:22:52.000",,,,"401.00","1999.00","1598.00","0.00","0.00","0.00","0.00","Pune","MH","411038","366"
"19498","22232","PPMP","'133778905886039563001","100264149870","11318884407","c6cef337-8ab5-4e51-a900-d805921b7a89","5975326894","2026-08-05 11:48:08.000","33741556","IKR1556PLYKNGREEN-7XL","109011166","IRASKRTI109011166","7XL","IKR1556PLYKNGREEN","IKRASS","IKRASS Floral Printed Kurti","Kurtis","PK","1000103002163",,"flipkartlogistics","MYSP1447172000","22232",,,"2026-08-05 12:50:55.000","2026-08-05 17:53:15.000",,,,,,,,"558.00","2599.00","2041.00","0.00","0.00","0.00","0.00","New Delhi","DL","110026","499"
"19498","22232","PPMP","'133778187839782046303","100263950438","11318684834","c2abecbb-5bbc-49a6-a8d1-0ce879552c4d","5975210643","2026-08-05 09:48:27.000","39201544","KL_1784YKDPINK-L","125120225","KALNKASS125120225","L","KL_1784YKDPINK","KALINI","KALINI Ethnic Motifs Printed Regular Thread Work Pure Cotton Kurta with Trousers & Dupatta","Kurta Sets","SH","1000103115453",,"flipkartlogistics","MYSC1329100708","22232",,,"2026-08-05 14:06:19.000","2026-08-05 17:53:18.000","2026-08-06 02:05:31.000","2026-08-06 02:10:37.000",,,,,,"1089.00","4999.00","3910.00","0.00","0.00","0.00","0.00","Bhubaneswar","OR","751021","971"
"19498","22232","PPMP","'133779810610594673501","100264416630","11319151180","95896a70-38be-491b-8819-691f0381aff2","5975488864","2026-08-05 14:18:54.000","36964893","KL_1112PLDPT21MULTI-4XL","118276433","KALNKASS118276433","4XL","KL_1112PLDPT21MULTI","KALINI","KALINI Geometric Printed Regular Mandarin Collar A-Line Kurta With Dupatta","Kurtas","SH","1000103266438",,"EK_E2E","MYEC1113903162","22232",,,"2026-08-05 16:24:41.000","2026-08-05 17:14:36.000","2026-08-06 00:26:31.000","2026-08-06 00:32:17.000",,,,,,"863.00","5099.00","4236.00","0.00","0.00","0.00","0.00","Vizianagaram","AP","535003","769"
"19498","22232","PPMP","'133776893790135512601","100263770261","11318504556","b0b5f4a2-2bf5-42ae-8b09-47f97f3af67b","5975098521","2026-08-05 06:12:46.000","39600833","KL_7102YKMAROON-4XL","126426471","KALNSRBL126426471","4XL","KL_7102YKMAROON","KALINI","KALINI Solid Saree Blouse","Saree Blouse","PK","1000102422547",,"EK_E2E","MYEP1130365548","22232",,,"2026-08-05 09:15:19.000","2026-08-05 17:14:36.000",,,,,,,,"427.00","2599.00","2172.00","0.00","0.00","0.00","0.00","Kannur","KL","670007","392"
"19498","22232","PPMP","'133781002853414833203","100264760871","11319495666","f8c3c69f-3b42-48e3-bb28-28a815eb1416","5975700639","2026-08-05 17:37:36.000","33707688","IKR1330PLYKBLUE-3XL","108895767","IRASKRTA108895767","3XL","IKR1330PLYKBLUE","IKRASS","IKRASS Women Cotton Ethnic Motifs Printed Sequins Anarkali Kurta ","Kurtas","WP",,,"flipkartlogistics",,"22232",,,,,,,,,,,,"814.00","4399.00","3585.00","0.00","0.00","0.00","0.00","Hyderabad","TG","500038","720"
"19498","81","SJIT","'133774770173668748603","100263585931","11318320224","7eaddef4-7b8d-4a41-b561-5e5763b3458b","5974999589","2026-08-05 00:18:50.000","30216891","645KL1488YKWHITE-XXL","97225076","KALNDRSS97225076","XXL","645KL1488YKWHITE","KALINI","KALINI Floral Printed Puff Sleeves Tiered Fit and Flare Midi Dress","Dresses","C","1000102245607","1935290193","flipkartlogistics","MYSP1446896533","81",,,"2026-08-05 02:31:02.000",,"2026-08-05 02:55:18.000","2026-08-05 03:03:25.000","2026-08-05 14:28:11.000",,,,,"667.00","3899.00","3232.00","0.00","0.00","0.00","0.00","Mumbai","MH","400706","608"
"19498","81","SJIT","'133780423745787741301","100264595614","11319330311","416d4bcb-f41d-4d5d-a300-3ff038759735","5975598968","2026-08-05 16:01:05.000","28697792","230KL167YK251BLACK-XL","92191040","KALNKRTA92191040","XL","230KL167YK251BLACK","KALINI","KALINI Geometric Yoke Design Flared Sleeves Thread Work Anarkali Kurta","Kurtas","SH","1000103342206","1935838693","EK_E2E","MYEC1113908616","81",,,"2026-08-05 18:08:19.000",,"2026-08-05 18:18:48.000","2026-08-05 18:23:46.000",,,,,,"569.00","2199.00","1630.00","0.00","0.00","0.00","0.00","Chiplun","MH","415605","510"
"19498","22232","PPMP","'133779064774675105201","100264198358","11318932909","e7c75eba-9b40-4ec0-bc86-633e9dde0d8d","5975355460","2026-08-05 12:14:36.000","33740927","IKR165YK251MUSTRAD-L","109009162","IRASKRTA109009162","L","IKR165YK251MUSTRAD","IKRASS","IKRASS Floral Yoke Design Angrakha V-Neck Patchwork A-Line Kurta","Kurtas","PK","1000103092700",,"flipkartlogistics","MYSC1329093287","22232",,,"2026-08-05 13:49:09.000","2026-08-05 17:53:09.000",,,,,,,,"592.00","2199.00","1607.00","268.00","0.00","0.00","0.00","Dehradun","UT","248001","533"
"19498","22232","PPMP","'133780166730996317501","100264520688","11319255238","3e77ed89-e562-4a50-bf20-c7f95ad0c844","5975553527","2026-08-05 15:18:16.000","28878064","260KL1537PLYKRED-3XL","92764886","KALNKRTA92764886","3XL","260KL1537PLYKRED","KALINI","KALINI Plus Size Floral Printed Round Neck Anarkali Kurta","Kurtas","SH","1000103259055",,"flipkartlogistics","MYSP1447274568","22232",,,"2026-08-05 16:15:28.000","2026-08-05 17:53:18.000","2026-08-06 00:17:30.000","2026-08-06 00:23:04.000",,,,,,"742.00","4299.00","3557.00","0.00","0.00","0.00","0.00","Mumbai","MH","400104","683"
"19498","22232","PPMP","'133783028251426183203","100265415958","11320150784","534c57ab-5c2e-4cf1-abab-0b431a14184d","5976100855","2026-08-05 23:15:10.000","40596348","SZ_1800YKDBLUE-4XL","129904255","SZTRKASS129904255","4XL","SZ_1800YKDBLUE","Sztori","Sztori Women Printed Regular Pure Cotton Kurta with Trousers & With Dupatta","Kurta Sets","WP",,,"flipkartlogistics",,"22232",,,,,,,,,,,,"1101.00","6099.00","4998.00","0.00","0.00","0.00","0.00","Kamrup, ","AS","781038","983"
"19498","22232","PPMP","'133781248660128307203","100264831896","11319566713","8a8fce55-f218-437b-a535-4c7086ac3dbe","5975744250","2026-08-05 18:18:35.000","37107363","168KL1130PLYKCPURPLE-3XL","118722461","KALNKRTA118722461","3XL","168KL1130PLYKCPURPLE","KALINI","KALINI Women Maroon Viscose Rayon Printed A-Line Kurtas","Kurtas","WP",,,"flipkartlogistics",,"22232",,,,,,,,,,,,"700.00","3799.00","3099.00","0.00","0.00","0.00","0.00","Lucknow","UP","226002","641"
"19498","22232","PPMP","'133778203105270203101","100263954125","11318688526","4bd9bc5c-4c1b-4edc-abb6-3d837335452b","5975212753","2026-08-05 09:50:59.000","38821675","KL_7100YKTEAL-3XL","123894602","KALNSRBL123894602","3XL","KL_7100YKTEAL","KALINI","KALINI Women Solid Stretchable V-Neck Front Open Saree Blouse","Saree Blouse","SH","1000103001214",,"flipkartlogistics","MYSC1329069010","22232",,,"2026-08-05 12:50:20.000","2026-08-05 17:53:16.000","2026-08-06 01:56:20.000","2026-08-06 02:01:23.000",,,,,,"401.00","1999.00","1598.00","0.00","0.00","0.00","0.00","Hyderabad","TG","500032","366"
"19498","36","SJIT","'133782691777668749503","100265287972","11320022797","f447400a-461f-49a1-8658-8d8f78cdc1bc","5976027124","2026-08-05 22:19:07.000","35221671","934KL1271PLYKNPINK-6XL","113012309","KALNNTST113012309","6XL","934KL1271PLYKNPINK","KALINI","KALINI Women Geometric Printed Pure Cotton Night suit","Night suits","SH","1000103629949","1936098825","flipkartlogistics","MYSP1447436200","36",,,"2026-08-06 03:17:16.000",,"2026-08-06 03:21:36.000","2026-08-06 03:28:13.000",,,,,,"922.00","2199.00","1277.00","0.00","0.00","0.00","0.00","Bangalore","KA","560067","828"
"19498","36","SJIT","'133782918615624703201","100265374869","11320109694","78ed2206-8a15-444b-82be-8892571f15aa","5976077637","2026-08-05 22:56:55.000","28878026","232KL166YK251BLUE-XL","92764722","KALNKRTA92764722","XL","232KL166YK251BLUE","KALINI","KALINI Ethnic Motifs Embroidered Angrakha Kurta","Kurtas","WP",,,"flipkartlogistics",,"36",,,,,,,,,,,,"572.00","2199.00","1627.00","0.00","0.00","0.00","0.00","Jaipur","RJ","302020","513"
"19498","22232","PPMP","'133778722079670806003","100264095101","11318829616","1e1735a0-6e03-4ac7-8611-ecd045fa93e1","5975294607","2026-08-05 11:17:29.000","42125308","SZ_1530YKWINE-3XL","134571202","SZTRKRTI134571202","3XL","SZ_1530YKWINE","Sztori","Sztori Printed Kurti","Kurtis","PK","1000103003404",,"EK_E2E","MYEP1130461885","22232",,,"2026-08-05 12:51:40.000","2026-08-05 17:14:34.000",,,,,,,,"531.00","3599.00","3068.00","0.00","0.00","0.00","0.00","Dhar","MP","454001","472"
"19498","22232","PPMP","'133782823383657005203","100265338284","11320073109","b82046b3-3309-4bf6-b243-6a8987726d62","5976056701","2026-08-05 22:41:02.000","39175556","KL_7080YKBEIGE-3XL","125036540","KALNSRBL125036540","3XL","KL_7080YKBEIGE","KALINI","KALINI Cotton V-Neck Saree Blouse","Saree Blouse","WP",,,"flipkartlogistics",,"22232",,,,,,,,,,,,"392.00","1999.00","1607.00","0.00","0.00","0.00","0.00","Hyderabad","TS","500089","357"
"19498","22232","PPMP","'133782536083290640901","100265231243","11319966066","52204a28-a1bd-41bd-8eb7-d4556d443e81","5975993304","2026-08-05 21:53:10.000","33740926","IKR1592PLYKNBLUE-6XL","109009159","IRASKRTA109009159","6XL","IKR1592PLYKNBLUE","IKRASS","IKRASS Geometric Printed Mandarin Collar A-Line Kurta","Kurtas","WP",,,"flipkartlogistics",,"22232",,,,,,,,,,,,"850.00","4899.00","4049.00","0.00","0.00","0.00","0.00","Mumbai","MH","400104","756"
"19498","22232","PPMP","'133780186185257517801","100264526378","11319260928","6935c8da-46a9-4459-a773-030c78d232e1","5975557000","2026-08-05 15:21:31.000","33740984","IKR1112DPT21MULTI-XL","109009404","IRASKRTA109009404","XL","IKR1112DPT21MULTI","IKRASS","IKRASS Women Chevron Printed A-Line Kurta & Dupatta","Kurtas","PK","1000103238886",,"EK_E2E","MYEC1113901243","22232",,,"2026-08-05 15:51:21.000","2026-08-05 17:14:36.000",,,,,,,,"926.00","5099.00","4173.00","0.00","0.00","0.00","0.00","Kunnathur","KL","690540","832"
"19498","22232","PPMP","'133774957883030213101","100263636531","11318370825","bd4f529f-a831-4781-8d41-d1aeb4aa9f5c","5975027349","2026-08-05 00:50:07.000","40596349","SZ_1748YKMULTI-5XL","129904254","SZTRKASS129904254","5XL","SZ_1748YKMULTI","Sztori","Sztori Women Floral Printed Regular Kurta with Trousers","Kurta Sets","SH","1000102653140",,"flipkartlogistics","MYSP1447046098","22232",,,"2026-08-05 10:26:32.000","2026-08-05 17:42:59.000","2026-08-06 03:30:20.000","2026-08-06 03:35:34.000",,,,,,"1141.00","4999.00","3858.00","0.00","0.00","0.00","0.00","Bangalore","KA","560087","1023"
"19498","22232","PPMP","'133779362932093688701","100264288151","11319022701","34c450a7-4be4-4300-a32c-3f0098b39575","5975409227","2026-08-05 13:04:18.000","40596359","SZ_1793YKDLAVENDER-XXL","129904302","SZTRKASS129904302","XXL","SZ_1793YKDLAVENDER","Sztori","Sztori Women Floral Printed Regular Pure Cotton Kurta with Trousers & With Dupatta","Kurta Sets","F","1000103256853",,"EK_E2E","MYEC1113902702","22232","32","Ordered by mistake","2026-08-05 16:12:49.000","2026-08-05 17:14:34.000",,,,"2026-08-05 22:08:22.000",,,,"1096.00","5299.00","4203.00","0.00","0.00","0.00","0.00","Maner","BR","801108","978"
"19498","22232","PPMP","'133778005593366518301","100263910867","11318645162","dd7f5479-8ca3-40cf-aee3-67f54a351b34","5975186399","2026-08-05 09:18:04.000","39144084","4007PLDRSBLACK-5XL","124936754","KALNKRTI124936754","5XL","4007PLDRSBLACK","KALINI","KALINI Geometric Printed Pure Cotton Empire Kurti","Kurtis","PK","1000103003479",,"flipkartlogistics","MYSP1447173115","22232",,,"2026-08-05 12:51:43.000","2026-08-05 17:53:15.000",,,,,,,,"594.00","2999.00","2405.00","0.00","0.00","0.00","0.00","New Delhi","DL","110075","535"
"19498","22232","PPMP","'133782587593173568803","100265249957","11319984781","73d15d4e-ea09-4522-993e-5c3d8ab8b38c","5976004421","2026-08-05 22:01:45.000","40095397","SZ_4013DRSWHITE-4XL","128183564","SZTRDRSS128183564","4XL","SZ_4013DRSWHITE","Sztori","Sztori Print Puff Sleeve Fit & Flare Midi Dress","Dresses","WP",,,"flipkartlogistics",,"22232",,,,,,,,,,,,"538.00","3899.00","3361.00","0.00","0.00","0.00","0.00","Hyderabad","TG","502032","479"
"19498","22232","PPMP","'133781477739633518103","100264898257","11319633075","e9eedc19-0b9b-41bb-bc03-80529a2786e7","5975785602","2026-08-05 18:56:45.000","33750570","IKR1336YKBLACK-S","109040305","IRASTOPS109040305","S","IKR1336YKBLACK","IKRASS","IKRASS Women Bell Sleeve Cotton Top","Tops","WP",,,"flipkartlogistics",,"22232",,,,,,,,,,,,"442.00","2699.00","2257.00","0.00","0.00","0.00","0.00","Alwar","RJ","301001","407"
"19498","22232","PPMP","'133775180221324511203","100263678170","11318412465","c4ef67ac-d997-4ec5-96e5-a1d2dcca3eb8","5975049102","2026-08-05 01:27:10.000","28697756","219KL241PLYK287BLACKRAY-3XL","92190856","KALNKRTA92190856","3XL","219KL241PLYK287BLACKRAY","KALINI","KALINI Plus Size Colourblocked V-Neck Three-Quarter Sleeves Thread Work Anarkali Kurta","Kurtas","SH","1000102820339",,"flipkartlogistics","MYSC1329019995","22232",,,"2026-08-05 11:22:24.000","2026-08-05 17:43:03.000","2026-08-06 03:42:52.000","2026-08-06 03:49:31.000",,,,,,"918.00","5499.00","4581.00","0.00","0.00","0.00","0.00","Mumbai","MH","400078","824"
"19498","22232","PPMP","'133781489049271609101","100264901523","11319636341","afa226d1-c931-4fbc-b838-e8e8235f93c2","5975787815","2026-08-05 18:58:38.000","28878040","262KL1536PLYKBLACK-3XL","92764784","KALNKRTA92764784","3XL","262KL1536PLYKBLACK","KALINI","KALINI Plus Size Floral Printed Angrakha Kurta","Kurtas","WP",,,"EK_E2E",,"22232",,,,,,,,,,,,"619.00","4539.00","3920.00","0.00","0.00","0.00","0.00","Ankleshwar","GJ","393002","560"
"19498","28","SJIT","'133777087686236074701","100263781180","11318515475","d75f8855-d7ad-403d-8b27-a76b7ebf4ace","5975105384","2026-08-05 06:45:06.000","36903896","KL_1341PLYKNGREEN-6XL","118054196","KALNKRTI118054196","6XL","KL_1341PLYKNGREEN","KALINI","KALINI Women Rayon Floral Printed Kurti","Kurtis","SH","1000103136262","1935721427","flipkartlogistics","MYSP1447223181","28",,,"2026-08-05 14:19:08.000",,"2026-08-05 14:25:05.000","2026-08-05 14:30:26.000",,,,,,"651.00","2799.00","2148.00","0.00","0.00","0.00","0.00","Lucknow","UP","226024","592"
"19498","81","SJIT","'133777722280676454101","100263857671","11318591966","c32d8297-500b-4730-b33c-437a6d83a262","5975153743","2026-08-05 08:30:51.000","28878018","234KL165YK251MUSTRAD-XL","92764688","KALNKRTA92764688","XL","234KL165YK251MUSTRAD","KALINI","KALINI Women Mustard Yellow Floral Printed Angrakha Anarkali Kurta with Tassel Tie-Up","Kurtas","SH","1000102516986","1935429906","flipkartlogistics","MYSC1328940275","81",,,"2026-08-05 09:48:15.000",,"2026-08-05 10:02:50.000","2026-08-05 10:08:36.000",,,,,,"574.00","2199.00","1625.00","0.00","0.00","0.00","0.00","Surat","GJ","395009","515"
"19498","15774","SJIT","'133777633864389270303","100263842615","11318576910","8b04af00-b5ab-4de2-a710-543e3e3c57d5","5975144631","2026-08-05 08:16:07.000","36964903","KL_1529DPT11WINE-XL","118276476","KALNKASS118276476","XL","KL_1529DPT11WINE","KALINI","KALINI Floral Printed Round Neck Pure Cotton Kurta With Dupatta","Kurtas","SH","1000102571037","1935461632","flipkartlogistics","MYSC1328954274","15774",,,"2026-08-05 10:03:13.000",,"2026-08-05 10:09:40.000","2026-08-05 10:16:52.000",,,,,,"995.00","5999.00","5004.00","0.00","0.00","0.00","0.00","Kodungallur","KL","680664","901"
"19498","15774","SJIT","'133780637310714143601","100264657100","11319391831","03e345a3-a022-4a68-8f6b-53c79ca93181","5975637376","2026-08-05 16:36:42.000","33567693","893KL289PLYK345YELLOW-XXL","108410066","KALNTOPS108410066","XXL","893KL289PLYK345YELLOW","KALINI","KALINI Women Conversational Embroidered Round Neck Cotton Top","Tops","SH","1000103560499","1936030057","flipkartlogistics","MYSP1447403286","15774",,,"2026-08-06 01:23:10.000",,"2026-08-06 01:27:55.000","2026-08-06 01:34:35.000",,,,,,"554.00","2699.00","2145.00","0.00","0.00","0.00","0.00","Kolkata","WB","700050","495"
"19498","36","SJIT","'133783032176236222801","100265417396","11320152222","8842da9a-0d91-4487-a5bc-d2c557242628","5976101659","2026-08-05 23:15:50.000","28878018","234KL165YK251MUSTRAD-XL","92764688","KALNKRTA92764688","XL","234KL165YK251MUSTRAD","KALINI","KALINI Women Mustard Yellow Floral Printed Angrakha Anarkali Kurta with Tassel Tie-Up","Kurtas","F",,,"flipkartlogistics",,"36","44","Ordered By Mistake",,,,,,"2026-08-05 23:16:50.000",,,,"574.00","2199.00","1625.00","0.00","0.00","0.00","0.00","Gudivada","AP","521301","515"
"19498","22232","PPMP","'133778434169456661901","100264013308","11318747781","cf6cdcef-71e4-4c4a-b971-47d829bd7ff4","5975247350","2026-08-05 10:29:30.000","31319629","IKR1006PLYKBLUE-4XL","100970443","IRASKRTA100970443","4XL","IKR1006PLYKBLUE","IKRASS","IKRASS Plus Size Chevron Printed Kantha Work Keyhole Neck Cotton A-Line Kurta","Kurtas","SH","1000103099036",,"flipkartlogistics","MYSC1329096152","22232",,,"2026-08-05 13:53:36.000","2026-08-05 17:53:09.000","2026-08-06 00:11:59.000","2026-08-06 00:17:53.000",,,,,,"644.00","2599.00","1955.00","0.00","0.00","0.00","0.00","Chennai","TN","600033","585"
"19498","22232","PPMP","'133779297397680331703","100264268272","11319002822","a0786fec-7093-4fb8-a137-46bdb57e3aa9","5975397500","2026-08-05 12:53:22.000","29286878","373KL1359PLYKGREEN-XXL","94086160","KALNKRTA94086160","XXL","373KL1359PLYKGREEN","KALINI","KALINI Plus Size Floral Print Anarkali kurti ","Kurtas","PK","1000103264835",,"EK_E2E","MYEC1113903183","22232",,,"2026-08-05 16:22:51.000","2026-08-05 17:14:34.000",,,,,,,,"806.00","4399.00","3593.00","0.00","0.00","0.00","0.00","Saharsa","BR","852201","712"
"19498","22232","PPMP","'133777628239518940303","100263841644","11318575939","a2f53210-51ec-464b-8cae-02892d472ff7","5975144068","2026-08-05 08:15:10.000","35220628","913KL1325PLYKNMULTI-6XL","113009501","KALNKRTA113009501","6XL","913KL1325PLYKNMULTI","KALINI","KALINI Women Plus Size Striped Festive Anarkali Kurta","Kurtas","PK","1000102798985",,"EK_E2E","MYEP1130428863","22232",,,"2026-08-05 11:14:47.000","2026-08-05 17:14:36.000",,,,,,,,"996.00","4999.00","4003.00","0.00","0.00","0.00","0.00","Bharuch","GJ","392012","902"
"19498","22232","PPMP","'133781624027712945403","100264941357","11319676175","447ef38a-e41e-4b2c-b30e-ee1ede2bfb3a","5975813481","2026-08-05 19:21:08.000","33567754","881KL1570YKPEACH-XL","108410251","KALNTOPS108410251","XL","881KL1570YKPEACH","KALINI","KALINI Women Solid Keyhole Neck Top","Tops","WP",,,"EK_E2E",,"22232",,,,,,,,,,,,"475.00","2999.00","2524.00","0.00","0.00","0.00","0.00","Seppa","AR","790102","440"
"19498","22232","PPMP","'133778959728422158903","100264166261","11318900807","502f6527-04ad-47dc-86f8-5642a7e41942","5975336418","2026-08-05 11:57:06.000","38821675","KL_7100YKTEAL-XXL","123894601","KALNSRBL123894601","XXL","KL_7100YKTEAL","KALINI","KALINI Women Solid Stretchable V-Neck Front Open Saree Blouse","Saree Blouse","SH","1000103001348",,"flipkartlogistics","MYSP1447171389","22232",,,"2026-08-05 12:50:25.000","2026-08-05 17:53:15.000","2026-08-06 01:20:45.000","2026-08-06 01:25:35.000",,,,,,"401.00","1999.00","1598.00","29.00","0.00","0.00","0.00","Lucknow","UP","226010","366"
"19498","22232","PPMP","'133775259586653221901","100263689589","11318423884","f9c9aadd-2cef-4174-b75d-c539590dbecb","5975055556","2026-08-05 01:40:25.000","33741621","IKR1562PLYKGREEN-5XL","109011439","IRASTNIC109011439","5XL","IKR1562PLYKGREEN","IKRASS","IKRASS Women Striped Cotton Plus Size Tunic","Tunics","PK","1000102426873",,"flipkartlogistics","MYSC1328917058","22232",,,"2026-08-05 09:16:45.000","2026-08-05 17:42:54.000",,,,,,,,"541.00","3599.00","3058.00","0.00","0.00","0.00","0.00","Agra","UP","282004","482"
"19498","22232","PPMP","'133777732263581442001","100263859599","11318593894","6edb0834-344c-4cf4-bbef-e717204d05df","5975154876","2026-08-05 08:32:32.000","33712507","IKR190PLYK214MEHROON-3XL","108912391","IRASKRTA108912391","3XL","IKR190PLYK214MEHROON","IKRASS","IKRASS Floral Printed Cotton Kalamkari Print Anarkali Kurta","Kurtas","SH","1000102670441",,"delhivery","5965718052092","22232",,,"2026-08-05 10:31:45.000","2026-08-05 17:53:09.000","2026-08-06 00:50:51.000","2026-08-06 03:38:22.000",,,,,,"668.00","2499.00","1831.00","0.00","0.00","0.00","0.00","Hyderabad","TG","500043","609"
"19498","22232","PPMP","'133780640881315638501","100264658119","11319392850","f479485c-db93-4801-8389-e4fea59f13b2","5975637990","2026-08-05 16:37:17.000","38821675","KL_7100YKTEAL-L-XL","123894600","KALNSRBL123894600","L/XL","KL_7100YKTEAL","KALINI","KALINI Women Solid Stretchable V-Neck Front Open Saree Blouse","Saree Blouse","WP",,,"EK_E2E",,"22232",,,,,,,,,,,,"401.00","1999.00","1598.00","0.00","0.00","0.00","0.00","Sultanpur","UP","228001","366"
"19498","22232","PPMP","'133775160051083103003","100263674911","11318409206","478c7cfe-72f0-493c-86a4-9158d7d01f65","5975047400","2026-08-05 01:23:49.000","33565308","IKR1362PLYKBLACK-5XL","108401953","IRASDRSS108401953","5XL","IKR1362PLYKBLACK","IKRASS","IKRASS Women Floral Print Kimono Sleeve Kaftan Midi Dress","Dresses","SH","1000102694955",,"flipkartlogistics","MYSC1328987431","22232",,,"2026-08-05 10:38:41.000","2026-08-05 17:43:01.000","2026-08-06 04:25:58.000","2026-08-06 04:31:54.000",,,,,,"735.00","3039.00","2304.00","0.00","0.00","0.00","0.00","Kolkata","WB","700123","676"
"19498","22232","PPMP","'133774999156482454303","100263645578","11318379872","eb07e91f-ed51-457e-90de-1306eb71a1f9","5975032149","2026-08-05 00:57:00.000","40478334","SZ_192YK251GREEN-4XL","129522928","SZTRKRTA129522928","4XL","SZ_192YK251GREEN","Sztori","Sztori Women Patchwork Anarkali Kurta","Kurtas","SH","1000102652194",,"flipkartlogistics","MYSP1447045700","22232",,,"2026-08-05 10:26:15.000","2026-08-05 17:43:01.000","2026-08-06 03:37:37.000","2026-08-06 03:42:09.000",,,,,,"721.00","3749.00","3028.00","0.00","0.00","0.00","0.00","Chennai","TN","600045","662"
"19498","22232","PPMP","'133779845021104857901","100264426214","11319160764","7c881553-fb20-40e0-8873-cce320a3dbcd","5975494951","2026-08-05 14:24:39.000","30227867","655KL1202PLYKBLUE-4XL","97263742","KALNNTST97263742","4XL","655KL1202PLYKBLUE","KALINI","KALINI Women Printed Night suit","Night suits","PK","1000103212325",,"flipkartlogistics","MYSP1447255369","22232",,,"2026-08-05 15:24:57.000","2026-08-05 17:53:16.000",,,,,,,,"724.00","2199.00","1475.00","0.00","0.00","0.00","0.00","Gurgaon","HR","122018","630"
"19498","22232","PPMP","'133782499221745744703","100265218549","11319953372","5772a324-5dbf-4fb7-a761-3facdafca338","5975985518","2026-08-05 21:47:01.000","40087067","HN_4031DRSBLUE-XL","128152964","HENWDRSS128152964","XL","HN_4031DRSBLUE","HERE&NOW","HERE&NOW Print A-Line Midi Dress","Dresses","WP",,,"EK_E2E",,"22232",,,,,,,,,,,,"631.00","2899.00","2268.00","0.00","0.00","0.00","0.00","Srikakulam","AP","532001","572"
"19498","22232","PPMP","'133782811326881970701","100265333836","11320068661","7e6f7abc-130b-4d5c-b9dd-9e4006c58a7b","5976054081","2026-08-05 22:39:01.000","33565838","826KL1059PLYKMUSTARD-3XL","108403755","KALNKRTA108403755","3XL","826KL1059PLYKMUSTARD","KALINI","KALINI Ethnic Motifs Yoke Design Sequinned Cotton Anarkali Kurta","Kurtas","WP",,,"flipkartlogistics",,"22232",,,,,,,,,,,,"845.00","4599.00","3754.00","85.00","0.00","0.00","0.00","Bangalore","KA","560049","751"
"19498","22232","PPMP","'133778087345050638003","100263927814","11318662146","4f450fcf-5d93-4a2b-8838-5107988233b5","5975196946","2026-08-05 09:31:41.000","41186974","KL_1669YKMULTI-M","131765487","KALNCOORD131765487","M","KL_1669YKMULTI","KALINI","KALINI Floral Printed Tunic with Trousers","Co-Ords","SH","1000103001412",,"flipkartlogistics","MYSC1329069002","22232",,,"2026-08-05 12:50:28.000","2026-08-05 17:43:03.000","2026-08-05 23:53:41.000","2026-08-06 00:01:19.000",,,,,,"679.00","3999.00","3320.00","238.00","0.00","0.00","0.00","Thrissur","KL","679501","620"
"19498","22232","PPMP","'133782645665810124901","100265270854","11320005677","f88e9c4d-538c-4f47-b253-e6ff798bdf8e","5976016886","2026-08-05 22:11:25.000","37107384","113KL1260YKCTEAL-XL","118722562","KALNKRTA118722562","XL","113KL1260YKCTEAL","KALINI","KALINI Women Teal Cotton Printed Anarkali Kurtas","Kurtas","WP",,,"EK_E2E",,"22232",,,,,,,,,,,,"841.00","4649.00","3808.00","0.00","0.00","0.00","0.00","Tirupur","TN","641602","747"
"19498","22232","PPMP","'133782326063486822003","100265159920","11319894743","2bc8d78d-403e-4442-a8a2-e38ac4fdb417","5975949891","2026-08-05 21:18:09.000","31647386","527KL192YK251GREEN-L","101974234","KALNKRTA101974234","L","527KL192YK251GREEN","KALINI","KALINI Women Patchwork Anarkali Kurta","Kurtas","WP",,,"flipkartlogistics",,"22232",,,,,,,,,,,,"576.00","2499.00","1923.00","0.00","0.00","0.00","0.00","Kanpur","UP","208011","517"
"19498","22232","PPMP","'133782924870344584501","100265377151","11320111977","747f4c40-7dcd-4fba-97cd-d2a5d2aa10fd","5976078955","2026-08-05 22:57:57.000","39686338","KL_7096YKBOTTELGREEN-L/XL","126747715","KALNSRBL126747715","L/XL","KL_7096YKBOTTELGREEN","KALINI","KALINI Solid Saree Blouse","Saree Blouse","WP",,,"flipkartlogistics",,"22232",,,,,,,,,,,,"401.00","1999.00","1598.00","0.00","0.00","0.00","0.00","Pune","MH","411033","366"
"19498","22232","PPMP","'133776085062303985503","100263745493","11318479788","4df91b9b-246a-4d7b-bcf9-943760857431","5975084853","2026-08-05 03:57:59.000","40095404","SZ_4014DRSBLUE-5XL","128183588","SZTRDRSS128183588","5XL","SZ_4014DRSBLUE","Sztori","Sztori Print A-Line Midi Dress","Dresses","PK","1000102644795",,"flipkartlogistics","MYSP1447043067","22232",,,"2026-08-05 10:24:17.000","2026-08-05 17:42:47.000",,,,,,,,"534.00","3899.00","3365.00","0.00","0.00","0.00","0.00","Greater Noida","UP","201306","475"
"19498","22232","PPMP","'133782536250558816203","100265231289","11319966112","ba936f51-09a5-4ba6-b4f8-3c59d6067571","5975993335","2026-08-05 21:53:10.000","36964878","KL_1234DPT20WHITE-XL","118276373","KALNKASS118276373","XL","KL_1234DPT20WHITE","KALINI","KALINI Printed Checked Kurta With Dupatta","Kurtas","WP",,,"Shadowfax",,"22232",,,,,,,,,,,,"883.00","5099.00","4216.00","0.00","0.00","0.00","0.00","Madurai","TN","625022","789"
"19498","15774","SJIT","'133782854424919453101","100265350504","11320085330","ed0baade-4ae9-44f5-ad7c-f890a5b73a88","5976063680","2026-08-05 22:46:12.000","28878018","234KL165YK251MUSTRAD-S","92764690","KALNKRTA92764690","S","234KL165YK251MUSTRAD","KALINI","KALINI Women Mustard Yellow Floral Printed Angrakha Anarkali Kurta with Tassel Tie-Up","Kurtas","F",,,"flipkartlogistics",,"15774","44","Ordered By Mistake",,,,,,"2026-08-05 22:47:32.000",,,,"574.00","2199.00","1625.00","0.00","0.00","0.00","0.00","Palamu","JH","822110","515"
"19498","22232","PPMP","'133778128582015347103","100263936926","11318671285","82606364-b48a-4662-a761-08fa91bd53c0","5975202470","2026-08-05 09:38:34.000","36964902","KL_1529PLDPT11WINE-5XL","118276468","KALNKASS118276468","5XL","KL_1529PLDPT11WINE","KALINI","KALINI Ethnic Motifs Print Straight Kurta With Dupatta ","Kurtas","F",,,"flipkartlogistics",,"22232","79","Duplicate Order",,,,,,"2026-08-05 09:40:01.000",,,,"1034.00","5999.00","4965.00","0.00","0.00","0.00","0.00","Panvel","MH","410206","940"
"19498","81","SJIT","'133778146283091623501","100263940752","11318675124","6cb82ad9-e9d0-42f2-bdeb-bfbd4be7c8d4","5975204790","2026-08-05 09:41:32.000","29596686","444KL224PLYK148BNDJ-3XL","95150358","KALNKRTA95150358","3XL","444KL224PLYK148BNDJ","KALINI","KALINI Plus Size Bandhani Printed Round Neck Cotton Anarkali Kurta","Kurtas","SH","1000102743889","1935549682","flipkartlogistics","MYSC1329000383","81",,,"2026-08-05 10:54:54.000",,"2026-08-05 11:06:08.000","2026-08-05 11:12:04.000",,,,,,"860.00","4499.00","3639.00","0.00","0.00","0.00","0.00","Varanasi","UP","221008","766"
"19498","22232","PPMP","'133782156164243100801","100265106065","11319840887","51eca4ef-2565-4810-a02c-844f2de2c03a","5975916198","2026-08-05 20:49:50.000","28697756","219KL241PLYK287BLACKRAY-3XL","92190856","KALNKRTA92190856","3XL","219KL241PLYK287BLACKRAY","KALINI","KALINI Plus Size Colourblocked V-Neck Three-Quarter Sleeves Thread Work Anarkali Kurta","Kurtas","WP",,,"flipkartlogistics",,"22232",,,,,,,,,,,,"918.00","5499.00","4581.00","0.00","0.00","0.00","0.00","Hyderabad","TG","500089","824"
"19498","22232","PPMP","'133781002853414833203","100264760872","11319495668","f8c3c69f-3b42-48e3-bb28-28a815eb1416","5975700639","2026-08-05 17:37:37.000","33740920","IKR1537PLYKRED-3XL","109009134","IRASKRTA109009134","3XL","IKR1537PLYKRED","IKRASS","IKRASS Women Floral Printed Anarkali Kurta","Kurtas","WP",,,"flipkartlogistics",,"22232",,,,,,,,,,,,"722.00","4299.00","3577.00","0.00","0.00","0.00","0.00","Hyderabad","TG","500038","663"
"19498","28","SJIT","'133781631442191000303","100264943630","11319678448","7327c3ce-4226-4637-b547-776673651ebe","5975814904","2026-08-05 19:22:22.000","36683245","235KL165PLYKC251MUSTRAD-XXL","117290172","KALNKRTA117290172","XXL","235KL165PLYKC251MUSTRAD","KALINI","Women Mustard Yellow Floral Printed Angrakha Anarkali Kurta with Tassel Tie-Up","Kurtas","SH","1000103452191","1935936385","flipkartlogistics","MYSP1447351111","28",,,"2026-08-05 22:04:45.000",,"2026-08-05 22:21:49.000","2026-08-05 22:29:25.000",,,,,,"615.00","2199.00","1584.00","0.00","0.00","0.00","0.00","Pathankot","PB","145001","556"
"19498","22232","PPMP","'133774693391347147803","100263560692","11318294985","9bdf1203-bd26-4e8f-b1fe-22831111f7d8","5974984970","2026-08-05 00:06:03.000","39175557","KL_7085YKBLACK-5XL","125036736","KALNSRBL125036736","5XL","KL_7085YKBLACK","KALINI","KALINI Printed Round Neck Saree Blouse","Saree Blouse","SH","1000102422175",,"flipkartlogistics","MYSC1328915865","22232",,,"2026-08-05 09:15:14.000","2026-08-05 17:43:03.000","2026-08-06 04:26:11.000","2026-08-06 04:32:07.000",,,,,,"472.00","2599.00","2127.00","48.00","0.00","0.00","0.00","Kolkata","WB","700016","437"
"19498","81","SJIT","'133779652929050747903","100264371801","11319106351","3922f7d7-8bbe-42dc-9e4e-6088b9b1cfc0","5975460933","2026-08-05 13:52:37.000","30227864","663KL1268PLYKMULTI-3XL","97263728","KALNNTST97263728","3XL","663KL1268PLYKMULTI","KALINI","KALINI Women Plus Size Pure Cotton Printed Night suit","Night suits","SH","1000103198409","1935736641","flipkartlogistics","MYSP1447250520","81",,,"2026-08-05 15:12:10.000",,"2026-08-05 15:18:34.000","2026-08-05 15:24:21.000",,,,,,"803.00","2999.00","2196.00","0.00","0.00","0.00","0.00","Bathinda","PB","151001","709"
"19498","22232","PPMP","'133780070928729678703","100264493209","11319227759","0f72f90c-5696-4436-907a-7f2fb089a1cc","5975536427","2026-08-05 15:02:18.000","37508379","KL_193PLYKN251FIROZI-6XL","119943931","KALNKRTA119943931","6XL","KL_193PLYKN251FIROZI","KALINI","KALINI Women Patchwork Anarkali Kurta","Kurtas","SH","1000103265863",,"flipkartlogistics","MYSC1329148454","22232",,,"2026-08-05 16:24:03.000","2026-08-05 17:53:09.000","2026-08-05 23:59:40.000","2026-08-06 00:04:44.000",,,,,,"685.00","3749.00","3064.00","0.00","0.00","0.00","0.00","Ahmed Nagar","MH","414001","626"
"19498","36","SJIT","'133779063178244279301","100264197869","11318932419","0836f184-9a70-4b62-ad25-1954192df8f0","5975355161","2026-08-05 12:14:21.000","28878018","234KL165YK251MUSTRAD-M","92764692","KALNKRTA92764692","M","234KL165YK251MUSTRAD","KALINI","KALINI Women Mustard Yellow Floral Printed Angrakha Anarkali Kurta with Tassel Tie-Up","Kurtas","F","1000103108243","1935707836","flipkartlogistics","MYSC1329098945","36","30","Product not required anymore","2026-08-05 14:01:25.000",,"2026-08-05 14:15:15.000","2026-08-05 14:20:56.000",,"2026-08-05 20:18:10.000",,,,"574.00","2199.00","1625.00","0.00","0.00","0.00","0.00","Panjim","GA","403001","515"
"19498","15774","SJIT","'133777843939303245703","100263879929","11318614224","541adf7f-4cf8-454b-8280-b93547e5b74b","5975167322","2026-08-05 08:51:08.000","36683245","235KL165PLYKC251MUSTRAD-XXL","117290172","KALNKRTA117290172","XXL","235KL165PLYKC251MUSTRAD","KALINI","Women Mustard Yellow Floral Printed Angrakha Anarkali Kurta with Tassel Tie-Up","Kurtas","SH","1000102575993","1935455401","flipkartlogistics","MYSC1328956333","15774",,,"2026-08-05 10:04:46.000",,"2026-08-05 10:10:46.000","2026-08-05 10:17:07.000",,,,,,"615.00","2199.00","1584.00","0.00","0.00","0.00","0.00","Dibrugarh","AS","786001","556"
"19498","22232","PPMP","'133778702232529069001","100264089432","11318823944","16120411-1067-4193-8f52-3e2bc9c3c40b","5975291214","2026-08-05 11:14:11.000","35221671","934KL1271PLYKNPINK-7XL","113012310","KALNNTST113012310","7XL","934KL1271PLYKNPINK","KALINI","KALINI Women Geometric Printed Pure Cotton Night suit","Night suits","SH","1000103109300",,"flipkartlogistics","MYSP1447212640","22232",,,"2026-08-05 14:02:22.000","2026-08-05 17:53:18.000","2026-08-06 01:56:23.000","2026-08-06 02:01:51.000",,,,,,"922.00","2199.00","1277.00","0.00","0.00","0.00","0.00","Hyderabad","TG","500030","828"
"19498","36","SJIT","'133779690792534267603","100264382879","11319117429","1863aa27-7d00-4450-9f6d-55286cb28d1f","5975467667","2026-08-05 13:58:56.000","33741537","IKR1557PLYKRED-4XL","109011082","IRASKRTI109011082","4XL","IKR1557PLYKRED","IKRASS","IKRASS Women Plus Size Floral Printed Tie-Up Neck Kurti","Kurtis","SH","1000103293477","1935794631","flipkartlogistics","MYSP1447288234","36",,,"2026-08-05 16:56:53.000",,"2026-08-05 17:01:28.000","2026-08-05 17:07:11.000",,,,,,"442.00","2599.00","2157.00","0.00","0.00","0.00","0.00","Cuttack","OR","753001","407"
"19498","22232","PPMP","'133775334533122159301","100263698885","11318433180","f1f7f6a2-5d75-4dc1-b49c-89f46c7bfb61","5975060535","2026-08-05 01:52:53.000","33774246","IKR1499PLYKGREEN-5XL","109122480","IRASTOPS109122480","5XL","IKR1499PLYKGREEN","IKRASS","IKRASS Women Striped Flared Sleeve Top","Tops","SH","1000102424573",,"EK_E2E","MYEC1113788648","22232",,,"2026-08-05 09:15:50.000","2026-08-05 17:14:29.000","2026-08-05 23:54:36.000","2026-08-06 00:01:56.000",,,,,,"442.00","2599.00","2157.00","0.00","0.00","0.00","0.00","Mumbai","MH","400058","407"
"19498","22232","PPMP","'133782795923880815001","100265327892","11320062717","a6a96444-e7d3-4e8a-b9a2-cb940a114a7b","5976050635","2026-08-05 22:36:29.000","34701691","IKR1412YKMULTI-M","111599129","IRASDRSS111599129","M","IKR1412YKMULTI","IKRASS","IKRASS Chevron Print Kimono Sleeve Tie-Ups Kaftan Midi Dress","Dresses","WP",,,"flipkartlogistics",,"22232",,,,,,,,,,,,"589.00","3099.00","2510.00","59.00","0.00","0.00","0.00","New Delhi","DL","110092","530"
"19498","28","SJIT","'133780153335649034803","100264516703","11319251253","555d5563-e992-40fe-9a22-dfe3cd4dbb89","5975551139","2026-08-05 15:16:01.000","28697792","230KL167YK251BLACK-XL","92191040","KALNKRTA92191040","XL","230KL167YK251BLACK","KALINI","KALINI Geometric Yoke Design Flared Sleeves Thread Work Anarkali Kurta","Kurtas","SH","1000103306364","1935825482","flipkartlogistics","MYSP1447293912","28",,,"2026-08-05 17:11:37.000",,"2026-08-05 17:14:38.000","2026-08-05 17:20:40.000",,,,,,"569.00","2199.00","1630.00","200.00","0.00","0.00","0.00","New Delhi","DL","110092","510"
"19498","22232","PPMP","'133777664479871100101","100263847770","11318582065","8704b20b-03ba-489c-adf5-b722ed3190f0","5975147739","2026-08-05 08:21:13.000","36967799","KL_5034YKOFFWHITE-L","118285600","KALNTRSR118285600","32","KL_5034YKOFFWHITE","KALINI","KALINI Women Mid-Rise Relaxed Fit Trouser","Trousers","SH","1000102851339",,"flipkartlogistics","MYSP1447115839","22232",,,"2026-08-05 11:34:29.000","2026-08-05 17:43:01.000","2026-08-05 23:36:04.000","2026-08-05 23:42:28.000",,,,,,"557.00","3199.00","2642.00","0.00","0.00","0.00","0.00","Bangalore","KA","560067","498"
"19498","15774","SJIT","'133775210540128515401","100263682457","11318416752","18ce105e-4185-4b89-9fb4-09ba8bfac561","5975051483","2026-08-05 01:32:14.000","30256959","695KL5019YKDENIM-M","97349290","KALNTRSR97349290","30","695KL5019YKDENIM","KALINI","KALINI Women Loose Fit Pleated Trousers","Trousers","SH","1000102306537","1935342657","flipkartlogistics","MYSC1328887283","15774",,,"2026-08-05 04:46:44.000",,"2026-08-05 04:58:19.000","2026-08-05 05:03:03.000",,,,,,"610.00","2199.00","1589.00","0.00","0.00","0.00","0.00","Baruipur","WB","700144","551"
"19498","22232","PPMP","'133777532457837424101","100263827536","11318561831","7c57ac07-f15b-40a0-bbb3-5a1f7b4424f6","5975134998","2026-08-05 07:59:13.000","31319731","IKR1034YKTEAL-S","100970758","IRASKRTA100970758","S","IKR1034YKTEAL","IKRASS","IKRASS Mandarin Collar Thread Work Cotton A-Line Kurta","Kurtas","PK","1000102680544",,"EK_E2E","MYEC1113826721","22232",,,"2026-08-05 10:34:34.000","2026-08-05 17:14:29.000",,,,,,,,"675.00","3599.00","2924.00","0.00","0.00","0.00","0.00","Bellary","KA","583104","616"
"19498","22232","PPMP","'133781794883409407703","100264993196","11319728015","84353c08-1c09-4aa3-84a6-7685a9d55b36","5975845988","2026-08-05 19:49:37.000","28878032","237KL1593YKGREEN-M","92764750","KALNKRTA92764750","M","237KL1593YKGREEN","KALINI","KALINI Ethnic Motifs Printed Anarkali Kurta","Kurtas","WP",,,"EK_E2E",,"22232",,,,,,,,,,,,"791.00","4149.00","3358.00","0.00","0.00","0.00","0.00","Kurnool","AP","518218","697"
"19498","22232","PPMP","'133774662672851223401","100263549729","11318284022","b988f216-7910-4342-a90c-0e1119b637fa","5974978486","2026-08-05 00:00:56.000","30198212","597KL1499PLYKGREEN-5XL","97166177","KALNTOPS97166177","5XL","597KL1499PLYKGREEN","KALINI","KALINI Solid Striped Regular Top","Tops","PK","1000102419846",,"flipkartlogistics","MYSP1446961845","22232",,,"2026-08-05 09:14:43.000","2026-08-05 17:42:55.000",,,,,,,,"463.00","2599.00","2136.00","0.00","0.00","0.00","0.00","Delhi","DL","110074","428"
"19498","22232","PPMP","'133781939205356070903","100265038563","11319773383","cbe36e58-0a17-41b1-9dc1-10b261232a73","5975874343","2026-08-05 20:13:41.000","36905715","KL_1389PLYKNBROWN-6XL","118060377","KALNKRTA118060377","6XL","KL_1389PLYKNBROWN","KALINI","KALINI Women Floral Cotton A-Line Kurtas","Kurtas","WP",,,"EK_E2E",,"22232",,,,,,,,,,,,"879.00","3399.00","2520.00","0.00","0.00","0.00","0.00","Wardha","MH","442001","785"
"19498","22232","PPMP","'133777993192576905801","100263908504","11318642799","e8cae6f2-a678-4cc0-b7cb-17dbdff26928","5975184862","2026-08-05 09:16:00.000","34701707","IKR1484PLYKNYELLOW-8XL","111599201","IRASDRSS111599201","8XL","IKR1484PLYKNYELLOW","IKRASS","Yellow Floral Print Fit and Flare Midi Dress","Dresses","SH","1000102615830",,"EK_E2E","MYEC1113816603","22232",,,"2026-08-05 10:16:04.000","2026-08-05 17:14:29.000","2026-08-05 23:18:15.000","2026-08-05 23:24:45.000",,,,,,"836.00","4299.00","3463.00","0.00","0.00","0.00","0.00","Doda","JK","182202","742"
"19498","22232","PPMP","'133779152442046114603","100264224547","11318959097","cb5bec76-d266-4e44-afa7-3cd364274263","5975371319","2026-08-05 12:29:12.000","30198072","549KL1069YKBLUE-L","97165929","KALNTOPS97165929","L","549KL1069YKBLUE","KALINI","KALINI Women's Floral Cotton High-Low Top","Tops","SH","1000103001134",,"flipkartlogistics","MYSC1329068369","22232",,,"2026-08-05 12:50:17.000","2026-08-05 17:42:59.000","2026-08-06 00:07:37.000","2026-08-06 00:13:42.000",,,,,,"401.00","1999.00","1598.00","0.00","0.00","0.00","0.00","Ranchi","JH","834001","366"
"19498","22232","PPMP","'133778471418957120303","100264023576","11318758053","ef490404-b294-4e18-980c-dd1f919b026d","5975253177","2026-08-05 10:35:43.000","36967799","KL_5034YKOFFWHITE-L","118285600","KALNTRSR118285600","32","KL_5034YKOFFWHITE","KALINI","KALINI Women Mid-Rise Relaxed Fit Trouser","Trousers","SH","1000103113111",,"flipkartlogistics","MYSP1447213766","22232",,,"2026-08-05 14:05:01.000","2026-08-05 17:53:13.000","2026-08-06 02:07:38.000","2026-08-06 02:13:02.000",,,,,,"557.00","3199.00","2642.00","0.00","0.00","0.00","0.00","Jetpur","GJ","360370","498"
"19498","22232","PPMP","'133775058359352215901","100263657427","11318391721","79d23c6d-e021-4d73-980a-5f1338d68378","5975038358","2026-08-05 01:06:52.000","39201544","KL_1784YKDPINK-M","125120224","KALNKASS125120224","M","KL_1784YKDPINK","KALINI","KALINI Ethnic Motifs Printed Regular Thread Work Pure Cotton Kurta with Trousers & Dupatta","Kurta Sets","F",,,"EK_E2E",,"22232","42","Product not required anymore",,,,,,"2026-08-05 01:09:06.000",,,,"1089.00","4999.00","3910.00","0.00","0.00","0.00","0.00","Dinhata","WB","736135","971"
"19498","22232","PPMP","'133783230361521750203","100265487602","11320222429","1573dbe4-7014-4ae3-b50f-6124ee68c186","5976141014","2026-08-05 23:48:52.000","28697754","226KL185YK302BLUE-XL","92190842","KALNKRTA92190842","XL","226KL185YK302BLUE","KALINI","KALINI Floral Printed Round Neck Sequinned Anarkali Cotton Kurta","Kurtas","WP",,,"EK_E2E",,"22232",,,,,,,,,,,,"791.00","2199.00","1408.00","0.00","0.00","0.00","0.00","Piler","AP","517214","697"
"19498","36","SJIT","'133779637422551235401","100264367414","11319101964","c596da4e-7407-4c43-85b0-246411c7eb92","5975458055","2026-08-05 13:50:03.000","28697792","230KL167YK251BLACK-XS","92191038","KALNKRTA92191038","XS","230KL167YK251BLACK","KALINI","KALINI Geometric Yoke Design Flared Sleeves Thread Work Anarkali Kurta","Kurtas","F",,,"flipkartlogistics",,"36","45","Wants to change style/color",,,,,,"2026-08-05 15:54:09.000",,,,"569.00","2199.00","1630.00","0.00","0.00","0.00","0.00","Vadakara","KL","673541","510"
"19498","22232","PPMP","'133781965136146804601","100265046714","11319781534","2f38ea28-1bab-4335-bf4d-38f06610f378","5975879337","2026-08-05 20:18:00.000","36964862","KL_1637YKMAROON-L","118276303","KALNKASS118276303","L","KL_1637YKMAROON","KALINI","KALINI Floral Printed Band Collar Anarkali Kurta With Trouser & Dupatta","Kurta Sets","WP",,,"EK_E2E",,"22232",,,,,,,,,,,,"1341.00","5699.00","4358.00","34.00","0.00","0.00","0.00","Bikaner","RJ","334603","1093"
"19498","22232","PPMP","'133781229770583673903","100264826409","11319561226","fd76b95a-837c-40ab-a13a-3d5c40a6129b","5975740804","2026-08-05 18:15:27.000","36967799","KL_5034YKOFFWHITE-L","118285600","KALNTRSR118285600","32","KL_5034YKOFFWHITE","KALINI","KALINI Women Mid-Rise Relaxed Fit Trouser","Trousers","WP",,,"EK_E2E",,"22232",,,,,,,,,,,,"557.00","3199.00","2642.00","0.00","0.00","0.00","0.00","Thodupuzha","KL","685588","498"
"19498","81","SJIT","'133780823170806791101","100264710389","11319445153","c5a2b4fb-70ae-454f-b5c9-63db49e82533","5975669914","2026-08-05 17:07:40.000","28878018","234KL165YK251MUSTRAD-S","92764690","KALNKRTA92764690","S","234KL165YK251MUSTRAD","KALINI","KALINI Women Mustard Yellow Floral Printed Angrakha Anarkali Kurta with Tassel Tie-Up","Kurtas","SH","1000103343656","1935848787","flipkartlogistics","MYSC1329173858","81",,,"2026-08-05 18:11:41.000",,"2026-08-05 18:23:44.000","2026-08-05 18:29:18.000",,,,,,"574.00","2199.00","1625.00","0.00","0.00","0.00","0.00","Gajraula","UP","244235","515"
"19498","22232","PPMP","'133779754418501093801","100264400797","11319135347","8d41ac6b-fc2d-4e4f-97d9-c5429f3f7fe4","5975478882","2026-08-05 14:09:33.000","30234545","570KL1307PLYKBLUE-5XL","97283459","KALNTOPS97283459","5XL","570KL1307PLYKBLUE","KALINI","KALINI Women Cotton Abstract Printed Bell Sleeves Top","Tops","PK","1000103212418",,"flipkartlogistics","MYSP1447256227","22232",,,"2026-08-05 15:25:03.000","2026-08-05 17:53:15.000",,,,,,,,"550.00","1449.00","899.00","0.00","0.00","0.00","0.00","Sonipat","HR","131001","491"
"19498","22232","PPMP","'133781876997600163803","100265019016","11319753836","313841a2-7659-4031-83de-bc8c28676c92","5975862080","2026-08-05 20:03:19.000","33567029","866KL1557PLYKRED-5XL","108407864","KALNKRTI108407864","5XL","866KL1557PLYKRED","KALINI","KALINI Floral Printed Tie-Up Neck Kurti","Kurtis","WP",,,"flipkartlogistics",,"22232",,,,,,,,,,,,"468.00","2599.00","2131.00","0.00","0.00","0.00","0.00","Pune","MH","411060","433"
"19498","36","SJIT","'133780270177581196601","100264551243","11319285835","f0d06190-7716-4306-8a91-0a9fb76f1e68","5975572025","2026-08-05 15:35:31.000","28697756","219KL241PLYK287BLACKRAY-4XL","92190854","KALNKRTA92190854","4XL","219KL241PLYK287BLACKRAY","KALINI","KALINI Plus Size Colourblocked V-Neck Three-Quarter Sleeves Thread Work Anarkali Kurta","Kurtas","SH","1000103340046","1935813581","flipkartlogistics","MYSP1447307723","36",,,"2026-08-05 18:03:19.000",,"2026-08-05 18:09:58.000","2026-08-05 18:14:32.000",,,,,,"918.00","5499.00","4581.00","0.00","0.00","0.00","0.00","Bangalore","KA","560087","824"
"19498","22232","PPMP","'133777929689422620003","100263895915","11318630210","17ecc403-62e6-460c-a5f1-78ffab2c4f2a","5975177190","2026-08-05 09:05:26.000","38450604","KL_7099YKBROWN-S-M","122720847","KALNSRBL122720847","S/M","KL_7099YKBROWN","KALINI","KALINI V-Neck Saree Blouse","Saree Blouse","PK","1000102420566",,"EK_E2E","MYEP1130365047","22232",,,"2026-08-05 09:14:53.000","2026-08-05 17:14:34.000",,,,,,,,"397.00","1999.00","1602.00","0.00","0.00","0.00","0.00","Bhuj","GJ","370001","362"
"19498","28","SJIT","'133780624952826611403","100264653714","11319388444","855e7bdf-95c9-4372-9863-f886e49096ff","5975635277","2026-08-05 16:34:37.000","28878018","234KL165YK251MUSTRAD-L","92764694","KALNKRTA92764694","L","234KL165YK251MUSTRAD","KALINI","KALINI Women Mustard Yellow Floral Printed Angrakha Anarkali Kurta with Tassel Tie-Up","Kurtas","SH","1000103325764","1935825034","flipkartlogistics","MYSC1329167861","28",,,"2026-08-05 17:36:59.000",,"2026-08-05 18:02:57.000","2026-08-05 18:09:35.000",,,,,,"574.00","2199.00","1625.00","0.00","0.00","0.00","0.00","Bareilly","UP","243001","515"
"19498","22232","PPMP","'133778503393723936303","100264032620","11318767102","3dac811e-8a65-4b3c-beab-47c173e09692","5975258287","2026-08-05 10:41:02.000","33740957","IKR1529YKWINE-M","109009287","IRASKRTA109009287","M","IKR1529YKWINE","IKRASS","IKRASS Women Floral Printed Festive Cotton Anarkali Kurtas","Kurtas","F",,,"flipkartlogistics",,"22232","41","Incorrect size ordered",,,,,,"2026-08-05 10:49:18.000",,,,"823.00","4349.00","3526.00","0.00","0.00","0.00","0.00","Chennai","TN","600100","729"
"19498","22232","PPMP","'133782747308265839801","100265309266","11320044091","15a580e2-6a27-4b20-85fd-368bd15bc8c6","5976039596","2026-08-05 22:28:21.000","38820776","KL_1894YKGREEN-XL","123892482","KALNKRTA123892482","XL","KL_1894YKGREEN","KALINI","KALINI Women Geometric Printed Georgette Anarkali Kurta With Dupatta","Kurtas","WP",,,"flipkartlogistics",,"22232",,,,,,,,,,,,"883.00","4999.00","4116.00","0.00","0.00","0.00","0.00","Kakinada","AP","533003","789"
"19498","22232","PPMP","'133779913033660890303","100264446074","11319180624","7ced756f-e277-4c95-b7f8-d2acc364eff3","5975506869","2026-08-05 14:35:58.000","30234544","599KL1500PLYKMAROON-3XL","97283453","KALNTOPS97283453","3XL","599KL1500PLYKMAROON","KALINI","KALINI Women Stripe Print Round Neck Top","Tops","PK","1000103212198",,"EK_E2E","MYEC1113899180","22232",,,"2026-08-05 15:24:49.000","2026-08-05 17:14:36.000",,,,,,,,"462.00","2599.00","2137.00","0.00","0.00","0.00","0.00","Thalassery","KL","670676","427"
"19498","22232","PPMP","'133781640008188747803","100264946242","11319681060","7dd94bc9-7c9c-4790-b014-307db46536b6","5975816580","2026-08-05 19:23:48.000","36964907","KL_1636PLYKBLUE-3XL","118276487","KALNKASS118276487","3XL","KL_1636PLYKBLUE","KALINI","KALINI Floral Printed Band Collar Kurta with Palazzos & Dupatta","Kurta Sets","WP",,,"EK_E2E",,"22232",,,,,,,,,,,,"1087.00","5699.00","4612.00","0.00","0.00","0.00","0.00","Chandrapur","MH","442402","969"
"19498","36","SJIT","'133777365883035924601","100263806546","11318540841","6b3252c6-415f-432e-b74f-c4ec47f743fd","5975121448","2026-08-05 07:31:27.000","33741535","IKR1557YKRED-S","109011074","IRASKRTI109011074","S","IKR1557YKRED","IKRASS","IKRASS Floral Printed Kurti","Kurtis","SH","1000102778413","1935557945","delhivery","5965718128145","36",,,"2026-08-05 11:07:36.000",,"2026-08-05 11:14:46.000","2026-08-05 12:27:14.000",,,,,,"433.00","2299.00","1866.00","0.00","0.00","0.00","0.00","Gurgaon","HR","122105","398"
"19498","22232","PPMP","'133782525039964562601","100265227348","11319962171","3a8b3801-a188-488b-bce2-b74077d50050","5975990914","2026-08-05 21:51:18.000","40248471","7101YKGREEN-4XL","128757097","KALNSRBL128757097","4XL","7101YKGREEN","KALINI","KALINI Cotton Solid Saree Blouse","Saree Blouse","WP",,,"flipkartlogistics",,"22232",,,,,,,,,,,,"392.00","1999.00","1607.00","0.00","0.00","0.00","0.00","Hyderabad","TG","500026","357"
"19498","22232","PPMP","'133782777847767102901","100265321082","11320055907","a35f01d0-96d4-4bca-8fe7-076f2fc3e249","5976046537","2026-08-05 22:33:27.000","33707715","IKR1388PLYKMAROON-4XL","108895865","IRASKRTA108895865","4XL","IKR1388PLYKMAROON","IKRASS","IKRASS Women Floral Printed Plus Size Thread Work A-Line Kurta","Kurtas","WP",,,"EK_E2E",,"22232",,,,,,,,,,,,"633.00","3599.00","2966.00","0.00","0.00","0.00","0.00","Sagar","MP","470002","574"
"19498","22232","PPMP","'133775058359352215901","100263657431","11318391725","79d23c6d-e021-4d73-980a-5f1338d68378","5975038358","2026-08-05 01:06:52.000","39201544","KL_1784YKDPINK-S","125120223","KALNKASS125120223","S","KL_1784YKDPINK","KALINI","KALINI Ethnic Motifs Printed Regular Thread Work Pure Cotton Kurta with Trousers & Dupatta","Kurta Sets","F",,,"EK_E2E",,"22232","44","Ordered By Mistake",,,,,,"2026-08-05 01:08:49.000",,,,"1089.00","4999.00","3910.00","0.00","0.00","0.00","0.00","Dinhata","WB","736135","971"
"19498","22232","PPMP","'133783148162113404703","100265459161","11320193988","ac3ed9d5-0dc8-48a1-ab0e-25071225342a","5976125343","2026-08-05 23:35:10.000","39201542","KL_1784PLYKDPINK-3XL","125120217","KALNKASS125120217","3XL","KL_1784PLYKDPINK","KALINI","KALINI Women Ethnic Motifs Printed Regular Thread Work Pure Cotton Kurta with Trousers & With Dupatta","Kurta Sets","WP",,,"flipkartlogistics",,"22232",,,,,,,,,,,,"1120.00","4999.00","3879.00","50.00","0.00","0.00","0.00","Guwahati","AS","781006","1002"
"19498","81","SJIT","'133777995224875726703","100263908894","11318643189","8bb6ad51-77ad-4cae-8cbc-29b4e77fff37","5975185114","2026-08-05 09:16:21.000","33239238","818KL1202PLYKNBLUE-8XL","107258269","KALNNTST107258269","8XL","818KL1202PLYKNBLUE","KALINI","KALINI Women Printed Night suit","Night suits","SH","1000102619561","1935448978","flipkartlogistics","MYSC1328967365","81",,,"2026-08-05 10:16:55.000",,"2026-08-05 10:26:53.000","2026-08-05 10:33:54.000",,,,,,"729.00","2899.00","2170.00","0.00","0.00","0.00","0.00","Kavali","AP","524201","635"
"19498","22232","PPMP","'133782536083290640901","100265231244","11319966067","52204a28-a1bd-41bd-8eb7-d4556d443e81","5975993304","2026-08-05 21:53:10.000","37650318","IKR_165PLYKN251MUSTRAD-6XL","120381807","IRASKRTA120381807","6XL","IKR_165PLYKN251MUSTRAD","IKRASS","IKRASS Women Ethnic Motifs Printed Indie Prints Anarkali Kurta","Kurtas","WP",,,"flipkartlogistics",,"22232",,,,,,,,,,,,"731.00","3749.00","3018.00","0.00","0.00","0.00","0.00","Mumbai","MH","400104","672"
"19498","36","SJIT","'133782303012972518101","100265152780","11319887603","b9ee00a4-f24b-433b-a339-674ebd3d8ab5","5975945378","2026-08-05 21:14:19.000","28697746","224KL190YK214MEHROON-M","92190810","KALNKRTA92190810","M","224KL190YK214MEHROON","KALINI","KALINI Round Neck Floral Printed Cotton  Anarkali Kurta","Kurtas","SH","1000103468082","1935931344","flipkartlogistics","MYSP1447357854","36",,,"2026-08-05 22:30:52.000",,"2026-08-05 22:34:03.000","2026-08-05 22:39:53.000",,,,,,"670.00","2499.00","1829.00","0.00","0.00","0.00","0.00","Secunderabad","TS","500062","611"
"19498","15774","SJIT","'133783138311303799701","100265455719","11320190546","affda0f1-6e52-4d8d-9b11-9b653de6ea4b","5976123401","2026-08-05 23:33:32.000","33711065","IKR1258PLYKWHITE-4XL","108907922","IRASKRTA108907922","4XL","IKR1258PLYKWHITE","IKRASS","IKRASS Women Ethnic Motifs Printed Plus Size Gotta Patti Anarkali Kurta","Kurtas","WP","1000103669353",,"flipkartlogistics",,"15774",,,"2026-08-06 04:52:19.000",,"2026-08-06 04:56:43.000","2026-08-06 05:02:29.000",,,,,,"726.00","2399.00","1673.00","0.00","0.00","0.00","0.00","Bangalore","KA","560062","667"
"19498","22232","PPMP","'133779265568530365201","100264258717","11318993267","269b48ca-b1ba-4b32-a501-11864c4ea3f4","5975391825","2026-08-05 12:48:05.000","36967799","KL_5034YKOFFWHITE-XL","118285603","KALNTRSR118285603","34","KL_5034YKOFFWHITE","KALINI","KALINI Women Mid-Rise Relaxed Fit Trouser","Trousers","SH","1000103104358",,"flipkartlogistics","MYSP1447211056","22232",,,"2026-08-05 13:57:59.000","2026-08-05 17:43:01.000","2026-08-05 23:49:51.000","2026-08-05 23:56:05.000",,,,,,"557.00","3199.00","2642.00","0.00","0.00","0.00","0.00","Ernakulam","KL","682024","498"
"19498","22232","PPMP","'133781112680369615001","100264792624","11319527438","6299a3c7-274b-4af9-aadb-669f37ad3e19","5975719958","2026-08-05 17:55:55.000","35283044","IKR1515PLYKNBLACK-8XL","113177318","IRASKRTA113177318","8XL","IKR1515PLYKNBLACK","IKRASS","IKRASS Women Geometric Printed Ikat Festive Cotton A-Line Kurta","Kurtas","WP",,,"flipkartlogistics",,"22232",,,,,,,,,,,,"818.00","3649.00","2831.00","0.00","0.00","0.00","0.00","Chennai","TN","600130","724"
"19498","15774","SJIT","'133775140023449432403","100263671767","11318406062","31d3f356-3986-4678-9a2a-afc3198a31bb","5975045778","2026-08-05 01:20:28.000","28697798","231KL167PLYK251BLACK-XXL","92191066","KALNKRTA92191066","XXL","231KL167PLYK251BLACK","KALINI","KALINI Plus Size V-Neck Three-Quarter Sleeves Thread Work Cotton Anarkali Kurta","Kurtas","C","1000102285693","1935322158","flipkartlogistics","MYSC1328880084","15774",,,"2026-08-05 03:46:15.000",,"2026-08-05 03:56:52.000","2026-08-05 04:03:55.000","2026-08-05 20:02:31.000",,,,,"610.00","2199.00","1589.00","0.00","0.00","0.00","0.00","Barasat","WB","700125","551"
"19498","15774","SJIT","'133781925323117077803","100265034073","11319768893","049b4006-56de-4714-9c96-4b450f2a0519","5975871576","2026-08-05 20:11:21.000","36683245","235KL165PLYKC251MUSTRAD-3XL","117290174","KALNKRTA117290174","3XL","235KL165PLYKC251MUSTRAD","KALINI","Women Mustard Yellow Floral Printed Angrakha Anarkali Kurta with Tassel Tie-Up","Kurtas","SH","1000103456202","1935900904","flipkartlogistics","MYSC1329209870","15774",,,"2026-08-05 22:11:28.000",,"2026-08-05 22:27:45.000","2026-08-05 22:33:09.000",,,,,,"615.00","2199.00","1584.00","0.00","0.00","0.00","0.00","West Dinajpur","WB","733210","556"
"19498","36","SJIT","'133776519653287030201","100263757501","11318491796","f532e2a3-bc24-4d24-92c6-2e1b279a568b","5975091150","2026-08-05 05:10:25.000","28878018","234KL165YK251MUSTRAD-M","92764692","KALNKRTA92764692","M","234KL165YK251MUSTRAD","KALINI","KALINI Women Mustard Yellow Floral Printed Angrakha Anarkali Kurta with Tassel Tie-Up","Kurtas","C","1000102416507","1935380196","flipkartlogistics","MYSP1446959768","36",,,"2026-08-05 09:13:32.000",,"2026-08-05 09:23:23.000","2026-08-05 09:30:49.000","2026-08-05 17:20:09.000",,,,,"574.00","2199.00","1625.00","0.00","0.00","0.00","0.00","Bengaluru","KA","560037","515"
"19498","22232","PPMP","'133782950742211103503","100265386986","11320121812","d42f0211-59a1-4ec7-a71a-c549a1bdb78c","5976084581","2026-08-05 23:02:15.000","33707701","IKR1330YKBLUE-XL","108895829","IRASKRTA108895829","XL","IKR1330YKBLUE","IKRASS","IKRASS Floral Printed Anarkali Kurta","Kurtas","WP",,,"flipkartlogistics",,"22232",,,,,,,,,,,,"746.00","4399.00","3653.00","0.00","0.00","0.00","0.00","Chennai","TN","600049","687"
"19498","22232","PPMP","'133783240729233953103","100265490911","11320225738","32d0c014-0628-4134-89b6-aa55193bcb5d","5976142905","2026-08-05 23:50:35.000","33740957","IKR1529YKWINE-M","109009287","IRASKRTA109009287","M","IKR1529YKWINE","IKRASS","IKRASS Women Floral Printed Festive Cotton Anarkali Kurtas","Kurtas","WP",,,"flipkartlogistics",,"22232",,,,,,,,,,,,"823.00","4349.00","3526.00","52.00","0.00","0.00","0.00","New Delhi","DL","110078","729"
"19498","22232","PPMP","'133781290184448552603","100264844009","11319578827","f4e967cd-96fd-4148-935a-c74227aac957","5975751657","2026-08-05 18:25:30.000","33707701","IKR1330YKBLUE-M","108895827","IRASKRTA108895827","M","IKR1330YKBLUE","IKRASS","IKRASS Floral Printed Anarkali Kurta","Kurtas","WP",,,"flipkartlogistics",,"22232",,,,,,,,,,,,"746.00","4399.00","3653.00","0.00","0.00","0.00","0.00","Lucknow","UP","226025","687"
"19498","22232","PPMP","'133779126075216080103","100264216432","11318950982","e38a2e2c-9f3b-4ae4-8689-bc7fdab047e0","5975366422","2026-08-05 12:24:49.000","33712500","IKR192YK251GREEN-L","108912374","IRASKRTA108912374","L","IKR192YK251GREEN","IKRASS","IKRASS Women Quirky Yoke Design Patchwork Anarkali Kurta","Kurtas","SH","1000103092074",,"flipkartlogistics","MYSP1447206310","22232",,,"2026-08-05 13:48:42.000","2026-08-05 17:53:12.000","2026-08-06 02:06:52.000","2026-08-06 02:12:43.000",,,,,,"592.00","2499.00","1907.00","60.00","0.00","0.00","0.00","Pendurthi","AP","530027","533"
"19498","22232","PPMP","'133775010079755823601","100263647828","11318382122","b20d6bf6-8325-4fe6-8131-9e1e26b03d3c","5975033333","2026-08-05 00:58:50.000","33741533","IKR1556PLYKGREEN-XXL","109011067","IRASKRTI109011067","XXL","IKR1556PLYKGREEN","IKRASS","IKRASS Printed Tie-Up Neck Kurtis","Kurtis","F",,,"flipkartlogistics",,"22232","44","Ordered By Mistake",,,,,,"2026-08-05 08:02:22.000",,,,"442.00","2599.00","2157.00","0.00","0.00","0.00","0.00","Mumbai","MH","400095","407"
"19498","22232","PPMP","'133777670438465763303","100263848947","11318583242","637aba9a-7090-4f66-8d49-7aa28af2271a","5975148407","2026-08-05 08:22:13.000","33626336","901KL1257PLYKNBLUE-8XL","108601740","KALNKRTA108601740","8XL","901KL1257PLYKNBLUE","KALINI","KALINI Women Floral Printed Anarkali Kurta","Kurtas","SH","1000102795516",,"EK_E2E","MYEP1130428594","22232",,,"2026-08-05 11:13:44.000","2026-08-05 17:14:36.000","2026-08-06 01:13:04.000","2026-08-06 01:19:03.000",,,,,,"870.00","2899.00","2029.00","0.00","0.00","0.00","0.00","Karaikal","PY","609602","776"
"19498","22232","PPMP","'133776976785614023903","100263774418","11318508713","d5112e73-7ff9-4bfc-ab6c-c16bc2b37320","5975101097","2026-08-05 06:26:37.000","39128630","KL_4012DRSWHITE-L","124886116","KALNDRSS124886116","L","KL_4012DRSWHITE","KALINI","KALINI Print A-Line Midi Dress","Dresses","SH","1000102811356",,"flipkartlogistics","MYSP1447100164","22232",,,"2026-08-05 11:19:12.000","2026-08-05 17:53:16.000","2026-08-06 00:23:32.000","2026-08-06 00:29:36.000",,,,,,"441.00","2999.00","2558.00","0.00","0.00","0.00","0.00","Mumbai","MH","400097","406"
"19498","22232","PPMP","'133781572102151098601","100264925872","11319660690","0e32ca92-cc6c-4808-a645-0e2d1e0c06a3","5975803511","2026-08-05 19:12:29.000","35220608","908KL1197PLYKNGREEN-6XL","113009413","KALNKRTA113009413","6XL","908KL1197PLYKNGREEN","KALINI","KALINI Women Floral Printed Cotton Anarkali Kurta","Kurtas","WP",,,"Shadowfax",,"22232",,,,,,,,,,,,"860.00","3999.00","3139.00","0.00","0.00","0.00","0.00","West Godavari","AP","534462","766"
"19498","22232","PPMP","'133778444373423837403","100264016038","11318750512","7beea57b-453e-4209-b782-2c236d09aab4","5975248929","2026-08-05 10:31:12.000","33711094","IKR1287PLYKBROWN-3XL","108908050","IRASKRTA108908050","3XL","IKR1287PLYKBROWN","IKRASS","IKRASS Women Geometric Printed Mirror Work Anarkali Kurta","Kurtas","SH","1000103098183",,"flipkartlogistics","MYSC1329095494","22232",,,"2026-08-05 13:53:05.000","2026-08-05 17:53:09.000","2026-08-06 00:10:47.000","2026-08-06 00:16:27.000",,,,,,"800.00","2499.00","1699.00","0.00","0.00","0.00","0.00","Chennai","TN","600033","706"
"19498","22232","PPMP","'133777598100229538301","100263837009","11318571304","57816ea4-2b4a-400a-bfdb-72bc0b0420e0","5975141114","2026-08-05 08:10:09.000","33712480","IKR275PLYK146MULTI-3XL","108912295","IRASKRTA108912295","3XL","IKR275PLYK146MULTI","IKRASS","IKRASS Floral Printed Anarkali Kurta","Kurtas","SH","1000102679667",,"flipkartlogistics","MYSC1328982514","22232",,,"2026-08-05 10:34:21.000","2026-08-05 17:43:01.000","2026-08-05 23:39:04.000","2026-08-05 23:43:29.000",,,,,,"718.00","2399.00","1681.00","0.00","0.00","0.00","0.00","Vijayawada","AP","520013","659"
"19498","22232","PPMP","'133775058359352215901","100263657429","11318391723","79d23c6d-e021-4d73-980a-5f1338d68378","5975038358","2026-08-05 01:06:52.000","39201544","KL_1784YKDPINK-XL","125120226","KALNKASS125120226","XL","KL_1784YKDPINK","KALINI","KALINI Ethnic Motifs Printed Regular Thread Work Pure Cotton Kurta with Trousers & Dupatta","Kurta Sets","F",,,"EK_E2E",,"22232","43","Cash Issue",,,,,,"2026-08-05 01:08:57.000",,,,"1089.00","4999.00","3910.00","0.00","0.00","0.00","0.00","Dinhata","WB","736135","971"
"19498","81","SJIT","'133783076108146707603","100265433283","11320168109","43df352d-37aa-4831-bf8f-d54e54626f8f","5976110546","2026-08-05 23:23:09.000","28697792","230KL167YK251BLACK-L","92191046","KALNKRTA92191046","L","230KL167YK251BLACK","KALINI","KALINI Geometric Yoke Design Flared Sleeves Thread Work Anarkali Kurta","Kurtas","SH","1000103523382","1935996993","flipkartlogistics","MYSC1329234816","81",,,"2026-08-06 00:13:27.000",,"2026-08-06 00:27:21.000","2026-08-06 00:34:10.000",,,,,,"569.00","2199.00","1630.00","0.00","0.00","0.00","0.00","Pune","MH","411028","510"
"19498","22232","PPMP","'133779245079595442203","100264252448","11318986998","e61b82ff-7af0-4c65-8a68-973a38d36098","5975388034","2026-08-05 12:44:39.000","33741533","IKR1556PLYKGREEN-3XL","109011064","IRASKRTI109011064","3XL","IKR1556PLYKGREEN","IKRASS","IKRASS Printed Tie-Up Neck Kurtis","Kurtis","PK","1000103002671",,"flipkartlogistics","MYSP1447172951","22232",,,"2026-08-05 12:51:14.000","2026-08-05 17:53:12.000",,,,,,,,"442.00","2599.00","2157.00","0.00","0.00","0.00","0.00","Ghaziabad","UP","201003","407"
"19498","22232","PPMP","'133782735471463741903","100265304687","11320039512","e70c70e4-6688-49a3-b658-b2316198c419","5976036931","2026-08-05 22:26:23.000","43415254","KL_165PLYK251MUSTRAD-4XL","138561357","KALNKRTA138561357","4XL","165PLYK251MUSTRAD","KALINI","KALINI Women Anarkali Kurta","Kurtas","WP",,,"EK_E2E",,"22232",,,,,,,,,,,,"665.00","3749.00","3084.00","0.00","0.00","0.00","0.00","Malda","WB","732102","606"
"19498","22232","PPMP","'133779255303808467003","100264255560","11318990110","92dce843-4179-4be3-ba70-0c1e591a118f","5975389904","2026-08-05 12:46:22.000","31319635","IKR1001PLYKNBEIGE-6XL","100970462","IRASKRTA100970462","6XL","IKR1001PLYKNBEIGE","IKRASS","IKRASS Plus Size Floral Printed Mandarin Collar Anarkali Kurta","Kurtas","PK","1000103090650",,"flipkartlogistics","MYSP1447205713","22232",,,"2026-08-05 13:47:45.000","2026-08-05 17:53:12.000",,,,,,,,"818.00","3499.00","2681.00","82.00","0.00","0.00","0.00","Gurgaon","HR","122006","724"
"19498","22232","PPMP","'133781387376439259703","100264871792","11319606610","e6d381e7-93e8-4944-be0b-fe56be801507","5975768904","2026-08-05 18:41:42.000","30198058","577KL1336YKBLACK-XXL","97165868","KALNTOPS97165868","XXL","577KL1336YKBLACK","KALINI","KALINI Bell Sleeve Cotton Top","Tops","WP",,,"flipkartlogistics",,"22232",,,,,,,,,,,,"554.00","2699.00","2145.00","0.00","0.00","0.00","0.00","Bangalore","KA","560098","495"
"19498","22232","PPMP","'133778426440346553801","100264011299","11318745771","f646376a-0ef1-4b09-8082-5e104076c33b","5975246195","2026-08-05 10:28:13.000","40596346","SZ_6013SKDWHITE-3XL","129904244","SZTRKASS129904244","3XL","SZ_6013SKDWHITE","Sztori","Sztori Women Floral Printed Regular Pure Cotton Kurta with Trousers & With Dupatta","Kurta Sets","SH","1000103087166",,"flipkartlogistics","MYSP1447203358","22232",,,"2026-08-05 13:45:13.000","2026-08-05 17:53:15.000","2026-08-05 23:58:55.000","2026-08-06 00:05:14.000",,,,,,"1284.00","4999.00","3715.00","0.00","0.00","0.00","0.00","Thane","MH","400607","1036"
"19498","22232","PPMP","'133779632325912339201","100264365961","11319100511","87051767-2a1a-4d3d-a0ba-513cfb839db7","5975457117","2026-08-05 13:49:11.000","40454153","SZ_275YK146MULTI-3XL","129425336","SZTRKRTA129425336","3XL","SZ_275YK146MULTI","Sztori","Sztori Womens Cotton Printed Anarkali Kurta Black","Kurtas","SH","1000103255970",,"flipkartlogistics","MYSP1447273392","22232",,,"2026-08-05 16:11:38.000","2026-08-05 17:53:12.000","2026-08-06 00:25:42.000","2026-08-06 00:30:10.000",,,,,,"861.00","2399.00","1538.00","0.00","0.00","0.00","0.00","Mumbai","MH","400703","767"
"19498","22232","PPMP","'133783268232933401401","100265500350","11320235177","97c8e0b6-1318-413a-8704-50288f7cb463","5976147888","2026-08-05 23:55:11.000","40324168","IKR_AK-203BLUE-3XL","129011027","IRASTOPS129011027","3XL","IKR_AK-203BLUE","IKRASS","IKRASS Blue Abstract Print V-Neck Cotton Top","Tops","WP",,,"flipkartlogistics",,"22232",,,,,,,,,,,,"442.00","2599.00","2157.00","45.00","0.00","0.00","0.00","Gurugram","HR","122006","407"
"19498","22232","PPMP","'133782661981892962401","100265276832","11320011655","80cefec7-c97f-48d7-ac75-91d43b7bcb28","5976020421","2026-08-05 22:14:09.000","39282634","IKR_1899YKOFFWHITE-XL","125420592","IRASTOPS125420592","XL","IKR_1899YKOFFWHITE","IKRASS","IKRASS Off White Embellished Regular Cotton Top","Tops","WP",,,"flipkartlogistics",,"22232",,,,,,,,,,,,"447.00","2999.00","2552.00","0.00","0.00","0.00","0.00","Ahmedabad","GJ","380007","412"
"19498","22232","PPMP","'133777306506023829701","100263799969","11318534264","c0794c8a-d2f6-459c-96cb-5d7d7c922156","5975117341","2026-08-05 07:21:33.000","39201542","KL_1784PLYKDPINK-3XL","125120217","KALNKASS125120217","3XL","KL_1784PLYKDPINK","KALINI","KALINI Women Ethnic Motifs Printed Regular Thread Work Pure Cotton Kurta with Trousers & With Dupatta","Kurta Sets","SH","1000102803008",,"flipkartlogistics","MYSP1447097365","22232",,,"2026-08-05 11:16:21.000","2026-08-05 17:43:04.000","2026-08-05 23:52:53.000","2026-08-05 23:59:15.000",,,,,,"1120.00","4999.00","3879.00","50.00","0.00","0.00","0.00","Bengaluru","KA","560011","1002"
"19498","22232","PPMP","'133781797987869651703","100264994105","11319728924","97d0a7b8-7df2-46f6-b317-18e7b730fc5b","5975846557","2026-08-05 19:50:08.000","38450603","KL_7081YKPINK-3XL","122720846","KALNSRBL122720846","3XL","KL_7081YKPINK","KALINI","KALINI V-Neck Saree Blouse","Saree Blouse","WP",,,"flipkartlogistics",,"22232",,,,,,,,,,,,"396.00","1999.00","1603.00","0.00","0.00","0.00","0.00","Mohali","PB","160059","361"
"19498","22232","PPMP","'133775333410921159001","100263698791","11318433086","d54e1fb4-f605-4da8-a82b-c86493c954c6","5975060482","2026-08-05 01:52:42.000","33740927","IKR165YK251MUSTRAD-XL","109009165","IRASKRTA109009165","XL","IKR165YK251MUSTRAD","IKRASS","IKRASS Floral Yoke Design Angrakha V-Neck Patchwork A-Line Kurta","Kurtas","PK","1000102693132",,"EK_E2E","MYEC1113829256","22232",,,"2026-08-05 10:38:07.000","2026-08-05 17:14:29.000",,,,,,,,"592.00","2199.00","1607.00","0.00","0.00","0.00","0.00","Hyderabad","TG","500034","533"
"19498","22232","PPMP","'133782696064448986803","100265289560","11320024385","d5261558-b985-496f-b352-253f770c1c8e","5976028044","2026-08-05 22:19:49.000","36967808","KL_5039PLYKTEAL-XXL","118285638","KALNTRSR118285638","36","KL_5039PLYKTEAL","KALINI","KALINI Women Cotton Casual Regular Trousers","Trousers","WP",,,"flipkartlogistics",,"22232",,,,,,,,,,,,"561.00","2599.00","2038.00","0.00","0.00","0.00","0.00","Chandigarh","CH","160047","502"
"19498","81","SJIT","'133774957421395324501","100263636387","11318370681","e038dda3-b8a5-4bb3-8a3c-59416ccb3ea5","5975027293","2026-08-05 00:50:03.000","28697756","219KL241PLYK287BLACKRAY-4XL","92190854","KALNKRTA92190854","4XL","219KL241PLYK287BLACKRAY","KALINI","KALINI Plus Size Colourblocked V-Neck Three-Quarter Sleeves Thread Work Anarkali Kurta","Kurtas","SH","1000102217930","1935276038","flipkartlogistics","MYSC1328854159","81",,,"2026-08-05 01:45:56.000",,"2026-08-05 02:09:51.000","2026-08-05 02:14:58.000",,,,,,"918.00","5499.00","4581.00","0.00","0.00","0.00","0.00","Bhopal","MP","462023","824"
"19498","22232","PPMP","'133781805047989833301","100264996401","11319731220","a443bd8a-4fff-4d5a-823d-c465994bbe89","5975847947","2026-08-05 19:51:19.000","33741537","IKR1557PLYKRED-4XL","109011082","IRASKRTI109011082","4XL","IKR1557PLYKRED","IKRASS","IKRASS Women Plus Size Floral Printed Tie-Up Neck Kurti","Kurtis","WP",,,"flipkartlogistics",,"22232",,,,,,,,,,,,"442.00","2599.00","2157.00","0.00","0.00","0.00","0.00","Ghaziabad","UP","201002","407"
"19498","22232","PPMP","'133778481608898269401","100264026553","11318761031","67d9d4fd-ec22-4f17-a959-2faaccb9e107","5975254844","2026-08-05 10:37:25.000","41170895","KL_AK-103BLUE-L","131707904","KALNKRTA131707904","L","KL_AK-103BLUE","KALINI","KALINI Women Geometric Printed Bell Sleeves Mirror Work Kurta","Kurtas","SH","1000103112496",,"EK_E2E","MYEP1130476414","22232",,,"2026-08-05 14:04:33.000","2026-08-05 17:14:34.000","2026-08-05 23:54:49.000","2026-08-06 00:00:23.000",,,,,,"592.00","3799.00","3207.00","0.00","0.00","0.00","0.00","Hoshiarpur","PB","144216","533"
"19498","28","SJIT","'133778138159474587903","100263938967","11318673331","5f93d5f3-ebcb-4d87-ab42-83d431db2c0d","5975203697","2026-08-05 09:40:10.000","36683245","235KL165PLYKC251MUSTRAD-XXL","117290172","KALNKRTA117290172","XXL","235KL165PLYKC251MUSTRAD","KALINI","Women Mustard Yellow Floral Printed Angrakha Anarkali Kurta with Tassel Tie-Up","Kurtas","F","1000102712886","1935527653","flipkartlogistics","MYSC1328990896","28","28","Incorrect size ordered","2026-08-05 10:44:15.000",,"2026-08-05 10:50:08.000","2026-08-05 10:57:10.000",,"2026-08-05 20:36:20.000",,,,"615.00","2199.00","1584.00","0.00","0.00","0.00","0.00","Yamunanagar","HR","135001","556"
"19498","22232","PPMP","'133782435336783302201","100265196178","11319931001","e6f2a3f5-5631-408f-ba23-c193db621e20","5975972103","2026-08-05 21:36:21.000","40114198","HN_1332YKKHAKI-XL","128268543","HENWKRTA128268543","XL","HN_1332YKKHAKI","HERE&NOW","HERE&NOW Women Floral Printed Anarkali Kurta","Kurtas","WP",,,"EK_E2E",,"22232",,,,,,,,,,,,"931.00","4399.00","3468.00","0.00","0.00","0.00","0.00","Khopoli","MH","410203","837"
"19498","22232","PPMP","'133777825975766252903","100263876627","11318610922","62437416-9463-4e38-8230-548c222d60a1","5975165319","2026-08-05 08:48:08.000","31585785","IKRAK-141PINK-4XL","101758848","IRASKRTI101758848","4XL","IKRAK-141PINK","IKRASS","IKRASS Women Plus Size Floral Printed Round Neck Kurti","Kurtis","SH","1000102426321",,"flipkartlogistics","MYSC1328917283","22232",,,"2026-08-05 09:16:32.000","2026-08-05 17:43:03.000","2026-08-06 03:54:46.000","2026-08-06 04:00:52.000",,,,,,"442.00","2999.00","2557.00","0.00","0.00","0.00","0.00","Jaipur","RJ","302020","407"
"19498","22232","PPMP","'133781716067045793703","100264968904","11319703723","0d3a90f1-1b33-4a61-b30a-bc8380ad97b5","5975830833","2026-08-05 19:36:30.000","28878054","245KL1569PLYKBLUE-4XL","92764834","KALNKRTA92764834","4XL","245KL1569PLYKBLUE","KALINI","KALINI Plus Size Abstract Printed Thread Work Anarkali Kurta","Kurtas","WP",,,"flipkartlogistics",,"22232",,,,,,,,,,,,"823.00","4999.00","4176.00","0.00","0.00","0.00","0.00","Jaipur","RJ","302012","729"
"19498","22232","PPMP","'133780536529171103603","100264628377","11319363095","15539053-84cf-4843-9e69-761ddf91e38b","5975619500","2026-08-05 16:19:54.000","30227879","670KL1351YKBLUE-XL","97263801","KALNNTST97263801","XL","670KL1351YKBLUE","KALINI","KALINI Women Striped Top and Pyjamas Night suit","Night suits","WP",,,"flipkartlogistics",,"22232",,,,,,,,,,,,"718.00","2999.00","2281.00","0.00","0.00","0.00","0.00","Delhi","DL","110045","624"
"19498","22232","PPMP","'133782178301060780603","100265113194","11319848016","7d7d9f86-7373-487a-b7e1-a4b65a5a7e51","5975920649","2026-08-05 20:53:31.000","33740914","IKR1592PLYKBLUE-4XL","109009111","IRASKRTA109009111","4XL","IKR1592PLYKBLUE","IKRASS","IKRASS Women abstract Anarkali caft leanth thread work","Kurtas","WP",,,"EK_E2E",,"22232",,,,,,,,,,,,"742.00","4599.00","3857.00","0.00","0.00","0.00","0.00","Thalassery","KL","670105","683"
"19498","22232","PPMP","'133778747810952976303","100264102237","11318836755","3b852397-7aaf-4a45-ab50-e8165cfad8f6","5975298957","2026-08-05 11:21:47.000","40502357","HN_165YK251MUSTRAD-L","129598844","HENWKRTA129598844","L","HN_165YK251MUSTRAD","HERE&NOW","HERE&NOW Women Patchwork Anarkali Kurta","Kurtas","SH","1000103086047",,"flipkartlogistics","MYSP1447203904","22232",,,"2026-08-05 13:44:26.000","2026-08-05 17:53:09.000","2026-08-06 01:55:02.000","2026-08-06 02:01:00.000",,,,,,"671.00","3749.00","3078.00","0.00","0.00","0.00","0.00","Bengaluru","KA","560010","612"
"19498","22232","PPMP","'133781104764963096501","100264790219","11319525033","d91a6305-25a5-475f-b67f-e489e635bb8c","5975718530","2026-08-05 17:54:36.000","33239238","818KL1202PLYKNBLUE-8XL","107258269","KALNNTST107258269","8XL","818KL1202PLYKNBLUE","KALINI","KALINI Women Printed Night suit","Night suits","WP",,,"flipkartlogistics",,"22232",,,,,,,,,,,,"729.00","2899.00","2170.00","0.00","0.00","0.00","0.00","DEOGHAR","JH","814112","635"
"19498","81","SJIT","'133775936971003830803","100263740433","11318474728","579ffe12-62a6-4bf5-bb5c-4e56f2beec18","5975082232","2026-08-05 03:33:19.000","31647630","743KL1592PLYKNBLUE-7XL","101974750","KALNKRTA101974750","7XL","743KL1592PLYKNBLUE","KALINI","KALINI Women Geometric Printed Anarkali Kurta","Kurtas","SH","1000102610526","1935495483","flipkartlogistics","MYSP1447030028","81",,,"2026-08-05 10:14:42.000",,"2026-08-05 10:30:04.000","2026-08-05 10:36:38.000",,,,,,"860.00","4899.00","4039.00","0.00","0.00","0.00","0.00","Hyderabad","TG","502032","766"
"19498","22232","PPMP","'133776770822428062901","100263765486","11318499781","d580db1c-cc57-45e1-91cc-6b5d0acfc53b","5975095501","2026-08-05 05:52:16.000","30256954","687KL5012YKPINK-XL","97349269","KALNTRSR97349269","34","687KL5012YKPINK","KALINI","KALINI Women Straight Fit Mid-Rise Flat-Front Trousers","Trousers","PK","1000102812920",,"EK_E2E","MYEC1113848875","22232",,,"2026-08-05 11:19:47.000","2026-08-05 17:14:36.000",,,,,,,,"483.00","2299.00","1816.00","0.00","0.00","0.00","0.00","Udalguri","AS","784509","448"
"19498","22232","PPMP","'133781855591517722201","100265012027","11319746847","b8aee0e8-8657-437a-b2ad-99dbc9c13bb0","5975857789","2026-08-05 19:59:44.000","40324170","IKR_1935YKMULTI-M","129011039","IRASTOPS129011039","M","IKR_1935YKMULTI","IKRASS","Multicoloured Ethnic Motifs Cotton Top","Tops","WP",,,"flipkartlogistics",,"22232",,,,,,,,,,,,"415.00","1999.00","1584.00","0.00","0.00","0.00","0.00","Jaipur","RJ","302015","380"
"19498","22232","PPMP","'133781437704043818103","100264886348","11319621166","8770b6cd-f3eb-4744-a056-98662a1fee31","5975778047","2026-08-05 18:50:05.000","41171763","IKR_165PLYKC251MUSTRAD-3XL","131710339","IRASKRTA131710339","3XL","IKR_165PLYKC251MUSTRAD","IKRASS","IKRASS Women Patchwork Anarkali Kurta","Kurtas","WP",,,"flipkartlogistics",,"22232",,,,,,,,,,,,"644.00","3749.00","3105.00","0.00","0.00","0.00","0.00","Allahabad","UP","211004","585"
"19498","22232","PPMP","'133781483161003778903","100264899826","11319634644","a5e88c54-6f5d-4a39-b33a-a3d9294b62b3","5975786664","2026-08-05 18:57:40.000","36967443","KL_1509YKPINK-XL","118284415","KALNDRSS118284415","XL","KL_1509YKPINK","KALINI","KALINI Women Plus Size Geometric Printed Kimono Sleeve Maternity Kaftan Midi Dress","Dresses","WP",,,"flipkartlogistics",,"22232",,,,,,,,,,,,"879.00","4599.00","3720.00","0.00","0.00","0.00","0.00","Guwahati","AS","781037","785"
"19498","22232","PPMP","'133778604284139533401","100264061569","11318796069","cc496303-1cb0-4aeb-a703-8a4fd3869d88","5975274933","2026-08-05 10:57:51.000","33711053","IKR1308YKBLUE-L","108907868","IRASKRTA108907868","L","IKR1308YKBLUE","IKRASS","IKRASS Floral Yoke Design Anarkali Kurta","Kurtas","SH","1000103095193",,"flipkartlogistics","MYSP1447206806","22232",,,"2026-08-05 13:51:04.000","2026-08-05 17:53:12.000","2026-08-06 00:10:45.000","2026-08-06 00:18:04.000",,,,,,"601.00","3299.00","2698.00","0.00","0.00","0.00","0.00","Dharamasala","HP","176215","542"
"19498","15774","SJIT","'133781507641270942903","100264906811","11319641629","24de0caa-6c11-4938-94a8-0a506540c457","5975791304","2026-08-05 19:01:44.000","28878018","234KL165YK251MUSTRAD-L","92764694","KALNKRTA92764694","L","234KL165YK251MUSTRAD","KALINI","KALINI Women Mustard Yellow Floral Printed Angrakha Anarkali Kurta with Tassel Tie-Up","Kurtas","SH","1000103407222","1935875786","flipkartlogistics","MYSP1447330919","15774",,,"2026-08-05 20:52:48.000",,"2026-08-05 20:59:54.000","2026-08-05 21:06:09.000",,,,,,"574.00","2199.00","1625.00","201.00","0.00","0.00","0.00","Kolkatta","WB","700150","515"
"19498","22232","PPMP","'133781788975386122303","100264991346","11319726165","e1e964b3-fd04-41d5-bc83-f731b28b8eed","5975844823","2026-08-05 19:48:38.000","30256963","683KL5010YKWHITE-XL","97349311","KALNTRSR97349311","34","683KL5010YKWHITE","KALINI","KALINI Women Regular Fit Pleated Trousers","Trousers","WP",,,"flipkartlogistics",,"22232",,,,,,,,,,,,"483.00","2399.00","1916.00","0.00","0.00","0.00","0.00","Gurgaon","HR","122015","448"
"19498","22232","PPMP","'133778559623800027601","100264048533","11318783022","49528070-265e-4e43-a4d0-f76bc5b09813","5975267407","2026-08-05 10:50:24.000","38712461","KL_1941PLYKMUSTARD-XXL","123557221","KALNKASS123557221","XXL","1941PLYKMUSTARD","KALINI","KALINI Women Ethnic Motifs Regular Kurta with Palazzos","Kurta Sets","SH","1000103111019",,"flipkartlogistics","MYSC1329100177","22232",,,"2026-08-05 14:03:35.000","2026-08-05 17:42:59.000","2026-08-06 03:46:49.000","2026-08-06 03:51:28.000",,,,,,"932.00","4999.00","4067.00","0.00","0.00","0.00","0.00","Jaipur","RJ","302021","814"
"19498","22232","PPMP","'133781757266623672301","100264981609","11319716428","4d45318a-c798-438e-a1be-80fc0af4c5bb","5975838705","2026-08-05 19:43:21.000","31585794","IKR1694YKMAROON-S","101758866","IRASKRTI101758866","S","IKR1694YKMAROON","IKRASS","IKRASS Women Printed Pure Cotton Tunic ","Tunics","WP",,,"flipkartlogistics",,"22232",,,,,,,,,,,,"370.00","2599.00","2229.00","0.00","0.00","0.00","0.00","Bangalore","KA","560048","335"
"19498","22232","PPMP","'133777732263581442001","100263859596","11318593891","6edb0834-344c-4cf4-bbef-e717204d05df","5975154876","2026-08-05 08:32:32.000","33740880","IKR1414PLYKGREY-3XL","109008966","IRASKRTA109008966","3XL","IKR1414PLYKGREY","IKRASS","IKRASS Women Plus Size Geometric Printed Festive Cotton Anarkali Kurtas","Kurtas","SH","1000102670441",,"delhivery","5965718052092","22232",,,"2026-08-05 10:31:45.000","2026-08-05 17:53:09.000","2026-08-06 00:50:51.000","2026-08-06 03:38:22.000",,,,,,"878.00","3999.00","3121.00","0.00","0.00","0.00","0.00","Hyderabad","TG","500043","784"
"19498","22232","PPMP","'133778905886039563001","100264149872","11318884409","c6cef337-8ab5-4e51-a900-d805921b7a89","5975326894","2026-08-05 11:48:08.000","35283163","IKR1557PLYKNRED-6XL","113177518","IRASKRTI113177518","6XL","IKR1557PLYKNRED","IKRASS","IKRASS Women Floral Printed Kurti","Kurtis","PK","1000103002163",,"flipkartlogistics","MYSP1447172000","22232",,,"2026-08-05 12:50:55.000","2026-08-05 17:53:15.000",,,,,,,,"558.00","2599.00","2041.00","0.00","0.00","0.00","0.00","New Delhi","DL","110026","499"
"19498","22232","PPMP","'133780160529443428203","100264518806","11319253356","60963552-ca21-43e3-a164-beedb49c0b52","5975552409","2026-08-05 15:17:14.000","36964870","KL_1637PLYKMAROON-3XL","118276331","KALNKASS118276331","3XL","KL_1637PLYKMAROON","KALINI","KALINI Women Floral Printed Regular Kurta with Trousers & With Dupatta","Kurta Sets","SH","1000103259289",,"flipkartlogistics","MYSP1447275296","22232",,,"2026-08-05 16:15:47.000","2026-08-05 17:53:12.000","2026-08-06 00:28:01.000","2026-08-06 00:32:45.000",,,,,,"1081.00","5699.00","4618.00","0.00","0.00","0.00","0.00","Mumbai","MH","400026","963"
"19498","22232","PPMP","'133777092988031772301","100263781553","11318515848","e1420a33-47d7-4868-860f-dba836c1f7ca","5975105630","2026-08-05 06:45:58.000","33565838","826KL1059PLYKMUSTARD-5XL","108403762","KALNKRTA108403762","5XL","826KL1059PLYKMUSTARD","KALINI","KALINI Ethnic Motifs Yoke Design Sequinned Cotton Anarkali Kurta","Kurtas","SH","1000102808984",,"flipkartlogistics","MYSC1329015861","22232",,,"2026-08-05 11:18:23.000","2026-08-05 17:43:06.000","2026-08-05 23:55:38.000","2026-08-06 00:00:47.000",,,,,,"845.00","4599.00","3754.00","0.00","0.00","0.00","0.00","Perumpilavu","KL","680519","751"
"19498","22232","PPMP","'133777059007073634203","100263779258","11318513553","9a86af0f-93b7-44f8-9f13-c472699aa599","5975104192","2026-08-05 06:40:19.000","33711050","IKR1293YKMAROON-M","108907855","IRASKRTA108907855","M","IKR1293YKMAROON","IKRASS","IKRASS Women Floral Printed Gotta Patti Anarkali Kurta","Kurtas","SH","1000102684462",,"flipkartlogistics","MYSP1447057322","22232",,,"2026-08-05 10:35:46.000","2026-08-05 17:43:04.000","2026-08-06 00:06:36.000","2026-08-06 00:11:49.000",,,,,,"809.00","2399.00","1590.00","81.00","0.00","0.00","0.00","Bangalore","KA","560087","715"
"19498","22232","PPMP","'133778599865823990103","100264060379","11318794879","642fd8b7-3caa-4f99-a5c4-8e13df09787c","5975274171","2026-08-05 10:57:07.000","33711050","IKR1293YKMAROON-M","108907855","IRASKRTA108907855","M","IKR1293YKMAROON","IKRASS","IKRASS Women Floral Printed Gotta Patti Anarkali Kurta","Kurtas","PK","1000103096353",,"EK_E2E","MYEC1113888633","22232",,,"2026-08-05 13:51:53.000","2026-08-05 17:14:36.000",,,,,,,,"809.00","2399.00","1590.00","0.00","0.00","0.00","0.00","Muzaffarpur","BR","842005","715"
"19498","22232","PPMP","'133779191121243363603","100264236569","11318971119","3823d6a3-d65c-4e05-b21d-3f6e8ea8777b","5975378375","2026-08-05 12:35:39.000","33741533","IKR1556PLYKGREEN-3XL","109011064","IRASKRTI109011064","3XL","IKR1556PLYKGREEN","IKRASS","IKRASS Printed Tie-Up Neck Kurtis","Kurtis","F","1000103002071",,"EK_E2E","MYEC1113876098","22232","28","Incorrect size ordered","2026-08-05 12:50:52.000",,,,,"2026-08-05 13:04:25.000",,,,"442.00","2599.00","2157.00","0.00","0.00","0.00","0.00","Satna","MP","485115","407"
"19498","22232","PPMP","'133782851243982601801","100265349217","11320084042","64809123-3351-4026-955f-cf6e0577857b","5976062967","2026-08-05 22:45:40.000","36903609","KL_1048PLYKBLUE-4XL","118052571","KALNTOPS118052571","4XL","KL_1048PLYKBLUE","KALINI","KALINI Women Cotton Printed Wrap Tops","Tops","WP",,,"flipkartlogistics",,"22232",,,,,,,,,,,,"557.00","2999.00","2442.00","0.00","0.00","0.00","0.00","Kolkata","WB","700092","498"
"19498","22232","PPMP","'133778253297148580301","100263966508","11318700938","99438523-e048-470f-aa9b-0241b7ed37a0","5975220079","2026-08-05 09:59:21.000","33711078","IKR1258YKWHITE-XL","108907979","IRASKRTA108907979","XL","IKR1258YKWHITE","IKRASS","IKRASS Women Ikat Printed Anarkali Kurta","Kurtas","SH","1000103101583",,"flipkartlogistics","MYSC1329096471","22232",,,"2026-08-05 13:55:37.000","2026-08-05 17:53:16.000","2026-08-06 00:41:08.000","2026-08-06 00:46:57.000",,,,,,"692.00","2399.00","1707.00","0.00","0.00","0.00","0.00","Pune","MH","411009","633"
"19498","22232","PPMP","'133781838037907795801","100265006406","11319741226","a20133bb-f3ea-4ba0-82c6-05f2db9a58c5","5975854327","2026-08-05 19:56:48.000","39600832","KL_7102YKMAROON-L/XL","126426468","KALNSRBL126426468","L/XL","KL_7102YKMAROON","KALINI","KALINI Solid Saree Blouse","Saree Blouse","WP",,,"flipkartlogistics",,"22232",,,,,,,,,,,,"408.00","2599.00","2191.00","0.00","0.00","0.00","0.00","Bangalore","KA","560061","373"
"19498","22232","PPMP","'133782630945249903203","100265265441","11320000264","608b390b-b15b-401a-816d-e62067e8905b","5976013684","2026-08-05 22:08:57.000","38450603","KL_7081YKPINK-L-XL","122720844","KALNSRBL122720844","L/XL","KL_7081YKPINK","KALINI","KALINI V-Neck Saree Blouse","Saree Blouse","WP",,,"flipkartlogistics",,"22232",,,,,,,,,,,,"396.00","1999.00","1603.00","15.00","0.00","0.00","0.00","Kolkata","WB","700121","361"
"19498","22232","PPMP","'133778325806745611003","100263984430","11318718886","608e88f4-a35a-4259-bced-c27b1346a23d","5975230604","2026-08-05 10:11:26.000","33707688","IKR1330PLYKBLUE-XXL","108895770","IRASKRTA108895770","XXL","IKR1330PLYKBLUE","IKRASS","IKRASS Women Cotton Ethnic Motifs Printed Sequins Anarkali Kurta ","Kurtas","PK","1000103100528",,"flipkartlogistics","MYSC1329096090","22232",,,"2026-08-05 13:54:44.000","2026-08-05 17:42:54.000",,,,,,,,"814.00","4399.00","3585.00","0.00","0.00","0.00","0.00","New Delhi","DL","110034","720"
"19498","22232","PPMP","'133780033770336983403","100264481913","11319216463","c63dec26-e872-44c3-a4bb-f932cfa11652","5975529399","2026-08-05 14:56:06.000","39201544","KL_1784YKDPINK-XL","125120226","KALNKASS125120226","XL","KL_1784YKDPINK","KALINI","KALINI Ethnic Motifs Printed Regular Thread Work Pure Cotton Kurta with Trousers & Dupatta","Kurta Sets","SH","1000103260185",,"EK_E2E","MYEP1130489774","22232",,,"2026-08-05 16:16:59.000","2026-08-05 17:14:29.000","2026-08-05 23:55:37.000","2026-08-06 00:02:14.000",,,,,,"1089.00","4999.00","3910.00","0.00","0.00","0.00","0.00","Mohali","PB","160103","971"
"19498","22232","PPMP","'133778241026779808603","100263963738","11318698165","e8abe8ba-a4f2-491e-817c-41ebb03e01db","5975218312","2026-08-05 09:57:19.000","40454102","SZ_1662YKBLACK-3XL","129425141","SZTRKRTA129425141","3XL","SZ_1662YKBLACK","Sztori","Sztori Women Printed Anarkali Kurta","Kurtas","PK","1000103088136",,"flipkartlogistics","MYSP1447204928","22232",,,"2026-08-05 13:45:51.000","2026-08-05 17:53:15.000",,,,,,,,"851.00","4899.00","4048.00","0.00","0.00","0.00","0.00","Gurgaon","HR","122002","757"
"19498","22232","PPMP","'133782440133652264903","100265197873","11319932696","7af84be8-2d87-49b5-91d9-be0a109c97a6","5975973107","2026-08-05 21:37:10.000","33712503","IKR190YK214MEHROON-XL","108912383","IRASKRTA108912383","XL","IKR190YK214MEHROON","IKRASS","IKRASS Women Kalamkari Printed Anarkali Kurta","Kurtas","WP",,,"EK_E2E",,"22232",,,,,,,,,,,,"656.00","2499.00","1843.00","165.00","0.00","0.00","0.00","Narasaraopet","AP","522601","597"
"19498","22232","PPMP","'133778756663299398001","100264104745","11318839265","ac3d72cb-1865-467b-a1c2-b47ca8f26be8","5975300468","2026-08-05 11:23:15.000","40453993","SZ_1242YKBLUE-3XL","129424722","SZTRKRTA129424722","3XL","SZ_1242YKBLUE","Sztori","Sztori Women's Cotton Floral Printed Anarkali Kurta","Kurtas","SH","1000103085393",,"flipkartlogistics","MYSP1447202560","22232",,,"2026-08-05 13:44:00.000","2026-08-05 17:43:01.000","2026-08-06 03:44:06.000","2026-08-06 03:49:41.000",,,,,,"654.00","2999.00","2345.00","0.00","0.00","0.00","0.00","Gorakhpur","UP","273001","595"
"19498","22232","PPMP","'133782649499852617503","100265272239","11320007062","52898132-ba18-4fe3-8fbe-9f87e6f5705b","5976017708","2026-08-05 22:12:03.000","33774335","IKR237YK345PINK-S","109122606","IRASTOPS109122606","S","IKR237YK345PINK","IKRASS","IKRASS Pink Ethnic Motif Bell Sleeve Top","Tops","WP",,,"EK_E2E",,"22232",,,,,,,,,,,,"456.00","2699.00","2243.00","0.00","0.00","0.00","0.00","Jagdalpur","CT","494449","421"
"19498","22232","PPMP","'133781942421339116701","100265039595","11319774415","e7636f16-f0d2-4f2f-946b-b4d690d7e09d","5975874962","2026-08-05 20:14:12.000","33774381","IKR289YK345YELLOW-XS","113233070","IRASTOPS113233070","XS","IKR289YK345YELLOW","IKRASS","IKRASS Embroidered Bell Sleeve Cotton Top","Tops","WP",,,"EK_E2E",,"22232",,,,,,,,,,,,"442.00","2699.00","2257.00","0.00","0.00","0.00","0.00","Raipur","CT","486114","407"
"19498","81","SJIT","'133779893314110009701","100264439935","11319174485","5fbf16ee-5002-4854-a3c2-4c24ed434ca2","5975503280","2026-08-05 14:32:41.000","28697756","219KL241PLYK287BLACKRAY-XXL","92190850","KALNKRTA92190850","XXL","219KL241PLYK287BLACKRAY","KALINI","KALINI Plus Size Colourblocked V-Neck Three-Quarter Sleeves Thread Work Anarkali Kurta","Kurtas","SH","1000103217787","1935770663","flipkartlogistics","MYSC1329133257","81",,,"2026-08-05 15:30:08.000",,"2026-08-05 15:35:37.000","2026-08-05 15:41:28.000",,,,,,"918.00","5499.00","4581.00","0.00","0.00","0.00","0.00","Ghaziabad","UP","201014","824"
"19498","15774","SJIT","'133774693391347147803","100263560691","11318294984","8ebc7ec3-146b-4be2-a6f0-76a72af5bbee","5974984970","2026-08-05 00:06:03.000","38450605","KL_7097YKBLUE-5XL","122720858","KALNSRBL122720858","5XL","KL_7097YKBLUE","KALINI","KALINI V-Neck Saree Blouse","Saree Blouse","C","1000102245703","1935301235","flipkartlogistics","MYSC1328865377","15774",,,"2026-08-05 02:31:13.000",,"2026-08-05 02:54:15.000","2026-08-05 02:59:34.000","2026-08-05 14:50:24.000",,,,,"402.00","1999.00","1597.00","41.00","0.00","0.00","0.00","Kolkata","WB","700016","367"
"19498","22232","PPMP","'133778733193745713001","100264098274","11318832790","25e07db1-0290-40a1-ac90-1f14552dbd4d","5975296537","2026-08-05 11:19:20.000","30198072","549KL1069YKBLUE-L","97165929","KALNTOPS97165929","L","549KL1069YKBLUE","KALINI","KALINI Women's Floral Cotton High-Low Top","Tops","SH","1000103001496",,"flipkartlogistics","MYSC1329068783","22232",,,"2026-08-05 12:50:31.000","2026-08-05 17:43:03.000","2026-08-06 04:25:02.000","2026-08-06 04:29:41.000",,,,,,"401.00","1999.00","1598.00","0.00","0.00","0.00","0.00","Kolkata","WB","700032","366"
"19498","15774","SJIT","'133782007895107726901","100265060042","11319794862","d60e9015-b59b-4f29-a01e-bea3b6676c51","5975887575","2026-08-05 20:25:08.000","33711050","IKR1293YKMAROON-L","108907854","IRASKRTA108907854","L","IKR1293YKMAROON","IKRASS","IKRASS Women Floral Printed Gotta Patti Anarkali Kurta","Kurtas","F",,,"flipkartlogistics",,"15774","41","Incorrect size ordered",,,,,,"2026-08-05 21:06:11.000",,,,"809.00","2399.00","1590.00","0.00","0.00","0.00","0.00","Anakapalle","AP","531001","715"
"19498","22232","PPMP","'133777189174854856103","100263788853","11318523148","d8e37fdc-c556-4668-91d9-8b03df56b614","5975110326","2026-08-05 07:02:01.000","36967464","KL_1520PLYKNSKYBLUE-6XL","118284494","KALNDRSS118284494","6XL","KL_1520PLYKNSKYBLUE","KALINI","KALINI Maternity Floral Print Fit & Flare Ethnic Dress ","Ethnic Dresses","SH","1000102419686",,"flipkartlogistics","MYSP1446961608","22232",,,"2026-08-05 09:14:40.000","2026-08-05 17:42:59.000","2026-08-05 23:36:34.000","2026-08-05 23:42:08.000",,,,,,"915.00","4449.00","3534.00","0.00","0.00","0.00","0.00","Bengaluru","KA","560070","821"
"19498","81","SJIT","'133782118725135359803","100265094120","11319828942","011af544-4953-4eb9-966d-c9761f7e2289","5975908864","2026-08-05 20:43:36.000","28697756","219KL241PLYK287BLACKRAY-XXL","92190850","KALNKRTA92190850","XXL","219KL241PLYK287BLACKRAY","KALINI","KALINI Plus Size Colourblocked V-Neck Three-Quarter Sleeves Thread Work Anarkali Kurta","Kurtas","PK","1000103499936","1935984136","delhivery","5965718629463","81",,,"2026-08-05 23:27:20.000",,"2026-08-05 23:38:20.000",,,,,,,"918.00","5499.00","4581.00","0.00","0.00","0.00","0.00","Pathanamthitta","KL","689592","824"
"19498","22232","PPMP","'133780906881894751101","100264733936","11319468715","656cd3b1-eb85-4cc6-895d-f2ef9f409019","5975684111","2026-08-05 17:21:37.000","43736871","KL_1758PLYKPINK-3XL","139469271","KALNKASS139469271","3XL","KL_1758PLYKPINK","KALINI","KALINI Women Printed Regular Kurta with Trousers & With Dupatta","Kurta Sets","WP",,,"flipkartlogistics",,"22232",,,,,,,,,,,,"1451.00","4999.00","3548.00","0.00","0.00","0.00","0.00","Gurgaon","HR","122505","1203"
"19498","36","SJIT","'133782289660433773601","100265148488","11319883311","62d5d191-d60c-4d96-9630-ab0773074dda","5975942700","2026-08-05 21:12:05.000","33567024","863KL1556PLYKNGREEN-6XL","108407844","KALNKRTI108407844","6XL","863KL1556PLYKNGREEN","KALINI","KALINI Floral Printed Tie-Up Neck A-Line Kurti","Kurtis","SH","1000103575696","1936041963","flipkartlogistics","MYSP1447410842","36",,,"2026-08-06 01:45:57.000",,"2026-08-06 01:50:35.000","2026-08-06 01:56:41.000",,,,,,"602.00","2599.00","1997.00","0.00","0.00","0.00","0.00","Bangalore","KA","560076","543"
"19498","22232","PPMP","'133779677204537083901","100264378958","11319113508","3b3e252d-8991-4a33-a641-a6ba06270305","5975465268","2026-08-05 13:56:40.000","29872841","471KL1341PLYKGREEN-5XL","96091570","KALNKRTI96091570","5XL","471KL1341PLYKGREEN","KALINI","KALINI Keyhole Neck Ethnic Printed A-line Plus Size Short Kurti","Kurtis","SH","1000103212500",,"flipkartlogistics","MYSC1329131700","22232",,,"2026-08-05 15:25:08.000","2026-08-05 17:53:12.000","2026-08-06 00:33:44.000","2026-08-06 00:41:05.000",,,,,,"572.00","2799.00","2227.00","0.00","0.00","0.00","0.00","Nagpur","MH","440014","513"
"19498","22232","PPMP","'133776541761572089401","100263758103","11318492398","bbf897c1-01fb-4c54-ad16-72eac29c3750","5975091450","2026-08-05 05:14:06.000","36967799","KL_5034YKOFFWHITE-XS","118285604","KALNTRSR118285604","26","KL_5034YKOFFWHITE","KALINI","KALINI Women Mid-Rise Relaxed Fit Trouser","Trousers","PK","1000102815393",,"EK_E2E","MYEP1130431936","22232",,,"2026-08-05 11:20:39.000","2026-08-05 17:14:29.000",,,,,,,,"557.00","3199.00","2642.00","0.00","0.00","0.00","0.00","Muzaffarpur","BR","843105","498"
"19498","36","SJIT","'133783180173009228503","100265470718","11320205545","4d579dc0-fef7-4d59-9ec9-71e7a0e50952","5976131658","2026-08-05 23:40:30.000","28878018","234KL165YK251MUSTRAD-L","92764694","KALNKRTA92764694","L","234KL165YK251MUSTRAD","KALINI","KALINI Women Mustard Yellow Floral Printed Angrakha Anarkali Kurta with Tassel Tie-Up","Kurtas","SH","1000103606549","1936064230","flipkartlogistics","MYSP1447425197","36",,,"2026-08-06 02:36:21.000",,"2026-08-06 02:43:34.000","2026-08-06 02:50:02.000",,,,,,"574.00","2199.00","1625.00","0.00","0.00","0.00","0.00","Chennai","TN","600026","515"
"19498","22232","PPMP","'133779028142045933901","100264187318","11318921868","495e5e74-0351-4401-b415-5a767ea59687","5975348840","2026-08-05 12:08:29.000","33774335","IKR237YK345PINK-XL","109122607","IRASTOPS109122607","XL","IKR237YK345PINK","IKRASS","IKRASS Pink Ethnic Motif Bell Sleeve Top","Tops","SH","1000103002512",,"flipkartlogistics","MYSP1447171559","22232",,,"2026-08-05 12:51:08.000","2026-08-05 17:53:09.000","2026-08-06 00:06:55.000","2026-08-06 00:13:31.000",,,,,,"456.00","2699.00","2243.00","0.00","0.00","0.00","0.00","Bhopal","MP","462016","421"
"19498","36","SJIT","'133780219865671014403","100264536496","11319271060","45ff28f7-fb83-44be-af7a-0cfbca5da53e","5975563133","2026-08-05 15:27:08.000","36683245","235KL165PLYKC251MUSTRAD-XXL","117290172","KALNKRTA117290172","XXL","235KL165PLYKC251MUSTRAD","KALINI","Women Mustard Yellow Floral Printed Angrakha Anarkali Kurta with Tassel Tie-Up","Kurtas","SH","1000103281999","1935808342","flipkartlogistics","MYSP1447284087","36",,,"2026-08-05 16:42:27.000",,"2026-08-05 16:50:07.000","2026-08-05 16:57:04.000",,,,,,"615.00","2199.00","1584.00","21.00","0.00","0.00","0.00","Bangalore","KA","560043","556"
"19498","22232","PPMP","'133778651535797365403","100264074706","11318809211","6c9134e2-3fc5-4bad-93c6-404ff7b726f6","5975282639","2026-08-05 11:05:43.000","33707701","IKR1330YKBLUE-M","108895827","IRASKRTA108895827","M","IKR1330YKBLUE","IKRASS","IKRASS Floral Printed Anarkali Kurta","Kurtas","SH","1000103094871",,"flipkartlogistics","MYSC1329094778","22232",,,"2026-08-05 13:50:52.000","2026-08-05 17:43:03.000","2026-08-06 04:01:35.000","2026-08-06 04:08:33.000",,,,,,"746.00","4399.00","3653.00","262.00","0.00","0.00","0.00","Amritsar","PB","143001","687"
"19498","22232","PPMP","'133782121281531570203","100265094942","11319829764","a01bbea3-0843-4d64-bdd2-7d5644cb401d","5975909385","2026-08-05 20:44:01.000","33774335","IKR237YK345PINK-M","109122605","IRASTOPS109122605","M","IKR237YK345PINK","IKRASS","IKRASS Pink Ethnic Motif Bell Sleeve Top","Tops","WP",,,"flipkartlogistics",,"22232",,,,,,,,,,,,"456.00","2699.00","2243.00","0.00","0.00","0.00","0.00","Mumbai","MH","421301","421"
"19498","22232","PPMP","'133777157030470241301","100263786288","11318520583","a481e372-e26f-4ab7-8e16-22e9f623dd51","5975108663","2026-08-05 06:56:39.000","39201544","KL_1784YKDPINK-L","125120225","KALNKASS125120225","L","KL_1784YKDPINK","KALINI","KALINI Ethnic Motifs Printed Regular Thread Work Pure Cotton Kurta with Trousers & Dupatta","Kurta Sets","PK","1000102806989",,"EK_E2E","MYEC1113847655","22232",,,"2026-08-05 11:17:44.000","2026-08-05 17:14:34.000",,,,,,,,"1089.00","4999.00","3910.00","96.00","0.00","0.00","0.00","Agnoor","AP","501141","971"
"19498","22232","PPMP","'133779565045980142903","100264346728","11319081278","45f36d74-9001-41d5-8f28-6ca455dbc1dd","5975444885","2026-08-05 13:37:59.000","40086743","HN_1484YKYELLOW-L","128151621","HENWDRSS128151621","L","HN_1484YKYELLOW","HERE&NOW","HERE&NOW Floral Print Fit & Flare Midi Dress","Dresses","SH","1000103256207",,"EK_E2E","MYEP1130489485","22232",,,"2026-08-05 16:11:59.000","2026-08-05 17:14:34.000","2026-08-05 23:17:14.000","2026-08-05 23:23:45.000",,,,,,"891.00","4299.00","3408.00","0.00","0.00","0.00","0.00","Sultanpur","UP","228001","797"
"19498","22232","PPMP","'133782762098438048401","100265315099","11320049924","8de2231a-8500-490a-9ad7-61cae3f3f257","5976042952","2026-08-05 22:30:50.000","33565308","IKR1362PLYKBLACK-3XL","108401951","IRASDRSS108401951","3XL","IKR1362PLYKBLACK","IKRASS","IKRASS Women Floral Print Kimono Sleeve Kaftan Midi Dress","Dresses","WP",,,"flipkartlogistics",,"22232",,,,,,,,,,,,"735.00","3039.00","2304.00","0.00","0.00","0.00","0.00","Bangalore","KA","560103","676"
"19498","22232","PPMP","'133778802906488463401","100264118671","11318853193","d527fc6d-d54d-4212-b2eb-8147105f7586","5975308720","2026-08-05 11:30:57.000","29872844","481KL1588YKBLUE-XS","113584052","KALNKRTI113584052","XS","481KL1588YKBLUE","KALINI","KALINI Ethnic Printed Pure Cotton Short Kurti","Kurtis","SH","1000103001275",,"flipkartlogistics","MYSP1447171862","22232",,,"2026-08-05 12:50:23.000","2026-08-05 17:43:01.000","2026-08-06 04:24:58.000","2026-08-06 04:31:30.000",,,,,,"473.00","2599.00","2126.00","0.00","0.00","0.00","0.00","North 24 Parganas","WB","700161","438"
"19498","22232","PPMP","'133779156353817965001","100264225745","11318960295","dd7525f7-39ba-45ab-bffa-8b9ccdf93f78","5975372033","2026-08-05 12:29:52.000","40592332","HN_1789YKDLAVENDER-M","129892549","HENWKASS129892549","M","HN_1789YKDLAVENDER","HERE&NOW","HERE&NOW Women Ethnic Motifs Printed Regular Pure Cotton Kurta with Trousers & With Dupatta","Kurta Sets","SH","1000103084464",,"flipkartlogistics","MYSP1447202835","22232",,,"2026-08-05 13:43:19.000","2026-08-05 17:53:12.000","2026-08-06 00:09:45.000","2026-08-06 00:16:00.000",,,,,,"919.00","5499.00","4580.00","0.00","0.00","0.00","0.00","Muktsar","PB","152026","801"
"19498","22232","PPMP","'133774925023598746401","100263628464","11318362758","738abd52-0d78-483c-a31e-c570bb0eace4","5975023207","2026-08-05 00:44:38.000","33774335","IKR237YK345PINK-M","109122605","IRASTOPS109122605","M","IKR237YK345PINK","IKRASS","IKRASS Pink Ethnic Motif Bell Sleeve Top","Tops","F",,,"flipkartlogistics",,"22232","86","Dope Order Cancellation Post Cod Conversion",,,,,,"2026-08-05 00:45:33.000",,,,"456.00","2699.00","2243.00","0.00","0.00","0.00","0.00","Gurgaon","HR","122001","421"
"19498","22232","PPMP","'133777984677483351303","100263906903","11318641198","ee75b6d5-0578-4af0-8974-7dcba7d3480f","5975183837","2026-08-05 09:14:35.000","43415257","KL_165YKC251MUSTRAD-M","138561370","KALNKRTA138561370","M","165YKC251MUSTRAD","KALINI","KALINI Women Anarkali Kurta","Kurtas","PK","1000102616977",,"flipkartlogistics","MYSC1328966107","22232",,,"2026-08-05 10:16:15.000","2026-08-05 17:42:55.000",,,,,,,,"650.00","3749.00","3099.00","0.00","0.00","0.00","0.00","New Delhi","DL","110057","591"
"19498","22232","PPMP","'133781633054237133603","100264944099","11319678916","da7e3a95-3bc7-4170-aea2-90975b6c69ca","5975815213","2026-08-05 19:22:38.000","32772016","806KL5008PLYKNGREEN-8XL","105630219","KALNTRSR105630219","48","806KL5008PLYKNGREEN","KALINI","KALINI Women Cotton Pleated Regular Trousers","Trousers","WP",,,"flipkartlogistics",,"22232",,,,,,,,,,,,"711.00","2399.00","1688.00","0.00","0.00","0.00","0.00","Lucknow","UP","226024","652"
"19498","22232","PPMP","'133781052560182328303","100264775028","11319509830","21173aeb-33d5-4836-b1cd-dee965ab9354","5975709284","2026-08-05 17:45:54.000","33711056","IKR1258PLYKNWHITE-8XL","108907889","IRASKRTA108907889","8XL","IKR1258PLYKNWHITE","IKRASS","IKRASS Women Paisley Printed Gotta Patti Anarkali Kurta","Kurtas","WP",,,"flipkartlogistics",,"22232",,,,,,,,,,,,"877.00","4699.00","3822.00","0.00","0.00","0.00","0.00","Chennai","TN","600130","783"
"19498","22232","PPMP","'133783152372310981401","100265460770","11320195597","d8983f3a-d09d-4486-9cd1-a19d4802fe15","5976126208","2026-08-05 23:35:52.000","41171763","IKR_165PLYKC251MUSTRAD-3XL","131710339","IRASKRTA131710339","3XL","IKR_165PLYKC251MUSTRAD","IKRASS","IKRASS Women Patchwork Anarkali Kurta","Kurtas","WP",,,"flipkartlogistics",,"22232",,,,,,,,,,,,"644.00","3749.00","3105.00","0.00","0.00","0.00","0.00","Ghaziabad","UP","201014","585"
"19498","22232","PPMP","'133777940913654048803","100263898099","11318632394","886981fd-0990-43af-9e64-d43ab406e916","5975178501","2026-08-05 09:07:17.000","33774335","IKR237YK345PINK-L","109122604","IRASTOPS109122604","L","IKR237YK345PINK","IKRASS","IKRASS Pink Ethnic Motif Bell Sleeve Top","Tops","PK","1000102422447",,"Shadowfax","SF3461780827F","22232",,,"2026-08-05 09:15:18.000","2026-08-05 18:07:09.000","2026-08-06 00:35:36.000","2026-08-06 04:38:56.000",,,,,,"456.00","2699.00","2243.00","160.00","0.00","0.00","0.00","Buldhana","MH","443106","421"
"19498","81","SJIT","'133780785906920851503","100264699905","11319434662","36ae419e-3bf2-49bd-9a35-b6bfd2ac257f","5975663586","2026-08-05 17:01:28.000","33706422","IKR1251PLYKMAROON-4XL","108891058","IRASKRTA108891058","4XL","IKR1251PLYKMAROON","IKRASS","IKRASS Women Chevron Printed Kurta","Kurtas","SH","1000103445282","1935930285","flipkartlogistics","MYSP1447347936","81",,,"2026-08-05 21:53:17.000",,"2026-08-05 22:11:22.000","2026-08-05 22:19:04.000",,,,,,"635.00","2899.00","2264.00","0.00","0.00","0.00","0.00","Delhi","DL","110005","576"
"19498","81","SJIT","'133782815833648689701","100265335534","11320070359","2b4d7881-1c58-41c1-8063-0b60e48134c2","5976055065","2026-08-05 22:39:46.000","28878018","234KL165YK251MUSTRAD-L","92764694","KALNKRTA92764694","L","234KL165YK251MUSTRAD","KALINI","KALINI Women Mustard Yellow Floral Printed Angrakha Anarkali Kurta with Tassel Tie-Up","Kurtas","F",,,"EK_E2E",,"81","44","Ordered By Mistake",,,,,,"2026-08-05 22:40:53.000",,,,"574.00","2199.00","1625.00","58.00","0.00","0.00","0.00","Mumbai","MH","400012","515"
"19498","22232","PPMP","'133779331860388618801","100264278682","11319013232","81e32b43-0b97-4a00-b16b-5baf5fb9cb68","5975403653","2026-08-05 12:59:07.000","42125311","SZ_1562YKGREEN-5XL","134571215","SZTRKRTI134571215","5XL","SZ_1562YKGREEN","Sztori","Sztori Printed V-Neck Empire Kurti","Kurtis","F",,,"flipkartlogistics",,"22232","44","Ordered By Mistake",,,,,,"2026-08-05 13:00:35.000",,,,"531.00","3599.00","3068.00","0.00","0.00","0.00","0.00","Kota","RJ","324001","472"
"19498","22232","PPMP","'133779709360896353103","100264388397","11319122947","6d4091a5-2a31-4e2b-8c0b-b27c1a1885d9","5975471011","2026-08-05 14:02:02.000","30216899","631KL1219YKBLACK-S","97225112","KALNDRSS97225112","S","631KL1219YKBLACK","KALINI","KALINI Women Tropical Printed Round Neck Sleeveless Crepe A-Line Midi Dress","Dresses","SH","1000103263289",,"flipkartlogistics","MYSC1329148366","22232",,,"2026-08-05 16:20:54.000","2026-08-05 17:53:12.000","2026-08-06 02:07:19.000","2026-08-06 02:12:51.000",,,,,,"605.00","2399.00","1794.00","0.00","0.00","0.00","0.00","Coimbatore","TN","641006","546"
"19498","81","SJIT","'133781273236722714303","100264839060","11319573878","ee7ad99b-36e1-4c8e-8b54-7b5896d19c62","5975748643","2026-08-05 18:22:40.000","28878018","234KL165YK251MUSTRAD-S","92764690","KALNKRTA92764690","S","234KL165YK251MUSTRAD","KALINI","KALINI Women Mustard Yellow Floral Printed Angrakha Anarkali Kurta with Tassel Tie-Up","Kurtas","SH","1000103438141","1935922041","flipkartlogistics","MYSP1447343855","81",,,"2026-08-05 21:42:36.000",,"2026-08-05 21:53:55.000","2026-08-05 22:00:52.000",,,,,,"574.00","2199.00","1625.00","0.00","0.00","0.00","0.00","Virar","MH","401303","515"
"19498","22232","PPMP","'133777601545699859603","100263837537","11318571832","bdc80674-27b9-466d-ab97-1786e9981526","5975141456","2026-08-05 08:10:44.000","40086753","HN_1361YKBLUE-S","128151694","HENWDRSS128151694","S","HN_1361YKBLUE","HERE&NOW","HERE&NOW Floral Print Crepe A-Line Midi Dress","Dresses","SH","1000102636009",,"flipkartlogistics","MYSC1328971323","22232",,,"2026-08-05 10:21:36.000","2026-08-05 17:43:03.000","2026-08-06 03:44:26.000","2026-08-06 03:51:40.000",,,,,,"611.00","2949.00","2338.00","0.00","0.00","0.00","0.00","Mumbai","MH","400080","552"
"19498","22232","PPMP","'133776976785614023903","100263774417","11318508712","d5112e73-7ff9-4bfc-ab6c-c16bc2b37320","5975101097","2026-08-05 06:26:36.000","30216909","636KL1361YKBLUE-L","97225152","KALNDRSS97225152","L","636KL1361YKBLUE","KALINI","KALINI Women Round Neck A-line Dress ","Dresses","SH","1000102811356",,"flipkartlogistics","MYSP1447100164","22232",,,"2026-08-05 11:19:12.000","2026-08-05 17:53:16.000","2026-08-06 00:23:32.000","2026-08-06 00:29:36.000",,,,,,"608.00","2949.00","2341.00","0.00","0.00","0.00","0.00","Mumbai","MH","400097","549"
"19498","22232","PPMP","'133783228433632112901","100265487024","11320221851","db3005a9-a06c-4c19-abad-2347ba93bc90","5976140672","2026-08-05 23:48:33.000","40114212","HN_1370YKMAROON-L","128268594","HENWKRTA128268594","L","HN_1370YKMAROON","HERE&NOW","HERE&NOW Women Floral Printed Anarkali Kurta","Kurtas","WP",,,"EK_E2E",,"22232",,,,,,,,,,,,"881.00","4849.00","3968.00","0.00","0.00","0.00","0.00","Coimbatore","TN","641017","787"
"19498","22232","PPMP","'133779673601905103701","100264377995","11319112545","5f96e59b-cfd4-469e-8533-bab5e8872323","5975464660","2026-08-05 13:56:04.000","30198126","565KL1294PLYKGREEN-XXL","97166027","KALNTOPS97166027","XXL","565KL1294PLYKGREEN","KALINI","KALINI Women Print Flared Sleeve Top","Tops","PK","1000103212139",,"flipkartlogistics","MYSP1447255598","22232",,,"2026-08-05 15:24:45.000","2026-08-05 17:53:18.000",,,,,,,,"574.00","1449.00","875.00","0.00","0.00","0.00","0.00","Gautam Buddha Nagar","UP","201301","515"
"19498","22232","PPMP","'133778417981424325401","100264008814","11318743286","e7dba900-3f27-4bb6-a658-52022fe944ff","5975244820","2026-08-05 10:26:48.000","33711050","IKR1293YKMAROON-M","108907855","IRASKRTA108907855","M","IKR1293YKMAROON","IKRASS","IKRASS Women Floral Printed Gotta Patti Anarkali Kurta","Kurtas","F",,,"flipkartlogistics",,"22232","41","Incorrect size ordered",,,,,,"2026-08-05 10:57:12.000",,,,"809.00","2399.00","1590.00","0.00","0.00","0.00","0.00","New Delhi","DL","110023","715"
"19498","22232","PPMP","'133779353421100823101","100264285317","11319019867","2036e09c-5379-4349-86a6-4dbecaa744e4","5975407542","2026-08-05 13:02:42.000","40095387","SZ_1412YKMULTI-3XL","128183508","SZTRDRSS128183508","3XL","SZ_1412YKMULTI","Sztori","Sztori Print Kimono Sleeve Kaftan Midi Dress","Dresses","PK","1000103257487",,"flipkartlogistics","MYSC1329146123","22232",,,"2026-08-05 16:13:36.000","2026-08-05 17:53:13.000",,,,,,,,"721.00","3099.00","2378.00","0.00","0.00","0.00","0.00","New Delhi","DL","110024","662"
"19498","81","SJIT","'133778590585686886701","100264057684","11318792181","54b69e7d-997f-43ed-beb5-e566ac4c2e00","5975272584","2026-08-05 10:55:34.000","28697770","187KL315YK251TEAL-XL","92190920","KALNKRTA92190920","XL","187KL315YK251TEAL","KALINI","KALINI Floral Embroidered Anarkali Kurta","Kurtas","SH","1000103092418","1935678888","flipkartlogistics","MYSC1329093297","81",,,"2026-08-05 13:48:57.000",,"2026-08-05 13:55:24.000","2026-08-05 14:02:38.000",,,,,,"572.00","2999.00","2427.00","0.00","0.00","0.00","0.00","Nashik","MH","422011","513"
"19498","22232","PPMP","'133777779810213628801","100263868408","11318602703","79c7dac4-8538-407f-a0d5-0ee850a61e6c","5975160156","2026-08-05 08:40:27.000","33565889","855KL1887PLYKBLACK-5XL","108403939","KALNKASS108403939","5XL","855KL1887PLYKBLACK","KALINI","KALINI Mandarin Collar Cotton Slub A-Line Kurta With Kalamkari Printed Palazzos","Kurta Sets","SH","1000102793888",,"flipkartlogistics","MYSC1329013392","22232",,,"2026-08-05 11:13:22.000","2026-08-05 17:43:03.000","2026-08-06 03:48:20.000","2026-08-06 03:53:36.000",,,,,,"932.00","4999.00","4067.00","0.00","0.00","0.00","0.00","Chennai","TN","600042","814"
"19498","22232","PPMP","'133783192593312320803","100265475022","11320209849","6d651728-a6f6-4e80-bee1-2ff2c1e428c4","5976134042","2026-08-05 23:42:34.000","40478459","SZ_141YK251PINK-3XL","129523412","SZTRKRTA129523412","3XL","SZ_141YK251PINK","Sztori","Sztori Patchwork Anarkali Kurta","Kurtas","WP",,,"flipkartlogistics",,"22232",,,,,,,,,,,,"721.00","3749.00","3028.00","0.00","0.00","0.00","0.00","Gautam Buddha Nagar","UP","201303","662"
"19498","22232","PPMP","'133781716067045793703","100264968903","11319703722","0d3a90f1-1b33-4a61-b30a-bc8380ad97b5","5975830833","2026-08-05 19:36:29.000","39135671","KL_1911PLYKMULTI-4XL","124922852","KALNKRTA124922852","4XL","KL_1911PLYKMULTI","KALINI","KALINI Women Floral Printed Floral Anarkali Kurta","Kurtas","WP",,,"flipkartlogistics",,"22232",,,,,,,,,,,,"870.00","2399.00","1529.00","0.00","0.00","0.00","0.00","Jaipur","RJ","302012","776"
"19498","36","SJIT","'133782448417813335401","100265200774","11319935597","53b92ee7-1b37-400f-8881-b654ac0bb1f0","5975974847","2026-08-05 21:38:33.000","28878018","234KL165YK251MUSTRAD-XS","92764686","KALNKRTA92764686","XS","234KL165YK251MUSTRAD","KALINI","KALINI Women Mustard Yellow Floral Printed Angrakha Anarkali Kurta with Tassel Tie-Up","Kurtas","SH","1000103579620","1936047376","flipkartlogistics","MYSP1447412607","36",,,"2026-08-06 01:52:12.000",,"2026-08-06 02:00:31.000","2026-08-06 02:06:22.000",,,,,,"574.00","2199.00","1625.00","31.00","0.00","0.00","0.00","Mysore","KA","570005","515"
"19498","81","SJIT","'133782381216802700401","100265178019","11319912842","19dc68b1-da8e-46fe-acb1-00b45337a50b","5975961014","2026-08-05 21:27:20.000","28697792","230KL167YK251BLACK-M","92191044","KALNKRTA92191044","M","230KL167YK251BLACK","KALINI","KALINI Geometric Yoke Design Flared Sleeves Thread Work Anarkali Kurta","Kurtas","SH","1000103525130","1935990386","flipkartlogistics","MYSP1447387146","81",,,"2026-08-06 00:16:10.000",,"2026-08-06 00:27:57.000","2026-08-06 00:34:14.000",,,,,,"569.00","2199.00","1630.00","0.00","0.00","0.00","0.00","Jaipur","RJ","302017","510"
"19498","22232","PPMP","'133775638838584395203","100263725079","11318459374","40f8cfae-a5d9-456e-9936-e3407033e930","5975074423","2026-08-05 02:43:36.000","33740927","IKR165YK251MUSTRAD-L","109009162","IRASKRTA109009162","L","IKR165YK251MUSTRAD","IKRASS","IKRASS Floral Yoke Design Angrakha V-Neck Patchwork A-Line Kurta","Kurtas","SH","1000102691605",,"flipkartlogistics","MYSP1447059294","22232",,,"2026-08-05 10:37:36.000","2026-08-05 17:42:59.000","2026-08-06 03:34:08.000","2026-08-06 03:40:34.000",,,,,,"592.00","2199.00","1607.00","0.00","0.00","0.00","0.00","Sanaswadi","MH","412207","533"
"19498","22232","PPMP","'133782778523488072303","100265321323","11320056147","74e25571-2bb2-4ebf-ac13-8b96a9ea2e8f","5976046692","2026-08-05 22:33:33.000","35221671","934KL1271PLYKNPINK-7XL","113012310","KALNNTST113012310","7XL","934KL1271PLYKNPINK","KALINI","KALINI Women Geometric Printed Pure Cotton Night suit","Night suits","WP",,,"flipkartlogistics",,"22232",,,,,,,,,,,,"922.00","2199.00","1277.00","0.00","0.00","0.00","0.00","Ichapur","WB","743127","828"
"19498","22232","PPMP","'133780646770336630003","100264659837","11319394569","ca298332-f815-40e7-8a27-773b00d5aed6","5975639028","2026-08-05 16:38:16.000","40129433","HN_266YK372BLACK-S","128325794","HENWKRTA128325794","S","HN_266YK372BLACK","HERE&NOW","HERE&NOW Women Printed Anarkali Kurta","Kurtas","WP",,,"EK_E2E",,"22232",,,,,,,,,,,,"911.00","4899.00","3988.00","0.00","0.00","0.00","0.00","Siliguri","WB","734008","817"
"19498","36","SJIT","'133779306976726727901","100264271113","11319005663","59216824-ba9a-490f-be08-6db9cea0fdfb","5975399213","2026-08-05 12:54:58.000","28697792","230KL167YK251BLACK-L","92191046","KALNKRTA92191046","L","230KL167YK251BLACK","KALINI","KALINI Geometric Yoke Design Flared Sleeves Thread Work Anarkali Kurta","Kurtas","SH","1000103168171","1935731309","flipkartlogistics","MYSC1329117922","36",,,"2026-08-05 14:45:28.000",,"2026-08-05 14:55:08.000","2026-08-05 15:01:17.000",,,,,,"569.00","2199.00","1630.00","0.00","0.00","0.00","0.00","Malappuram","KL","676552","510"
"19498","22232","PPMP","'133775039834420355901","100263653974","11318388268","7d3406ab-220c-42bd-8178-58e030a1a3ca","5975036543","2026-08-05 01:03:46.000","28074532","160KL1188YKPINK-L","90338474","KALNKRTA90338474","L","160KL1188YKPINK","KALINI","KALINI Floral Printed Anarkali Kurta","Kurtas","SH","1000102821603",,"flipkartlogistics","MYSP1447104441","22232",,,"2026-08-05 11:22:49.000","2026-08-05 17:43:04.000","2026-08-06 03:38:09.000","2026-08-06 03:44:48.000",,,,,,"731.00","2999.00","2268.00","0.00","0.00","0.00","0.00","Chennai","TN","600097","672"
"19498","22232","PPMP","'133779182333483161203","100264233822","11318968372","f07665a7-4c9a-46a3-872c-530172852841","5975376727","2026-08-05 12:34:11.000","28405582","157KL1197YKGREEN-XS","91306170","KALNKRTA91306170","XS","157KL1197YKGREEN","KALINI","KALINI Floral Motifs Printed Pleated Cotton Anarkali Kurta","Kurtas","SH","1000103104963",,"flipkartlogistics","MYSP1447210562","22232",,,"2026-08-05 13:58:31.000","2026-08-05 17:53:12.000","2026-08-06 02:31:15.000","2026-08-06 02:36:19.000",,,,,,"804.00","3999.00","3195.00","0.00","0.00","0.00","0.00","Bengaluru","KA","560100","710"
"19498","22232","PPMP","'133774733181399102703","100263574226","11318308519","021678e3-60d1-4ca5-b822-51b6c2b7a668","5974992957","2026-08-05 00:12:40.000","39175554","KL_7080YKBEIGE-L-XL","125036537","KALNSRBL125036537","L/XL","KL_7080YKBEIGE","KALINI","KALINI  Cotton V Neck Saree Blouse","Saree Blouse","SH","1000102423184",,"flipkartlogistics","MYSC1328916709","22232",,,"2026-08-05 09:15:27.000","2026-08-05 17:43:03.000","2026-08-06 04:25:42.000","2026-08-06 04:31:52.000",,,,,,"415.00","1999.00","1584.00","0.00","0.00","0.00","0.00","Kolkata","WB","700017","380"
"19498","22232","PPMP","'133777739900390235503","100263861033","11318595328","4dcbff25-4431-4bba-a91d-100f8eb82360","5975155693","2026-08-05 08:33:47.000","40248471","7101YKGREEN-L/XL","128757094","KALNSRBL128757094","L/XL","7101YKGREEN","KALINI","KALINI Cotton Solid Saree Blouse","Saree Blouse","PK","1000102429834",,"flipkartlogistics","MYSP1446964758","22232",,,"2026-08-05 09:18:00.000","2026-08-05 17:53:18.000",,,,,,,,"392.00","1999.00","1607.00","0.00","0.00","0.00","0.00","New Delhi","DL","110092","357"
"19498","28","SJIT","'133778569992566258703","100264051608","11318786102","290af491-2558-4c3c-a389-4fe1a8bdbf1e","5975269143","2026-08-05 10:52:09.000","28697792","230KL167YK251BLACK-L","92191046","KALNKRTA92191046","L","230KL167YK251BLACK","KALINI","KALINI Geometric Yoke Design Flared Sleeves Thread Work Anarkali Kurta","Kurtas","SH","1000103267983","1935805080","flipkartlogistics","MYSC1329149532","28",,,"2026-08-05 16:26:16.000",,"2026-08-05 16:32:09.000","2026-08-05 16:38:13.000",,,,,,"569.00","2199.00","1630.00","0.00","0.00","0.00","0.00","Gautam Buddha Nagar","UP","201301","510"
"19498","22232","PPMP","'133782300687552187303","100265151993","11319886815","3db526a1-c82f-49b9-b56e-59613d0099dd","5975944902","2026-08-05 21:13:55.000","43415257","KL_165YKC251MUSTRAD-M","138561370","KALNKRTA138561370","M","165YKC251MUSTRAD","KALINI","KALINI Women Anarkali Kurta","Kurtas","WP",,,"delhivery",,"22232",,,,,,,,,,,,"650.00","3749.00","3099.00","0.00","0.00","0.00","0.00","Bijaipur","MP","476332","591"
"19498","22232","PPMP","'133777616535765096103","100263839912","11318574207","9b43a464-d1ce-48e9-94e2-8f4ec9029bda","5975142941","2026-08-05 08:13:14.000","35220615","936KL1307PLYKNBLUE-8XL","113009444","KALNTOPS113009444","8XL","936KL1307PLYKNBLUE","KALINI","KALINI Women Print Bell Sleeve Cotton Top","Tops","SH","1000102425418",,"flipkartlogistics","MYSP1446964026","22232",,,"2026-08-05 09:16:11.000","2026-08-05 17:43:04.000","2026-08-05 23:32:01.000","2026-08-05 23:37:06.000",,,,,,"642.00","1449.00","807.00","0.00","0.00","0.00","0.00","Hyderabad","TG","500011","583"
"19498","22232","PPMP","'133780102465659446101","100264502111","11319236661","cea822e0-9dd9-4563-ad89-372ed2541d5a","5975541938","2026-08-05 15:07:33.000","30050014","511KL1308YKBLUE-3XL","104244199","KALNKRTA104244199","3XL","511KL1308YKBLUE","KALINI","KALINI Ethnic Motifs Printed Yoke & Border Long Sleeves Empire Anarkali Kurta","Kurtas","SH","1000103259913",,"flipkartlogistics","MYSP1447275004","22232",,,"2026-08-05 16:16:36.000","2026-08-05 17:53:12.000","2026-08-06 00:16:53.000","2026-08-06 00:22:38.000",,,,,,"661.00","3299.00","2638.00","0.00","0.00","0.00","0.00","Panjim","GA","403005","602"
"19498","22232","PPMP","'133778831848095897403","100264127209","11318861733","5fb570fd-de3b-4761-b191-80b5a828da69","5975313815","2026-08-05 11:35:47.000","37105863","396KL1337YKCRED-M","118716690","KALNKRTA118716690","M","396KL1337YKCRED","KALINI","KALINI Women Red Viscose Rayon Printed Anarkali Kurtas","Kurtas","SH","1000103107347",,"flipkartlogistics","MYSP1447211801","22232",,,"2026-08-05 14:00:44.000","2026-08-05 17:43:01.000","2026-08-06 00:00:32.000","2026-08-06 00:07:07.000",,,,,,"901.00","3699.00","2798.00","27.00","0.00","0.00","0.00","Hyderabad","TG","500097","807"
"19498","22232","PPMP","'133779932686257744601","100264451725","11319186275","76444924-b3b7-4a50-9235-a11749ecc80d","5975510496","2026-08-05 14:39:16.000","36967796","KL_5034PLYKOFFWHITE-XXL","118285594","KALNTRSR118285594","36","KL_5034PLYKOFFWHITE","KALINI","KALINI Women's Offwhite Lycra Trouser (Offwhite)","Trousers","PK","1000103260591",,"EK_E2E","MYEC1113903098","22232",,,"2026-08-05 16:17:32.000","2026-08-05 17:14:34.000",,,,,,,,"587.00","3199.00","2612.00","0.00","0.00","0.00","0.00","Bhubaneswar","OR","751002","528"
"19498","22232","PPMP","'133782953635780669301","100265388163","11320122989","b03673bc-21cc-4dc9-bbe8-0c46126aeb65","5976085244","2026-08-05 23:02:44.000","33707586","IKR1332PLYKKHAKI-3XL","108895354","IRASKRTA108895354","3XL","IKR1332PLYKKHAKI","IKRASS","IKRASS Women Plus Size Printed V-Neck Anarkali Kurta","Kurtas","WP",,,"flipkartlogistics",,"22232",,,,,,,,,,,,"878.00","4399.00","3521.00","0.00","0.00","0.00","0.00","Vishakhapatnam","AP","530027","784"
"19498","22232","PPMP","'133782022370916622901","100265064459","11319799279","d44dac08-7f33-4f45-a6a7-a514e68b2e39","5975890319","2026-08-05 20:27:32.000","30256934","682KL5010PLYKWHITE-4XL","97349193","KALNTRSR97349193","40","682KL5010PLYKWHITE","KALINI","KALINI Women's Cotton Slub Solid Regular Fit Casual Trouser Pants","Trousers","WP",,,"EK_E2E",,"22232",,,,,,,,,,,,"546.00","2399.00","1853.00","0.00","0.00","0.00","0.00","Faizabad","UP","224123","487"
"19498","22232","PPMP","'133781015985201816701","100264764593","11319499390","5f8677de-0495-4751-b532-8d86a4d5d697","5975702909","2026-08-05 17:39:49.000","43471469","KL_1890YKMULTI-S","138738239","KALNTOPS138738239","S","KL_1890YKMULTI","KALINI","KALINI Print Ethnic Cotton Top","Tops","WP",,,"EK_E2E",,"22232",,,,,,,,,,,,"421.00","2599.00","2178.00","0.00","0.00","0.00","0.00","Thrissur","KL","680013","386"
"19498","22232","PPMP","'133777459401424466403","100263817664","11318551959","dd12f2eb-c452-4cfb-9555-29852bf67059","5975128610","2026-08-05 07:47:03.000","33707701","IKR1330YKBLUE-XL","108895829","IRASKRTA108895829","XL","IKR1330YKBLUE","IKRASS","IKRASS Floral Printed Anarkali Kurta","Kurtas","PK","1000102682664",,"EK_E2E","MYEP1130408442","22232",,,"2026-08-05 10:35:11.000","2026-08-05 17:14:27.000",,,,,,,,"746.00","4399.00","3653.00","75.00","0.00","0.00","0.00","Tirupur","TN","641665","687"
"19498","22232","PPMP","'133778701596673400803","100264089205","11318823717","b3aae2d6-742d-4379-a358-cd46c6222796","5975291075","2026-08-05 11:14:04.000","33707718","IKR1389PLYKBROWN-XXL","108895873","IRASKRTA108895873","XXL","IKR1389PLYKBROWN","IKRASS","IKRASS Plus Size Floral Printed Shirt Collar Pure Cotton A-Line Kurta","Kurtas","SH","1000103094363",,"flipkartlogistics","MYSC1329094802","22232",,,"2026-08-05 13:50:29.000","2026-08-05 17:53:15.000","2026-08-06 00:35:56.000","2026-08-06 00:41:21.000",,,,,,"652.00","3399.00","2747.00","0.00","0.00","0.00","0.00","Kolkata","WB","700046","593"
"19498","22232","PPMP","'133779849324881429303","100264427501","11319162051","0a80ede9-3325-41c8-ae4f-925579508f91","5975495690","2026-08-05 14:25:22.000","30234544","599KL1500PLYKMAROON-4XL","97283454","KALNTOPS97283454","4XL","599KL1500PLYKMAROON","KALINI","KALINI Women Stripe Print Round Neck Top","Tops","PK","1000103212371",,"flipkartlogistics","MYSC1329131296","22232",,,"2026-08-05 15:25:00.000","2026-08-05 17:53:15.000",,,,,,,,"462.00","2599.00","2137.00","0.00","0.00","0.00","0.00","New Delhi","DL","110080","427"
"19498","22232","PPMP","'133780977241714864501","100264753667","11319488457","5ce34579-8b1f-4edd-b3e1-c72b3a25a6ea","5975696221","2026-08-05 17:33:21.000","38821675","KL_7100YKTEAL-5XL","123894604","KALNSRBL123894604","5XL","KL_7100YKTEAL","KALINI","KALINI Women Solid Stretchable V-Neck Front Open Saree Blouse","Saree Blouse","WP",,,"flipkartlogistics",,"22232",,,,,,,,,,,,"401.00","1999.00","1598.00","18.00","0.00","0.00","0.00","Bangalore","KA","560024","366"
"19498","28","SJIT","'133780629791503536203","100264655038","11319389769","a28d1445-41a5-45c7-93ad-402187a00802","5975636099","2026-08-05 16:35:26.000","28878018","234KL165YK251MUSTRAD-L","92764694","KALNKRTA92764694","L","234KL165YK251MUSTRAD","KALINI","KALINI Women Mustard Yellow Floral Printed Angrakha Anarkali Kurta with Tassel Tie-Up","Kurtas","SH","1000103325560","1935825102","flipkartlogistics","MYSP1447301718","28",,,"2026-08-05 17:36:39.000",,"2026-08-05 18:03:06.000","2026-08-05 18:09:02.000",,,,,,"574.00","2199.00","1625.00","0.00","0.00","0.00","0.00","Kashipur","UT","244713","515"
"19498","22232","PPMP","'133779680946331321701","100264380054","11319114604","61d51bf4-d676-4c84-9dbe-af790b6ebd24","5975465925","2026-08-05 13:57:17.000","40592315","HN_1788YKDPINK-M","129892468","HENWKASS129892468","M","HN_1788YKDPINK","HERE&NOW","HERE&NOW Women Ethnic Motifs Printed Regular Pure Cotton Kurta with Trousers & With Dupatta","Kurta Sets","SH","1000103255804",,"flipkartlogistics","MYSP1447273192","22232",,,"2026-08-05 16:11:23.000","2026-08-05 17:53:18.000","2026-08-06 01:38:30.000","2026-08-06 01:41:59.000",,,,,,"919.00","5499.00","4580.00","0.00","0.00","0.00","0.00","Makrana","RJ","341508","801"
"19498","22232","PPMP","'133781079590473342601","100264782815","11319517620","e8059348-242f-47c8-87fc-101c6ed855a0","5975714064","2026-08-05 17:50:24.000","33707711","IKR1379PLYKNGREEN-8XL","108895857","IRASKRTA108895857","8XL","IKR1379PLYKNGREEN","IKRASS","IKRASS Women Floral Printed Thread Work Anarkali Kurta","Kurtas","WP",,,"flipkartlogistics",,"22232",,,,,,,,,,,,"956.00","4349.00","3393.00","0.00","0.00","0.00","0.00","Chennai","TN","600130","862"
"19498","28","SJIT","'133781509586062603703","100264907384","11319642202","40c27178-6e5f-4b00-bc5e-d200a795f03a","5975791690","2026-08-05 19:02:04.000","36683245","235KL165PLYKC251MUSTRAD-3XL","117290174","KALNKRTA117290174","3XL","235KL165PLYKC251MUSTRAD","KALINI","Women Mustard Yellow Floral Printed Angrakha Anarkali Kurta with Tassel Tie-Up","Kurtas","SH","1000103542162","1936019808","flipkartlogistics","MYSP1447394077","28",,,"2026-08-06 00:48:04.000",,"2026-08-06 01:00:04.000","2026-08-06 01:06:55.000",,,,,,"615.00","2199.00","1584.00","0.00","0.00","0.00","0.00","Lucknow","UP","226025","556"
"19498","22232","PPMP","'133780232260758863701","100264540111","11319274680","36278fa1-7b99-4c1b-97ee-5d1e54ef90d4","5975565327","2026-08-05 15:29:11.000","33741537","IKR1557PLYKRED-3XL","109011081","IRASKRTI109011081","3XL","IKR1557PLYKRED","IKRASS","IKRASS Women Plus Size Floral Printed Tie-Up Neck Kurti","Kurtis","PK","1000103237950",,"flipkartlogistics","MYSP1447266903","22232",,,"2026-08-05 15:50:25.000","2026-08-05 17:53:12.000",,,,,,,,"442.00","2599.00","2157.00","0.00","0.00","0.00","0.00","Rudrapur","UT","263153","407"
"19498","22232","PPMP","'133777362035318579401","100263806135","11318540430","01d9ffa4-6b86-4764-bf81-55a8d1aa01cd","5975121176","2026-08-05 07:30:49.000","37105849","812KL1388PLYKNCMAROON-7XL","118716636","KALNKRTA118716636","7XL","812KL1388PLYKNCMAROON","KALINI","KALINI Women Maroon Viscose Rayon Printed A-Line Kurtas","Kurtas","PK","1000102802391",,"EK_E2E","MYEP1130429889","22232",,,"2026-08-05 11:16:07.000","2026-08-05 17:14:29.000",,,,,,,,"723.00","3599.00","2876.00","0.00","0.00","0.00","0.00","Ahmedabad","GJ","380058","664"
"19498","22232","PPMP","'133777616535765096103","100263839914","11318574209","9b43a464-d1ce-48e9-94e2-8f4ec9029bda","5975142941","2026-08-05 08:13:14.000","40337654","IKRAK-140PLYELLOW-8XL","129054635","IRASTNIC129054635","8XL","IKRAK-140PLYELLOW","IKRASS","IKRASS Viscose Rayon Printed Ethnic Tunic","Kurtis","SH","1000102425418",,"flipkartlogistics","MYSP1446964026","22232",,,"2026-08-05 09:16:11.000","2026-08-05 17:43:04.000","2026-08-05 23:32:01.000","2026-08-05 23:37:06.000",,,,,,"580.00","2999.00","2419.00","0.00","0.00","0.00","0.00","Hyderabad","TG","500011","521"
"19498","36","SJIT","'133783058438371719703","100265427040","11320161866","c74eeda7-dc44-4010-b0e4-683751d62a4e","5976107041","2026-08-05 23:20:13.000","28697798","231KL167PLYK251BLACK-5XL","92191068","KALNKRTA92191068","5XL","231KL167PLYK251BLACK","KALINI","KALINI Plus Size V-Neck Three-Quarter Sleeves Thread Work Cotton Anarkali Kurta","Kurtas","SH","1000103651944","1936112001","flipkartlogistics","MYSP1447447132","36",,,"2026-08-06 03:56:46.000",,"2026-08-06 04:00:51.000","2026-08-06 04:06:14.000",,,,,,"610.00","2199.00","1589.00","0.00","0.00","0.00","0.00","Bangalore","KA","560114","551"
"19498","22232","PPMP","'133777923616563743103","100263894866","11318629161","64a569ff-de44-4ebd-9545-61ac10d4f289","5975176504","2026-08-05 09:04:25.000","30256926","677KL5007YKBLACK-S","97349164","KALNTRSR97349164","28","677KL5007YKBLACK","KALINI","KALINI Women Slim Fit Mid-Rise Chinos Trousers","Trousers","SH","1000102791083",,"flipkartlogistics","MYSP1447095343","22232",,,"2026-08-05 11:12:26.000","2026-08-05 17:43:04.000","2026-08-05 23:49:00.000","2026-08-05 23:54:46.000",,,,,,"483.00","2399.00","1916.00","0.00","0.00","0.00","0.00","Hyderabad","TG","500090","448"
"19498","28","SJIT","'133781137849012524001","100264800003","11319534818","bf3dbe46-624d-4344-8068-21aafb003fea","5975724410","2026-08-05 18:00:06.000","28878018","234KL165YK251MUSTRAD-L","92764694","KALNKRTA92764694","L","234KL165YK251MUSTRAD","KALINI","KALINI Women Mustard Yellow Floral Printed Angrakha Anarkali Kurta with Tassel Tie-Up","Kurtas","SH","1000103566586","1936040561","flipkartlogistics","MYSP1447405589","28",,,"2026-08-06 01:32:13.000",,"2026-08-06 01:35:33.000","2026-08-06 01:42:16.000",,,,,,"574.00","2199.00","1625.00","0.00","0.00","0.00","0.00","Panchkula","HR","134116","515"
"19498","81","SJIT","'133778963786738915301","100264167495","11318902042","45bd7872-61a1-4738-8d88-aa060e8978e2","5975337139","2026-08-05 11:57:47.000","28697770","187KL315YK251TEAL-M","92190924","KALNKRTA92190924","M","187KL315YK251TEAL","KALINI","KALINI Floral Embroidered Anarkali Kurta","Kurtas","SH","1000103103342","1935709668","flipkartlogistics","MYSC1329097773","81",,,"2026-08-05 13:57:08.000",,"2026-08-05 14:02:19.000","2026-08-05 14:07:39.000",,,,,,"572.00","2999.00","2427.00","38.00","0.00","0.00","0.00","Mumbai","MH","400064","513"
"19498","15774","SJIT","'133782878724042989303","100265359741","11320094566","b1398bf0-9519-4fa4-a3b4-f588b1be45fe","5976069004","2026-08-05 22:50:16.000","28878018","234KL165YK251MUSTRAD-S","92764690","KALNKRTA92764690","S","234KL165YK251MUSTRAD","KALINI","KALINI Women Mustard Yellow Floral Printed Angrakha Anarkali Kurta with Tassel Tie-Up","Kurtas","SH","1000103571026","1936045967","flipkartlogistics","MYSC1329251621","15774",,,"2026-08-06 01:38:42.000",,"2026-08-06 01:44:16.000","2026-08-06 01:50:45.000",,,,,,"574.00","2199.00","1625.00","0.00","0.00","0.00","0.00","Gurgaon","HR","122001","515"
"19498","22232","PPMP","'133779723862282128203","100264392289","11319126839","df2b8163-7c97-497a-b227-0966cf7d60b3","5975473500","2026-08-05 14:04:27.000","41213916","SZ_AK-161BLACK-5XL","131849167","SZTRDRSS131849167","5XL","SZ_AK-161BLACK","Sztori","Sztori Embellished Fit & Flare Maxi Dress","Dresses","F",,,"flipkartlogistics",,"22232","44","Ordered By Mistake",,,,,,"2026-08-05 14:05:11.000",,,,"799.00","4599.00","3800.00","0.00","0.00","0.00","0.00","Ahmedabad","GJ","380022","705"
"19498","22232","PPMP","'133782145851677377301","100265102891","11319837713","9c56bc21-09cc-467c-b3d3-7e146bff154c","5975914228","2026-08-05 20:48:07.000","30234545","570KL1307PLYKBLUE-XXL","97283460","KALNTOPS97283460","XXL","570KL1307PLYKBLUE","KALINI","KALINI Women Cotton Abstract Printed Bell Sleeves Top","Tops","WP",,,"flipkartlogistics",,"22232",,,,,,,,,,,,"550.00","1449.00","899.00","0.00","0.00","0.00","0.00","Hyderabad","TG","500094","491"
"19498","22232","PPMP","'133778157049595762001","100263943331","11318677704","65217741-33af-4f76-b9ff-8be0b70cf0c8","5975206372","2026-08-05 09:43:18.000","36964902","KL_1529PLDPT11WINE-5XL","118276468","KALNKASS118276468","5XL","KL_1529PLDPT11WINE","KALINI","KALINI Ethnic Motifs Print Straight Kurta With Dupatta ","Kurtas","SH","1000103120313",,"flipkartlogistics","MYSP1447217737","22232",,,"2026-08-05 14:08:57.000","2026-08-05 17:53:12.000","2026-08-06 00:14:24.000","2026-08-06 00:19:19.000",,,,,,"1034.00","5999.00","4965.00","104.00","0.00","0.00","0.00","Panvel","MH","410206","940"
"19498","81","SJIT","'133781360035507683803","100264863975","11319598793","b23e4c36-565b-4a66-9739-73fae3998c90","5975764085","2026-08-05 18:37:08.000","33750538","IKR1048YKBLUE-XL","109040191","IRASTOPS109040191","XL","IKR1048YKBLUE","IKRASS","IKRASS Printed Roll-Up Sleeve Denim Indigo Shirt Style Top","Tops","SH","1000103513406","1935988701","flipkartlogistics","MYSP1447380229","81",,,"2026-08-05 23:53:35.000",,"2026-08-06 00:15:20.000","2026-08-06 00:22:24.000",,,,,,"483.00","2999.00","2516.00","0.00","0.00","0.00","0.00","Thane","MH","400615","448"
"19498","22232","PPMP","'133779900163951390703","100264441872","11319176422","1832e69e-7289-43d4-bf32-10e1e1817bc7","5975504484","2026-08-05 14:33:50.000","39276228","KL_5040PLYKBEIGE-XXL","125399344","KALNTRSR125399344","36","KL_5040PLYKBEIGE","KALINI","KALINI Women Original Easy Wash Pleated Trousers","Trousers","PK","1000103261153",,"EK_E2E","MYEC1113902654","22232",,,"2026-08-05 16:18:12.000","2026-08-05 17:14:36.000",,,,,,,,"561.00","2599.00","2038.00","0.00","0.00","0.00","0.00","Daltonganj","JH","822101","502"
"19498","22232","PPMP","'133782910900494166501","100265372083","11320106908","afaf0139-6aad-4ba3-b9fa-8166193a1b15","5976075999","2026-08-05 22:55:38.000","39158896","KL_4006DRSRED-M","124985520","KALNKRTI124985520","M","KL_4006DRSRED","KALINI","KALINI Geometric Printed Pure Cotton Empire Kurti","Kurtis","WP",,,"flipkartlogistics",,"22232",,,,,,,,,,,,"553.00","2999.00","2446.00","0.00","0.00","0.00","0.00","Hyderabad","TG","500011","494"
"19498","22232","PPMP","'133777861842573206101","100263883282","11318617577","6b0ddd16-da8e-4c34-a2d4-aa7fc2b04a47","5975169323","2026-08-05 08:54:07.000","43513560","KL_1932PLYKBLACK-4XL","138850016","KALNKRTA138850016","4XL","KL_1932PLYKBLACK","KALINI","KALINI Women Ethnic Motifs Printed Thread Work Anarkali Kurta","Kurtas","SH","1000102793017",,"flipkartlogistics","MYSC1329012254","22232",,,"2026-08-05 11:13:05.000","2026-08-05 17:42:59.000","2026-08-06 03:56:38.000","2026-08-06 04:03:27.000",,,,,,"951.00","2999.00","2048.00","0.00","0.00","0.00","0.00","Mumbai","MH","401107","857"
"19498","22232","PPMP","'133779498255713661001","100264327878","11319062428","b31ffd50-103e-4e6a-b416-9fca952a9eb7","5975433195","2026-08-05 13:26:50.000","38821675","KL_7100YKTEAL-S-M","123894599","KALNSRBL123894599","S/M","KL_7100YKTEAL","KALINI","KALINI Women Solid Stretchable V-Neck Front Open Saree Blouse","Saree Blouse","SH","1000103212461",,"EK_E2E","MYEC1113898926","22232",,,"2026-08-05 15:25:06.000","2026-08-05 17:14:29.000","2026-08-05 23:58:51.000","2026-08-06 00:06:01.000",,,,,,"401.00","1999.00","1598.00","0.00","0.00","0.00","0.00","Rajahmundry","AP","533107","366"
"19498","22232","PPMP","'133781173925148050403","100264810435","11319545251","cb5d92b0-be45-4d6e-976b-7bb5e1d9c739","5975730871","2026-08-05 18:06:07.000","30227867","655KL1202PLYKBLUE-5XL","97263743","KALNNTST97263743","5XL","655KL1202PLYKBLUE","KALINI","KALINI Women Printed Night suit","Night suits","WP",,,"flipkartlogistics",,"22232",,,,,,,,,,,,"724.00","2199.00","1475.00","0.00","0.00","0.00","0.00","Ranchi","JH","834008","630"
"19498","22232","PPMP","'133776775679270999001","100263765669","11318499964","5bcecc16-031b-4935-80f7-089adc7baf24","5975095625","2026-08-05 05:53:05.000","31585769","IKRAK-142BLACK-5XL","101758809","IRASKRTI101758809","5XL","IKRAK-142BLACK","IKRASS","IKRASS Women Floral Printed V-Neck Pure Cotton Daily Kurti","Tunics","SH","1000102425752",,"EK_E2E","MYEC1113788621","22232",,,"2026-08-05 09:16:20.000","2026-08-05 17:14:29.000","2026-08-05 23:57:47.000","2026-08-06 00:02:45.000",,,,,,"491.00","3049.00","2558.00","0.00","0.00","0.00","0.00","Jaigaon","WB","736182","456"
"19498","22232","PPMP","'133779677204537083901","100264378960","11319113510","3b3e252d-8991-4a33-a641-a6ba06270305","5975465268","2026-08-05 13:56:41.000","33741537","IKR1557PLYKRED-5XL","109011083","IRASKRTI109011083","5XL","IKR1557PLYKRED","IKRASS","IKRASS Women Plus Size Floral Printed Tie-Up Neck Kurti","Kurtis","SH","1000103212500",,"flipkartlogistics","MYSC1329131700","22232",,,"2026-08-05 15:25:08.000","2026-08-05 17:53:12.000","2026-08-06 00:33:44.000","2026-08-06 00:41:05.000",,,,,,"442.00","2599.00","2157.00","0.00","0.00","0.00","0.00","Nagpur","MH","440014","407"
"19498","81","SJIT","'133782480703902121503","100265212109","11319946932","a3148abb-d471-4532-9065-8a306a09862d","5975981626","2026-08-05 21:43:56.000","28878018","234KL165YK251MUSTRAD-XL","92764688","KALNKRTA92764688","XL","234KL165YK251MUSTRAD","KALINI","KALINI Women Mustard Yellow Floral Printed Angrakha Anarkali Kurta with Tassel Tie-Up","Kurtas","SH","1000103513501","1935991896","flipkartlogistics","MYSP1447380715","81",,,"2026-08-05 23:53:47.000",,"2026-08-06 00:08:52.000","2026-08-06 00:13:08.000",,,,,,"574.00","2199.00","1625.00","0.00","0.00","0.00","0.00","Nanded","MH","431603","515"
"19498","22232","PPMP","'133780598009603475101","100264646068","11319380795","a865d0e5-694a-4e9c-999e-1c6cbfc74fc5","5975630383","2026-08-05 16:30:08.000","30198072","549KL1069YKBLUE-M","97165930","KALNTOPS97165930","M","549KL1069YKBLUE","KALINI","KALINI Women's Floral Cotton High-Low Top","Tops","WP",,,"flipkartlogistics",,"22232",,,,,,,,,,,,"401.00","1999.00","1598.00","0.00","0.00","0.00","0.00","Trivandrum","KL","695009","366"
"19498","22232","PPMP","'133779698439085061203","100264385084","11319119634","11f6fcbd-add8-4113-89e9-da1dbef6bbbf","5975469004","2026-08-05 14:00:12.000","33740927","IKR165YK251MUSTRAD-XL","109009165","IRASKRTA109009165","XL","IKR165YK251MUSTRAD","IKRASS","IKRASS Floral Yoke Design Angrakha V-Neck Patchwork A-Line Kurta","Kurtas","F",,,"EK_E2E",,"22232","43","Cash Issue",,,,,,"2026-08-05 14:04:57.000",,,,"592.00","2199.00","1607.00","208.00","0.00","0.00","0.00","Krishnagar","WB","741101","533"
"19498","22232","PPMP","'133778466960074457901","100264022351","11318756828","a4770079-a1c9-45b7-ac90-8c555807a0a5","5975252468","2026-08-05 10:34:58.000","33706448","IKR1224YKPINK-XL","108891172","IRASKRTA108891172","XL","IKR1224YKPINK","IKRASS","IKRASS Floral Printed V-Neck Chikankari Anarkali Cotton Kurta","Kurtas","PK","1000103097874",,"EK_E2E","MYEP1130474817","22232",,,"2026-08-05 13:52:53.000","2026-08-05 17:14:36.000",,,,,,,,"748.00","2399.00","1651.00","75.00","0.00","0.00","0.00","Nagercoil","TN","629001","689"
"19498","22232","PPMP","'133775058359352215901","100263657423","11318391717","79d23c6d-e021-4d73-980a-5f1338d68378","5975038358","2026-08-05 01:06:52.000","39201544","KL_1784YKDPINK-L","125120225","KALNKASS125120225","L","KL_1784YKDPINK","KALINI","KALINI Ethnic Motifs Printed Regular Thread Work Pure Cotton Kurta with Trousers & Dupatta","Kurta Sets","F",,,"EK_E2E",,"22232","43","Cash Issue",,,,,,"2026-08-05 01:09:27.000",,,,"1089.00","4999.00","3910.00","0.00","0.00","0.00","0.00","Dinhata","WB","736135","971"
"19498","15774","SJIT","'133782493376541762401","100265216392","11319951215","01d7bf2a-c7ed-445a-8187-6826dbfcad59","5975984254","2026-08-05 21:46:02.000","28878018","234KL165YK251MUSTRAD-XS","92764686","KALNKRTA92764686","XS","234KL165YK251MUSTRAD","KALINI","KALINI Women Mustard Yellow Floral Printed Angrakha Anarkali Kurta with Tassel Tie-Up","Kurtas","SH","1000103581382","1936039318","flipkartlogistics","MYSC1329255200","15774",,,"2026-08-06 01:55:14.000",,"2026-08-06 01:59:35.000","2026-08-06 02:04:15.000",,,,,,"574.00","2199.00","1625.00","0.00","0.00","0.00","0.00","Agartala","TR","799003","515"
"19498","81","SJIT","'133783268232933401401","100265500351","11320235178","510e665d-2434-4c3c-a243-4818ad33949e","5976147888","2026-08-05 23:55:11.000","32008834","IKR1771PLYKDGREEN-3XL","103049842","IRASKASS103049842","3XL","IKR1771PLYKDGREEN","IKRASS","IKRASS Plus Size Floral Printed Mirror Work Cotton Straight Kurta with Trousers","Kurta Sets","SH","1000103572697","1936054514","flipkartlogistics","MYSP1447409031","81",,,"2026-08-06 01:41:20.000",,"2026-08-06 01:46:55.000","2026-08-06 01:53:08.000",,,,,,"944.00","5999.00","5055.00","95.00","0.00","0.00","0.00","Gurugram","HR","122006","826"
"19498","22232","PPMP","'133781555709227746601","100264920922","11319655740","0306e37e-12ed-4e77-bf6a-ff2256cceea2","5975800373","2026-08-05 19:09:45.000","35283083","IKR1359PLYKNGREEN-7XL","113177388","IRASKRTA113177388","7XL","IKR1359PLYKNGREEN","IKRASS","IKRASS Women Floral Printed Festive Anarkali Kurta","Kurtas","WP",,,"Shadowfax",,"22232",,,,,,,,,,,,"856.00","4399.00","3543.00","0.00","0.00","0.00","0.00","West Godavari","AP","534462","762"
"19498","22232","PPMP","'133778931233060429203","100264157416","11318891960","a44cd646-48ad-44ca-962c-f078cb1e2351","5975331323","2026-08-05 11:52:20.000","33741626","IKR1057PLYKBLUE-4XL","109011461","IRASTNIC109011461","4XL","IKR1057PLYKBLUE","IKRASS","IKRASS Women Plus size Striped Cotton Tunic","Tunics","SH","1000103002246",,"flipkartlogistics","MYSC1329068745","22232",,,"2026-08-05 12:50:59.000","2026-08-05 17:53:09.000","2026-08-06 01:44:16.000","2026-08-06 01:51:13.000",,,,,,"541.00","3599.00","3058.00","0.00","0.00","0.00","0.00","Gandhidham","GJ","370201","482"
"19498","22232","PPMP","'133779841847984336401","100264425326","11319159876","4cebbe26-58ef-4555-9ba3-b6d4aa105c2a","5975494386","2026-08-05 14:24:06.000","30256963","683KL5010YKWHITE-XL","97349311","KALNTRSR97349311","34","683KL5010YKWHITE","KALINI","KALINI Women Regular Fit Pleated Trousers","Trousers","SH","1000103262111",,"flipkartlogistics","MYSP1447275362","22232",,,"2026-08-05 16:19:32.000","2026-08-05 17:53:16.000","2026-08-06 01:59:42.000","2026-08-06 02:06:03.000",,,,,,"483.00","2399.00","1916.00","0.00","0.00","0.00","0.00","Bengaluru","KA","560050","448"
"19498","22232","PPMP","'133777974889162118403","100263904947","11318639242","d34b747d-396d-469a-959e-e72acce1838f","5975182665","2026-08-05 09:12:57.000","33707701","IKR1330YKBLUE-S","108895828","IRASKRTA108895828","S","IKR1330YKBLUE","IKRASS","IKRASS Floral Printed Anarkali Kurta","Kurtas","SH","1000102667144",,"flipkartlogistics","MYSC1328979068","22232",,,"2026-08-05 10:30:41.000","2026-08-05 17:43:01.000","2026-08-06 00:30:29.000","2026-08-06 00:36:51.000",,,,,,"746.00","4399.00","3653.00","0.00","0.00","0.00","0.00","Bangalore","KA","560037","687"
"19498","22232","PPMP","'133780314220880046301","100264564270","11319298894","6ab9916d-70b9-4da8-9bfd-ef6ffd36e7c4","5975579802","2026-08-05 15:42:50.000","36967443","KL_1509YKPINK-XL","118284415","KALNDRSS118284415","XL","KL_1509YKPINK","KALINI","KALINI Women Plus Size Geometric Printed Kimono Sleeve Maternity Kaftan Midi Dress","Dresses","SH","1000103255132",,"flipkartlogistics","MYSP1447273242","22232",,,"2026-08-05 16:10:29.000","2026-08-05 17:53:09.000","2026-08-06 01:24:25.000","2026-08-06 01:28:39.000",,,,,,"879.00","4599.00","3720.00","0.00","0.00","0.00","0.00","Bangalore","KA","560001","785"
"19498","22232","PPMP","'133778878543004507301","100264141396","11318875930","757c4afb-8ad5-49c0-b058-3963864a0ecf","5975322023","2026-08-05 11:43:33.000","36964893","KL_1112PLDPT21MULTI-3XL","118276428","KALNKASS118276428","3XL","KL_1112PLDPT21MULTI","KALINI","KALINI Geometric Printed Regular Mandarin Collar A-Line Kurta With Dupatta","Kurtas","PK","1000103119153",,"EK_E2E","MYEC1113891169","22232",,,"2026-08-05 14:08:17.000","2026-08-05 17:14:34.000",,,,,,,,"863.00","5099.00","4236.00","0.00","0.00","0.00","0.00","Puttur","KA","574201","769"
"19498","22232","PPMP","'133782364569894671203","100265172660","11319907483","19bea420-4382-4b8f-a37c-fdeb1838a5ea","5975957737","2026-08-05 21:24:34.000","40454303","SZ_1537PLYKRED-8XL","129425953","SZTRKRTA129425953","8XL","SZ_1537PLYKRED","Sztori","Sztori Women's Floral Printed Anarkali Kurta Red Kurtas","Kurtas","WP",,,"EK_E2E",,"22232",,,,,,,,,,,,"921.00","4299.00","3378.00","0.00","0.00","0.00","0.00","Farrukhabad","UP","209625","827"
"19498","22232","PPMP","'133778581230381838501","100264054853","11318789349","df4f93f1-c587-4df5-94a3-5d1233b11927","5975271015","2026-08-05 10:54:00.000","33706248","IKR1052PLYKGREEN-3XL","108890723","IRASKRTA108890723","3XL","IKR1052PLYKGREEN","IKRASS","IKRASS Women Embroidered Anarkali Kurta","Kurtas","PK","1000103096804",,"flipkartlogistics","MYSC1329095103","22232",,,"2026-08-05 13:52:11.000","2026-08-05 17:42:52.000",,,,,,,,"635.00","3999.00","3364.00","0.00","0.00","0.00","0.00","Greater Noida","UP","201310","576"
"19498","22232","PPMP","'133780205148602482803","100264532060","11319266617","606ba98e-fe8c-4553-891f-75df690814cf","5975560493","2026-08-05 15:24:39.000","36967467","KL_1605YKBLUE-XL","118284507","KALNDRSS118284507","XL","KL_1605YKBLUE","KALINI","KALINI Women Cotton A-Line Dresses","Dresses","SH","1000103255501",,"delhivery","5965718320693","22232",,,"2026-08-05 16:10:57.000","2026-08-05 17:53:16.000","2026-08-06 00:34:59.000","2026-08-06 03:38:22.000",,,,,,"721.00","4649.00","3928.00","87.00","0.00","0.00","0.00","Kottayam","KL","686533","662"
"19498","22232","PPMP","'133775442959112760403","100263709674","11318443968","dbb689d8-48be-4def-956c-2399988a2398","5975066163","2026-08-05 02:10:58.000","38982134","KL_1729YKGREEN-M","124370701","KALNDRSS124370701","M","KL_1729YKGREEN","KALINI","KALINI Floral Print Batwing Sleeve Kaftan Dress","Dresses","PK","1000102817752",,"flipkartlogistics","MYSP1447103254","22232",,,"2026-08-05 11:21:32.000","2026-08-05 17:42:55.000",,,,,,,,"499.00","2999.00","2500.00","0.00","0.00","0.00","0.00","New Delhi","DL","110017","464"
"19498","36","SJIT","'133782246264998110303","100265134393","11319869216","5b158688-1d10-4f38-aa44-a937b9583933","5975933902","2026-08-05 21:04:51.000","28697770","187KL315YK251TEAL-L","92190926","KALNKRTA92190926","L","187KL315YK251TEAL","KALINI","KALINI Floral Embroidered Anarkali Kurta","Kurtas","SH","1000103509961","1935970955","flipkartlogistics","MYSP1447378927","36",,,"2026-08-05 23:46:45.000",,"2026-08-05 23:50:46.000","2026-08-05 23:57:01.000",,,,,,"572.00","2999.00","2427.00","0.00","0.00","0.00","0.00","Bangalore","KA","560043","513"
"19498","22232","PPMP","'133782756809573158801","100265313063","11320047888","f3946902-8774-4396-8045-0f33c2582840","5976041747","2026-08-05 22:29:56.000","33750522","IKR1069PLYKBLUE-5XL","109040120","IRASTOPS109040120","5XL","IKR1069PLYKBLUE","IKRASS","IKRASS Embroidered Cotton Top","Tops","WP",,,"flipkartlogistics",,"22232",,,,,,,,,,,,"406.00","1999.00","1593.00","41.00","0.00","0.00","0.00","Kolkata","WB","700092","371"
"19498","22232","PPMP","'133776292670827718001","100263751797","11318486092","00e329c6-c564-4cd3-8259-22f10a3e2fab","5975088022","2026-08-05 04:32:35.000","33774357","IKR318PLYK406YELLOW-5XL","109122664","IRASTOPS109122664","5XL","IKR318PLYK406YELLOW","IKRASS","IKRASS Women Round Neck Shoulder Straps Cotton Top","Tops","PK","1000102422919",,"flipkartlogistics","MYSC1328917439","22232",,,"2026-08-05 09:15:24.000","2026-08-05 17:42:54.000",,,,,,,,"437.00","1899.00","1462.00","0.00","0.00","0.00","0.00","New Delhi","DL","110015","402"
"19498","22232","PPMP","'133781878122375418503","100265019308","11319754128","f66f0df1-1285-4426-ad16-bbb0f2ec97fe","5975862296","2026-08-05 20:03:29.000","28878016","266KL1528PLYKMULTI-5XL","92764680","KALNKRTA92764680","5XL","266KL1528PLYKMULTI","KALINI","KALINI Plus Size Geometric Printed A-Line Kurta","Kurtas","WP",,,"flipkartlogistics",,"22232",,,,,,,,,,,,"700.00","3699.00","2999.00","0.00","0.00","0.00","0.00","Faridabad","HR","121002","641"
"19498","22232","PPMP","'133776492180797788503","100263756896","11318491191","93b844c3-61e2-4d07-a88a-0581feaae89e","5975090809","2026-08-05 05:05:51.000","30257621","712KL1362PLYKBLACK-5XL","97352523","KALNDRSS97352523","5XL","712KL1362PLYKBLACK","KALINI","KALINI Women's Cotton Floral Printed Plus Size Kaftan","Dresses","PK","1000102816112",,"EK_E2E","MYEP1130431924","22232",,,"2026-08-05 11:20:53.000","2026-08-05 17:14:34.000",,,,,,,,"823.00","3039.00","2216.00","0.00","0.00","0.00","0.00","Siwan","BR","841226","729"
"19498","22232","PPMP","'133781538767237490001","100264915954","11319650772","e2b39b79-e90e-4dd3-9a88-2b178dbdd5b2","5975797220","2026-08-05 19:06:56.000","38056637","KL_7088YKBLUE-L-XL","121549071","KALNSRBL121549071","L/XL","KL_7088YKBLUE","KALINI","KALINI Printed Round Neck Saree Blouse","Saree Blouse","WP",,,"EK_E2E",,"22232",,,,,,,,,,,,"531.00","2599.00","2068.00","0.00","0.00","0.00","0.00","Mehsana","GJ","384170","472"
"19498","22232","PPMP","'133776248360412270603","100263750609","11318484904","1515c6e4-4ffb-493d-a8f2-e6daa4350508","5975087411","2026-08-05 04:25:12.000","27468314","65KL1127YKMAROON-XXL","88497262","KALNKASS88497262","XXL","65KL1127YKMAROON","KALINI","KALINI Mandarin Collar Roll-Up Sleeves Pure Cotton Straight Kurta With Printed Palazzo","Kurta Sets","SH","1000102817265",,"flipkartlogistics","MYSP1447103280","22232",,,"2026-08-05 11:21:20.000","2026-08-05 17:43:03.000","2026-08-05 23:25:04.000","2026-08-05 23:32:23.000",,,,,,"923.00","4999.00","4076.00","0.00","0.00","0.00","0.00","Bangalore","KA","560072","805"
"19498","22232","PPMP","'133782933982734558701","100265380481","11320115307","eae84e72-25c9-4324-9288-c3d3cbe607f4","5976080902","2026-08-05 22:59:29.000","33707701","IKR1330YKBLUE-XL","108895829","IRASKRTA108895829","XL","IKR1330YKBLUE","IKRASS","IKRASS Floral Printed Anarkali Kurta","Kurtas","WP",,,"flipkartlogistics",,"22232",,,,,,,,,,,,"746.00","4399.00","3653.00","71.00","0.00","0.00","0.00","Bangalore","KA","560043","687"
"19498","22232","PPMP","'133782795463823627201","100265327668","11320062494","0802cb4c-a173-4c98-b182-bdec4f9a469f","5976050514","2026-08-05 22:36:23.000","40324168","IKR_AK-203BLUE-3XL","129011027","IRASTOPS129011027","3XL","IKR_AK-203BLUE","IKRASS","IKRASS Blue Abstract Print V-Neck Cotton Top","Tops","WP",,,"flipkartlogistics",,"22232",,,,,,,,,,,,"442.00","2599.00","2157.00","0.00","0.00","0.00","0.00","New Delhi","DL","110092","407"
"19498","22232","PPMP","'133781210478959028701","100264820934","11319555751","2af4e57c-7422-4af3-a568-db350e8366a8","5975737334","2026-08-05 18:12:13.000","33740928","IKR1593PLYKNGREEN-8XL","109009169","IRASKRTA109009169","8XL","IKR1593PLYKNGREEN","IKRASS","IKRASS Plus Size Geometric Printed Mandarin Collar Empire Anarkali Kurta","Kurtas","WP",,,"flipkartlogistics",,"22232",,,,,,,,,,,,"850.00","4599.00","3749.00","0.00","0.00","0.00","0.00","Chennai","TN","600130","756"
"19498","22232","PPMP","'133779616461176639803","100264361356","11319095906","9c46fe80-0e7a-4537-a647-a20bda0b17f5","5975454098","2026-08-05 13:46:33.000","33774335","IKR237YK345PINK-M","109122605","IRASTOPS109122605","M","IKR237YK345PINK","IKRASS","IKRASS Pink Ethnic Motif Bell Sleeve Top","Tops","SH","1000103212720",,"EK_E2E","MYEC1113898921","22232",,,"2026-08-05 15:25:20.000","2026-08-05 17:14:29.000","2026-08-05 23:18:18.000","2026-08-05 23:24:45.000",,,,,,"456.00","2699.00","2243.00","0.00","0.00","0.00","0.00","Mainpuri","UP","205262","421"
"19498","15774","SJIT","'133779486916402434403","100264324603","11319059153","a7824ae1-5215-478b-817f-82f619a96e63","5975431211","2026-08-05 13:24:58.000","29872841","471KL1341PLYKGREEN-4XL","96091569","KALNKRTI96091569","4XL","471KL1341PLYKGREEN","KALINI","KALINI Keyhole Neck Ethnic Printed A-line Plus Size Short Kurti","Kurtis","SH","1000103223162","1935756212","flipkartlogistics","MYSC1329135785","15774",,,"2026-08-05 15:35:31.000",,"2026-08-05 15:43:22.000","2026-08-05 15:49:49.000",,,,,,"572.00","2799.00","2227.00","20.00","0.00","0.00","0.00","Rupa","AR","790003","513"
"19498","22232","PPMP","'133782149352918695801","100265103984","11319838806","424a468d-046e-4fe6-b582-fc784678e032","5975914903","2026-08-05 20:48:42.000","30256928","685KL5011YKOWHITE-M","97349173","KALNTRSR97349173","30","685KL5011YKOWHITE","KALINI","KALINI Women Straight Fit Mid-Rise Flat-Front Trousers","Trousers","WP",,,"flipkartlogistics",,"22232",,,,,,,,,,,,"480.00","2599.00","2119.00","0.00","0.00","0.00","0.00","Thane","MH","421204","445"
"19498","22232","PPMP","'133779255303808467003","100264255565","11318990115","92dce843-4179-4be3-ba70-0c1e591a118f","5975389904","2026-08-05 12:46:22.000","32772058","802KL241PLYKN287BLACKRAY-6XL","105630302","KALNKRTA105630302","6XL","802KL241PLYKN287BLACKRAY","KALINI","KALINI V-Neck Beads and Stones Angrakha Anarkali Kurta","Kurtas","PK","1000103090650",,"flipkartlogistics","MYSP1447205713","22232",,,"2026-08-05 13:47:45.000","2026-08-05 17:53:12.000",,,,,,,,"1041.00","5949.00","4908.00","0.00","0.00","0.00","0.00","Gurgaon","HR","122006","947"
"19498","22232","PPMP","'133777616535765096103","100263839916","11318574211","9b43a464-d1ce-48e9-94e2-8f4ec9029bda","5975142941","2026-08-05 08:13:14.000","39318204","IKR_1341PLYKNGREEN-8XL","125500600","IRASKRTI125500600","8XL","IKR_1341PLYKNGREEN","IKRASS","IKRASS Ethnic Motifs Printed Flared Sleeves Panelled Kurti","Kurtis","SH","1000102425418",,"flipkartlogistics","MYSP1446964026","22232",,,"2026-08-05 09:16:11.000","2026-08-05 17:43:04.000","2026-08-05 23:32:01.000","2026-08-05 23:37:06.000",,,,,,"609.00","2799.00","2190.00","0.00","0.00","0.00","0.00","Hyderabad","TG","500011","550"
"19498","22232","PPMP","'133782086474322765601","100265084169","11319818991","ed8fb14f-2b07-438a-9019-382467dfc5fb","5975902709","2026-08-05 20:38:13.000","33741535","IKR1557YKRED-XL","109011075","IRASKRTI109011075","XL","IKR1557YKRED","IKRASS","IKRASS Floral Printed Kurti","Kurtis","WP",,,"flipkartlogistics",,"22232",,,,,,,,,,,,"433.00","2299.00","1866.00","0.00","0.00","0.00","0.00","New Delhi","DL","110091","398"
"19498","22232","PPMP","'133780094684640491803","100264499905","11319234455","cbb3e64b-585b-4ccf-962b-0f7398cad83f","5975540599","2026-08-05 15:06:15.000","31585785","IKRAK-141PINK-3XL","101758847","IRASKRTI101758847","3XL","IKRAK-141PINK","IKRASS","IKRASS Women Plus Size Floral Printed Round Neck Kurti","Kurtis","SH","1000103212773",,"flipkartlogistics","MYSP1447256498","22232",,,"2026-08-05 15:25:23.000","2026-08-05 17:53:15.000","2026-08-06 00:17:44.000","2026-08-06 00:25:01.000",,,,,,"442.00","2999.00","2557.00","45.00","0.00","0.00","0.00","Mumbai","MH","400097","407"
"19498","22232","PPMP","'133775136542515143401","100263671143","11318405438","fcfb5130-6610-4d5e-a75e-460b9993ed5f","5975045484","2026-08-05 01:19:54.000","40454017","SZ_126YK240BLACK-3XL","129424825","SZTRKRTA129424825","3XL","SZ_126YK240BLACK","Sztori","Sztori Women's Cotton Slub A-line Kalamkari Kurta","Kurtas","SH","1000102650847",,"flipkartlogistics","MYSC1328974864","22232",,,"2026-08-05 10:25:52.000","2026-08-05 17:43:01.000","2026-08-06 03:32:33.000","2026-08-06 03:37:55.000",,,,,,"731.00","2099.00","1368.00","0.00","0.00","0.00","0.00","Tambaram","TN","600126","672"
"19498","22232","PPMP","'133782443324692083403","100265198971","11319933794","97d274ff-f923-4158-ab45-f561832f0ac0","5975973794","2026-08-05 21:37:41.000","28878056","246KL1566YKGREEN-XL","92764842","KALNKRTA92764842","XL","246KL1566YKGREEN","KALINI","KALINI Floral Printed Regular Thread Work Pintucks Anarkali Kurta","Kurtas","WP",,,"EK_E2E",,"22232",,,,,,,,,,,,"817.00","4249.00","3432.00","0.00","0.00","0.00","0.00","Madhubani","BR","847211","723"
"19498","22232","PPMP","'133778702232529069001","100264089447","11318823959","16120411-1067-4193-8f52-3e2bc9c3c40b","5975291214","2026-08-05 11:14:12.000","36967805","KL_5038PLYKPOWDERBLUE-5XL","118285626","KALNTRSR118285626","42","KL_5038PLYKPOWDERBLUE","KALINI","KALINI Women Solid Regular Fit Mid-Rise Pleated Trousers","Trousers","SH","1000103109300",,"flipkartlogistics","MYSP1447212640","22232",,,"2026-08-05 14:02:22.000","2026-08-05 17:53:18.000","2026-08-06 01:56:23.000","2026-08-06 02:01:51.000",,,,,,"641.00","2599.00","1958.00","0.00","0.00","0.00","0.00","Hyderabad","TG","500030","582"
"19498","22232","PPMP","'133780509078759232903","100264620315","11319355025","392c6e7f-a697-4d84-a601-e5d3bb86c952","5975614551","2026-08-05 16:15:19.000","43415257","KL_165YKC251MUSTRAD-L","138561372","KALNKRTA138561372","L","165YKC251MUSTRAD","KALINI","KALINI Women Anarkali Kurta","Kurtas","WP",,,"Shadowfax",,"22232",,,,,,,,,,,,"650.00","3749.00","3099.00","0.00","0.00","0.00","0.00","Tarn Taran","PB","143422","591"
"19498","22232","PPMP","'133775905818130128203","100263739159","11318473454","6c360bcb-6508-4d08-8852-ed5989f01a39","5975081602","2026-08-05 03:28:07.000","39287059","IKR_1890YKMULTI-XS","125437317","IRASTOPS125437317","XS","IKR_1890YKMULTI","IKRASS","IKRASS Print Cotton Top","Tops","SH","1000102426640",,"flipkartlogistics","MYSC1328918196","22232",,,"2026-08-05 09:16:38.000","2026-08-05 17:43:01.000","2026-08-05 23:49:42.000","2026-08-05 23:56:48.000",,,,,,"379.00","2599.00","2220.00","0.00","0.00","0.00","0.00","Vishakhapatnam","AP","530013","344"
"19498","36","SJIT","'133777100311546129703","100263782140","11318516435","09ec9ea2-a1e3-4239-af26-0637916092d1","5975105970","2026-08-05 06:47:12.000","28878018","234KL165YK251MUSTRAD-L","92764694","KALNKRTA92764694","L","234KL165YK251MUSTRAD","KALINI","KALINI Women Mustard Yellow Floral Printed Angrakha Anarkali Kurta with Tassel Tie-Up","Kurtas","SH","1000102985009","1935644575","flipkartlogistics","MYSC1329064365","36",,,"2026-08-05 12:40:22.000",,"2026-08-05 12:44:23.000","2026-08-05 12:50:37.000",,,,,,"574.00","2199.00","1625.00","0.00","0.00","0.00","0.00","Hyderabad, ","TG","500035","515"
"19498","22232","PPMP","'133776541761572089401","100263758102","11318492397","bbf897c1-01fb-4c54-ad16-72eac29c3750","5975091450","2026-08-05 05:14:06.000","36967794","KL_5033YKBEIGE-M","118285585","KALNTRSR118285585","30","KL_5033YKBEIGE","KALINI","KALINI Women Lycra Casual Regular Trousers","Trousers","PK","1000102815393",,"EK_E2E","MYEP1130431936","22232",,,"2026-08-05 11:20:39.000","2026-08-05 17:14:29.000",,,,,,,,"546.00","3199.00","2653.00","0.00","0.00","0.00","0.00","Muzaffarpur","BR","843105","487"
"19498","22232","PPMP","'133777933891777210301","100263896726","11318631021","0cbfe632-19d8-46bc-abd7-f3bf87556e12","5975177670","2026-08-05 09:06:08.000","38821675","KL_7100YKTEAL-S-M","123894599","KALNSRBL123894599","S/M","KL_7100YKTEAL","KALINI","KALINI Women Solid Stretchable V-Neck Front Open Saree Blouse","Saree Blouse","PK","1000102420414",,"EK_E2E","MYEP1130365051","22232",,,"2026-08-05 09:14:51.000","2026-08-05 17:14:31.000",,,,,,,,"401.00","1999.00","1598.00","0.00","0.00","0.00","0.00","Hyderabad","TG","500064","366"
"19498","22232","PPMP","'133778438399433565603","100264014457","11318748931","aa5cf2ba-50bd-4253-9389-7544a8d19462","5975248017","2026-08-05 10:30:12.000","33741535","IKR1557YKRED-L","109011072","IRASKRTI109011072","L","IKR1557YKRED","IKRASS","IKRASS Floral Printed Kurti","Kurtis","PK","1000103001990",,"EK_E2E","MYEC1113875987","22232","34","Wants to change style/color","2026-08-05 12:50:49.000",,,,,,,,,"433.00","2299.00","1866.00","0.00","0.00","0.00","0.00","Bhubaneswar","OR","751006","398"
"19498","22232","PPMP","'133781002507552723503","100264760773","11319495568","3bfef506-752b-4df5-a37e-e209aa6fef63","5975700578","2026-08-05 17:37:34.000","36967804","KL_5037YKPINK-M","118285621","KALNTRSR118285621","30","KL_5037YKPINK","KALINI","KALINI Women Cotton Casual Regular Trousers","Trousers","WP",,,"flipkartlogistics",,"22232",,,,,,,,,,,,"472.00","2599.00","2127.00","0.00","0.00","0.00","0.00","Bilaspur","CT","495001","437"
"19498","22232","PPMP","'133778056371179610901","100263921213","11318655514","a27fb258-053e-42c5-a5a5-9946a0c4d245","5975192870","2026-08-05 09:26:33.000","33741533","IKR1556PLYKGREEN-XXL","109011067","IRASKRTI109011067","XXL","IKR1556PLYKGREEN","IKRASS","IKRASS Printed Tie-Up Neck Kurtis","Kurtis","PK","1000103002587",,"flipkartlogistics","MYSC1329068486","22232",,,"2026-08-05 12:51:11.000","2026-08-05 17:42:45.000",,,,,,,,"442.00","2599.00","2157.00","0.00","0.00","0.00","0.00","New Delhi","DL","110047","407"
"19498","22232","PPMP","'133778241026779808603","100263963736","11318698163","e8abe8ba-a4f2-491e-817c-41ebb03e01db","5975218312","2026-08-05 09:57:19.000","40454170","SZ_1879YKSKYBLUE-3XL","129425387","SZTRKRTA129425387","3XL","SZ_1879YKSKYBLUE","Sztori","Sztori Women's Cotton Floral Printed 3 4th Sleeve Embroidered Work Anarkali Kurta with Dupatta","Kurtas","PK","1000103088136",,"flipkartlogistics","MYSP1447204928","22232",,,"2026-08-05 13:45:51.000","2026-08-05 17:53:15.000",,,,,,,,"953.00","4999.00","4046.00","0.00","0.00","0.00","0.00","Gurgaon","HR","122002","859"
"19498","36","SJIT","'133782895400333484003","100265366171","11320100996","f9accd51-cb1e-478d-ae03-91e02e21304c","5976072661","2026-08-05 22:53:02.000","28697746","224KL190YK214MEHROON-L","92190812","KALNKRTA92190812","L","224KL190YK214MEHROON","KALINI","KALINI Round Neck Floral Printed Cotton  Anarkali Kurta","Kurtas","PK","1000103661450","1936105574","flipkartlogistics","MYSC1329285794","36",,,"2026-08-06 04:16:55.000",,"2026-08-06 04:46:41.000","2026-08-06 04:53:05.000",,,,,,"670.00","2499.00","1829.00","0.00","0.00","0.00","0.00","Hyderabad","TG","500090","611"
"19498","22232","PPMP","'133780992445032428703","100264757980","11319492773","8b306d81-b497-4392-ba17-d8aa57d463d8","5975698896","2026-08-05 17:35:52.000","33565889","855KL1887PLYKBLACK-XXL","108403936","KALNKASS108403936","XXL","855KL1887PLYKBLACK","KALINI","KALINI Mandarin Collar Cotton Slub A-Line Kurta With Kalamkari Printed Palazzos","Kurta Sets","F",,,"flipkartlogistics",,"22232","44","Ordered By Mistake",,,,,,"2026-08-05 20:38:38.000",,,,"932.00","4999.00","4067.00","0.00","0.00","0.00","0.00","Delhi","DL","110046","814"
"19498","22232","PPMP","'133781068234014060603","100264779609","11319514411","02629139-5372-4468-b045-7f49b1731f3a","5975712067","2026-08-05 17:48:30.000","35283101","IKR1540PLYKNGREEN-8XL","113177426","IRASKRTA113177426","8XL","IKR1540PLYKNGREEN","IKRASS","IKRASS Women Floral Printed Festive Anarkali Kurta","Kurtas","WP",,,"flipkartlogistics",,"22232",,,,,,,,,,,,"818.00","3999.00","3181.00","0.00","0.00","0.00","0.00","Chennai","TN","600130","724"
"19498","81","SJIT","'133780772722679740303","100264696214","11319430971","e29d2ca7-da40-4fbc-89fd-2f03b95f6be5","5975661383","2026-08-05 16:59:15.000","28878018","234KL165YK251MUSTRAD-L","92764694","KALNKRTA92764694","L","234KL165YK251MUSTRAD","KALINI","KALINI Women Mustard Yellow Floral Printed Angrakha Anarkali Kurta with Tassel Tie-Up","Kurtas","SH","1000103354853","1935856827","flipkartlogistics","MYSP1447312200","81",,,"2026-08-05 18:39:19.000",,"2026-08-05 18:47:21.000","2026-08-05 18:51:52.000",,,,,,"574.00","2199.00","1625.00","201.00","0.00","0.00","0.00","Hyderabad","TG","500040","515"
"19498","36","SJIT","'133779371777547250001","100264290747","11319025297","b5c5102e-7f68-436a-95f3-0f2b27e969f1","5975410769","2026-08-05 13:05:46.000","28421010","120KL1255PLYKMAROON-5XL","91359912","KALNKRTA91359912","5XL","120KL1255PLYKMAROON","KALINI","KALINI Ethnic Motifs Printed Anarkali Kurta","Kurtas","SH","1000103156273","1935717636","flipkartlogistics","MYSP1447232014","36",,,"2026-08-05 14:35:28.000",,"2026-08-05 14:39:45.000","2026-08-05 14:46:45.000",,,,,,"841.00","2999.00","2158.00","0.00","0.00","0.00","0.00","Hyderabad","TG","500020","747"
"19498","36","SJIT","'133783047077894159701","100265422893","11320157719","40763964-8054-4bd1-b689-b93bc439ba07","5976104755","2026-08-05 23:18:19.000","28878018","234KL165YK251MUSTRAD-XL","92764688","KALNKRTA92764688","XL","234KL165YK251MUSTRAD","KALINI","KALINI Women Mustard Yellow Floral Printed Angrakha Anarkali Kurta with Tassel Tie-Up","Kurtas","F",,,"flipkartlogistics",,"36","41","Incorrect size ordered",,,,,,"2026-08-05 23:18:38.000",,,,"574.00","2199.00","1625.00","0.00","0.00","0.00","0.00","Gudivada","AP","521301","515"
"19498","22232","PPMP","'133778089128160193403","100263928227","11318662560","3fa173d4-ba28-42c8-85d9-9ed6777971ca","5975197199","2026-08-05 09:31:59.000","37241254","IKR_1663YKMAROON-XL","119107946","IRASSHRT119107946","44","IKR_1663YKMAROON","IKRASS","IKRASS Ethnic Motifs Printed Spread Collar Relaxed FitCotton Casual Shirt","Shirts","SH","1000103102259",,"flipkartlogistics","MYSC1329097192","22232",,,"2026-08-05 13:56:12.000","2026-08-05 17:43:01.000","2026-08-05 23:31:30.000","2026-08-05 23:37:02.000",,,,,,"439.00","2999.00","2560.00","0.00","0.00","0.00","0.00","Pokhran","RJ","345023","404"
"19498","22232","PPMP","'133776983766644181001","100263774771","11318509066","d0c6568a-35a8-43fe-aff6-e2efce7b3eb7","5975101340","2026-08-05 06:27:47.000","33741533","IKR1556PLYKGREEN-XXL","109011067","IRASKRTI109011067","XXL","IKR1556PLYKGREEN","IKRASS","IKRASS Printed Tie-Up Neck Kurtis","Kurtis","SH","1000102424426",,"flipkartlogistics","MYSC1328917629","22232",,,"2026-08-05 09:15:47.000","2026-08-05 17:42:59.000","2026-08-06 03:45:11.000","2026-08-06 03:52:04.000",,,,,,"442.00","2599.00","2157.00","0.00","0.00","0.00","0.00","Mumbai","MH","400083","407"
"19498","28","SJIT","'133779538196670865903","100264339138","11319073688","88b71a7f-7236-40f8-84cc-f7287316f59d","5975440219","2026-08-05 13:33:30.000","28878018","234KL165YK251MUSTRAD-XL","92764688","KALNKRTA92764688","XL","234KL165YK251MUSTRAD","KALINI","KALINI Women Mustard Yellow Floral Printed Angrakha Anarkali Kurta with Tassel Tie-Up","Kurtas","SH","1000103450547","1935935810","flipkartlogistics","MYSC1329208380","28",,,"2026-08-05 22:02:07.000",,"2026-08-05 22:13:04.000","2026-08-05 22:20:14.000",,,,,,"574.00","2199.00","1625.00","0.00","0.00","0.00","0.00","Bhopal","MP","462024","515"
"19498","22232","PPMP","'133777616535765096103","100263839915","11318574210","9b43a464-d1ce-48e9-94e2-8f4ec9029bda","5975142941","2026-08-05 08:13:14.000","32009759","IKR1588PLYKNBLUE-8XL","103053624","IRASKRTI103053624","8XL","IKR1588PLYKNBLUE","IKRASS","IKRASS Ethnic Motifs Printed Pure Cotton Kurti","Kurtis","SH","1000102425418",,"flipkartlogistics","MYSP1446964026","22232",,,"2026-08-05 09:16:11.000","2026-08-05 17:43:04.000","2026-08-05 23:32:01.000","2026-08-05 23:37:06.000",,,,,,"549.00","3299.00","2750.00","0.00","0.00","0.00","0.00","Hyderabad","TG","500011","490"
"19498","28","SJIT","'133779913042578816401","100264446083","11319180633","967f7cb9-2c7f-4d59-82ae-32fd1e2f3684","5975506872","2026-08-05 14:35:59.000","28878018","234KL165YK251MUSTRAD-L","92764694","KALNKRTA92764694","L","234KL165YK251MUSTRAD","KALINI","KALINI Women Mustard Yellow Floral Printed Angrakha Anarkali Kurta with Tassel Tie-Up","Kurtas","SH","1000103385884","1935877779","flipkartlogistics","MYSC1329185737","28",,,"2026-08-05 20:07:36.000",,"2026-08-05 20:38:03.000","2026-08-05 20:42:34.000",,,,,,"574.00","2199.00","1625.00","0.00","0.00","0.00","0.00","Ghaziabad","UP","201012","515"
"19498","36","SJIT","'133779174743302565503","100264231687","11318966237","573e4f9e-cea8-4ba2-a244-d9ff414d32ab","5975375416","2026-08-05 12:32:55.000","28878018","234KL165YK251MUSTRAD-M","92764692","KALNKRTA92764692","M","234KL165YK251MUSTRAD","KALINI","KALINI Women Mustard Yellow Floral Printed Angrakha Anarkali Kurta with Tassel Tie-Up","Kurtas","SH","1000103078965","1935672255","flipkartlogistics","MYSP1447201271","36",,,"2026-08-05 13:39:20.000",,"2026-08-05 13:42:16.000","2026-08-05 13:49:21.000",,,,,,"574.00","2199.00","1625.00","0.00","0.00","0.00","0.00","Chennai","TN","600004","515"
"19498","22232","PPMP","'133779413545225425103","100264303103","11319037653","a328af0d-b031-4340-b340-9be8a3fa7536","5975418180","2026-08-05 13:12:43.000","40086753","HN_1361YKBLUE-M","128151689","HENWDRSS128151689","M","HN_1361YKBLUE","HERE&NOW","HERE&NOW Floral Print Crepe A-Line Midi Dress","Dresses","SH","1000103256593",,"flipkartlogistics","MYSP1447274074","22232",,,"2026-08-05 16:12:27.000","2026-08-05 17:53:16.000","2026-08-06 00:20:28.000","2026-08-06 00:27:11.000",,,,,,"611.00","2949.00","2338.00","0.00","0.00","0.00","0.00","Mumbai","MH","400021","552"
"19498","22232","PPMP","'133779766189203651903","100264404114","11319138664","52067631-b03a-4603-9f5d-24944aa9de11","5975480986","2026-08-05 14:11:30.000","33567031","865KL1557PLYKNRED-8XL","108407872","KALNKRTI108407872","8XL","865KL1557PLYKNRED","KALINI","KALINI Women Floral Printed Kurti","Kurtis","PK","1000103212240",,"flipkartlogistics","MYSC1329131303","22232",,,"2026-08-05 15:24:52.000","2026-08-05 17:53:09.000",,,,,,,,"606.00","2599.00","1993.00","0.00","0.00","0.00","0.00","Faridabad","HR","121012","547"
"19498","22232","PPMP","'133781462639119252303","100264893509","11319628327","a8e2a395-4dc2-495b-968f-2ea6e3b7601f","5975782570","2026-08-05 18:54:14.000","33741533","IKR1556PLYKGREEN-5XL","109011066","IRASKRTI109011066","5XL","IKR1556PLYKGREEN","IKRASS","IKRASS Printed Tie-Up Neck Kurtis","Kurtis","WP",,,"flipkartlogistics",,"22232",,,,,,,,,,,,"442.00","2599.00","2157.00","0.00","0.00","0.00","0.00","Chennai","TN","600099","407"
"19498","22232","PPMP","'133782775275981433603","100265320079","11320054904","e4cb7b64-c372-4c60-9288-a98d2c26c198","5976045930","2026-08-05 22:33:02.000","39158896","KL_4006DRSRED-M","124985520","KALNKRTI124985520","M","KL_4006DRSRED","KALINI","KALINI Geometric Printed Pure Cotton Empire Kurti","Kurtis","WP",,,"flipkartlogistics",,"22232",,,,,,,,,,,,"553.00","2999.00","2446.00","0.00","0.00","0.00","0.00","Jamshedpur","JH","831017","494"
"19498","22232","PPMP","'133781143784367161301","100264801674","11319536490","6e9d93a1-1907-4725-a904-32b3b6f8b2db","5975725489","2026-08-05 18:01:06.000","33740914","IKR1592PLYKBLUE-3XL","109009110","IRASKRTA109009110","3XL","IKR1592PLYKBLUE","IKRASS","IKRASS Women abstract Anarkali caft leanth thread work","Kurtas","WP",,,"EK_E2E",,"22232",,,,,,,,,,,,"742.00","4599.00","3857.00","0.00","0.00","0.00","0.00","Godda","JH","814133","683"
"19498","15774","SJIT","'133781280755868094803","100264841251","11319576069","8a3f4bc2-4b7a-41e6-9361-501074a32982","5975750033","2026-08-05 18:23:56.000","28697748","218KL241YK287BLACKRAY-S","92190818","KALNKRTA92190818","S","218KL241YK287BLACKRAY","KALINI","KALINI V-Neck Long Sleeves Sequins Flared Anarkali Kurta","Kurtas","WP",,,"flipkartlogistics",,"15774",,,,,,,,,,,,"898.00","2199.00","1301.00","0.00","0.00","0.00","0.00","Kushinagar","UP","274402","804"
"19498","81","SJIT","'133778561712377453701","100264049052","11318783542","1c384d47-0632-46f4-a494-f0b61d033e7a","5975267720","2026-08-05 10:50:45.000","28878018","234KL165YK251MUSTRAD-L","92764694","KALNKRTA92764694","L","234KL165YK251MUSTRAD","KALINI","KALINI Women Mustard Yellow Floral Printed Angrakha Anarkali Kurta with Tassel Tie-Up","Kurtas","F",,,"flipkartlogistics",,"81","44","Ordered By Mistake",,,,,,"2026-08-05 11:09:50.000",,,,"574.00","2199.00","1625.00","144.00","0.00","0.00","0.00","Mumbai","MH","400059","515"
"19498","81","SJIT","'133782818910708507801","100265336735","11320071560","39e45b02-8c9c-49c2-bf90-f83a8d04dc0e","5976055723","2026-08-05 22:40:17.000","28697792","230KL167YK251BLACK-S","92191042","KALNKRTA92191042","S","230KL167YK251BLACK","KALINI","KALINI Geometric Yoke Design Flared Sleeves Thread Work Anarkali Kurta","Kurtas","SH","1000103548661","1936025823","flipkartlogistics","MYSC1329242705","81",,,"2026-08-06 01:03:10.000",,"2026-08-06 01:13:18.000","2026-08-06 01:18:58.000",,,,,,"569.00","2199.00","1630.00","0.00","0.00","0.00","0.00","Thane","MH","400603","510"
"19498","22232","PPMP","'133775024483866735301","100263650878","11318385172","35d51814-c0c7-478f-b5a1-ea5e3c025e9a","5975034945","2026-08-05 01:01:13.000","30198072","549KL1069YKBLUE-L","97165929","KALNTOPS97165929","L","549KL1069YKBLUE","KALINI","KALINI Women's Floral Cotton High-Low Top","Tops","F",,,"flipkartlogistics",,"22232","41","Incorrect size ordered",,,,,,"2026-08-05 01:02:20.000",,,,"401.00","1999.00","1598.00","0.00","0.00","0.00","0.00","Kolkata","WB","700090","366"
"19498","36","SJIT","'133777471240138559903","100263819234","11318553529","d38859f5-e0e4-486c-831d-28ab17d889a5","5975129607","2026-08-05 07:49:01.000","33741622","IKR1057YKBLUE-XL","109011444","IRASTNIC109011444","XL","IKR1057YKBLUE","IKRASS","IKRASS Blue Striped Fit and Flare Dress","Tunics","C","1000102509787","1935436743","flipkartlogistics","MYSP1446993802","36",,,"2026-08-05 09:45:55.000",,"2026-08-05 09:49:45.000","2026-08-05 09:57:24.000","2026-08-05 19:54:13.000",,,,,"489.00","3599.00","3110.00","0.00","0.00","0.00","0.00","Bangalore","KA","560048","454"
"19498","22232","PPMP","'133777011194217380703","100263776237","11318510532","6bbcc100-91f9-4b34-8b61-e2c5119cda3e","5975102295","2026-08-05 06:32:20.000","30227864","663KL1268PLYKMULTI-5XL","97263734","KALNNTST97263734","5XL","663KL1268PLYKMULTI","KALINI","KALINI Women Plus Size Pure Cotton Printed Night suit","Night suits","PK","1000102425163",,"flipkartlogistics","MYSP1446963632","22232",,,"2026-08-05 09:16:06.000","2026-08-05 17:42:45.000",,,,,,,,"803.00","2999.00","2196.00","51.00","0.00","0.00","0.00","New Delhi","DL","110029","709"
"19498","22232","PPMP","'133778833591668649201","100264127805","11318862329","e9758b78-8f18-4b0a-ae55-41e1f6c55463","5975314140","2026-08-05 11:36:05.000","40134290","HN_193YK251FIROZI-S","128341963","HENWKRTA128341963","S","HN_193YK251FIROZI","HERE&NOW","HERE&NOW Women Patchwork Anarkali Kurta","Kurtas","SH","1000103085067",,"flipkartlogistics","MYSP1447203483","22232",,,"2026-08-05 13:43:46.000","2026-08-05 17:43:03.000","2026-08-06 03:32:37.000","2026-08-06 03:39:59.000",,,,,,"671.00","3749.00","3078.00","0.00","0.00","0.00","0.00","Pune","MH","411019","612"
"19498","36","SJIT","'133783052112695966101","100265424612","11320159438","5239cbfa-1ff7-4d9a-8014-0150346d5c3e","5976105705","2026-08-05 23:19:09.000","28878018","234KL165YK251MUSTRAD-XL","92764688","KALNKRTA92764688","XL","234KL165YK251MUSTRAD","KALINI","KALINI Women Mustard Yellow Floral Printed Angrakha Anarkali Kurta with Tassel Tie-Up","Kurtas","SH","1000103603679","1936059082","flipkartlogistics","MYSC1329263812","36",,,"2026-08-06 02:31:32.000",,"2026-08-06 02:37:02.000","2026-08-06 02:43:13.000",,,,,,"574.00","2199.00","1625.00","0.00","0.00","0.00","0.00","Gudivada","AP","521301","515"
"19498","22232","PPMP","'133779622937537437201","100264363241","11319097791","296ff1c2-67d6-400b-80e3-25027184b53b","5975455326","2026-08-05 13:47:37.000","36964877","KL_1112PLDPTN21MULTI-6XL","118276366","KALNKASS118276366","6XL","KL_1112PLDPTN21MULTI","KALINI","KALINI Chevron Printed Mandarin Collar A-line Regular Kurta With Dupatta","Kurtas","SH","1000103267347",,"flipkartlogistics","MYSP1447277998","22232",,,"2026-08-05 16:25:39.000","2026-08-05 17:53:12.000","2026-08-06 00:13:15.000","2026-08-06 00:20:07.000",,,,,,"883.00","5099.00","4216.00","0.00","0.00","0.00","0.00","Thane","MH","400615","789"
"19498","81","SJIT","'133778582163130773301","100264055111","11318789607","de4d8701-e1bd-40f1-ae62-23afdd9b8b71","5975271158","2026-08-05 10:54:10.000","28697792","230KL167YK251BLACK-M","92191044","KALNKRTA92191044","M","230KL167YK251BLACK","KALINI","KALINI Geometric Yoke Design Flared Sleeves Thread Work Anarkali Kurta","Kurtas","SH","1000103093195","1935706572","flipkartlogistics","MYSP1447206235","81",,,"2026-08-05 13:49:32.000",,"2026-08-05 13:56:27.000","2026-08-05 14:02:46.000",,,,,,"569.00","2199.00","1630.00","21.00","0.00","0.00","0.00","Manipal","KA","576104","510"
"19498","22232","PPMP","'133782223983619052703","100265127433","11319862254","6e8defd0-2896-4b55-a09a-be69d9a23327","5975929464","2026-08-05 21:01:08.000","30198212","597KL1499PLYKGREEN-4XL","97166176","KALNTOPS97166176","4XL","597KL1499PLYKGREEN","KALINI","KALINI Solid Striped Regular Top","Tops","WP",,,"flipkartlogistics",,"22232",,,,,,,,,,,,"463.00","2599.00","2136.00","0.00","0.00","0.00","0.00","Ghaziabad","UP","201017","428"
"19498","22232","PPMP","'133782907960518901003","100265370967","11320105792","4b4f3e8e-896c-4a8a-8015-5519333cf404","5976075364","2026-08-05 22:55:08.000","40114217","HN_1388YKMAROON-S","128268626","HENWKRTA128268626","S","HN_1388YKMAROON","HERE&NOW","HERE&NOW Women Floral Printed Kurta","Kurtas","WP",,,"flipkartlogistics",,"22232",,,,,,,,,,,,"651.00","3599.00","2948.00","0.00","0.00","0.00","0.00","Guwahati","AS","781015","592"
"19498","22232","PPMP","'133782745421253701303","100265308466","11320043291","30aa1406-0fca-41ff-8e04-52966d471f7e","5976039145","2026-08-05 22:28:03.000","39201544","KL_1784YKDPINK-L","125120225","KALNKASS125120225","L","KL_1784YKDPINK","KALINI","KALINI Ethnic Motifs Printed Regular Thread Work Pure Cotton Kurta with Trousers & Dupatta","Kurta Sets","WP",,,"flipkartlogistics",,"22232",,,,,,,,,,,,"1089.00","4999.00","3910.00","0.00","0.00","0.00","0.00","Ahmedabad","GJ","380050","971"
"19498","22232","PPMP","'133782870149353452501","100265356547","11320091372","88ddd991-ff96-4436-8061-83cd0928ea3f","5976067198","2026-08-05 22:48:49.000","39600832","KL_7102YKMAROON-L/XL","126426468","KALNSRBL126426468","L/XL","KL_7102YKMAROON","KALINI","KALINI Solid Saree Blouse","Saree Blouse","WP",,,"flipkartlogistics",,"22232",,,,,,,,,,,,"408.00","2599.00","2191.00","0.00","0.00","0.00","0.00","New Delhi","DL","110018","373"
"19498","22232","PPMP","'133779637507070142001","100264367430","11319101980","01d4717b-0d7a-409f-81ba-723bea8f88d4","5975458069","2026-08-05 13:50:04.000","33578983","898KL1562PLYKGREEN-4XL","108449118","KALNTNIC108449118","4XL","898KL1562PLYKGREEN","KALINI","KALINI Women Striped Printed Cotton Tunic","Tunics","PK","1000103212554",,"flipkartlogistics","MYSP1447256005","22232",,,"2026-08-05 15:25:11.000","2026-08-05 17:53:16.000",,,,,,,,"565.00","3599.00","3034.00","0.00","0.00","0.00","0.00","Karnal","HR","132001","506"
"19498","81","SJIT","'133777840238425729203","100263879280","11318613575","48e5d9d3-2263-4838-a72a-a9153ce15e48","5975166909","2026-08-05 08:50:30.000","28697792","230KL167YK251BLACK-M","92191044","KALNKRTA92191044","M","230KL167YK251BLACK","KALINI","KALINI Geometric Yoke Design Flared Sleeves Thread Work Anarkali Kurta","Kurtas","SH","1000102525181","1935424516","flipkartlogistics","MYSP1446999610","81",,,"2026-08-05 09:50:28.000",,"2026-08-05 10:20:24.000","2026-08-05 10:26:11.000",,,,,,"569.00","2199.00","1630.00","0.00","0.00","0.00","0.00","Mumbai","MH","400094","510"
"19498","28","SJIT","'133777165772529520701","100263786985","11318521280","a56daa86-d236-4d4e-948a-793386ea4c12","5975109114","2026-08-05 06:58:06.000","36683245","235KL165PLYKC251MUSTRAD-5XL","117290175","KALNKRTA117290175","5XL","235KL165PLYKC251MUSTRAD","KALINI","Women Mustard Yellow Floral Printed Angrakha Anarkali Kurta with Tassel Tie-Up","Kurtas","SH","1000103283804","1935807487","flipkartlogistics","MYSC1329155418","28",,,"2026-08-05 16:44:41.000",,"2026-08-05 17:06:50.000","2026-08-05 17:13:28.000",,,,,,"615.00","2199.00","1584.00","0.00","0.00","0.00","0.00","Jammu","JK","181102","556"
"19498","22232","PPMP","'133780554368374418301","100264633386","11319368105","625dc572-198b-4bad-9066-5b801b6fc99a","5975622623","2026-08-05 16:22:52.000","39201544","KL_1784YKDPINK-M","125120224","KALNKASS125120224","M","KL_1784YKDPINK","KALINI","KALINI Ethnic Motifs Printed Regular Thread Work Pure Cotton Kurta with Trousers & Dupatta","Kurta Sets","WP",,,"EK_E2E",,"22232",,,,,,,,,,,,"1089.00","4999.00","3910.00","0.00","0.00","0.00","0.00","Araria","BR","854311","971"
"19498","22232","PPMP","'133779062442882465603","100264197674","11318932224","6d084797-ff0c-4eac-9418-d0f8dbd8d2be","5975355048","2026-08-05 12:14:13.000","39201544","KL_1784YKDPINK-M","125120224","KALNKASS125120224","M","KL_1784YKDPINK","KALINI","KALINI Ethnic Motifs Printed Regular Thread Work Pure Cotton Kurta with Trousers & Dupatta","Kurta Sets","F",,,"EK_E2E",,"22232","44","Ordered By Mistake",,,,,,"2026-08-05 12:20:46.000",,,,"1089.00","4999.00","3910.00","0.00","0.00","0.00","0.00","Farrukhabad","UP","209601","971"
"19498","22232","PPMP","'133782698328570002403","100265290481","11320025306","bbadc52c-1554-43a0-a6ca-bc6665554c68","5976028571","2026-08-05 22:20:12.000","28697772","191KL314PLYK411RED-3XL","92190934","KALNKRTA92190934","3XL","191KL314PLYK411RED","KALINI","KALINI Ethnic Motifs Printed Beads and Stones Panelled Cotton Anarkali Kurta","Kurtas","WP",,,"EK_E2E",,"22232",,,,,,,,,,,,"864.00","3499.00","2635.00","0.00","0.00","0.00","0.00","Bokaro","JH","827006","770"
"19498","22232","PPMP","'133777379984296996603","100263808315","11318542610","12185717-4d37-4070-a275-b235de1325b9","5975122531","2026-08-05 07:33:49.000","30198212","597KL1499PLYKGREEN-5XL","97166177","KALNTOPS97166177","5XL","597KL1499PLYKGREEN","KALINI","KALINI Solid Striped Regular Top","Tops","SH","1000102421872",,"flipkartlogistics","MYSP1446962870","22232",,,"2026-08-05 09:15:09.000","2026-08-05 17:42:59.000","2026-08-06 03:44:35.000","2026-08-06 03:49:44.000",,,,,,"463.00","2599.00","2136.00","41.00","0.00","0.00","0.00","Allahabad","UP","211002","428"
"19498","22232","PPMP","'133779342838423888001","100264282182","11319016732","dcc03a28-9ad1-4d15-9f3b-f375244e1928","5975405695","2026-08-05 13:00:56.000","30050008","517KL1389PLYKBROWN-XXL","96674731","KALNKRTA96674731","XXL","517KL1389PLYKBROWN","KALINI","KALINI Plus Size Floral Printed Shirt Collar Cotton A Line Kurta","Kurtas","SH","1000103264589",,"EK_E2E","MYEC1113903185","22232",,,"2026-08-05 16:22:31.000","2026-08-05 17:14:29.000","2026-08-06 00:10:13.000","2026-08-06 00:16:21.000",,,,,,"696.00","3399.00","2703.00","0.00","0.00","0.00","0.00","Tekkali","AP","532203","637"
"19498","22232","PPMP","'133779428696049457001","100264307520","11319042070","ef629d45-a0ca-4aa0-a0d2-51bf9c8f6bf7","5975420884","2026-08-05 13:15:16.000","30198072","549KL1069YKBLUE-XS","103680522","KALNTOPS103680522","XS","549KL1069YKBLUE","KALINI","KALINI Women's Floral Cotton High-Low Top","Tops","SH","1000103212598",,"flipkartlogistics","MYSP1447256213","22232",,,"2026-08-05 15:25:14.000","2026-08-05 17:53:12.000","2026-08-06 02:02:24.000","2026-08-06 02:08:25.000",,,,,,"401.00","1999.00","1598.00","0.00","0.00","0.00","0.00","Bangalore","KA","560058","366"
"19498","22232","PPMP","'133782525039964562601","100265227350","11319962173","3a8b3801-a188-488b-bce2-b74077d50050","5975990914","2026-08-05 21:51:19.000","39189025","KL_7006YKBLS-4XL","139564043","KALNSRBL139564043","4XL","KL_7006YKBLS","KALINI","KALINI Printed Saree Blouse","Saree Blouse","WP",,,"flipkartlogistics",,"22232",,,,,,,,,,,,"490.00","2699.00","2209.00","0.00","0.00","0.00","0.00","Hyderabad","TG","500026","455"
"19498","22232","PPMP","'133778234529607003503","100263962139","11318696562","3ea503dd-7ff6-4a8d-9e62-3a7288a5cce4","5975217372","2026-08-05 09:56:13.000","33774335","IKR237YK345PINK-XS","109122608","IRASTOPS109122608","XS","IKR237YK345PINK","IKRASS","IKRASS Pink Ethnic Motif Bell Sleeve Top","Tops","SH","1000103002435",,"flipkartlogistics","MYSP1447172728","22232",,,"2026-08-05 12:51:05.000","2026-08-05 17:43:03.000","2026-08-06 03:50:22.000","2026-08-06 03:56:39.000",,,,,,"456.00","2699.00","2243.00","206.00","0.00","0.00","0.00","Jaipur","RJ","302001","421"
"19498","22232","PPMP","'133783088900332312503","100265437984","11320172810","78ef2e70-4a6a-418d-87d6-94deda466993","5976113230","2026-08-05 23:25:17.000","39686338","KL_7096YKBOTTELGREEN-XXL","126747716","KALNSRBL126747716","XXL","KL_7096YKBOTTELGREEN","KALINI","KALINI Solid Saree Blouse","Saree Blouse","WP",,,"flipkartlogistics",,"22232",,,,,,,,,,,,"401.00","1999.00","1598.00","0.00","0.00","0.00","0.00","Panchkula","HR","134109","366"
"19498","22232","PPMP","'133782396347496987903","100265183117","11319917940","f39d8029-9b9e-467e-89ea-a40e2b83d386","5975964053","2026-08-05 21:29:51.000","39686338","KL_7096YKBOTTELGREEN-L/XL","126747715","KALNSRBL126747715","L/XL","KL_7096YKBOTTELGREEN","KALINI","KALINI Solid Saree Blouse","Saree Blouse","F",,,"flipkartlogistics",,"22232","41","Incorrect size ordered",,,,,,"2026-08-05 21:47:15.000",,,,"401.00","1999.00","1598.00","0.00","0.00","0.00","0.00","Surat","GJ","394210","366"
"19498","22232","PPMP","'133774756743193756201","100263581804","11318316097","0c146759-20c3-48d2-bcb8-dbb091b58b9b","5974997206","2026-08-05 00:16:35.000","43471478","KL_1899YKOFFWHITE-XL","138738281","KALNTOPS138738281","XL","KL_1899YKOFFWHITE","KALINI","KALINI Embroidered Top","Tops","PK","1000102421092",,"flipkartlogistics","MYSP1446962691","22232",,,"2026-08-05 09:15:01.000","2026-08-05 17:43:01.000","2026-08-06 04:52:25.000","2026-08-06 04:57:13.000",,,,,,"489.00","2999.00","2510.00","0.00","0.00","0.00","0.00","Mandi Dabwali","HR","125104","454"
"19498","22232","PPMP","'133777835979301849701","100263878562","11318612857","be432676-c4ea-4bb1-b96d-a32631b21185","5975166422","2026-08-05 08:49:48.000","32009763","IKR1588PLYKBLUE-4XL","103053639","IRASKRTI103053639","4XL","IKR1588PLYKBLUE","IKRASS","IKRASS Women Floral Printed Pure Cotton Kurti","Kurtis","SH","1000102425655",,"flipkartlogistics","MYSC1328918244","22232",,,"2026-08-05 09:16:17.000","2026-08-05 17:42:59.000","2026-08-06 03:55:46.000","2026-08-06 04:01:39.000",,,,,,"447.00","2999.00","2552.00","0.00","0.00","0.00","0.00","Jaipur","RJ","302020","412"
"19498","22232","PPMP","'133780711412167316003","100264678448","11319413192","67dbb54b-a293-4868-b685-0a17dc80f33e","5975650594","2026-08-05 16:49:02.000","39201544","KL_1784YKDPINK-M","125120224","KALNKASS125120224","M","KL_1784YKDPINK","KALINI","KALINI Ethnic Motifs Printed Regular Thread Work Pure Cotton Kurta with Trousers & Dupatta","Kurta Sets","WP",,,"EK_E2E",,"22232",,,,,,,,,,,,"1089.00","4999.00","3910.00","0.00","0.00","0.00","0.00","Nalbari","AS","781335","971"
"19498","22232","PPMP","'133782096904462195901","100265087324","11319822146","ffa207be-58ba-47bf-9fb6-e04f622dce8b","5975904691","2026-08-05 20:39:57.000","40454082","SZ_1540YKGREEN-3XL","129425066","SZTRKRTA129425066","3XL","SZ_1540YKGREEN","Sztori","Sztori Women's Floral Printed Anarkali Kurta Green Kurtas","Kurtas","WP",,,"EK_E2E",,"22232",,,,,,,,,,,,"851.00","3999.00","3148.00","0.00","0.00","0.00","0.00","Padrauna","UP","274304","757"
"19498","22232","PPMP","'133780070928729678703","100264493211","11319227761","0f72f90c-5696-4436-907a-7f2fb089a1cc","5975536427","2026-08-05 15:02:18.000","36964893","KL_1112PLDPT21MULTI-5XL","118276435","KALNKASS118276435","5XL","KL_1112PLDPT21MULTI","KALINI","KALINI Geometric Printed Regular Mandarin Collar A-Line Kurta With Dupatta","Kurtas","SH","1000103265863",,"flipkartlogistics","MYSC1329148454","22232",,,"2026-08-05 16:24:03.000","2026-08-05 17:53:09.000","2026-08-05 23:59:40.000","2026-08-06 00:04:44.000",,,,,,"863.00","5099.00","4236.00","0.00","0.00","0.00","0.00","Ahmed Nagar","MH","414001","769"
"19498","22232","PPMP","'133779255990606493903","100264255734","11318990284","bf4816d5-5f14-4049-8cf0-dd634fc2bbd2","5975390015","2026-08-05 12:46:28.000","33774335","IKR237YK345PINK-S","109122606","IRASTOPS109122606","S","IKR237YK345PINK","IKRASS","IKRASS Pink Ethnic Motif Bell Sleeve Top","Tops","PK","1000103002320",,"flipkartlogistics","MYSP1447171567","22232",,,"2026-08-05 12:51:02.000","2026-08-05 17:53:12.000",,,,,,,,"456.00","2699.00","2243.00","0.00","0.00","0.00","0.00","Modinagar","UP","201206","421"
"19498","15774","SJIT","'133777255491441020001","100263794955","11318529250","87051de2-96dc-46ba-a8c4-a989be9b15f8","5975114205","2026-08-05 07:13:03.000","41671585","KL_AK-232WHITE-L","133236284","KALNKRTA133236284","L","KL_AK-232WHITE","KALINI","KALINI Women Geometric Printed Kurta","Kurtas","F",,,"flipkartlogistics",,"15774","93","Exchange cancelled for Wrong product exchange",,,,,,"2026-08-05 13:34:18.000",,,,"473.00","2599.00","2126.00","0.00","0.00","0.00","0.00","Allahabad","UP","211002","438"
"19498","22232","PPMP","'133778975211553499001","100264171066","11318905615","778deb04-6fad-4ce7-a68b-73fc8968f008","5975339240","2026-08-05 11:59:40.000","30216909","636KL1361YKBLUE-L","97225152","KALNDRSS97225152","L","636KL1361YKBLUE","KALINI","KALINI Women Round Neck A-line Dress ","Dresses","SH","1000103106667",,"flipkartlogistics","MYSC1329098140","22232",,,"2026-08-05 14:00:05.000","2026-08-05 17:43:03.000","2026-08-06 04:09:07.000","2026-08-06 04:14:48.000",,,,,,"608.00","2949.00","2341.00","0.00","0.00","0.00","0.00","Cooch Behar","WB","736101","549"
"19498","22232","PPMP","'133782388277642044601","100265180368","11319915191","460ea48c-8826-4627-a9a4-2b1ba1cd0d99","5975962412","2026-08-05 21:28:32.000","33750529","IKR1336PLYKNBLACK-8XL","109040155","IRASTOPS109040155","8XL","IKR1336PLYKNBLACK","IKRASS","IKRASS Women Ethnic Motif Bell Sleeve Cotton Top","Tops","WP",,,"flipkartlogistics",,"22232",,,,,,,,,,,,"592.00","2699.00","2107.00","0.00","0.00","0.00","0.00","Navi Mumbai","MH","400703","533"
"19498","22232","PPMP","'133781010525312837403","100264763054","11319497850","2e750067-a1b4-4c18-a65b-24b2d2c36b96","5975701951","2026-08-05 17:38:53.000","33774335","IKR237YK345PINK-M","109122605","IRASTOPS109122605","M","IKR237YK345PINK","IKRASS","IKRASS Pink Ethnic Motif Bell Sleeve Top","Tops","WP",,,"flipkartlogistics",,"22232",,,,,,,,,,,,"456.00","2699.00","2243.00","0.00","0.00","0.00","0.00","New Delhi","DL","110042","421"
"19498","36","SJIT","'133781826510050388703","100265002943","11319737763","aecb998b-4d8e-4dcc-8451-2c5073884f33","5975852139","2026-08-05 19:54:54.000","33774189","IKR237PLYK345PINK-XXL","109122400","IRASTOPS109122400","XXL","IKR237PLYK345PINK","IKRASS","IKRASS Embroidered Bell Sleeve Top","Tops","SH","1000103475317","1935935149","flipkartlogistics","MYSC1329216549","36",,,"2026-08-05 22:43:03.000",,"2026-08-05 22:52:14.000","2026-08-05 22:57:11.000",,,,,,"532.00","2699.00","2167.00","0.00","0.00","0.00","0.00","Pernem","GA","403512","473"
"19498","28","SJIT","'133782677663836291601","100265282809","11320017634","bce03b0d-3a4f-4af4-bd76-2e0c72433bde","5976024017","2026-08-05 22:16:45.000","28697792","230KL167YK251BLACK-XS","92191038","KALNKRTA92191038","XS","230KL167YK251BLACK","KALINI","KALINI Geometric Yoke Design Flared Sleeves Thread Work Anarkali Kurta","Kurtas","SH","1000103495465","1935965408","flipkartlogistics","MYSP1447371539","28",,,"2026-08-05 23:18:04.000",,"2026-08-05 23:25:24.000","2026-08-05 23:32:17.000",,,,,,"569.00","2199.00","1630.00","0.00","0.00","0.00","0.00","New Delhi","DL","110059","510"
"19498","15774","SJIT","'133776134818254650901","100263747096","11318481391","645502e7-87a4-494d-90de-91c8623e2ef1","5975085640","2026-08-05 04:06:17.000","30234553","615KL318PLYK406YELLOW-3XL","97283493","KALNTOPS97283493","3XL","615KL318PLYK406YELLOW","KALINI","KALINI Women Plus Size Cotton Shoulder Straps Top With Lace Detailed","Tops","SH","1000102414000","1935386814","flipkartlogistics","MYSP1446959153","15774",,,"2026-08-05 09:12:48.000",,"2026-08-05 10:05:14.000","2026-08-05 10:11:18.000",,,,,,"435.00","1899.00","1464.00","0.00","0.00","0.00","0.00","North 24 parganas","WB","700048","400"
"19498","22232","PPMP","'133781838037907795801","100265006407","11319741227","a20133bb-f3ea-4ba0-82c6-05f2db9a58c5","5975854327","2026-08-05 19:56:49.000","39686338","KL_7096YKBOTTELGREEN-L/XL","126747715","KALNSRBL126747715","L/XL","KL_7096YKBOTTELGREEN","KALINI","KALINI Solid Saree Blouse","Saree Blouse","F",,,"flipkartlogistics",,"22232","45","Wants to change style/color",,,,,,"2026-08-05 20:05:05.000",,,,"401.00","1999.00","1598.00","0.00","0.00","0.00","0.00","Bangalore","KA","560061","366"
"19498","22232","PPMP","'133779218764910216503","100264244793","11318979342","f88c0ba9-0960-4d16-bb8c-be7331fa0291","5975383330","2026-08-05 12:40:16.000","36684353","KL_1928PLYKBLUE-5XL","117294176","KALNKRTA117294176","5XL","KL_1928PLYKBLUE","KALINI","KALINI Women Blue Polyester Anarkali Kurtas","Kurtas","SH","1000103104651",,"flipkartlogistics","MYSC1329097714","22232",,,"2026-08-05 13:58:15.000","2026-08-05 17:43:03.000","2026-08-06 03:44:08.000","2026-08-06 03:49:04.000",,,,,,"791.00","3999.00","3208.00","0.00","0.00","0.00","0.00","Nagpur","MH","440013","697"
"19498","22232","PPMP","'133774719395296337101","100263569679","11318303972","4182554f-d9b7-4bd8-90ed-4ae05a9b63e3","5974990255","2026-08-05 00:10:22.000","33707688","IKR1330PLYKBLUE-3XL","108895767","IRASKRTA108895767","3XL","IKR1330PLYKBLUE","IKRASS","IKRASS Women Cotton Ethnic Motifs Printed Sequins Anarkali Kurta ","Kurtas","F","1000102786135",,"flipkartlogistics","MYSC1329010930","22232","32","Ordered by mistake","2026-08-05 11:10:34.000",,,,,"2026-08-05 12:52:38.000",,,,"814.00","4399.00","3585.00","0.00","0.00","0.00","0.00","Gurgaon","HR","122001","720"
"19498","36","SJIT","'133782538003114645701","100265231948","11319966771","497fcd89-6a57-498f-8867-114dfcf9650c","5975993740","2026-08-05 21:53:28.000","28697792","230KL167YK251BLACK-M","92191044","KALNKRTA92191044","M","230KL167YK251BLACK","KALINI","KALINI Geometric Yoke Design Flared Sleeves Thread Work Anarkali Kurta","Kurtas","SH","1000103496791","1935971400","flipkartlogistics","MYSC1329224377","36",,,"2026-08-05 23:20:49.000",,"2026-08-05 23:30:37.000","2026-08-05 23:37:28.000",,,,,,"569.00","2199.00","1630.00","0.00","0.00","0.00","0.00","Aluva","KL","683102","510"
"19498","22232","PPMP","'133780017079724135303","100264476774","11319211323","02d46a49-5e2c-4440-b214-25563e242bdd","5975526215","2026-08-05 14:53:19.000","33750527","IKR1336PLYKBLACK-3XL","109040141","IRASTOPS109040141","3XL","IKR1336PLYKBLACK","IKRASS","IKRASS Women Embroidered Round Neck Bell Sleeve Cotton Top","Tops","PK","1000103212654",,"EK_E2E","MYEC1113899400","22232",,,"2026-08-05 15:25:17.000","2026-08-05 17:14:29.000",,,,,,,,"532.00","2699.00","2167.00","0.00","0.00","0.00","0.00","Washim","MH","444105","473"
"19498","22232","PPMP","'133781618367063399603","100264939782","11319674600","e9b8ba1f-22e7-46f3-b54a-44b71a945e5e","5975812412","2026-08-05 19:20:12.000","36965915","KL_1789YKDLAVENDER-S","118278660","KALNKASS118278660","S","KL_1789YKDLAVENDER","KALINI","KALINI Women Ethnic Motifs Printed Regular Pure Cotton Kurta with Trousers & With Dupatta","Kurta Sets","WP",,,"flipkartlogistics",,"22232",,,,,,,,,,,,"954.00","5499.00","4545.00","0.00","0.00","0.00","0.00","Pune","MH","411028","836"
"19498","22232","PPMP","'133782705162168372001","100265293023","11320027848","36f00738-bccb-49b9-842d-f2995beedd63","5976030127","2026-08-05 22:21:20.000","33740985","IKR1338PLDPT9BLACK-XXL","109009408","IRASKRTA109009408","XXL","IKR1338PLDPT9BLACK","IKRASS","IKRASS Women Floral Printed Cotton Anarkali Kurta with Dupatta","Kurtas","WP",,,"flipkartlogistics",,"22232",,,,,,,,,,,,"1032.00","5999.00","4967.00","0.00","0.00","0.00","0.00","Bareilly","UP","243122","938"
"19498","22232","PPMP","'133781901623724859501","100265026660","11319761480","2188f855-89cc-4eb2-ad41-fb0f08be56b5","5975866953","2026-08-05 20:07:25.000","33774254","IKR1570PLYKPEACH-3XL","109122489","IRASTOPS109122489","3XL","IKR1570PLYKPEACH","IKRASS","IKRASS Peach Tie-up Neck Three-Quarter Sleeve Top","Tops","WP",,,"flipkartlogistics",,"22232",,,,,,,,,,,,"447.00","2999.00","2552.00","0.00","0.00","0.00","0.00","Pune","MH","411060","412"
"19498","22232","PPMP","'133776582960645063403","100263759347","11318493642","925b1182-487b-4c10-9630-f7378da9dc9f","5975092084","2026-08-05 05:20:58.000","30198072","549KL1069YKBLUE-S","97165931","KALNTOPS97165931","S","549KL1069YKBLUE","KALINI","KALINI Women's Floral Cotton High-Low Top","Tops","PK","1000102421682",,"EK_E2E","MYEC1113787917","22232",,,"2026-08-05 09:15:06.000","2026-08-05 17:14:34.000",,,,,,,,"401.00","1999.00","1598.00","0.00","0.00","0.00","0.00","Latur","MH","413531","366"
"19498","22232","PPMP","'133777297900608525501","100263799072","11318533367","162c664d-c65d-459b-b633-87866ebfad4b","5975116766","2026-08-05 07:20:08.000","32772041","805KL1532PLYKNBLUE-6XL","105630268","KALNKRTI105630268","6XL","805KL1532PLYKNBLUE","KALINI","KALINI Women Floral Printed Anarkali Kurti","Kurtis","SH","1000102422970",,"flipkartlogistics","MYSP1446962591","22232",,,"2026-08-05 09:15:24.000","2026-08-05 17:43:01.000","2026-08-06 03:43:03.000","2026-08-06 03:49:33.000",,,,,,"586.00","2999.00","2413.00","0.00","0.00","0.00","0.00","Jaipur","RJ","302017","527"
"19498","22232","PPMP","'133779670031268651703","100264376875","11319111425","12230453-8996-42dc-8813-8b371f307f5e","5975463999","2026-08-05 13:55:28.000","32008843","IKR1636PLYKBLUE-XXL","103049885","IRASKASS103049885","XXL","IKR1636PLYKBLUE","IKRASS","IKRASS Floral Printed Empire Anarkali Kurta with Trousers & Dupatta","Kurta Sets","PK","1000103237544",,"flipkartlogistics","MYSC1329139971","22232",,,"2026-08-05 15:50:06.000","2026-08-05 17:53:16.000",,,,,,,,"1068.00","6099.00","5031.00","0.00","0.00","0.00","0.00","Agra","UP","282007","950"
"19498","22232","PPMP","'133779871576967372603","100264433869","11319168419","3f3c9e5b-3a25-4dc8-9cdf-f8fa55cdb6fe","5975499570","2026-08-05 14:29:04.000","36905708","KL_1158PLYKNGREEN-6XL","118060355","KALNKRTA118060355","6XL","KL_1158PLYKNGREEN","KALINI","KALINI Women Floral Cotton Anarkali Kurtas","Kurtas","PK","1000103261445",,"flipkartlogistics","MYSP1447275409","22232",,,"2026-08-05 16:18:35.000","2026-08-05 17:53:12.000",,,,,,,,"815.00","2999.00","2184.00","0.00","0.00","0.00","0.00","New Delhi","DL","110048","721"
"19498","22232","PPMP","'133779723862282128203","100264392286","11319126836","df2b8163-7c97-497a-b227-0966cf7d60b3","5975473500","2026-08-05 14:04:27.000","41213916","SZ_AK-161BLACK-3XL","131849165","SZTRDRSS131849165","3XL","SZ_AK-161BLACK","Sztori","Sztori Embellished Fit & Flare Maxi Dress","Dresses","F",,,"flipkartlogistics",,"22232","44","Ordered By Mistake",,,,,,"2026-08-05 14:04:57.000",,,,"799.00","4599.00","3800.00","0.00","0.00","0.00","0.00","Ahmedabad","GJ","380022","705"
"19498","22232","PPMP","'133777505764930328801","100263823723","11318558018","88a050db-65f1-4beb-8eb7-fd4e510138f5","5975132573","2026-08-05 07:54:46.000","39175556","KL_7080YKBEIGE-4XL","125036541","KALNSRBL125036541","4XL","KL_7080YKBEIGE","KALINI","KALINI Cotton V-Neck Saree Blouse","Saree Blouse","PK","1000102424690",,"EK_E2E","MYEC1113788800","22232",,,"2026-08-05 09:15:53.000","2026-08-05 17:14:29.000",,,,,,,,"392.00","1999.00","1607.00","0.00","0.00","0.00","0.00","Sasara","BR","821306","357"
"19498","22232","PPMP","'133782468268064667603","100265207606","11319942429","1148ef90-51a6-4036-84a9-3781c4b78792","5975978925","2026-08-05 21:41:51.000","36964875","KL_1037DPT19WHITE-XL","118276356","KALNKASS118276356","XL","KL_1037DPT19WHITE","KALINI","KALINI Women Ethnic Motifs Printed Mirror Work Regular Kurta with Dupatta","Kurtas","WP",,,"EK_E2E",,"22232",,,,,,,,,,,,"860.00","5099.00","4239.00","0.00","0.00","0.00","0.00","Bhagalpur","BR","812004","766"
"19498","22232","PPMP","'133777388788686677701","100263809277","11318543572","71513a7d-2903-47f9-a4bd-6611406701cb","5975123151","2026-08-05 07:35:16.000","30234544","599KL1500PLYKMAROON-3XL","97283453","KALNTOPS97283453","3XL","599KL1500PLYKMAROON","KALINI","KALINI Women Stripe Print Round Neck Top","Tops","PK","1000102422370",,"flipkartlogistics","MYSP1446962826","22232",,,"2026-08-05 09:15:17.000","2026-08-05 17:42:46.000",,,,,,,,"462.00","2599.00","2137.00","0.00","0.00","0.00","0.00","Bareilly","UP","243005","427"
"19498","36","SJIT","'133781977328013314403","100265050492","11319785312","d386d9a1-6e8e-42d9-996e-4be3513f8ef4","5975881716","2026-08-05 20:20:01.000","33711078","IKR1258YKWHITE-XS","108907980","IRASKRTA108907980","XS","IKR1258YKWHITE","IKRASS","IKRASS Women Ikat Printed Anarkali Kurta","Kurtas","SH","1000103555369","1936014273","flipkartlogistics","MYSC1329245121","36",,,"2026-08-06 01:14:53.000",,"2026-08-06 01:19:03.000","2026-08-06 01:26:10.000",,,,,,"692.00","2399.00","1707.00","0.00","0.00","0.00","0.00","Bangalore","KA","560018","633"
"19498","22232","PPMP","'133780984849570039801","100264755839","11319490629","dd296490-2416-4fe8-b33d-7f975ed52cec","5975697584","2026-08-05 17:34:37.000","38989834","KL_1738YKDWHITE-M","124397930","KALNKRTA124397930","M","KL_1738YKDWHITE","KALINI","KALINI Women Geometric Printed Floral Anarkali Kurta With Dupatta","Kurtas","WP",,,"flipkartlogistics",,"22232",,,,,,,,,,,,"981.00","5949.00","4968.00","0.00","0.00","0.00","0.00","Bangalore","KA","560103","887"
"19498","15774","SJIT","'133781144860535147103","100264802005","11319536821","4675f156-6216-4454-b3a5-e7ec965a1bd0","5975725659","2026-08-05 18:01:17.000","29872586","425KL1258PLYKWHITE-XXL","96090473","KALNKRTA96090473","XXL","425KL1258PLYKWHITE","KALINI","KALINI Ethnic Motifs Printed V-Neck Three-Quarter Sleeves Anarkali Kurta","Kurtas","SH","1000103413105","1935890380","flipkartlogistics","MYSP1447332573","15774",,,"2026-08-05 21:03:22.000",,"2026-08-05 21:13:48.000","2026-08-05 21:20:15.000",,,,,,"814.00","2399.00","1585.00","0.00","0.00","0.00","0.00","Patna","BR","800014","720"
"19498","22232","PPMP","'133778489917214429703","100264028847","11318763326","bb6b50c9-777a-4418-a335-0abcedb02b9e","5975256132","2026-08-05 10:38:47.000","33706228","IKR1060PLYKBEIGE-5XL","108890667","IRASKRTA108890667","5XL","IKR1060PLYKBEIGE","IKRASS","IKRASS Floral Printed Notch-Neck Straight Kurta","Kurtas","SH","1000103097217",,"flipkartlogistics","MYSC1329095079","22232",,,"2026-08-05 13:52:26.000","2026-08-05 17:43:04.000","2026-08-06 04:26:11.000","2026-08-06 04:31:24.000",,,,,,"602.00","2899.00","2297.00","0.00","0.00","0.00","0.00","Kolkata","WB","700058","543"
"19498","22232","PPMP","'133780932504927236301","100264741016","11319475798","07cbc020-9a8b-4ce5-ac64-7d7fb4de3262","5975688447","2026-08-05 17:25:54.000","41671585","KL_AK-232WHITE-XL","133236285","KALNKRTA133236285","XL","KL_AK-232WHITE","KALINI","KALINI Women Geometric Printed Kurta","Kurtas","WP",,,"flipkartlogistics",,"22232",,,,,,,,,,,,"473.00","2599.00","2126.00","0.00","0.00","0.00","0.00","Karnal","HR","132001","438"
"19498","28","SJIT","'133778735725921511403","100264098975","11318833492","35292d61-62e8-4511-beeb-39abc6f4494f","5975296931","2026-08-05 11:19:45.000","28697792","230KL167YK251BLACK-L","92191046","KALNKRTA92191046","L","230KL167YK251BLACK","KALINI","KALINI Geometric Yoke Design Flared Sleeves Thread Work Anarkali Kurta","Kurtas","SH","1000103142583","1935716777","flipkartlogistics","MYSC1329110418","28",,,"2026-08-05 14:23:59.000",,"2026-08-05 14:27:19.000","2026-08-05 14:33:02.000",,,,,,"569.00","2199.00","1630.00","0.00","0.00","0.00","0.00","Allahabad","UP","211011","510"
"19498","22232","PPMP","'133778678429213574703","100264082490","11318816997","dffc4920-e799-4ca6-af05-017d60db3782","5975287127","2026-08-05 11:10:12.000","39201544","KL_1784YKDPINK-XL","125120226","KALNKASS125120226","XL","KL_1784YKDPINK","KALINI","KALINI Ethnic Motifs Printed Regular Thread Work Pure Cotton Kurta with Trousers & Dupatta","Kurta Sets","SH","1000103110708",,"EK_E2E","MYEP1130476326","22232",,,"2026-08-05 14:03:20.000","2026-08-05 17:14:36.000","2026-08-05 23:50:04.000","2026-08-05 23:56:06.000",,,,,,"1089.00","4999.00","3910.00","0.00","0.00","0.00","0.00","Shahada","MH","425409","971"
"19498","15774","SJIT","'133778935655343517303","100264158670","11318893214","7d0e712e-2364-46da-9a8d-53b1f5bfeef4","5975332071","2026-08-05 11:53:05.000","36683244","97KL1293YKCMAROON-L","117290166","KALNKRTA117290166","L","97KL1293YKCMAROON","KALINI","KALINI Floral Printed Shirt Collar Roll-Up Sleeves Cotton Anarkali Kurta","Kurtas","SH","1000103332373","1935841776","flipkartlogistics","MYSC1329171143","15774",,,"2026-08-05 17:48:06.000",,"2026-08-05 17:55:54.000","2026-08-05 18:02:31.000",,,,,,"863.00","2399.00","1536.00","0.00","0.00","0.00","0.00","GORAKHPUR","UP","273008","769"
"19498","22232","PPMP","'133781224662704160001","100264824986","11319559803","a6333b9a-fc3b-4a2a-a3c1-cc784d4832b2","5975739900","2026-08-05 18:14:35.000","37105874","415KL1306YKCORANGE-L","118716736","KALNKRTA118716736","L","415KL1306YKCORANGE","KALINI","KALINI Women Orange Viscose Rayon Printed Anarkali Kurtas","Kurtas","WP",,,"flipkartlogistics",,"22232",,,,,,,,,,,,"652.00","3999.00","3347.00","0.00","0.00","0.00","0.00","Bengaluru","KA","560036","593"
"19498","22232","PPMP","'133781529930421894403","100264913350","11319648168","8ee49c44-59f0-4642-8539-4f6c1e948947","5975795594","2026-08-05 19:05:27.000","33707701","IKR1330YKBLUE-L","108895826","IRASKRTA108895826","L","IKR1330YKBLUE","IKRASS","IKRASS Floral Printed Anarkali Kurta","Kurtas","WP",,,"flipkartlogistics",,"22232",,,,,,,,,,,,"746.00","4399.00","3653.00","0.00","0.00","0.00","0.00","Ludhiana","PB","141007","687"
"19498","81","SJIT","'133778146283091623501","100263940753","11318675125","6cb82ad9-e9d0-42f2-bdeb-bfbd4be7c8d4","5975204790","2026-08-05 09:41:32.000","28697750","225KL190PLYK214MEHROON-4XL","92190828","KALNKRTA92190828","4XL","225KL190PLYK214MEHROON","KALINI","KALINI Abstract Printed Round Neck Three-Quarter Sleeves Sequins Cotton Anarkali Kurta","Kurtas","SH","1000102743889","1935549682","flipkartlogistics","MYSC1329000383","81",,,"2026-08-05 10:54:54.000",,"2026-08-05 11:06:08.000","2026-08-05 11:12:04.000",,,,,,"723.00","2499.00","1776.00","0.00","0.00","0.00","0.00","Varanasi","UP","221008","664"
"19498","22232","PPMP","'133783125867585881001","100265451358","11320186185","21aec572-ceb1-4f5a-a024-1391754f7771","5976120904","2026-08-05 23:31:27.000","37107370","34KL1001PLYKCBEIGE-XXL","118722493","KALNKRTA118722493","XXL","34KL1001PLYKCBEIGE","KALINI","KALINI Women Beige Cotton Printed Anarkali Kurtas","Kurtas","WP",,,"EK_E2E",,"22232",,,,,,,,,,,,"803.00","3599.00","2796.00","0.00","0.00","0.00","0.00","Kolar","KA","563101","709"
"19498","22232","PPMP","'133775221180524710801","100263684079","11318418374","ba21272b-5ea3-4df4-bf66-5f3a0c300226","5975052415","2026-08-05 01:34:00.000","30227868","662KL1265YKPINK-XL","97263747","KALNNTST97263747","XL","662KL1265YKPINK","KALINI","KALINI Women Printed Shirt Collar Mid Rise Pure Cotton Shirt and Pyjamas Night suit","Night suits","SH","1000102425433",,"flipkartlogistics","MYSC1328917795","22232",,,"2026-08-05 09:16:11.000","2026-08-05 17:42:59.000","2026-08-06 03:58:24.000","2026-08-06 04:03:49.000",,,,,,"748.00","2999.00","2251.00","0.00","0.00","0.00","0.00","Lucknow, ","UP","226028","654"
"19498","22232","PPMP","'133782698328570002403","100265290478","11320025303","bbadc52c-1554-43a0-a6ca-bc6665554c68","5976028571","2026-08-05 22:20:12.000","28697772","191KL314PLYK411RED-XXL","92190928","KALNKRTA92190928","XXL","191KL314PLYK411RED","KALINI","KALINI Ethnic Motifs Printed Beads and Stones Panelled Cotton Anarkali Kurta","Kurtas","WP",,,"EK_E2E",,"22232",,,,,,,,,,,,"864.00","3499.00","2635.00","0.00","0.00","0.00","0.00","Bokaro","JH","827006","770"
"19498","22232","PPMP","'133776613427628025803","100263760326","11318494621","aa5038bb-1f06-4ac4-aac4-c2ec550344d4","5975092577","2026-08-05 05:26:03.000","33712486","IKR271YK348GREEN-L","108912323","IRASKRTA108912323","L","IKR271YK348GREEN","IKRASS","IKRASS Women Embroidered Thread Work Anarkali Kurta","Kurtas","PK","1000102688683",,"EK_E2E","MYEP1130410066","22232",,,"2026-08-05 10:36:48.000","2026-08-05 17:14:27.000",,,,,,,,"739.00","3999.00","3260.00","74.00","0.00","0.00","0.00","Samastipur","BR","848101","680"
"19498","81","SJIT","'133783064714860497201","100265429237","11320164063","5be5cf7d-aecc-40d1-a661-332a12251b2a","5976108256","2026-08-05 23:21:15.000","33239238","818KL1202PLYKNBLUE-6XL","107258267","KALNNTST107258267","6XL","818KL1202PLYKNBLUE","KALINI","KALINI Women Printed Night suit","Night suits","WP",,,"flipkartlogistics",,"81",,,,,,,,,,,,"729.00","2899.00","2170.00","0.00","0.00","0.00","0.00","Mira Bhayandar","MH","401107","635"
"19498","22232","PPMP","'133782011131534211401","100265061070","11319795889","2c906f4b-2d86-4ebe-b013-99f6a31a1597","5975888194","2026-08-05 20:25:39.000","28074538","178KL108PLYK148PINKRAY-4XL","90338520","KALNKRTA90338520","4XL","178KL108PLYK148PINKRAY","KALINI","KALINI Geometric Round Neck Kurta","Kurtas","WP",,,"flipkartlogistics",,"22232",,,,,,,,,,,,"816.00","2699.00","1883.00","0.00","0.00","0.00","0.00","Mathura","UP","281006","722"
"19498","36","SJIT","'133782289660433773601","100265148489","11319883312","62d5d191-d60c-4d96-9630-ab0773074dda","5975942700","2026-08-05 21:12:05.000","31644459","764KL1588PLYKBLUE-5XL","101964861","KALNKRTI101964861","5XL","764KL1588PLYKBLUE","KALINI","KALINI Floral Printed Pure Cotton Kurti","Kurtis","SH","1000103575696","1936041963","flipkartlogistics","MYSP1447410842","36",,,"2026-08-06 01:45:57.000",,"2026-08-06 01:50:35.000","2026-08-06 01:56:41.000",,,,,,"473.00","2999.00","2526.00","0.00","0.00","0.00","0.00","Bangalore","KA","560076","438"
"19498","22232","PPMP","'133781433009082928401","100264885075","11319619893","1bb5bcc4-6d4b-4d4f-833d-a4769d5119d6","5975777221","2026-08-05 18:49:19.000","39175554","KL_7080YKBEIGE-L-XL","125036537","KALNSRBL125036537","L/XL","KL_7080YKBEIGE","KALINI","KALINI  Cotton V Neck Saree Blouse","Saree Blouse","WP",,,"flipkartlogistics",,"22232",,,,,,,,,,,,"415.00","1999.00","1584.00","0.00","0.00","0.00","0.00","Jaipur","RJ","302034","380"
"19498","22232","PPMP","'133782440566596870701","100265198028","11319932851","b18f4095-6156-48be-8ebe-930bbeabafb2","5975973201","2026-08-05 21:37:14.000","30256963","683KL5010YKWHITE-S","97349310","KALNTRSR97349310","28","683KL5010YKWHITE","KALINI","KALINI Women Regular Fit Pleated Trousers","Trousers","WP",,,"EK_E2E",,"22232",,,,,,,,,,,,"483.00","2399.00","1916.00","0.00","0.00","0.00","0.00","Chapra","BR","841301","448"
"19498","22232","PPMP","'133777450939775306803","100263816538","11318550833","cc0f1132-5a01-437b-972d-cdaa1de2b249","5975127890","2026-08-05 07:45:37.000","30050008","517KL1389PLYKBROWN-5XL","96674730","KALNKRTA96674730","5XL","517KL1389PLYKBROWN","KALINI","KALINI Plus Size Floral Printed Shirt Collar Cotton A Line Kurta","Kurtas","SH","1000102800212",,"flipkartlogistics","MYSP1447098136","22232",,,"2026-08-05 11:15:17.000","2026-08-05 17:43:01.000","2026-08-06 03:51:02.000","2026-08-06 03:56:45.000",,,,,,"696.00","3399.00","2703.00","0.00","0.00","0.00","0.00","Thane","MH","400601","637"
"19498","22232","PPMP","'133779947660240842403","100264456062","11319190612","a08f4c70-2720-4a14-87c8-b41518929404","5975513291","2026-08-05 14:41:45.000","30198072","549KL1069YKBLUE-S","97165931","KALNTOPS97165931","S","549KL1069YKBLUE","KALINI","KALINI Women's Floral Cotton High-Low Top","Tops","F","1000103212278",,"flipkartlogistics","MYSP1447256022","22232","28","Incorrect size ordered","2026-08-05 15:24:54.000","2026-08-05 17:53:16.000",,,,"2026-08-05 17:55:05.000",,,,"401.00","1999.00","1598.00","0.00","0.00","0.00","0.00","Nagpur","MH","440010","366"
"19498","22232","PPMP","'133777601858494017803","100263837575","11318571870","e2239a6c-f058-4344-b48b-1efcd554011d","5975141491","2026-08-05 08:10:47.000","33774335","IKR237YK345PINK-L","109122604","IRASTOPS109122604","L","IKR237YK345PINK","IKRASS","IKRASS Pink Ethnic Motif Bell Sleeve Top","Tops","SH","1000102423775",,"flipkartlogistics","MYSP1446963268","22232",,,"2026-08-05 09:15:37.000","2026-08-05 17:43:01.000","2026-08-05 23:41:13.000","2026-08-05 23:45:45.000",,,,,,"456.00","2699.00","2243.00","0.00","0.00","0.00","0.00","Baroda","GJ","390004","421"
