SKU,2-7-26,3-7-26,4-7-26,5-7-26,6-7-26,7-7-26,8-7-26,9-7-26,10-7-26,11-7-26,12-7-26,13-7-26,14-7-26,15-7-26,16-7-26,17-7-26,18-7-26,19-7-26,20-7-26,21-7-26,22-7-26,23-7-26,24-7-26,25-7-26,26-7-26,27-7-26,28-7-26,29-7-26,30-7-26,31-7-26,,,,
Total inv.,158838,163640,164877,169533,169637,168568,166529,165953,164966,168487,166183,167968,170230,177252,177251,176851,178172,180687,174515,173408,174747,174690,179932,188345,193900,182784,185084,185999,218538,188734,,,,
1001YKBEIGE-3XL,37,36,36,35,34,34,34,34,23,24,24,24,24,23,23,23,23,23,24,24,24,24,24,22,27,22,22,22,22,22,,30,30,TRUE
1001YKBEIGE-4XL,49,49,49,49,49,40,39,39,36,37,36,36,38,31,31,31,31,31,28,28,28,28,28,27,27,27,27,27,20,21,,30,30,TRUE
1001YKBEIGE-5XL,24,24,24,24,23,23,21,21,29,29,29,29,29,29,29,29,30,29,28,27,27,27,27,27,27,27,27,26,26,26,,30,30,TRUE
1001YKBEIGE-6XL,13,15,15,14,14,13,12,12,10,10,9,10,10,10,10,10,10,10,9,9,9,9,9,9,9,9,9,9,10,10,,30,30,TRUE
1001YKBEIGE-7XL,18,18,19,19,20,20,20,20,21,21,21,21,21,21,21,21,21,21,21,21,21,21,21,21,21,21,21,20,19,18,,30,30,TRUE
1001YKBEIGE-8XL,22,22,22,22,22,20,20,20,20,20,20,20,20,20,20,20,20,20,20,20,20,20,20,20,20,20,20,20,20,20,,30,30,TRUE
1001YKBEIGE-L,20,20,20,21,21,19,19,19,13,13,13,12,12,11,11,11,11,11,11,11,10,10,10,10,13,10,11,11,11,11,,30,30,TRUE
1001YKBEIGE-M,35,35,35,35,35,33,33,33,33,33,31,31,31,30,30,30,31,31,31,31,31,31,31,30,30,30,30,29,25,25,,30,30,TRUE
1001YKBEIGE-S,16,16,16,16,16,16,16,16,16,16,13,16,16,16,16,16,16,16,16,16,16,16,16,16,16,16,16,16,16,16,,30,30,TRUE
1001YKBEIGE-XL,25,25,25,25,25,24,24,24,30,30,26,29,29,29,29,29,29,29,25,25,25,25,25,25,25,22,23,23,23,23,,30,30,TRUE
1001YKBEIGE-XS,13,14,14,14,14,14,14,14,14,14,14,14,14,14,14,14,14,14,14,14,14,14,15,15,15,15,14,14,14,14,,30,30,TRUE
1001YKBEIGE-XXL,20,27,27,26,26,24,24,24,22,20,20,19,18,17,17,17,17,17,15,10,15,15,15,15,15,11,11,11,11,11,,30,30,TRUE
1002YKMUSTARD-L,0,0,0,0,0,0,0,0,0,0,0,0,0,0,0,0,0,0,0,0,0,0,0,0,0,0,0,0,0,0,,0,0,TRUE
1002YKMUSTARD-M,0,0,0,0,0,0,0,0,0,0,0,0,0,0,0,0,0,0,0,0,0,0,0,0,0,0,0,0,0,0,,0,0,TRUE
1002YKMUSTARD-S,0,0,0,0,0,0,0,0,0,0,0,0,0,0,0,0,0,0,0,0,0,0,0,0,0,0,0,0,0,0,,0,0,TRUE
1002YKMUSTARD-XL,0,0,0,0,0,0,0,0,0,0,0,0,0,0,0,0,0,0,0,0,0,0,0,0,0,0,0,0,-1,0,,0,0,TRUE
1002YKMUSTARD-XS,0,0,0,0,0,0,0,0,0,0,0,0,0,0,0,0,0,0,0,0,0,0,0,0,0,0,0,0,0,0,,0,0,TRUE
1002YKMUSTARD-XXL,0,0,0,0,0,0,0,0,0,0,0,0,0,0,0,0,0,0,0,0,0,0,0,0,0,0,0,0,0,0,,0,0,TRUE
1003DPT21MULTI-3XL,67,67,63,65,65,65,65,64,59,62,61,61,61,61,61,62,62,62,62,62,59,59,59,59,58,48,50,50,46,46,,30,30,TRUE
1003DPT21MULTI-4XL,93,93,89,89,89,87,87,86,85,89,87,87,89,86,86,85,85,85,85,84,81,79,80,81,81,78,78,76,67,67,,30,30,TRUE
1003DPT21MULTI-5XL,40,39,39,37,37,37,35,35,30,30,29,29,31,29,29,28,28,28,27,27,27,26,26,26,26,26,26,24,16,16,,30,30,TRUE
1003DPT21MULTI-6XL,7,10,10,9,9,9,9,10,10,10,10,10,10,10,10,10,10,10,10,10,10,10,11,11,10,11,10,10,6,6,,30,30,TRUE
1003DPT21MULTI-7XL,4,4,4,3,3,3,3,3,3,3,3,3,3,3,3,3,3,3,1,0,1,1,1,2,5,2,1,1,1,1,,29,27,FALSE
1003DPT21MULTI-8XL,9,14,13,12,12,12,12,13,12,11,11,11,11,10,10,10,10,10,9,9,5,5,7,7,7,5,4,5,5,5,,30,30,TRUE
1003DPT21MULTI-L,0,0,0,0,0,0,0,0,0,0,0,0,0,1,1,1,1,1,1,1,1,1,2,4,3,0,0,0,0,1,,13,12,FALSE
1003DPT21MULTI-M,9,9,9,9,9,8,8,10,10,9,9,9,11,10,10,10,10,10,9,9,9,9,9,9,9,8,8,8,4,4,,30,30,TRUE
1003DPT21MULTI-S,6,7,7,6,6,6,4,4,0,1,1,1,3,3,3,2,2,2,1,1,1,1,2,1,5,1,1,1,1,1,,29,29,TRUE
1003DPT21MULTI-XL,11,6,6,11,11,11,7,6,6,5,1,1,1,2,2,2,2,2,2,2,2,1,2,2,2,2,1,1,0,27,,29,28,FALSE
1003DPT21MULTI-XS,14,16,16,16,16,16,16,16,16,16,16,16,16,15,15,15,15,15,15,14,9,9,9,9,9,9,9,9,7,7,,30,30,TRUE
1003DPT21MULTI-XXL,2,3,3,2,2,2,0,1,0,0,0,0,1,4,4,0,0,0,0,0,0,0,0,0,2,1,1,1,1,1,,16,16,TRUE
1003KDMUSTARD-11-12,11,11,13,13,13,13,13,13,13,13,13,13,13,11,11,11,11,11,11,11,11,11,11,11,11,8,8,8,8,8,,30,30,TRUE
1003KDMUSTARD-13-14,2,2,2,2,2,2,2,2,2,2,2,2,4,4,4,4,4,4,4,4,4,4,4,4,4,4,4,4,4,4,,30,30,TRUE
1003KDMUSTARD-7-8,34,34,38,38,38,38,38,38,38,38,38,38,38,38,38,38,38,38,38,38,38,38,38,38,38,38,38,38,38,38,,30,30,TRUE
1003KDMUSTARD-9-10,13,13,13,13,13,13,13,13,13,13,13,13,15,19,19,19,15,15,15,15,15,15,15,15,15,14,14,14,12,12,,30,30,TRUE
1003SKDMUSTARD-L,0,0,0,0,0,0,0,0,0,0,0,0,0,1,1,1,1,1,1,1,1,1,2,4,4,4,4,4,0,1,,16,12,FALSE
1003SKDMUSTARD-M,9,9,9,9,9,8,8,10,10,9,9,9,11,10,10,10,10,10,9,9,9,9,9,9,9,8,8,8,4,4,,30,30,TRUE
1003SKDMUSTARD-S,6,7,7,6,6,6,4,4,0,1,1,1,3,3,3,2,2,2,1,1,1,1,2,1,1,1,1,1,1,1,,29,29,TRUE
1003SKDMUSTARD-XL,9,6,6,8,8,8,7,6,6,5,1,1,1,2,2,2,2,2,2,2,2,1,2,2,2,2,1,1,0,11,,29,28,FALSE
1003SKDMUSTARD-XXL,2,2,2,2,2,2,0,1,0,0,0,0,1,4,4,0,0,0,0,0,0,0,0,0,0,1,1,1,1,1,,15,16,FALSE
1003YK5027DPT21-L,0,0,0,0,0,0,0,0,0,0,0,0,0,1,1,1,1,1,1,1,1,1,2,4,4,4,4,4,0,1,,16,12,FALSE
1003YK5027DPT21-M,9,9,9,9,9,8,8,10,10,9,9,9,11,10,10,10,10,10,9,9,9,9,9,9,9,8,8,8,4,4,,30,30,TRUE
1003YK5027DPT21-S,6,7,7,6,6,6,4,4,0,1,1,1,3,3,3,2,2,2,1,1,1,1,2,1,1,1,1,1,1,1,,29,29,TRUE
1003YK5027DPT21-XL,9,6,6,8,8,8,7,6,6,5,1,1,1,2,2,2,2,2,2,2,2,1,2,2,2,2,1,1,0,11,,29,28,FALSE
1003YK5027DPT21-XXL,2,2,2,2,2,2,0,1,0,0,0,0,1,4,4,0,0,0,0,0,0,0,0,0,0,1,1,1,1,1,,15,16,FALSE
1003YKMUSTARD-3XL,77,77,73,75,75,75,75,74,69,73,70,71,71,71,71,71,72,72,72,72,69,69,69,69,68,58,58,58,54,54,,30,30,TRUE
1003YKMUSTARD-4XL,109,109,105,105,105,104,103,103,102,105,105,103,105,102,102,101,101,101,101,100,97,95,95,98,98,94,94,92,83,83,,30,30,TRUE
1003YKMUSTARD-5XL,51,49,49,47,47,47,45,45,40,40,40,39,41,39,39,39,39,39,38,38,38,37,37,37,36,37,37,35,27,27,,30,30,TRUE
1003YKMUSTARD-6XL,15,18,18,18,17,17,17,18,18,18,18,18,18,16,16,17,17,17,17,17,17,17,18,19,18,18,17,17,13,13,,30,30,TRUE
1003YKMUSTARD-7XL,10,10,10,10,9,9,9,9,9,9,9,9,9,9,9,9,9,9,7,1,7,7,7,8,12,8,7,7,7,7,,30,30,TRUE
1003YKMUSTARD-8XL,18,18,17,17,17,16,16,17,16,16,16,16,16,16,16,16,16,16,15,14,14,12,14,14,14,12,11,12,12,12,,30,30,TRUE
1003YKMUSTARD-L,5,5,5,5,5,4,4,4,4,4,4,4,3,3,3,3,3,3,3,3,3,3,4,6,5,4,4,3,3,4,,30,30,TRUE
1003YKMUSTARD-M,13,14,14,15,14,13,13,15,15,14,14,14,16,16,16,16,16,16,15,15,15,15,15,15,14,14,14,14,10,10,,30,30,TRUE
1003YKMUSTARD-S,11,12,12,12,12,11,9,9,5,5,4,5,5,5,5,5,5,5,4,4,4,4,4,5,8,4,4,4,4,4,,30,30,TRUE
1003YKMUSTARD-XL,18,18,13,19,19,18,14,13,13,13,8,8,8,8,8,8,8,8,8,8,8,7,8,8,17,8,7,7,4,4,,30,30,TRUE
1003YKMUSTARD-XS,17,17,19,19,19,19,19,19,19,19,19,19,19,19,19,19,19,19,19,18,15,15,15,15,15,15,15,15,13,13,,30,30,TRUE
1003YKMUSTARD-XXL,11,12,12,11,11,11,9,8,5,5,5,5,6,6,6,4,4,4,4,4,4,4,4,4,15,5,5,5,5,5,,30,30,TRUE
1004YKPINK-L,0,0,0,0,0,0,0,0,0,0,0,0,0,0,0,0,0,0,0,0,0,0,0,0,0,0,0,0,0,0,,0,0,TRUE
1004YKPINK-M,0,0,0,0,0,0,0,0,0,0,0,0,0,0,0,0,0,0,0,0,0,0,0,0,0,0,0,0,0,0,,0,0,TRUE
1004YKPINK-S,0,0,0,0,0,0,0,0,0,0,0,0,0,0,0,0,0,0,0,0,0,0,0,0,0,0,0,0,0,0,,0,0,TRUE
1004YKPINK-XL,0,0,0,0,0,0,0,0,0,0,0,0,0,0,0,0,0,0,0,0,0,0,0,0,0,0,0,0,0,0,,0,0,TRUE
1004YKPINK-XXL,0,0,0,0,0,0,0,0,0,0,0,0,0,0,0,0,0,0,0,0,0,0,0,0,0,0,0,0,0,0,,0,0,TRUE
1005YKBLUE-L,0,0,0,0,0,0,0,0,0,0,0,0,0,0,0,0,0,0,0,0,0,0,0,0,0,0,0,0,0,0,,0,0,TRUE
1005YKBLUE-M,0,0,0,0,0,0,0,0,0,0,0,0,0,0,0,0,0,0,0,0,0,0,0,0,0,0,0,0,0,0,,0,0,TRUE
1005YKBLUE-S,0,0,0,0,0,0,0,0,0,0,0,0,0,0,0,0,0,0,0,0,0,0,0,0,0,0,0,0,0,0,,0,0,TRUE
1005YKBLUE-XL,0,0,0,0,0,0,0,0,0,0,0,0,0,0,0,0,0,0,0,0,0,0,0,0,0,0,0,0,0,0,,0,0,TRUE
1005YKBLUE-XXL,0,0,0,0,0,0,0,0,0,0,0,0,0,0,0,0,0,0,0,0,0,0,0,0,0,0,0,0,0,0,,0,0,TRUE
1006KDBLUE-11-12,23,23,23,23,23,23,23,23,23,23,23,23,23,23,23,23,23,23,23,23,23,23,23,23,23,23,23,23,23,23,,30,30,TRUE
1006KDBLUE-13-14,17,17,17,17,17,17,17,17,17,17,17,17,17,16,16,16,16,16,16,16,15,15,15,15,15,15,15,15,13,13,,30,30,TRUE
1006KDBLUE-7-8,23,23,23,23,23,21,21,21,21,21,21,21,21,20,20,20,20,20,20,20,20,20,20,20,20,20,20,20,20,20,,30,30,TRUE
1006KDBLUE-9-10,20,20,20,20,20,20,20,20,20,20,20,20,20,23,23,23,23,23,22,22,22,22,22,22,22,22,22,22,22,22,,30,30,TRUE
1006YKBLUE-3XL,86,86,85,87,87,85,85,85,84,84,76,82,82,82,82,82,82,82,82,82,82,82,83,83,83,83,83,83,83,83,,30,30,TRUE
1006YKBLUE-4XL,62,62,62,62,61,126,126,126,123,123,123,123,123,123,123,121,121,121,121,120,119,119,120,127,127,126,125,126,126,126,,30,30,TRUE
1006YKBLUE-5XL,14,14,14,13,13,97,96,96,97,97,96,95,96,94,94,94,94,94,91,86,91,91,90,94,94,92,92,92,92,91,,30,30,TRUE
1006YKBLUE-6XL,63,63,63,63,63,63,63,63,63,63,62,62,62,62,62,62,62,62,61,61,61,61,61,62,62,62,61,61,61,61,,30,30,TRUE
1006YKBLUE-7XL,47,47,47,47,47,47,47,47,47,47,47,47,47,47,47,47,47,47,46,46,46,46,47,47,47,47,46,46,46,46,,30,30,TRUE
1006YKBLUE-8XL,29,29,29,29,30,30,30,30,30,30,30,30,30,27,27,26,26,26,27,27,27,27,27,27,27,27,27,27,27,27,,30,30,TRUE
1006YKBLUE-L,46,46,46,46,46,46,45,45,45,45,45,44,44,44,44,44,44,44,44,44,44,44,44,44,44,44,47,47,47,47,,30,30,TRUE
1006YKBLUE-M,47,47,47,47,47,46,46,46,46,46,46,46,46,44,44,44,44,44,41,41,37,37,37,38,38,38,38,38,38,37,,30,30,TRUE
1006YKBLUE-S,73,73,75,75,75,75,75,75,75,75,75,75,75,75,75,75,75,75,75,75,75,75,75,75,75,75,75,75,75,75,,30,30,TRUE
1006YKBLUE-XL,47,47,47,48,48,48,48,48,48,48,48,48,48,48,48,49,49,49,49,49,49,49,49,50,50,50,50,50,50,50,,30,30,TRUE
1006YKBLUE-XS,15,15,15,16,16,16,16,16,16,16,14,16,16,16,16,16,16,16,16,16,15,15,15,15,15,15,15,15,15,15,,30,30,TRUE
1006YKBLUE-XXL,66,66,66,66,66,66,66,66,65,64,64,64,65,64,64,64,64,64,64,64,64,64,64,64,64,64,64,64,64,64,,30,30,TRUE
1007YKBLACK-3XL,28,28,28,60,60,66,66,65,62,63,62,63,63,62,62,58,58,58,59,58,58,58,59,60,60,58,57,57,96,96,,30,30,TRUE
1007YKBLACK-4XL,4,5,5,18,17,64,62,62,72,72,66,66,69,66,66,61,61,61,49,47,41,47,47,47,43,41,40,44,43,41,,30,30,TRUE
1007YKBLACK-5XL,23,22,19,10,19,18,18,18,17,61,54,54,77,70,70,77,76,76,72,72,71,105,105,101,100,99,195,200,205,205,,30,30,TRUE
1007YKBLACK-6XL,49,48,50,49,48,48,48,48,48,48,48,48,98,98,98,112,112,112,109,106,108,112,112,112,112,123,126,126,127,125,,30,30,TRUE
1007YKBLACK-7XL,10,10,10,10,13,13,13,13,14,14,14,14,14,14,14,13,13,13,12,12,12,12,12,14,14,14,63,64,87,85,,30,30,TRUE
1007YKBLACK-8XL,41,42,40,43,49,50,50,49,47,47,46,46,42,42,42,43,43,43,44,43,43,42,42,41,41,41,41,35,35,35,,30,30,TRUE
1007YKBLACK-L,42,42,42,43,46,46,46,47,47,42,42,42,44,44,44,33,33,33,23,18,18,52,51,54,52,49,49,49,49,49,,30,30,TRUE
1007YKBLACK-M,33,32,30,71,71,82,82,82,83,85,84,83,83,83,83,78,78,78,78,78,78,76,76,75,74,75,94,95,98,98,,30,30,TRUE
1007YKBLACK-S,47,47,47,47,46,46,45,45,45,45,45,45,45,45,45,33,33,33,34,33,33,34,34,35,35,35,121,121,130,130,,30,30,TRUE
1007YKBLACK-XL,2,2,1,10,10,40,41,40,50,58,51,50,50,29,29,18,19,19,20,14,7,7,7,12,25,35,69,69,61,61,,30,30,TRUE
1007YKBLACK-XS,15,15,15,17,17,17,17,17,17,17,17,17,16,16,16,12,12,12,13,10,10,10,10,13,13,16,53,53,74,74,,30,30,TRUE
1007YKBLACK-XXL,7,9,9,42,43,69,69,69,72,72,72,71,72,72,72,71,71,71,64,64,64,64,64,65,64,63,63,63,63,63,,30,30,TRUE
1008YKBLUE-L,0,0,0,0,0,0,0,0,0,0,0,0,0,0,0,0,0,0,0,0,0,0,0,0,0,0,0,0,0,0,,0,0,TRUE
1008YKBLUE-M,0,0,0,0,0,0,0,0,0,0,0,0,0,0,0,0,0,0,0,0,0,0,0,0,0,0,0,0,0,0,,0,0,TRUE
1008YKBLUE-S,0,0,0,0,0,0,0,0,0,0,0,0,0,0,0,0,0,0,0,0,0,0,0,0,0,0,0,0,0,0,,0,0,TRUE
1008YKBLUE-XL,0,0,0,0,0,0,0,0,0,0,0,0,0,0,0,0,0,0,0,0,0,0,0,0,0,0,0,0,0,0,,0,0,TRUE
1008YKBLUE-XXL,0,0,0,0,0,0,0,0,0,0,0,0,0,0,0,0,0,0,0,0,0,0,0,0,0,0,0,0,0,0,,0,0,TRUE
1009YKYELLOW-L,0,0,0,0,0,0,0,0,0,0,0,0,1,1,1,1,1,1,1,1,1,1,1,1,1,1,1,1,1,1,,18,18,TRUE
1009YKYELLOW-M,0,0,0,0,0,0,0,0,0,0,0,0,0,0,0,0,0,0,0,0,0,0,0,0,0,0,0,0,0,0,,0,0,TRUE
1009YKYELLOW-S,0,0,0,0,0,0,0,0,0,0,0,0,0,0,0,0,0,0,0,0,0,0,0,0,0,0,0,0,0,0,,0,0,TRUE
1009YKYELLOW-XL,0,0,0,0,0,0,0,0,0,0,0,0,0,0,0,0,0,0,0,0,0,0,0,0,0,0,0,0,0,0,,0,0,TRUE
1009YKYELLOW-XXL,0,0,0,0,0,0,0,0,0,0,0,0,0,0,0,0,0,0,0,0,0,0,0,0,0,0,0,0,0,0,,0,0,TRUE
100YK130BLACK-L,0,0,0,0,0,0,0,0,0,0,0,0,0,0,0,0,0,0,0,0,0,0,0,0,0,0,0,0,0,0,,0,0,TRUE
100YK130BLACK-M,0,0,0,0,0,0,0,0,0,0,0,0,0,0,0,0,0,0,0,0,0,0,0,0,0,0,0,0,0,0,,0,0,TRUE
100YK130BLACK-S,0,0,0,0,0,0,0,0,0,0,0,0,0,0,0,0,0,0,0,0,0,0,0,0,0,0,0,0,0,0,,0,0,TRUE
100YK130BLACK-XXL,0,0,0,0,0,0,0,0,0,0,0,0,0,0,0,0,0,0,0,0,0,0,0,0,0,0,0,0,0,0,,0,0,TRUE
1010YKBLUE-L,0,0,0,0,0,0,0,0,0,0,0,0,0,0,0,0,0,0,0,0,0,0,0,0,0,0,0,0,0,0,,0,0,TRUE
1010YKBLUE-M,0,0,0,0,0,0,0,0,0,0,0,0,0,0,0,0,0,0,0,0,0,0,0,0,0,0,0,0,0,0,,0,0,TRUE
1010YKBLUE-S,0,0,0,0,0,0,0,0,0,0,0,0,0,0,0,0,0,0,0,0,0,0,0,0,0,0,0,0,0,0,,0,0,TRUE
1010YKBLUE-XL,0,0,0,0,0,0,0,0,0,0,0,0,0,0,0,0,0,0,0,0,0,0,0,0,0,0,0,0,0,0,,0,0,TRUE
1010YKBLUE-XXL,0,0,0,0,0,0,0,0,0,0,0,0,0,0,0,0,0,0,0,0,0,0,0,0,0,0,0,0,0,0,,0,0,TRUE
1011YKGREEN-L,0,0,0,0,0,0,0,0,0,0,0,0,0,0,0,0,0,0,0,0,0,0,0,0,0,0,0,0,0,0,,0,0,TRUE
1012YKPINK-3XL,75,76,76,77,77,77,77,77,76,76,76,76,76,76,76,78,78,78,76,76,76,76,76,77,77,77,76,76,77,77,,30,30,TRUE
1012YKPINK-4XL,88,88,88,88,89,89,90,90,90,90,90,90,89,89,89,89,89,89,89,89,89,89,89,88,88,88,88,88,88,88,,30,30,TRUE
1012YKPINK-5XL,72,72,72,72,73,71,73,73,73,72,72,72,72,69,69,70,70,70,70,70,67,67,67,67,67,67,67,67,70,70,,30,30,TRUE
1012YKPINK-L,68,68,68,68,68,68,68,68,68,68,68,68,68,93,93,128,128,128,128,128,133,133,133,133,133,133,133,133,136,137,,30,30,TRUE
1012YKPINK-M,74,74,74,74,73,73,72,72,72,72,71,71,71,88,88,94,94,94,94,94,90,90,90,89,88,88,88,88,92,92,,30,30,TRUE
1012YKPINK-S,17,84,84,86,86,86,86,86,86,85,85,84,84,85,85,85,85,85,85,85,85,85,85,84,83,84,83,83,84,84,,30,30,TRUE
1012YKPINK-XL,52,106,106,108,108,108,109,109,109,112,112,112,113,179,179,179,179,179,174,173,173,173,173,173,173,165,165,164,166,166,,30,30,TRUE
1012YKPINK-XS,15,15,15,17,17,16,16,16,16,16,16,16,16,16,16,54,54,54,54,54,64,64,64,64,64,64,64,63,68,68,,30,30,TRUE
1012YKPINK-XXL,29,119,119,119,119,119,121,121,120,120,119,118,118,130,130,137,137,137,137,136,136,136,136,136,136,135,136,137,133,133,,30,30,TRUE
1013YKBROWN-XL,0,0,0,0,0,0,0,0,0,0,0,0,0,0,0,0,0,0,0,0,0,0,0,0,0,0,0,0,0,0,,0,0,TRUE
1014YKAZKBLE-M,1,1,1,1,1,1,1,1,1,1,1,1,1,1,1,1,1,1,1,1,1,1,1,0,0,0,0,1,1,1,,26,25,FALSE
1014YKAZKBLE-S,1,1,1,1,1,1,1,1,1,1,1,1,1,1,1,1,1,1,1,1,1,1,1,1,1,1,1,1,1,1,,30,30,TRUE
1014YKAZKBLUE-L,0,0,0,0,0,0,0,0,0,0,0,0,0,0,0,0,0,0,0,0,0,0,0,0,0,0,0,0,0,0,,0,0,TRUE
1014YKAZKBLUE-M,0,0,0,0,0,0,0,0,0,0,0,0,0,0,0,0,0,0,0,0,0,0,0,0,0,0,0,0,0,0,,0,0,TRUE
1014YKAZKBLUE-S,0,0,0,0,0,0,0,0,0,0,0,0,0,0,0,0,0,0,0,0,0,0,0,0,0,0,0,0,0,0,,0,0,TRUE
1014YKAZKBLUE-XL,0,0,0,0,0,0,0,0,0,0,0,0,0,0,0,0,0,0,0,0,0,0,0,0,0,0,0,0,0,0,,0,0,TRUE
1015YKMULTIGREEN-M,0,0,0,0,0,0,0,0,0,0,0,0,0,0,0,0,0,0,0,0,0,0,0,0,0,0,0,0,0,0,,0,0,TRUE
1015YKMULTIGREEN-XL,0,0,0,0,0,0,0,0,0,0,0,0,0,0,0,0,0,0,0,0,0,0,0,0,0,0,0,0,0,0,,0,0,TRUE
1015YKMULTIGREEN-XXL,0,0,0,0,0,0,0,0,0,0,0,0,0,0,0,0,0,0,0,0,0,0,0,0,0,0,0,0,0,0,,0,0,TRUE
1016YKMULTIPRINT-L,0,0,0,0,0,0,0,0,0,0,0,0,0,0,0,0,0,0,0,0,0,0,0,0,0,0,0,0,0,0,,0,0,TRUE
1016YKMULTIPRINT-M,0,0,0,0,0,0,0,0,0,0,0,0,0,0,0,0,0,0,0,0,0,0,0,0,0,0,0,0,0,0,,0,0,TRUE
1016YKMULTIPRINT-S,0,0,0,0,0,0,0,0,0,0,0,0,0,0,0,0,0,0,0,0,0,0,0,0,0,0,0,0,0,0,,0,0,TRUE
1016YKMULTIPRINT-XL,2,2,2,2,2,2,2,2,2,2,2,2,2,2,2,2,2,2,2,2,2,2,2,2,2,2,2,2,2,2,,30,30,TRUE
1018YKBROWN-L,5,5,5,5,5,5,5,5,5,5,5,5,5,5,5,5,5,5,5,5,5,5,5,5,5,5,5,5,5,5,,30,30,TRUE
1018YKBROWN-M,3,3,3,3,3,3,3,3,3,3,3,3,3,3,3,3,3,3,3,3,3,3,3,3,3,3,3,3,3,3,,30,30,TRUE
1018YKBROWN-S,5,5,5,5,5,5,5,5,5,5,8,8,8,8,8,8,8,8,8,8,8,8,8,8,8,8,8,8,8,9,,30,30,TRUE
1018YKBROWN-XL,0,0,0,0,0,0,0,0,0,0,0,0,0,0,0,0,0,0,0,0,0,0,0,0,0,0,0,0,0,0,,0,0,TRUE
1018YKBROWN-XXL,0,0,0,0,0,0,0,0,0,0,0,0,0,0,0,0,0,0,0,0,0,0,0,0,0,0,0,0,0,0,,0,0,TRUE
1019YKGREY-L,0,0,0,0,0,0,0,0,0,0,0,0,0,0,0,0,0,0,0,0,0,0,0,0,0,0,0,0,0,0,,0,0,TRUE
1019YKGREY-M,0,0,0,0,0,0,0,0,0,0,0,0,0,0,0,0,0,0,0,0,0,0,0,0,0,0,0,0,0,0,,0,0,TRUE
1020YKBLUE-L,0,0,0,0,0,0,0,0,0,0,0,0,0,0,0,0,0,0,0,0,0,0,0,0,0,0,0,0,0,0,,0,0,TRUE
1020YKBLUE-M,0,0,0,0,0,0,0,0,0,0,0,0,0,0,0,0,0,0,0,0,0,0,0,0,0,0,0,0,0,0,,0,0,TRUE
1020YKBLUE-XL,0,0,0,0,0,0,0,0,0,0,0,0,0,0,0,0,0,0,0,0,0,0,0,0,0,0,0,0,0,0,,0,0,TRUE
1020YKBLUE-XXL,0,0,0,0,0,0,0,0,0,0,0,0,0,0,0,0,0,0,0,0,0,0,0,0,0,0,0,0,0,0,,0,0,TRUE
1021YKRGREEN-L,0,0,0,0,0,0,0,0,0,0,0,0,0,0,0,0,0,0,0,0,0,0,0,0,0,0,0,0,0,0,,0,0,TRUE
1021YKRGREEN-M,0,0,0,0,0,0,0,0,0,0,0,0,0,0,0,0,0,0,0,0,0,0,0,0,0,0,0,0,0,0,,0,0,TRUE
1021YKRGREEN-S,0,0,0,0,0,0,0,0,0,0,0,0,0,0,0,0,0,0,0,0,0,0,0,0,0,0,0,0,0,0,,0,0,TRUE
1021YKRGREEN-XL,0,0,0,0,0,0,0,0,0,0,0,0,0,0,0,0,0,0,0,0,0,0,0,0,0,0,0,0,0,0,,0,0,TRUE
1021YKRGREEN-XXL,0,0,0,0,0,0,0,0,0,0,0,0,0,0,0,0,0,0,0,0,0,0,0,0,0,0,0,0,0,0,,0,0,TRUE
1022YKRGREEN-L,0,0,0,0,0,0,0,0,0,0,0,0,0,0,0,0,0,0,0,0,0,0,0,0,0,0,0,0,0,0,,0,0,TRUE
1022YKRGREEN-M,0,0,0,0,0,0,0,0,0,0,0,0,0,0,0,0,0,0,0,0,0,0,0,0,0,0,0,0,0,0,,0,0,TRUE
1022YKRGREEN-S,0,0,0,0,0,0,0,0,0,0,0,0,0,0,0,0,0,0,0,0,0,0,0,0,0,0,0,0,0,0,,0,0,TRUE
1022YKRGREEN-XL,0,0,0,0,0,0,0,0,0,0,0,0,0,0,0,0,0,0,0,0,0,0,0,0,0,0,0,0,0,0,,0,0,TRUE
1022YKRGREEN-XXL,0,0,0,0,0,0,0,0,0,0,0,0,0,0,0,0,0,0,0,0,0,0,0,0,0,0,0,0,0,0,,0,0,TRUE
1023YKPBLUE-3XL,129,130,128,129,129,129,129,128,128,130,128,129,129,129,129,129,129,129,125,125,125,125,125,125,125,124,124,123,126,126,,30,30,TRUE
1023YKPBLUE-4XL,72,72,72,72,73,72,72,71,71,71,71,70,71,71,71,71,71,71,71,71,70,70,70,71,71,71,71,71,71,71,,30,30,TRUE
1023YKPBLUE-5XL,127,129,128,128,128,126,125,125,125,125,125,125,126,122,122,121,121,121,119,119,119,119,120,120,120,120,120,120,124,124,,30,30,TRUE
1023YKPBLUE-6XL,47,49,49,49,49,49,49,49,46,46,46,46,46,46,46,46,47,47,47,47,47,47,47,47,47,47,46,46,47,46,,30,30,TRUE
1023YKPBLUE-7XL,50,50,52,52,53,53,53,53,49,49,48,47,47,47,47,47,47,47,46,46,46,46,46,46,46,46,46,46,48,48,,30,30,TRUE
1023YKPBLUE-8XL,57,57,57,56,56,56,56,56,54,54,54,54,53,53,53,53,53,53,52,52,52,52,52,52,52,52,52,52,54,53,,30,30,TRUE
1023YKPBLUE-L,473,475,472,472,470,469,469,468,467,544,528,543,542,542,542,541,541,541,536,535,534,518,519,518,517,508,508,507,507,510,,30,30,TRUE
1023YKPBLUE-M,330,332,330,288,286,285,284,284,283,323,322,322,323,318,318,315,315,315,312,310,310,310,310,309,307,309,314,315,318,318,,30,30,TRUE
1023YKPBLUE-S,474,474,472,475,475,474,474,474,474,475,469,471,471,471,471,470,450,450,444,444,443,443,443,443,441,431,452,452,451,451,,30,30,TRUE
1023YKPBLUE-XL,323,322,322,320,319,319,319,317,317,318,317,318,317,316,316,311,311,311,306,305,305,305,305,305,305,295,299,298,297,297,,30,30,TRUE
1023YKPBLUE-XS,121,122,121,122,121,121,121,121,120,120,120,120,120,120,120,120,120,120,118,118,118,118,118,118,118,116,131,131,132,132,,30,30,TRUE
1023YKPBLUE-XXL,216,218,218,218,219,217,216,215,215,216,215,215,214,214,214,212,212,212,211,211,211,211,211,211,211,203,206,207,206,205,,30,30,TRUE
1024YKMUSTARD-3XL,16,16,16,17,17,17,17,17,15,15,15,15,15,15,15,16,16,16,16,16,16,16,16,16,16,15,15,15,15,9,,30,30,TRUE
1024YKMUSTARD-4XL,2,2,2,2,2,2,2,2,0,0,0,0,0,0,0,0,0,0,0,0,0,0,0,0,6,0,0,0,0,0,,9,8,FALSE
1024YKMUSTARD-5XL,0,0,0,0,0,0,0,0,0,0,0,0,0,0,0,0,0,0,0,0,0,0,0,0,1,0,0,0,0,0,,1,0,FALSE
1024YKMUSTARD-6XL,1,1,1,1,1,1,1,1,1,1,1,1,1,1,1,1,1,1,1,1,1,1,1,1,1,1,1,1,1,1,,30,30,TRUE
1024YKMUSTARD-7XL,0,0,0,0,0,0,0,0,0,0,0,0,0,0,0,0,0,0,0,0,0,0,0,0,0,0,0,0,0,3,,1,0,FALSE
1024YKMUSTARD-8XL,0,0,0,0,0,0,0,0,0,0,0,0,0,0,0,0,0,0,0,0,0,0,0,0,0,0,0,0,0,0,,0,0,TRUE
1024YKMUSTARD-L,34,34,34,34,34,34,34,34,34,34,19,34,34,34,34,32,33,32,31,31,31,31,31,31,31,31,32,33,33,33,,30,30,TRUE
1024YKMUSTARD-M,18,18,20,20,20,20,20,20,20,19,19,18,17,17,17,15,15,15,15,15,15,15,15,15,15,15,15,15,15,15,,30,30,TRUE
1024YKMUSTARD-S,13,13,13,13,13,13,13,13,13,13,12,13,13,13,13,12,12,12,12,12,12,12,12,12,12,12,12,12,12,12,,30,30,TRUE
1024YKMUSTARD-XL,5,5,6,7,7,7,4,4,4,4,4,4,4,4,4,2,2,2,2,2,2,2,2,2,2,2,2,2,2,2,,30,30,TRUE
1024YKMUSTARD-XS,8,8,9,9,9,9,9,9,9,9,9,9,9,9,9,9,9,9,9,9,9,9,9,9,9,9,9,9,9,9,,30,30,TRUE
1024YKMUSTARD-XXL,41,40,40,40,40,40,40,40,40,38,38,37,37,34,34,33,33,33,30,30,28,28,28,27,27,27,27,26,26,26,,30,30,TRUE
1025YKSKY-L,0,0,0,0,0,0,0,0,0,0,0,0,0,0,0,0,0,0,0,0,0,0,0,0,0,0,0,0,0,0,,0,0,TRUE
1025YKSKY-M,0,0,0,0,0,0,0,0,0,0,0,0,0,0,0,0,0,0,0,0,0,0,0,0,0,0,0,0,0,0,,0,0,TRUE
1025YKSKY-S,4,4,4,4,4,4,3,3,3,3,2,3,3,3,3,3,3,3,3,3,3,3,3,3,3,3,3,3,3,3,,30,30,TRUE
1025YKSKY-XL,0,0,0,0,0,0,0,0,0,0,0,0,0,0,0,0,0,0,0,0,0,0,0,0,0,0,0,0,0,0,,0,0,TRUE
1025YKSKY-XXL,0,0,0,0,0,0,0,0,0,0,0,0,0,0,0,0,0,0,0,0,0,0,0,0,0,0,0,0,0,0,,0,0,TRUE
1026YKOFFWHITE-L,0,0,0,0,0,0,0,0,0,0,0,0,0,0,0,0,0,0,0,0,0,0,0,0,0,0,0,0,0,0,,0,0,TRUE
1026YKOFFWHITE-M,0,0,0,0,0,0,0,0,0,0,0,0,0,0,0,0,0,0,0,0,0,0,0,0,0,0,0,0,0,0,,0,0,TRUE
1026YKOFFWHITE-S,0,0,0,0,0,0,0,0,0,0,0,0,0,0,0,0,0,0,0,0,0,0,0,0,0,0,0,0,0,0,,0,0,TRUE
1026YKOFFWHITE-XXL,0,0,0,0,0,0,0,0,0,0,0,0,0,0,0,0,0,0,0,0,0,0,0,0,0,0,0,0,0,1,,1,0,FALSE
1027YKGREY-L,0,0,0,0,0,0,0,0,0,0,0,0,0,0,0,0,0,0,0,0,0,0,0,0,0,0,0,0,0,0,,0,0,TRUE
1027YKGREY-M,0,0,0,0,0,0,0,0,0,0,0,0,0,0,0,0,0,0,0,0,0,0,0,0,0,0,0,0,0,0,,0,0,TRUE
1027YKGREY-S,0,0,0,0,0,0,0,0,0,0,0,0,0,0,0,0,0,0,0,0,0,0,0,0,0,0,0,0,0,0,,0,0,TRUE
1027YKGREY-XL,0,0,0,0,0,0,0,0,0,0,0,0,0,0,0,0,0,0,0,0,0,0,0,0,0,0,0,0,0,0,,0,0,TRUE
1028YKBLACK-L,0,0,0,0,0,0,0,0,0,0,0,0,0,0,0,0,0,0,0,0,0,0,0,0,0,0,0,0,0,0,,0,0,TRUE
1028YKBLACK-M,0,0,0,0,0,0,0,0,0,0,0,0,0,0,0,0,0,0,0,0,0,0,0,0,0,0,0,0,0,0,,0,0,TRUE
1028YKBLACK-S,0,0,0,0,0,0,0,0,0,0,0,0,0,0,0,0,0,0,0,0,0,0,0,0,0,0,0,0,0,0,,0,0,TRUE
1028YKBLACK-XL,0,0,0,0,0,0,0,0,0,0,0,0,0,0,0,0,0,0,0,0,0,0,0,0,0,0,0,0,0,0,,0,0,TRUE
1029YKBLUE-3XL,0,0,0,0,0,0,0,0,0,0,0,0,0,0,0,0,0,0,0,0,0,0,0,0,0,0,0,0,0,0,,0,0,TRUE
1029YKBLUE-L,0,0,0,0,0,0,0,0,0,0,0,0,0,0,0,0,0,0,0,0,0,0,0,0,0,0,0,0,0,0,,0,0,TRUE
1029YKBLUE-S,0,0,0,0,0,0,0,0,0,0,0,0,0,0,0,0,0,0,0,0,0,0,0,0,0,0,0,0,0,0,,0,0,TRUE
1029YKBLUE-XL,0,0,0,0,0,0,0,0,0,0,0,0,0,0,0,0,0,0,0,0,0,0,0,0,0,0,0,0,0,0,,0,0,TRUE
102YK131BROWN-XXL,0,0,0,0,0,0,0,0,0,0,0,0,0,0,0,0,0,0,0,0,0,0,0,0,0,0,0,0,0,0,,0,0,TRUE
1030YKBLACK-M,0,0,0,0,0,0,0,0,0,0,0,0,0,0,0,0,0,0,0,0,0,0,0,0,0,0,0,0,0,0,,0,0,TRUE
1030YKBLACK-S,0,0,0,0,0,0,0,0,0,0,0,0,0,0,0,0,0,0,0,0,0,0,0,0,0,0,0,0,0,0,,0,0,TRUE
1030YKBLACK-XL,0,0,0,0,0,0,0,0,0,0,0,0,0,0,0,0,0,0,0,0,0,0,0,0,0,0,0,0,0,0,,0,0,TRUE
1031YKGREY-L,0,0,0,0,0,0,0,0,0,0,0,0,0,0,0,0,0,0,0,0,0,0,0,0,0,0,0,0,0,0,,0,0,TRUE
1031YKGREY-M,0,0,0,0,0,0,0,0,0,0,0,0,0,0,0,0,0,0,0,0,0,0,0,0,0,0,0,0,0,0,,0,0,TRUE
1031YKGREY-S,0,0,0,0,0,0,0,0,0,0,0,0,0,0,0,0,0,0,0,0,0,0,0,0,0,0,0,0,0,0,,0,0,TRUE
1031YKGREY-XL,0,0,0,0,0,0,0,0,0,0,0,0,0,0,0,0,0,0,0,0,0,0,0,0,0,0,0,0,0,0,,0,0,TRUE
1032YKBLUE-L,0,0,0,0,0,0,0,0,0,0,0,0,0,0,0,0,0,0,0,0,0,0,0,0,0,0,0,0,0,0,,0,0,TRUE
1032YKBLUE-M,0,0,0,0,0,0,0,0,0,0,0,0,0,0,0,0,0,0,0,0,0,0,0,0,0,0,0,0,0,0,,0,0,TRUE
1032YKBLUE-S,0,0,0,0,0,0,0,0,0,0,0,0,0,0,0,0,0,0,0,0,0,0,0,0,0,0,0,0,0,0,,0,0,TRUE
1032YKBLUE-XL,0,0,0,0,0,0,0,0,0,0,0,0,0,0,0,0,0,0,0,0,0,0,0,0,0,0,0,0,0,0,,0,0,TRUE
1033YKMUSTARD-3XL,0,0,0,0,0,0,0,0,0,0,0,0,0,0,0,0,0,0,0,0,0,0,0,0,0,0,0,0,0,0,,0,0,TRUE
1033YKMUSTARD-L,0,0,0,0,0,0,0,0,0,0,0,0,0,0,0,0,0,0,0,0,0,0,0,0,0,0,0,0,0,0,,0,0,TRUE
1033YKMUSTARD-M,0,0,0,0,0,0,0,0,0,0,0,0,0,0,0,0,0,0,0,0,0,0,0,0,0,0,0,0,0,0,,0,0,TRUE
1033YKMUSTARD-S,0,0,0,0,0,0,0,0,0,0,0,0,0,0,0,0,0,0,0,0,0,0,0,0,0,0,0,0,0,0,,0,0,TRUE
1033YKMUSTARD-XL,0,0,0,0,0,0,0,0,0,0,0,0,0,0,0,0,0,0,0,0,0,0,0,0,0,0,0,0,0,0,,0,0,TRUE
1033YKMUSTARD-XS,0,0,0,0,0,0,0,0,0,0,0,0,0,0,0,0,0,0,0,0,0,0,0,0,0,0,0,0,0,0,,0,0,TRUE
1033YKMUSTARD-XXL,0,0,0,0,0,0,0,0,0,0,0,0,0,0,0,0,0,0,0,0,0,0,0,0,0,0,0,0,0,0,,0,0,TRUE
1034YKTEAL-3XL,2,2,6,4,6,4,3,3,2,2,2,2,1,1,1,1,1,1,1,1,1,2,2,2,2,2,2,2,3,3,,30,30,TRUE
1034YKTEAL-4XL,3,2,2,2,2,2,2,2,0,0,0,0,0,0,0,0,0,0,0,0,0,0,0,1,1,1,1,1,1,1,,15,15,TRUE
1034YKTEAL-5XL,1,1,1,1,1,1,1,1,1,1,1,1,1,1,1,1,1,1,1,1,1,1,1,1,1,1,1,1,1,1,,30,30,TRUE
1034YKTEAL-L,20,20,20,21,22,22,22,22,22,21,21,21,21,15,15,15,15,15,15,15,11,9,10,10,9,9,6,6,6,6,,30,30,TRUE
1034YKTEAL-M,37,37,37,37,37,37,37,37,37,37,37,37,37,37,37,37,37,37,34,34,34,34,34,24,24,16,17,17,17,17,,30,30,TRUE
1034YKTEAL-S,3,3,3,3,3,2,2,2,0,0,0,0,0,0,0,0,0,0,0,0,0,0,0,0,0,0,0,10,7,8,,11,11,TRUE
1034YKTEAL-XL,4,4,4,3,3,3,3,3,0,0,0,0,0,0,0,0,0,0,0,0,0,0,0,0,8,0,0,0,0,4,,10,9,FALSE
1034YKTEAL-XS,6,6,6,6,6,6,6,6,6,6,6,6,6,5,5,4,4,4,4,4,4,4,4,4,4,3,1,1,1,1,,30,30,TRUE
1034YKTEAL-XXL,18,18,18,19,19,19,18,18,12,12,11,11,12,12,12,12,13,13,13,13,9,9,9,9,10,8,9,10,10,3,,30,30,TRUE
1035YKMAROON-L,0,0,0,0,0,0,0,0,0,0,0,0,0,0,0,0,0,0,0,0,0,0,0,0,0,0,0,0,0,0,,0,0,TRUE
1035YKMAROON-M,0,0,0,0,0,0,0,0,0,0,0,0,0,0,0,0,0,0,0,0,0,0,0,0,0,0,0,0,0,0,,0,0,TRUE
1035YKMAROON-S,1,1,1,1,1,1,1,1,1,1,1,1,1,1,1,1,1,1,1,1,1,1,1,1,1,1,1,1,1,1,,30,30,TRUE
1035YKMAROON-XL,0,0,0,0,0,0,0,0,0,0,0,0,0,0,0,0,0,0,0,0,0,0,0,0,0,0,0,0,0,0,,0,0,TRUE
1035YKMAROON-XXL,0,0,0,0,0,0,0,0,0,0,0,0,0,0,0,0,0,0,0,0,0,0,0,0,0,0,0,0,0,0,,0,0,TRUE
1036YKBLUE-XL,0,0,0,0,0,0,0,0,0,0,0,0,0,0,0,0,0,0,0,0,0,0,0,0,0,0,0,0,-1,0,,0,0,TRUE
1037DPT19WHITE-3XL,40,39,38,35,35,31,30,33,48,47,45,45,44,42,42,41,41,41,39,39,34,46,46,75,75,75,76,76,75,74,,30,30,TRUE
1037DPT19WHITE-4XL,0,0,0,0,0,0,0,2,2,39,39,39,40,35,35,35,35,35,34,35,29,29,29,28,28,28,28,29,29,27,,23,23,TRUE
1037DPT19WHITE-5XL,40,39,38,35,35,31,30,33,48,47,45,45,44,42,42,41,41,41,39,39,34,46,46,76,76,76,76,76,75,74,,30,30,TRUE
1037DPT19WHITE-6XL,8,10,10,10,10,9,8,7,3,2,0,0,0,0,0,0,0,0,0,0,0,0,1,1,1,1,1,2,2,5,,18,17,FALSE
1037DPT19WHITE-7XL,1,1,1,2,2,1,0,0,0,1,1,1,1,1,1,1,1,1,0,0,0,0,0,0,0,0,0,0,0,0,,15,12,FALSE
1037DPT19WHITE-8XL,0,0,0,0,0,0,0,0,0,0,0,0,1,2,2,2,2,2,2,2,2,2,2,3,3,2,1,1,1,1,,18,18,TRUE
1037DPT19WHITE-L,1,2,2,3,3,3,3,3,3,3,3,3,4,4,4,3,3,3,3,3,2,2,4,3,3,3,3,3,2,2,,30,30,TRUE
1037DPT19WHITE-M,3,4,4,3,3,3,3,2,2,2,2,2,2,2,2,2,2,2,2,2,2,2,2,2,5,2,2,2,2,1,,30,30,TRUE
1037DPT19WHITE-S,40,39,38,35,35,31,30,33,48,47,45,45,44,42,42,41,41,41,39,39,34,46,46,72,72,72,76,76,75,74,,30,30,TRUE
1037DPT19WHITE-XL,1,7,6,20,20,14,14,12,4,9,9,9,9,3,3,3,3,3,1,1,1,1,1,1,4,1,1,1,1,1,,30,29,FALSE
1037DPT19WHITE-XS,28,28,28,28,28,28,28,28,28,28,28,28,28,28,28,28,28,28,28,28,28,28,28,28,28,28,30,30,31,31,,30,30,TRUE
1037DPT19WHITE-XXL,22,22,18,18,18,18,18,17,17,22,22,22,22,22,22,22,22,22,22,23,22,22,24,22,22,22,22,22,21,20,,30,30,TRUE
1037YKBLUE-3XL,84,85,85,93,93,93,93,93,92,93,93,93,93,90,90,92,92,92,91,91,89,89,89,88,88,87,87,87,87,85,,30,30,TRUE
1037YKBLUE-4XL,12,12,12,13,12,12,11,11,11,49,47,47,48,42,42,43,43,43,42,43,37,37,37,36,36,36,36,37,37,35,,30,30,TRUE
1037YKBLUE-5XL,120,118,118,119,118,118,118,117,116,155,155,155,155,155,155,156,157,156,156,155,155,155,156,156,156,155,154,154,154,154,,30,30,TRUE
1037YKBLUE-6XL,12,12,14,14,15,14,13,12,8,7,7,6,5,5,5,5,5,5,5,5,5,5,6,6,6,6,3,4,4,7,,30,30,TRUE
1037YKBLUE-7XL,5,4,4,3,5,4,3,3,2,2,2,2,2,2,2,2,2,2,1,1,1,1,1,1,2,1,1,1,1,1,,30,30,TRUE
1037YKBLUE-8XL,0,0,0,1,0,0,0,0,0,0,0,0,1,1,1,2,2,2,2,2,2,2,2,3,3,3,2,2,2,2,,19,19,TRUE
1037YKBLUE-L,5,6,6,6,7,7,7,7,7,7,6,7,8,8,8,8,7,7,7,7,6,6,7,8,7,7,7,7,7,6,,30,30,TRUE
1037YKBLUE-M,5,6,6,5,5,5,5,5,4,4,4,4,4,4,4,4,4,4,4,4,4,4,4,4,4,4,4,4,4,3,,30,30,TRUE
1037YKBLUE-S,76,78,80,80,79,79,79,80,80,80,79,80,80,80,80,80,80,80,79,79,79,78,79,78,78,78,81,81,81,80,,30,30,TRUE
1037YKBLUE-XL,5,6,10,24,25,18,18,16,13,8,12,11,12,7,7,6,6,6,4,4,4,4,4,4,4,4,4,4,4,4,,30,30,TRUE
1037YKBLUE-XS,35,35,35,35,35,35,35,36,35,35,30,35,35,35,35,35,35,35,35,35,35,35,35,35,35,35,35,35,36,36,,30,30,TRUE
1037YKBLUE-XXL,32,31,27,27,27,27,27,27,25,30,30,30,30,30,30,30,30,30,30,31,30,30,30,32,31,30,30,30,29,28,,30,30,TRUE
1038YKBLUE-L,0,0,0,0,0,0,0,0,0,0,0,0,0,0,0,0,0,0,0,0,0,0,0,0,0,0,0,0,0,0,,0,0,TRUE
1038YKBLUE-M,0,0,0,0,0,0,0,0,0,0,0,0,0,0,0,0,0,0,0,0,0,0,0,0,0,0,0,0,0,0,,0,0,TRUE
1038YKBLUE-S,0,0,0,0,0,0,0,0,0,0,0,0,0,0,0,0,0,0,0,0,0,0,0,0,0,0,0,0,0,0,,0,0,TRUE
1038YKBLUE-XL,0,0,0,0,0,0,0,0,0,0,0,0,0,0,0,0,0,0,0,0,0,0,0,0,0,0,0,0,0,0,,0,0,TRUE
1038YKBLUE-XS,0,0,0,0,0,0,0,0,0,0,0,0,0,0,0,0,0,0,0,0,0,0,0,0,0,0,0,0,0,0,,0,0,TRUE
1039YKGREY-3XL,0,0,0,0,0,0,0,0,0,0,0,0,0,0,0,0,0,0,0,0,0,0,0,0,0,0,0,0,0,0,,0,0,TRUE
1039YKGREY-XL,0,0,0,0,0,0,0,0,0,0,0,0,0,0,0,0,0,0,0,0,0,0,0,0,0,0,0,0,0,0,,0,0,TRUE
1039YKGREY-XXL,0,0,0,0,0,0,0,0,0,0,0,0,0,0,0,0,0,0,0,0,0,0,0,0,0,0,0,0,0,0,,0,0,TRUE
103YK219BROWN-L,0,0,0,0,0,0,0,0,0,0,0,0,0,0,0,0,0,0,0,0,0,0,0,0,0,0,0,0,0,0,,0,0,TRUE
103YK219BROWN-M,0,0,0,0,0,0,0,0,0,0,0,0,0,0,0,0,0,0,0,0,0,0,0,0,0,0,0,0,0,0,,0,0,TRUE
103YK219BROWN-XL,0,0,0,0,0,0,0,0,0,0,0,0,0,0,0,0,0,0,0,0,0,0,0,0,0,0,0,0,0,0,,0,0,TRUE
1040YKGREEN-3XL,0,0,0,0,0,0,0,0,0,0,0,0,0,0,0,0,0,0,0,0,0,0,0,0,0,0,0,0,0,0,,0,0,TRUE
1040YKGREEN-L,0,0,0,0,0,0,0,0,0,0,0,0,0,0,0,0,0,0,0,0,0,0,0,0,0,0,0,0,0,0,,0,0,TRUE
1040YKGREEN-M,0,0,0,0,0,0,0,0,0,0,0,0,0,0,0,0,0,0,0,0,0,0,0,0,0,0,0,0,0,0,,0,0,TRUE
1040YKGREEN-S,0,0,0,0,0,0,0,0,0,0,0,0,0,0,0,0,0,0,0,0,0,0,0,0,0,0,0,0,0,0,,0,0,TRUE
1040YKGREEN-XL,0,0,0,0,0,0,0,0,0,0,0,0,0,0,0,0,0,0,0,0,0,0,0,0,0,0,0,0,0,0,,0,0,TRUE
1040YKGREEN-XXL,0,0,0,0,0,0,0,0,0,0,0,0,0,0,0,0,0,0,0,0,0,0,0,0,0,0,0,0,0,0,,0,0,TRUE
1041YKDARKGREY-3XL,0,0,0,0,0,0,0,0,0,0,0,0,0,0,0,0,0,0,0,0,0,0,0,0,0,0,0,0,0,0,,0,0,TRUE
1041YKDARKGREY-L,0,0,0,0,0,0,0,0,0,0,0,0,0,0,0,0,0,0,0,0,0,0,0,0,0,0,0,0,0,0,,0,0,TRUE
1041YKDARKGREY-M,0,0,0,0,0,0,0,0,0,0,0,0,0,0,0,0,0,0,0,0,0,0,0,0,0,0,0,0,0,0,,0,0,TRUE
1041YKDARKGREY-S,0,0,0,0,0,0,0,0,0,0,0,0,0,0,0,0,0,0,0,0,0,0,0,0,0,0,0,0,0,0,,0,0,TRUE
1041YKDARKGREY-XL,0,0,0,0,0,0,0,0,0,0,0,0,0,0,0,0,0,0,0,0,0,0,0,0,0,0,0,0,0,0,,0,0,TRUE
1041YKDARKGREY-XXL,0,0,0,0,0,0,0,0,0,0,0,0,0,0,0,0,0,0,0,0,0,0,0,0,0,0,0,0,0,0,,0,0,TRUE
1042YKBROWN-M,0,0,0,0,0,0,0,0,0,0,0,0,0,0,0,0,0,0,0,0,0,0,0,0,0,0,0,0,0,0,,0,0,TRUE
1042YKBROWN-S,0,0,0,0,0,0,0,0,0,0,0,0,0,0,0,0,0,0,0,0,0,0,0,0,0,0,0,0,0,0,,0,0,TRUE
1042YKBROWN-XXL,0,0,0,0,0,0,0,0,0,0,0,0,0,0,0,0,0,0,0,0,0,0,0,0,0,0,0,0,0,0,,0,0,TRUE
1043YKMAROON-3XL,4,5,5,5,4,4,4,4,4,4,4,4,6,6,6,24,25,24,13,13,45,45,45,124,120,195,195,193,198,196,,30,30,TRUE
1043YKMAROON-4XL,25,27,25,25,24,24,24,24,23,23,23,23,24,92,92,92,92,92,93,93,117,117,117,118,114,88,88,88,89,89,,30,30,TRUE
1043YKMAROON-5XL,20,21,18,17,17,12,12,9,0,3,3,3,4,4,4,3,3,3,3,4,4,4,4,5,25,134,134,134,144,141,,29,29,TRUE
1043YKMAROON-6XL,9,9,19,19,19,19,19,19,19,19,19,19,19,42,42,42,43,43,43,43,73,72,72,72,72,73,73,73,74,74,,30,30,TRUE
1043YKMAROON-7XL,7,7,10,11,10,10,10,10,10,10,8,8,1,4,4,4,4,4,3,3,3,2,2,2,5,16,16,16,19,19,,30,30,TRUE
1043YKMAROON-8XL,18,18,18,18,18,18,18,18,18,18,18,18,18,18,18,18,18,18,18,18,18,18,18,18,18,36,36,36,36,36,,30,30,TRUE
1043YKMAROON-L,141,150,148,150,150,150,151,151,152,155,135,135,135,232,232,231,231,231,231,231,356,356,356,380,379,360,360,360,368,368,,30,30,TRUE
1043YKMAROON-M,64,64,61,65,63,63,63,63,64,66,66,65,65,146,146,145,145,145,145,145,158,158,159,159,157,229,229,229,236,236,,30,30,TRUE
1043YKMAROON-S,29,29,28,28,28,28,28,29,29,29,29,28,28,23,23,23,24,24,24,24,19,19,19,18,33,51,51,52,53,53,,30,30,TRUE
1043YKMAROON-XL,56,67,66,68,69,69,70,70,70,72,52,52,55,113,113,111,111,111,111,111,191,191,192,195,192,338,338,338,355,354,,30,30,TRUE
1043YKMAROON-XS,12,13,13,13,13,13,13,13,13,13,13,13,13,51,51,51,51,51,51,51,51,51,51,53,53,52,52,52,53,53,,30,30,TRUE
1043YKMAROON-XXL,59,62,61,63,62,62,62,62,62,45,35,28,28,29,29,30,30,30,16,16,16,16,9,57,70,273,273,278,315,315,,30,30,TRUE
1044YKRUST-3XL,1,1,1,1,1,1,1,1,1,1,1,1,1,1,1,1,1,1,1,1,1,1,1,1,1,1,1,1,1,1,,30,30,TRUE
1044YKRUST-L,0,0,0,0,0,0,0,0,0,0,0,0,0,0,0,0,0,0,0,0,0,0,0,0,0,0,0,0,0,0,,0,0,TRUE
1044YKRUST-M,0,0,0,0,0,0,0,0,0,0,0,0,0,0,0,0,0,0,0,0,0,0,0,0,0,0,0,0,0,0,,0,0,TRUE
1044YKRUST-S,0,0,0,0,0,0,0,0,0,0,0,0,0,0,0,0,0,0,0,0,0,0,0,0,0,0,0,0,0,0,,0,0,TRUE
1044YKRUST-XL,0,0,0,0,0,0,0,0,0,0,0,0,0,0,0,0,0,0,0,0,0,0,0,0,0,0,0,0,0,0,,0,0,TRUE
1044YKRUST-XXL,0,0,0,0,0,0,0,0,0,0,0,0,0,0,0,0,0,0,0,0,0,0,0,0,0,0,0,0,0,0,,0,0,TRUE
1045YKBLUISHGREY-L,0,0,0,0,0,0,0,0,0,0,0,0,0,0,0,0,0,0,0,0,0,0,0,0,0,0,0,0,0,0,,0,0,TRUE
1045YKBLUISHGREY-M,0,0,0,0,0,0,0,0,0,0,0,0,0,0,0,0,0,0,0,0,0,0,0,0,0,0,0,0,0,0,,0,0,TRUE
1045YKBLUISHGREY-S,0,0,0,0,0,0,0,0,0,0,0,0,0,0,0,0,0,0,0,0,0,0,0,0,0,0,0,0,0,0,,0,0,TRUE
1045YKBLUISHGREY-XL,0,0,0,0,0,0,0,0,0,0,0,0,0,0,0,0,0,0,0,0,0,0,0,0,0,0,0,0,0,0,,0,0,TRUE
1046YKBLUE-L,26,27,27,27,26,25,24,24,24,24,24,24,24,24,24,24,24,24,25,25,25,25,25,25,25,25,24,24,17,16,,30,30,TRUE
1046YKBLUE-M,11,11,10,10,10,10,10,9,5,4,4,4,5,5,5,5,5,5,5,5,5,5,5,4,10,4,4,4,5,5,,30,30,TRUE
1046YKBLUE-S,26,26,26,27,27,27,26,28,25,25,25,25,26,26,26,24,24,24,22,22,22,22,22,23,23,22,22,22,15,15,,30,30,TRUE
1046YKBLUE-XL,8,9,9,10,10,7,7,7,7,7,7,7,8,8,8,7,7,7,7,7,7,7,7,7,15,7,7,8,5,5,,30,30,TRUE
1046YKBLUE-XS,16,16,19,19,19,18,18,18,16,16,16,16,16,15,15,15,15,15,15,15,15,15,15,15,15,15,15,15,15,15,,30,30,TRUE
1046YKBLUE-XXL,13,13,12,12,12,12,11,10,10,11,11,11,11,11,11,9,9,9,10,9,9,9,9,11,9,10,10,10,6,6,,30,30,TRUE
1047YKBLUISHEGREY-3XL,0,0,0,0,0,0,0,0,0,0,0,0,0,0,0,0,0,0,0,0,0,0,0,0,0,0,0,0,0,0,,0,0,TRUE
1047YKBLUISHEGREY-L,1,1,1,1,1,1,1,1,1,1,1,1,1,1,1,1,1,1,1,1,1,1,1,1,1,1,1,1,1,1,,30,30,TRUE
1047YKBLUISHEGREY-M,13,13,13,13,13,13,13,13,13,5,5,5,5,5,5,5,5,5,5,5,5,5,5,5,5,5,5,5,5,5,,30,30,TRUE
1047YKBLUISHEGREY-S,20,20,20,20,20,20,20,20,20,20,20,20,20,20,20,20,20,20,20,20,20,20,20,20,20,20,20,20,20,20,,30,30,TRUE
1047YKBLUISHEGREY-XL,1,1,1,1,1,1,1,1,1,1,1,1,1,1,1,0,0,0,0,0,0,0,0,0,0,0,0,0,0,0,,15,14,FALSE
1047YKBLUISHEGREY-XS,2,2,2,2,2,2,2,2,2,2,2,2,2,2,2,2,2,2,2,2,2,2,2,2,2,2,2,2,2,2,,30,30,TRUE
1047YKBLUISHEGREY-XXL,0,0,0,0,0,0,0,0,0,0,0,0,0,0,0,0,0,0,0,0,0,0,0,0,0,0,0,0,0,0,,0,0,TRUE
1048YKBLUE-3XL,10,10,8,9,7,6,6,6,7,8,8,9,11,11,11,12,13,13,13,13,13,13,13,13,43,5,5,7,4,4,,30,30,TRUE
1048YKBLUE-4XL,43,43,40,41,41,41,40,39,39,37,37,37,39,40,40,39,39,39,40,40,40,40,41,41,41,29,28,29,19,19,,30,30,TRUE
1048YKBLUE-5XL,29,29,29,30,30,30,30,29,30,30,30,29,29,28,28,27,27,27,26,26,21,21,21,24,23,15,15,15,9,9,,30,30,TRUE
1048YKBLUE-6XL,8,8,8,8,9,9,9,8,4,4,4,4,4,4,4,4,4,4,4,4,4,4,4,4,8,4,4,4,4,4,,30,30,TRUE
1048YKBLUE-7XL,4,4,4,6,7,6,6,6,5,5,5,5,4,4,4,5,5,5,5,5,5,5,5,5,12,6,6,8,8,8,,30,30,TRUE
1048YKBLUE-8XL,29,29,29,28,28,24,24,23,23,23,23,24,24,24,24,24,24,24,24,24,24,24,24,24,24,23,23,23,23,23,,30,30,TRUE
1048YKBLUE-L,16,17,15,16,15,15,15,15,16,18,18,18,18,18,18,17,17,17,11,11,11,11,12,13,42,14,13,14,8,8,,30,30,TRUE
1048YKBLUE-M,39,38,37,38,38,38,38,38,39,40,40,42,43,43,43,42,42,42,41,41,41,39,40,41,40,31,30,30,21,21,,30,30,TRUE
1048YKBLUE-S,7,7,7,7,7,7,7,6,2,2,2,2,2,2,2,2,3,3,3,3,3,3,3,3,8,1,1,1,1,1,,30,30,TRUE
1048YKBLUE-XL,6,5,3,3,3,3,3,3,1,1,1,1,1,1,1,1,1,1,2,2,2,2,3,2,19,2,2,2,3,3,,30,30,TRUE
1048YKBLUE-XS,65,66,66,66,66,66,66,67,67,67,67,67,67,67,67,67,67,67,67,67,67,67,68,69,68,67,67,67,62,61,,30,30,TRUE
1048YKBLUE-XXL,48,48,44,44,43,42,41,41,41,45,44,45,45,44,44,47,47,47,45,44,33,33,34,34,63,18,18,18,12,10,,30,30,TRUE
1049YKMAROON-3XL,0,0,0,0,0,0,0,0,0,0,0,0,0,0,0,0,0,0,0,0,0,0,0,0,0,0,0,0,0,0,,0,0,TRUE
1049YKMAROON-L,0,0,0,0,0,0,0,0,0,0,0,0,0,0,0,0,0,0,0,0,0,0,0,0,0,0,0,0,0,0,,0,0,TRUE
1049YKMAROON-M,0,0,0,0,0,0,0,0,0,0,0,0,0,0,0,0,0,0,0,0,0,0,0,0,0,0,0,0,0,0,,0,0,TRUE
1049YKMAROON-S,0,0,0,0,0,0,0,0,0,0,0,0,0,0,0,0,0,0,0,0,0,0,0,0,0,0,0,0,0,0,,0,0,TRUE
1049YKMAROON-XL,0,0,0,0,0,0,0,0,0,0,0,0,0,0,0,0,0,0,0,0,0,0,0,0,0,0,0,0,0,0,,0,0,TRUE
1049YKMAROON-XXL,0,0,0,0,0,0,0,0,0,0,0,0,0,0,0,0,0,0,0,0,0,0,0,0,0,0,0,0,0,0,,0,0,TRUE
104YK219BLUE-L,0,0,0,0,0,0,0,0,0,0,0,0,0,0,0,0,0,0,0,0,0,0,0,0,0,0,0,0,0,0,,0,0,TRUE
1050YKBLUE-3XL,26,26,27,27,27,27,27,27,27,27,27,27,27,27,27,28,28,28,27,27,27,27,28,28,28,28,28,28,28,28,,30,30,TRUE
1050YKBLUE-4XL,35,35,36,36,36,36,36,36,36,36,36,36,36,36,36,36,36,36,37,37,37,37,37,37,37,37,37,37,37,37,,30,30,TRUE
1050YKBLUE-5XL,12,12,13,13,13,13,13,13,13,13,13,13,13,13,13,13,13,13,13,13,13,13,13,13,13,13,13,13,13,13,,30,30,TRUE
1050YKBLUE-L,20,20,20,19,19,19,19,19,19,19,18,18,18,18,18,18,18,18,19,19,19,19,19,18,18,18,18,19,19,19,,30,30,TRUE
1050YKBLUE-M,43,43,43,45,44,44,44,44,42,41,41,41,41,41,41,41,41,41,41,41,41,41,41,41,40,41,40,40,40,40,,30,30,TRUE
1050YKBLUE-S,16,16,16,17,17,17,17,17,13,13,13,13,13,13,13,11,11,11,11,11,11,11,11,10,10,9,9,9,9,9,,30,30,TRUE
1050YKBLUE-XL,49,49,49,49,49,49,49,49,49,49,49,51,51,51,51,52,54,53,53,53,53,53,54,54,54,54,54,54,54,54,,30,30,TRUE
1050YKBLUE-XS,14,14,14,14,14,14,14,14,13,13,13,13,13,13,13,13,13,13,13,13,13,13,13,13,13,13,13,13,13,13,,30,30,TRUE
1050YKBLUE-XXL,22,22,21,21,21,21,21,21,21,22,22,22,23,23,23,23,23,23,22,22,22,22,22,22,22,22,22,22,22,20,,30,30,TRUE
1051YKMAROON-3XL,7,7,6,6,6,5,5,5,0,0,0,0,0,0,0,0,1,1,1,1,1,1,1,1,2,4,4,5,5,5,,22,22,TRUE
1051YKMAROON-4XL,2,2,2,3,3,3,2,1,1,1,1,1,1,1,1,1,1,1,1,1,1,1,1,2,2,2,2,2,2,2,,30,30,TRUE
1051YKMAROON-5XL,5,5,4,4,4,4,4,4,1,1,1,1,1,1,1,1,1,1,1,1,1,1,1,1,2,1,1,1,1,1,,30,30,TRUE
1051YKMAROON-6XL,10,9,9,9,9,9,6,6,6,5,5,5,5,5,5,4,4,4,4,4,4,3,3,3,3,3,3,3,3,3,,30,30,TRUE
1051YKMAROON-7XL,9,9,9,9,9,9,9,9,7,7,7,7,6,6,6,6,6,6,5,1,5,5,5,5,5,5,5,5,5,5,,30,30,TRUE
1051YKMAROON-8XL,4,4,4,4,4,4,4,4,0,0,0,0,1,1,1,1,1,1,2,2,2,2,2,3,3,3,3,3,3,3,,26,26,TRUE
1051YKMAROON-L,36,36,36,37,37,35,35,35,35,35,35,35,35,35,35,35,35,35,31,31,31,31,31,31,30,30,20,20,20,20,,30,30,TRUE
1051YKMAROON-M,4,5,5,6,7,7,7,7,8,8,7,7,7,7,7,6,6,6,5,5,5,5,5,5,7,5,5,5,5,5,,30,30,TRUE
1051YKMAROON-S,5,5,5,5,5,5,5,5,1,1,1,1,1,1,1,1,1,1,1,1,1,1,1,1,4,1,1,1,1,1,,30,30,TRUE
1051YKMAROON-XL,11,11,11,12,12,12,11,11,6,6,6,6,5,5,5,0,0,0,1,1,1,1,1,1,1,1,1,3,3,13,,27,27,TRUE
1051YKMAROON-XS,13,13,13,13,13,13,13,13,13,13,13,13,13,13,13,13,13,13,13,13,13,13,13,14,14,14,14,14,14,14,,30,30,TRUE
1051YKMAROON-XXL,5,5,5,5,5,5,5,5,1,0,1,1,1,1,1,1,1,1,1,1,1,1,1,1,10,1,1,1,1,1,,29,29,TRUE
1052YKGREEN-3XL,9,9,9,9,9,9,9,9,9,7,7,7,6,6,6,5,5,5,5,5,5,5,5,5,5,5,5,5,6,6,,30,30,TRUE
1052YKGREEN-4XL,15,16,16,15,15,15,15,14,14,9,9,9,9,9,9,8,8,8,7,5,5,2,5,4,4,4,4,4,4,4,,30,30,TRUE
1052YKGREEN-5XL,1,1,1,1,1,1,0,0,0,0,0,0,0,0,0,5,5,5,4,4,4,4,4,4,4,4,4,4,4,4,,21,21,TRUE
1052YKGREEN-L,1,1,1,1,1,1,1,1,1,1,1,1,1,1,1,1,1,1,0,0,0,0,0,0,0,0,0,0,0,2,,19,17,FALSE
1052YKGREEN-M,4,4,3,3,3,3,2,2,2,2,2,2,2,2,2,7,7,7,7,7,7,7,7,7,7,5,5,5,5,5,,30,30,TRUE
1052YKGREEN-S,16,16,16,16,16,16,16,16,16,11,11,11,11,11,11,11,11,11,9,9,9,9,9,8,8,8,8,8,8,8,,30,30,TRUE
1052YKGREEN-XL,1,1,2,1,2,2,2,2,0,0,0,0,0,0,0,0,0,0,0,0,0,0,0,0,2,0,0,0,0,0,,9,8,FALSE
1052YKGREEN-XS,25,25,25,25,25,25,25,25,25,25,18,25,25,25,25,25,25,25,25,25,25,25,25,25,25,25,25,25,25,25,,30,30,TRUE
1052YKGREEN-XXL,3,3,2,1,1,1,1,1,1,1,1,1,0,0,0,0,0,0,0,0,0,0,0,1,1,1,1,1,1,5,,19,18,FALSE
1053YKMAROON-3XL,0,0,0,0,0,0,0,0,0,0,0,0,0,0,0,0,0,0,0,0,0,0,0,0,0,0,0,0,0,0,,0,0,TRUE
1053YKMAROON-L,0,0,0,0,0,0,0,0,0,0,0,0,0,0,0,0,0,0,0,0,0,0,0,0,0,0,0,0,0,0,,0,0,TRUE
1053YKMAROON-M,1,1,1,1,1,1,1,1,1,1,1,1,1,1,1,1,1,1,1,1,1,1,1,1,1,1,3,3,3,3,,30,30,TRUE
1053YKMAROON-S,7,7,7,7,7,7,7,7,7,7,7,7,7,7,7,7,7,7,7,7,7,7,7,7,7,7,7,7,7,7,,30,30,TRUE
1053YKMAROON-XL,0,0,0,0,0,0,0,0,0,0,0,0,0,0,0,0,0,0,0,0,0,0,0,0,0,0,0,0,0,0,,0,0,TRUE
1053YKMAROON-XXL,0,0,0,0,0,0,0,0,0,0,0,0,0,0,0,0,0,0,0,0,0,0,0,0,0,0,0,0,0,0,,0,0,TRUE
1054YKYELLOW-L,0,0,0,0,0,0,0,0,0,0,0,0,0,0,0,0,0,0,0,0,0,0,0,0,0,0,0,0,0,0,,0,0,TRUE
1054YKYELLOW-M,0,0,0,0,0,0,0,0,0,0,0,0,0,0,0,0,0,0,0,0,0,0,0,0,0,0,0,0,0,0,,0,0,TRUE
1054YKYELLOW-S,0,0,0,0,0,0,0,0,0,0,0,0,0,0,0,0,0,0,0,0,0,0,0,0,0,0,0,0,0,0,,0,0,TRUE
1055YKGREEN-3XL,3,3,2,12,12,9,9,9,8,8,8,8,7,5,5,5,5,5,4,4,4,4,5,5,4,5,30,30,26,26,,30,30,TRUE
1055YKGREEN-4XL,2,2,2,12,9,9,7,7,0,0,0,0,1,1,1,0,0,0,0,1,1,1,1,1,7,1,1,1,1,5,,22,21,FALSE
1055YKGREEN-5XL,9,8,8,16,16,10,10,10,8,8,8,8,8,8,8,9,9,9,9,9,9,9,9,9,11,9,55,54,55,55,,30,30,TRUE
1055YKGREEN-L,20,19,19,19,19,13,11,11,11,11,10,10,10,11,11,10,10,10,10,10,8,10,10,11,15,11,75,75,65,65,,30,30,TRUE
1055YKGREEN-M,21,21,19,19,19,12,12,12,12,14,11,11,11,9,9,9,9,10,10,10,9,9,9,8,18,8,21,21,12,12,,30,30,TRUE
1055YKGREEN-S,12,12,12,12,13,12,12,12,11,10,10,10,10,10,10,10,10,10,10,10,10,10,10,9,14,9,23,23,23,23,,30,30,TRUE
1055YKGREEN-XL,6,7,5,31,31,21,21,21,20,20,16,16,18,11,11,9,9,9,10,10,10,10,10,10,21,10,72,72,69,69,,30,30,TRUE
1055YKGREEN-XS,17,17,17,16,16,16,16,16,16,16,16,16,16,14,14,14,14,14,14,13,13,13,13,13,13,13,32,32,33,33,,30,30,TRUE
1055YKGREEN-XXL,1,3,3,18,18,18,17,17,17,17,17,17,17,17,17,17,17,17,15,15,15,14,14,14,11,7,47,53,43,43,,30,30,TRUE
1056YKOFFWHITE-L,0,0,0,0,0,0,0,0,0,0,0,0,0,0,0,0,0,0,0,0,0,0,0,0,0,0,0,0,0,0,,0,0,TRUE
1056YKOFFWHITE-M,0,0,0,0,0,0,0,0,0,0,0,0,0,0,0,0,0,0,0,0,0,0,0,0,0,0,0,0,0,0,,0,0,TRUE
1056YKOFFWHITE-S,0,0,0,0,0,0,0,0,0,0,0,0,0,0,0,0,0,0,0,0,0,0,0,0,0,0,0,0,0,0,,0,0,TRUE
1056YKOFFWHITE-XL,0,0,0,0,0,0,0,0,0,0,0,0,0,0,0,0,0,0,0,0,0,0,0,0,0,0,0,0,0,0,,0,0,TRUE
1056YKOFFWHITE-XXL,0,0,0,0,0,0,0,0,0,0,0,0,0,0,0,0,0,0,0,0,0,0,0,0,0,0,0,0,0,0,,0,0,TRUE
1057KDBLUE-11-12,1,1,1,1,1,1,1,1,1,1,1,1,1,3,3,3,3,3,3,3,3,3,3,3,3,3,3,3,4,4,,30,30,TRUE
1057KDBLUE-13-14,0,0,0,0,0,0,0,0,0,0,0,0,1,2,2,2,2,2,2,2,2,2,2,2,2,2,2,1,2,2,,18,18,TRUE
1057KDBLUE-7-8,20,20,20,20,20,20,20,20,20,20,20,20,20,21,21,21,21,21,21,21,21,21,21,21,21,20,20,20,19,19,,30,30,TRUE
1057KDBLUE-9-10,7,7,7,7,7,7,7,7,7,7,7,7,8,8,8,8,8,8,8,8,8,8,8,7,7,5,5,5,5,5,,30,30,TRUE
1057YKBLUE-3XL,34,34,31,108,107,117,117,115,113,113,112,112,120,171,171,171,171,171,171,172,171,170,170,170,170,171,171,173,173,173,,30,30,TRUE
1057YKBLUE-4XL,85,88,88,119,121,127,126,124,119,118,118,117,111,116,116,117,117,117,114,112,111,111,111,111,111,110,110,110,107,107,,30,30,TRUE
1057YKBLUE-5XL,28,31,24,100,101,105,103,103,100,100,98,95,98,166,166,167,167,167,162,163,162,157,157,152,150,155,154,155,154,153,,30,30,TRUE
1057YKBLUE-6XL,18,17,17,13,14,14,14,13,11,10,7,7,8,117,117,116,116,116,112,112,112,110,110,109,109,104,104,110,110,110,,30,30,TRUE
1057YKBLUE-7XL,4,6,6,23,24,30,30,29,28,27,27,27,43,105,105,104,104,104,97,92,96,96,97,95,95,95,95,95,93,88,,30,30,TRUE
1057YKBLUE-8XL,15,23,20,27,22,24,23,22,21,21,19,18,19,47,47,46,46,46,44,43,38,40,39,38,38,32,32,36,35,34,,30,30,TRUE
1057YKBLUE-L,488,487,487,451,450,450,448,448,443,443,443,443,443,443,443,444,444,444,444,444,444,444,444,447,446,445,446,446,446,445,,30,30,TRUE
1057YKBLUE-M,649,649,649,646,646,646,646,647,644,644,643,643,642,641,641,642,643,642,640,640,639,639,639,639,639,639,639,639,640,640,,30,30,TRUE
1057YKBLUE-S,395,395,394,391,391,391,391,391,391,391,391,391,391,391,391,392,393,392,392,392,392,392,392,392,392,391,391,391,393,394,,30,30,TRUE
1057YKBLUE-XL,471,471,471,416,415,413,412,412,410,410,407,408,406,406,406,408,409,408,409,408,408,407,407,407,406,403,403,403,402,401,,30,30,TRUE
1057YKBLUE-XS,163,164,164,165,165,165,165,165,165,165,165,165,165,165,165,165,165,165,165,165,165,164,164,164,164,164,164,164,164,164,,30,30,TRUE
1057YKBLUE-XXL,42,43,43,112,111,119,118,118,115,115,115,115,115,113,113,115,116,116,116,116,116,117,118,118,118,119,119,119,118,118,,30,30,TRUE
1058YKMUSTARD-L,0,0,0,0,0,0,0,0,0,0,0,0,0,0,0,0,0,0,0,0,0,0,0,0,0,0,0,0,0,0,,0,0,TRUE
1058YKMUSTARD-M,0,0,0,0,0,0,0,0,0,0,0,0,0,0,0,0,0,0,0,0,0,0,0,0,0,0,0,0,0,0,,0,0,TRUE
1058YKMUSTARD-S,0,0,0,0,0,0,0,0,0,0,0,0,0,0,0,0,0,0,0,0,0,0,0,0,0,0,0,0,0,0,,0,0,TRUE
1058YKMUSTARD-XL,0,0,0,0,0,0,0,0,0,0,0,0,0,0,0,0,0,0,0,0,0,0,0,0,0,0,0,0,0,0,,0,0,TRUE
1059YKMUSTARD-3XL,19,22,21,21,21,11,13,13,12,8,7,7,7,7,7,7,7,7,7,7,7,7,7,7,10,7,7,8,8,8,,30,30,TRUE
1059YKMUSTARD-4XL,19,19,18,16,16,14,15,13,12,7,12,12,12,9,9,7,7,7,7,7,7,7,7,7,10,7,7,8,7,7,,30,30,TRUE
1059YKMUSTARD-5XL,12,14,14,17,17,10,9,8,7,9,9,9,9,5,5,3,2,2,2,1,1,1,1,2,11,1,1,1,2,1,,30,30,TRUE
1059YKMUSTARD-6XL,11,11,11,10,10,10,10,9,9,8,8,8,8,8,8,7,7,7,6,5,5,5,5,2,3,5,5,4,4,5,,30,30,TRUE
1059YKMUSTARD-7XL,20,20,20,20,20,20,20,20,19,19,19,19,19,19,19,19,19,19,19,19,19,19,19,19,19,19,19,18,18,17,,30,30,TRUE
1059YKMUSTARD-8XL,7,8,8,8,6,6,6,6,3,1,3,2,2,2,2,2,2,3,3,3,3,3,3,3,6,3,3,3,3,3,,30,30,TRUE
1059YKMUSTARD-L,29,29,30,30,30,20,22,22,22,26,26,26,26,14,14,14,14,14,14,14,9,9,9,9,25,9,9,9,10,10,,30,30,TRUE
1059YKMUSTARD-M,43,46,46,45,45,41,40,40,40,41,40,39,38,36,36,35,35,35,25,25,24,24,24,25,23,17,17,22,22,16,,30,30,TRUE
1059YKMUSTARD-S,9,10,10,10,11,11,7,8,1,2,1,1,1,1,1,1,1,1,1,1,1,1,1,1,10,1,1,1,1,1,,30,30,TRUE
1059YKMUSTARD-XL,15,14,13,13,11,9,9,9,9,10,10,10,11,11,11,8,8,8,8,7,4,4,4,4,7,4,4,4,4,4,,30,30,TRUE
1059YKMUSTARD-XS,0,0,0,0,0,0,0,1,1,1,1,1,1,0,0,0,0,0,0,0,0,0,0,0,7,0,0,0,0,0,,7,6,FALSE
1059YKMUSTARD-XXL,3,4,3,3,3,3,3,3,0,0,0,0,0,6,6,9,9,9,0,0,4,0,4,6,13,6,5,5,0,0,,20,19,FALSE
105YK224BLACK-L,0,0,0,0,0,0,0,0,0,0,0,0,0,0,0,0,0,0,0,0,0,0,0,0,0,0,0,0,0,0,,0,0,TRUE
105YK224BLACK-M,6,6,6,6,6,6,6,6,6,6,4,6,6,6,6,6,6,6,5,5,5,5,5,5,5,5,5,5,5,5,,30,30,TRUE
105YK224BLACK-S,15,15,15,15,15,15,15,15,15,15,7,15,15,15,15,15,15,15,15,15,15,15,15,15,15,15,15,15,15,15,,30,30,TRUE
105YK224BLACK-XL,0,0,0,0,0,0,0,0,0,0,0,0,0,0,0,0,0,0,0,0,0,0,0,0,0,0,0,0,0,0,,0,0,TRUE
105YK224BLACK-XXL,0,0,0,0,0,0,0,0,0,0,0,0,0,0,0,0,0,0,0,0,0,0,0,0,0,0,0,0,0,0,,0,0,TRUE
1060YKBEIGE-3XL,45,45,45,46,46,45,45,45,45,48,48,48,48,75,75,75,74,74,74,74,69,69,69,98,98,90,90,90,90,90,,30,30,TRUE
1060YKBEIGE-4XL,28,28,24,26,26,26,26,26,26,29,28,28,30,52,52,54,54,54,54,54,49,48,48,56,54,52,52,52,52,52,,30,30,TRUE
1060YKBEIGE-5XL,48,48,48,50,49,44,44,44,44,45,45,43,39,79,79,80,80,80,80,79,78,78,85,86,86,76,76,76,76,76,,30,30,TRUE
1060YKBEIGE-L,38,38,40,40,40,27,26,26,26,26,26,26,26,66,66,66,66,66,66,66,65,64,67,99,98,84,84,85,94,93,,30,30,TRUE
1060YKBEIGE-M,46,46,46,46,46,46,54,54,54,55,55,55,55,60,60,60,60,60,60,60,60,60,62,77,77,77,77,77,77,77,,30,30,TRUE
1060YKBEIGE-S,13,13,13,13,13,13,14,15,15,15,15,15,16,55,55,55,55,55,54,54,54,54,54,54,54,54,54,54,54,54,,30,30,TRUE
1060YKBEIGE-XL,43,43,40,41,43,42,44,44,44,44,44,42,42,41,41,41,41,41,41,41,41,41,41,43,43,43,43,43,44,44,,30,30,TRUE
1060YKBEIGE-XS,45,47,47,46,45,39,39,39,39,41,41,41,41,46,46,46,46,46,46,46,46,46,46,50,50,50,50,50,50,50,,30,30,TRUE
1060YKBEIGE-XXL,32,32,33,33,32,31,31,31,31,31,31,30,33,85,85,85,85,85,85,84,84,84,91,120,120,121,121,121,122,122,,30,30,TRUE
1061YKBLUE-3XL,1,2,2,2,2,1,1,1,1,1,1,1,1,1,1,1,1,1,1,1,1,1,1,1,1,1,1,1,1,1,,30,30,TRUE
1061YKBLUE3XLBLUE,0,0,0,0,0,0,0,0,0,0,0,0,0,0,0,0,0,0,0,0,0,0,0,0,0,0,0,0,0,0,,0,#N/A,#N/A
1061YKBLUE-4XL,0,0,0,0,0,0,0,0,0,0,0,0,0,0,0,0,0,0,0,0,0,0,0,0,0,0,0,0,0,0,,0,0,TRUE
1061YKBLUE-5XL,1,1,1,3,3,3,3,3,3,3,3,3,3,3,3,3,3,3,3,3,3,3,3,3,3,3,3,3,3,3,,30,30,TRUE
1061YKBLUE5XLBLUE,0,0,0,0,0,0,0,0,0,0,0,0,0,0,0,0,0,0,0,0,0,0,0,0,0,0,0,0,0,0,,0,#N/A,#N/A
1061YKBLUE-6XL,2,2,1,0,0,0,0,0,0,0,0,0,0,0,0,0,0,0,0,0,0,0,0,0,0,0,0,0,0,0,,3,3,TRUE
1061YKBLUE-7XL,3,3,3,3,4,4,4,4,1,1,1,1,1,1,1,1,1,1,1,1,1,1,1,1,5,1,1,1,1,1,,30,30,TRUE
1061YKBLUE-8XL,7,7,7,7,7,6,3,3,0,0,0,0,0,0,0,0,0,0,0,0,0,0,0,0,4,0,0,0,1,1,,11,10,FALSE
1061YKBLUE-L,0,0,0,0,0,0,0,0,0,0,0,0,0,0,0,0,0,0,0,0,0,0,0,0,0,0,0,0,0,0,,0,0,TRUE
1061YKBLUE-M,4,4,4,4,4,4,4,4,4,4,4,4,4,4,4,4,4,4,4,4,4,4,4,4,4,4,4,4,4,4,,30,30,TRUE
1061YKBLUE-S,3,3,3,2,2,2,2,2,0,0,0,0,0,0,0,0,0,0,0,0,0,0,0,0,2,0,0,0,0,0,,9,8,FALSE
1061YKBLUE-XL,1,1,1,1,1,1,1,1,1,1,1,1,1,1,1,1,1,1,1,1,1,1,1,1,2,1,1,1,1,1,,30,30,TRUE
1061YKBLUE-XXL,1,1,1,1,1,1,1,1,1,1,1,1,1,1,1,1,1,1,1,1,1,1,1,1,1,1,1,1,1,1,,30,30,TRUE
1062YKSKYBLUE-3XL,0,0,0,0,0,0,0,0,0,0,0,0,0,0,0,0,0,0,0,0,0,0,0,0,0,0,0,0,0,0,,0,0,TRUE
1062YKSKYBLUE-4XL,0,0,0,0,0,0,0,0,0,0,0,0,0,0,0,0,0,0,0,0,0,0,0,0,0,0,0,0,0,0,,0,0,TRUE
1062YKSKYBLUE-L,0,0,0,0,0,0,0,0,0,0,0,0,0,0,0,0,0,0,0,0,0,0,0,0,0,0,0,0,0,0,,0,0,TRUE
1062YKSKYBLUE-M,0,0,0,0,0,0,0,0,0,0,0,0,0,0,0,0,0,0,0,0,0,0,0,0,0,0,0,0,0,0,,0,0,TRUE
1062YKSKYBLUE-S,23,23,23,23,23,23,23,23,23,23,23,23,23,23,23,23,23,23,23,23,23,23,23,22,22,22,23,23,23,23,,30,30,TRUE
1062YKSKYBLUE-XL,0,0,0,0,0,0,0,0,0,0,0,0,0,0,0,0,0,0,0,0,0,0,0,0,0,0,0,0,0,0,,0,0,TRUE
1062YKSKYBLUE-XXL,0,0,0,0,0,0,0,0,0,0,0,0,0,0,0,0,0,0,0,0,0,0,0,0,0,0,0,0,0,1,,1,0,FALSE
1063YKRED-4XL,0,0,0,0,0,0,0,0,0,0,0,0,0,0,0,0,0,0,0,0,0,0,0,0,0,0,0,0,0,0,,0,0,TRUE
1063YKRED-L,4,4,5,5,4,4,2,2,1,1,1,1,1,1,1,2,2,2,2,2,2,2,2,1,2,1,1,0,0,0,,27,27,TRUE
1063YKRED-M,7,7,6,6,6,4,4,4,0,0,0,0,0,0,0,0,0,0,0,0,0,0,1,1,2,1,1,1,2,2,,16,16,TRUE
1063YKRED-S,37,37,37,37,37,37,37,37,37,37,37,37,37,37,37,37,37,37,37,37,37,37,37,37,36,37,37,37,30,30,,30,30,TRUE
1063YKRED-XL,6,6,5,5,5,5,3,3,0,0,0,0,0,0,0,0,0,0,0,0,0,0,0,0,2,0,0,0,0,0,,9,8,FALSE
1063YKRED-XS,1,1,1,1,1,1,1,1,1,1,1,1,1,1,1,1,1,1,1,1,1,1,1,1,1,1,1,1,1,1,,30,30,TRUE
1063YKRED-XXL,0,0,0,0,0,0,0,0,0,0,0,0,1,1,1,1,1,1,1,1,1,1,1,1,1,1,1,1,1,1,,18,18,TRUE
1064YKBLUE-3XL,0,0,0,0,0,0,0,0,0,0,0,0,0,0,0,0,0,0,0,0,0,0,0,0,0,0,0,0,0,0,,0,0,TRUE
1064YKBLUE-4XL,0,0,0,0,0,0,0,0,0,0,0,0,0,0,0,0,0,0,0,0,0,0,0,0,0,0,0,0,0,0,,0,0,TRUE
1064YKBLUE-5XL,0,0,0,0,0,0,0,0,0,0,0,0,0,0,0,0,0,0,0,0,0,0,0,0,0,0,0,0,0,0,,0,0,TRUE
1064YKBLUE-L,0,0,0,0,0,0,0,0,0,0,0,0,0,0,0,0,0,0,0,0,0,0,0,0,0,0,0,0,0,0,,0,0,TRUE
1064YKBLUE-M,0,0,0,0,0,0,0,0,0,0,0,0,0,0,0,0,0,0,0,0,0,0,0,0,0,0,0,0,0,0,,0,0,TRUE
1064YKBLUE-S,1,1,1,1,1,1,1,1,1,1,1,1,1,1,1,1,1,1,1,1,1,1,1,1,1,1,1,1,1,1,,30,30,TRUE
1064YKBLUE-XL,0,0,0,0,0,0,0,0,0,0,0,0,0,0,0,0,0,0,0,0,0,0,0,0,0,0,0,0,0,0,,0,0,TRUE
1064YKBLUE-XS,0,0,0,0,0,0,0,0,0,0,0,0,0,0,0,0,0,0,0,0,0,0,0,0,0,0,0,0,0,0,,0,0,TRUE
1064YKBLUE-XXL,0,0,0,0,0,0,0,0,0,0,0,0,0,0,0,0,0,0,0,0,0,0,0,0,0,0,0,0,-1,0,,0,0,TRUE
1065KDBLUE-11-12,4,4,4,4,4,4,4,4,4,4,4,4,4,5,5,5,5,5,4,4,4,4,4,4,4,4,4,4,4,4,,30,30,TRUE
1065KDBLUE-13-14,0,0,0,0,0,0,0,0,0,0,0,0,0,0,0,0,0,0,0,0,0,0,0,0,0,0,0,0,1,1,,2,2,TRUE
1065KDBLUE-7-8,22,22,22,22,22,22,22,22,22,22,22,22,22,22,22,22,22,22,22,22,22,22,22,21,21,21,21,21,21,21,,30,30,TRUE
1065KDBLUE-9-10,13,13,13,13,13,13,13,13,13,13,10,13,13,13,13,13,13,13,13,13,13,13,13,12,12,12,12,12,12,12,,30,30,TRUE
1065YKBLUE-3XL,101,107,98,88,98,97,97,92,86,75,78,76,67,70,70,74,74,74,66,64,60,48,57,55,53,50,49,51,49,46,,30,30,TRUE
1065YKBLUE-4XL,120,127,119,115,118,117,116,115,115,118,116,111,109,111,111,107,107,107,101,96,101,101,101,101,101,96,95,94,93,92,,30,30,TRUE
1065YKBLUE-5XL,108,111,107,92,100,99,97,96,99,97,96,94,93,86,86,76,75,75,70,67,62,66,69,65,64,63,61,62,66,66,,30,30,TRUE
1065YKBLUE-6XL,32,33,33,35,35,35,35,35,35,35,35,35,35,35,35,34,34,34,31,30,25,30,30,31,29,27,26,26,26,26,,30,30,TRUE
1065YKBLUE-7XL,55,55,55,55,55,56,56,55,54,54,54,54,54,54,54,54,54,54,52,52,52,53,53,53,52,52,52,52,52,52,,30,30,TRUE
1065YKBLUE-8XL,32,33,31,32,32,31,31,30,30,29,30,30,28,28,28,29,29,29,28,28,28,28,28,28,28,27,27,29,29,29,,30,30,TRUE
1065YKBLUE-L,151,152,141,138,140,132,128,124,121,122,119,118,107,127,127,118,118,118,107,94,103,96,102,105,103,82,78,80,68,67,,30,30,TRUE
1065YKBLUE-M,111,121,113,108,109,105,104,100,98,98,102,102,95,118,118,118,118,118,112,111,110,108,108,103,102,85,76,73,78,78,,30,30,TRUE
1065YKBLUE-S,48,47,41,44,44,44,43,42,38,38,38,37,39,39,39,41,41,41,29,25,30,29,31,30,30,29,28,28,24,21,,30,30,TRUE
1065YKBLUE-XL,139,143,135,122,127,123,122,122,128,128,125,122,125,128,128,124,124,124,112,110,104,93,100,98,95,91,88,88,86,76,,30,30,TRUE
1065YKBLUE-XS,5,5,4,5,5,4,4,4,4,4,4,4,4,4,4,3,3,3,3,4,4,3,4,4,7,4,4,4,4,5,,30,30,TRUE
1065YKBLUE-XXL,72,82,71,65,67,64,60,55,46,45,40,40,27,39,39,28,26,23,21,12,21,13,13,10,42,7,7,8,7,6,,30,30,TRUE
1066KDYELLOW-11-12,0,0,1,0,1,1,1,1,1,1,1,1,2,4,4,4,4,4,3,3,3,3,3,3,2,2,2,2,2,2,,27,27,TRUE
1066KDYELLOW-13-14,1,1,1,1,1,1,1,1,1,1,1,1,2,4,4,4,4,4,4,4,4,4,4,4,4,4,4,3,4,4,,30,30,TRUE
1066KDYELLOW-7-8,0,0,0,0,0,0,0,0,0,0,0,0,1,1,1,1,1,1,1,1,1,1,1,1,1,1,1,1,1,1,,18,18,TRUE
1066KDYELLOW-9-10,1,1,1,1,1,1,1,1,1,1,1,1,1,3,3,3,3,3,3,3,3,3,3,3,3,3,3,3,3,3,,30,30,TRUE
1066YKYELLOW-3XL,10,10,9,7,9,9,6,6,6,6,6,6,6,6,6,7,8,8,9,9,7,7,7,7,7,7,37,37,35,35,,30,30,TRUE
1066YKYELLOW-4XL,0,0,0,0,0,0,0,0,0,0,0,0,0,0,0,0,0,0,0,0,0,0,0,0,0,0,13,13,14,14,,4,4,TRUE
1066YKYELLOW-5XL,0,0,0,0,0,0,0,0,0,0,0,0,0,0,0,0,0,0,0,0,0,0,0,0,0,0,21,21,22,22,,4,4,TRUE
1066YKYELLOW-L,13,13,14,13,13,13,9,9,9,9,9,8,9,9,9,9,10,10,10,10,10,10,10,10,27,10,77,77,81,81,,30,30,TRUE
1066YKYELLOW-M,25,25,25,25,25,25,25,25,25,25,15,25,25,25,25,25,25,25,25,25,24,24,25,25,48,25,134,134,134,134,,30,30,TRUE
1066YKYELLOW-S,5,5,5,5,5,5,5,7,7,7,7,7,7,5,5,5,5,5,5,5,5,5,5,5,5,5,65,65,65,65,,30,30,TRUE
1066YKYELLOW-XL,21,20,20,21,21,11,11,11,11,11,11,11,11,11,11,12,12,12,11,11,11,11,11,11,27,11,118,118,118,118,,30,30,TRUE
1066YKYELLOW-XS,4,4,4,4,4,4,4,4,4,4,4,4,4,4,4,4,4,4,4,4,4,4,4,4,4,4,24,23,19,19,,30,30,TRUE
1066YKYELLOW-XXL,17,17,17,17,17,17,16,16,16,17,17,17,17,17,17,17,17,17,17,17,17,17,17,17,22,17,117,117,117,117,,30,30,TRUE
1067YKBLUE-3XL,0,0,0,0,0,0,0,0,0,0,0,0,0,0,0,0,0,0,0,0,0,0,0,0,0,0,0,0,0,0,,0,0,TRUE
1067YKBLUE-4XL,0,0,0,0,0,0,0,0,0,0,0,0,0,0,0,0,0,0,0,0,0,0,0,0,0,0,0,0,0,0,,0,0,TRUE
1067YKBLUE-5XL,0,0,0,0,0,0,0,0,0,0,0,0,0,0,0,0,0,0,0,0,0,0,0,0,0,0,0,0,0,0,,0,0,TRUE
1067YKBLUE-L,0,0,0,0,0,0,0,0,0,0,0,0,0,0,0,0,0,0,0,0,0,0,0,0,0,0,0,0,0,0,,0,0,TRUE
1067YKBLUE-M,0,0,0,0,0,0,0,0,0,0,0,0,0,0,0,0,0,0,0,0,0,0,0,0,0,0,0,0,0,0,,0,0,TRUE
1067YKBLUE-S,0,0,0,0,0,0,0,0,0,0,0,0,0,0,0,0,0,0,0,0,0,0,0,0,0,0,0,0,0,0,,0,0,TRUE
1067YKBLUE-XL,0,0,0,0,0,0,0,0,0,0,0,0,0,0,0,0,0,0,0,0,0,0,0,0,0,0,0,0,0,0,,0,0,TRUE
1067YKBLUE-XXL,0,0,0,0,0,0,0,0,0,0,0,0,0,0,0,0,0,0,0,0,0,0,0,0,0,0,0,0,0,0,,0,0,TRUE
1068YKBLUE-L,1,1,1,1,1,1,1,1,1,1,1,1,1,1,1,1,1,1,1,1,1,1,1,1,1,1,1,1,1,1,,30,30,TRUE
1068YKBLUE-M,0,0,0,0,0,0,0,0,0,0,0,0,0,0,0,0,0,0,0,0,0,0,0,0,0,0,0,0,0,0,,0,0,TRUE
1068YKBLUE-S,0,0,0,0,0,0,0,0,0,0,0,0,0,0,0,0,0,0,0,0,0,0,0,0,0,0,0,0,0,0,,0,0,TRUE
1068YKBLUE-XL,0,0,0,0,0,0,0,0,0,0,0,0,0,0,0,0,0,0,0,0,0,0,0,0,0,0,0,0,0,0,,0,0,TRUE
1068YKBLUE-XXL,0,0,0,0,0,0,0,0,0,0,0,0,0,0,0,0,0,0,0,0,0,0,0,0,0,0,0,0,0,0,,0,0,TRUE
1069YKBLUE-3XL,10,10,9,9,10,8,6,6,0,2,1,1,40,40,40,40,40,40,39,39,39,39,39,38,38,37,29,27,30,30,,29,29,TRUE
1069YKBLUE-4XL,13,13,13,14,14,14,14,14,13,13,11,11,6,11,11,11,11,11,9,9,8,8,8,8,5,0,0,5,6,6,,28,29,FALSE
1069YKBLUE-5XL,7,16,18,19,20,15,15,15,18,19,19,19,20,18,18,18,18,18,18,16,11,16,16,16,14,15,15,15,15,15,,30,30,TRUE
1069YKBLUE-L,30,57,58,52,56,56,55,57,59,60,60,60,64,64,64,62,62,62,61,61,61,61,61,60,57,42,39,44,43,37,,30,30,TRUE
1069YKBLUE-M,18,30,30,29,30,29,27,28,27,26,26,25,64,64,64,63,63,63,57,57,57,56,56,55,52,33,34,43,43,41,,30,30,TRUE
1069YKBLUE-S,5,10,57,56,56,52,52,52,47,46,50,50,49,43,43,43,43,43,39,39,35,35,35,34,32,34,31,31,32,30,,30,30,TRUE
1069YKBLUE-XL,17,23,30,30,30,29,28,28,29,28,28,28,27,16,16,15,15,15,15,15,10,9,9,8,13,8,2,2,7,7,,30,30,TRUE
1069YKBLUE-XS,9,10,25,22,23,17,16,16,9,34,33,33,48,47,47,47,48,48,48,48,47,46,46,46,45,45,45,45,45,45,,30,30,TRUE
1069YKBLUE-XXL,14,17,26,25,25,14,14,13,11,13,13,13,13,10,10,10,10,10,9,9,9,7,7,7,12,9,8,6,6,4,,30,30,TRUE
106YK223BROWN-M,0,0,0,0,0,0,0,0,0,0,0,0,0,0,0,0,0,0,0,0,0,0,0,0,0,0,0,0,0,0,,0,0,TRUE
1070YKRED-3XL,0,0,0,0,0,0,0,0,0,0,0,0,0,0,0,0,0,0,0,0,0,0,0,0,0,0,0,0,0,0,,0,0,TRUE
1070YKRED-4XL,0,0,0,0,0,0,0,0,0,0,0,0,0,0,0,0,0,0,0,0,0,0,0,0,0,0,0,0,0,0,,0,0,TRUE
1070YKRED-5XL,0,0,0,0,0,0,0,0,0,0,0,0,0,0,0,0,0,0,0,0,0,0,0,0,0,0,0,0,0,0,,0,0,TRUE
1070YKRED-L,0,0,0,0,0,0,0,0,0,0,0,0,0,0,0,0,0,0,0,0,0,0,0,0,0,0,0,0,0,0,,0,0,TRUE
1070YKRED-M,0,0,0,0,0,0,0,0,0,0,0,0,0,0,0,0,0,0,0,0,0,0,0,0,0,0,0,0,0,0,,0,0,TRUE
1070YKRED-S,1,1,1,1,1,1,1,1,1,1,1,1,1,1,1,1,1,1,1,1,1,1,1,1,1,1,1,1,1,1,,30,30,TRUE
1070YKRED-XL,0,0,0,0,0,0,0,0,0,0,0,0,0,0,0,0,0,0,0,0,0,0,0,0,0,0,0,0,0,0,,0,0,TRUE
1070YKRED-XXL,0,0,0,0,0,0,0,0,0,0,0,0,0,0,0,0,0,0,0,0,0,0,0,0,0,0,0,0,0,0,,0,0,TRUE
1071YKYELLOW-M,0,0,0,0,0,0,0,0,0,0,0,0,0,0,0,0,0,0,0,0,0,0,0,0,0,0,0,0,0,0,,0,0,TRUE
1071YKYELLOW-S,0,0,0,0,0,0,0,0,0,0,0,0,0,0,0,0,0,0,0,0,0,0,0,0,0,0,0,0,0,0,,0,0,TRUE
1071YKYELLOW-XL,0,0,0,0,0,0,0,0,0,0,0,0,0,0,0,0,0,0,0,0,0,0,0,0,0,0,0,0,0,0,,0,0,TRUE
1072YKBLACK-3XL,15,15,15,15,15,15,15,14,14,14,14,12,12,12,12,13,13,13,13,12,12,12,12,8,10,8,8,8,8,7,,30,30,TRUE
1072YKBLACK-4XL,0,0,0,0,0,0,0,0,0,0,0,0,0,0,0,0,0,0,0,0,0,0,0,0,1,0,0,4,4,4,,4,3,FALSE
1072YKBLACK-5XL,17,17,16,16,16,16,16,16,16,16,16,16,16,13,13,14,14,14,13,13,9,8,8,8,14,8,8,8,9,9,,30,30,TRUE
1072YKBLACK-L,12,12,12,12,12,12,10,10,0,0,0,0,0,0,0,0,0,0,0,0,0,0,0,0,14,0,0,0,0,0,,9,8,FALSE
1072YKBLACK-M,31,31,31,31,31,31,31,31,29,29,29,29,29,29,29,29,29,29,29,29,29,29,29,29,29,29,29,29,29,29,,30,30,TRUE
1072YKBLACK-S,24,24,24,24,24,24,24,24,22,21,19,20,20,20,20,20,20,20,19,19,19,19,19,19,19,19,20,20,21,21,,30,30,TRUE
1072YKBLACK-XL,44,44,44,48,48,48,47,47,46,46,46,46,46,46,46,46,46,46,45,44,44,44,44,44,44,38,38,38,38,38,,30,30,TRUE
1072YKBLACK-XXL,16,17,17,17,18,17,17,17,14,14,14,13,13,11,11,11,11,11,11,11,11,11,11,11,11,3,3,3,3,3,,30,30,TRUE
1073YKBLUE-L,1,1,1,1,1,1,1,1,1,1,1,1,1,1,1,1,1,1,1,1,1,1,1,1,1,1,1,1,1,1,,30,30,TRUE
1073YKBLUE-M,1,1,1,1,1,1,1,0,0,0,0,0,0,0,0,0,0,0,0,0,0,0,0,0,0,0,0,0,0,1,,8,7,FALSE
1073YKBLUE-S,0,0,0,0,0,0,0,0,0,0,0,0,0,0,0,0,0,0,0,0,0,0,0,0,0,0,0,0,0,1,,1,0,FALSE
1073YKBLUE-XL,0,0,0,0,0,0,0,0,0,0,0,0,0,0,0,0,0,0,0,0,0,0,0,0,0,0,0,0,0,0,,0,0,TRUE
1073YKBLUE-XXL,0,0,0,0,0,0,0,0,0,0,0,0,0,0,0,0,0,0,0,0,0,0,0,0,0,0,0,0,0,0,,0,0,TRUE
1074YKGREEN-3XL,0,0,0,0,0,0,0,0,0,0,0,0,0,0,0,0,0,0,0,0,0,0,0,0,0,0,0,0,0,0,,0,0,TRUE
1074YKGREEN-L,0,0,0,0,0,0,0,0,0,0,0,0,0,0,0,0,0,0,0,0,0,0,0,0,0,0,0,0,0,0,,0,0,TRUE
1074YKGREEN-M,0,0,0,0,0,0,0,0,0,0,0,0,0,0,0,0,0,0,0,0,0,0,0,0,0,0,0,0,0,0,,0,0,TRUE
1074YKGREEN-S,0,0,0,0,0,0,0,0,0,0,0,0,0,0,0,0,0,0,0,0,0,0,0,0,0,0,0,0,0,0,,0,0,TRUE
1074YKGREEN-XL,0,0,0,0,0,0,0,0,0,0,0,0,0,0,0,0,0,0,0,0,0,0,0,0,0,0,0,0,0,0,,0,0,TRUE
1074YKGREEN-XXL,0,0,0,0,0,0,0,0,0,0,0,0,0,0,0,0,0,0,0,0,0,0,0,0,0,0,0,0,0,0,,0,0,TRUE
1075YKSKYBLUE-L,0,0,0,0,0,0,0,0,0,0,0,0,0,0,0,0,0,0,0,0,0,0,0,0,0,0,0,0,0,0,,0,0,TRUE
1075YKSKYBLUE-XXL,0,0,0,0,0,0,0,0,0,0,0,0,0,0,0,0,0,0,0,0,0,0,0,0,0,0,0,0,0,0,,0,0,TRUE
1076YKBLUE-3XL,0,0,0,0,0,0,0,0,0,0,0,0,0,0,0,0,0,0,0,0,0,0,0,0,0,0,0,0,0,0,,0,0,TRUE
1076YKBLUE-L,0,0,0,0,0,0,0,0,0,0,0,0,0,0,0,0,0,0,0,0,0,0,0,0,0,0,0,0,0,0,,0,0,TRUE
1076YKBLUE-M,0,0,0,0,0,0,0,0,0,0,0,0,0,0,0,0,0,0,0,0,0,0,0,0,0,0,0,0,0,0,,0,0,TRUE
1076YKBLUE-S,0,0,0,0,0,0,0,0,0,0,0,0,0,0,0,0,0,0,0,0,0,0,0,0,0,0,0,0,0,0,,0,0,TRUE
1076YKBLUE-XL,0,0,0,0,0,0,0,0,0,0,0,0,0,0,0,0,0,0,0,0,0,0,0,0,0,0,0,0,0,0,,0,0,TRUE
1076YKBLUE-XS,0,0,0,0,0,0,0,0,0,0,0,0,0,0,0,0,0,0,0,0,0,0,0,0,0,0,0,0,0,0,,0,0,TRUE
1076YKBLUE-XXL,0,0,0,0,0,0,0,0,0,0,0,0,0,0,0,0,0,0,0,0,0,0,0,0,0,0,0,0,0,0,,0,0,TRUE
1077YKPINK-L,0,0,0,0,0,0,0,0,0,0,0,0,0,0,0,0,0,0,0,0,0,0,0,0,0,0,0,0,0,0,,0,0,TRUE
1077YKPINK-M,0,0,0,0,0,0,0,0,0,0,0,0,0,0,0,0,0,0,0,0,0,0,0,0,0,0,0,0,0,0,,0,0,TRUE
1077YKPINK-S,0,0,0,0,0,0,0,0,0,0,0,0,0,0,0,0,0,0,0,0,0,0,0,0,0,0,0,0,0,0,,0,0,TRUE
1078YKBLUE-3XL,0,0,0,0,0,0,0,0,0,0,0,0,0,0,0,0,0,0,0,0,0,0,0,0,0,0,0,0,0,0,,0,0,TRUE
1078YKBLUE-L,0,0,0,0,0,0,0,0,0,0,0,0,0,0,0,0,0,0,0,0,0,0,0,0,0,0,0,0,0,0,,0,0,TRUE
1078YKBLUE-M,0,0,0,0,0,0,0,0,0,0,0,0,0,0,0,0,0,0,0,0,0,0,0,0,0,0,0,0,0,0,,0,0,TRUE
1078YKBLUE-S,0,0,0,0,0,0,0,0,0,0,0,0,0,0,0,0,0,0,0,0,0,0,0,0,0,0,0,0,0,0,,0,0,TRUE
1078YKBLUE-XL,0,0,0,0,0,0,0,0,0,0,0,0,0,0,0,0,0,0,0,0,0,0,0,0,0,0,0,0,0,0,,0,0,TRUE
1078YKBLUE-XXL,0,0,0,0,0,0,0,0,0,0,0,0,0,0,0,0,0,0,0,0,0,0,0,0,0,0,0,0,0,0,,0,0,TRUE
1080YKLEMON-3XL,18,18,18,21,21,21,21,21,21,20,20,20,20,17,17,17,17,33,32,32,26,26,26,27,26,26,26,26,26,26,,30,30,TRUE
1080YKLEMON-4XL,15,15,15,15,15,14,14,15,15,15,15,15,16,16,16,16,16,40,40,40,40,40,40,64,64,64,64,64,64,64,,30,30,TRUE
1080YKLEMON-5XL,16,16,15,13,13,13,11,12,7,7,7,7,7,7,7,7,7,34,34,31,33,32,32,34,33,31,31,31,31,31,,30,30,TRUE
1080YKLEMON-L,19,18,18,18,18,17,17,17,12,12,12,12,12,12,12,11,11,14,15,15,15,15,15,15,15,14,14,14,14,14,,30,30,TRUE
1080YKLEMON-M,16,16,18,19,19,19,18,18,18,18,17,17,17,15,15,12,12,62,62,63,59,59,59,58,58,60,60,60,62,62,,30,30,TRUE
1080YKLEMON-S,30,30,30,30,30,30,29,29,29,29,29,29,29,27,27,25,25,77,77,77,77,77,77,78,78,78,78,78,76,76,,30,30,TRUE
1080YKLEMON-XL,20,20,20,20,20,19,19,19,14,14,14,14,13,13,13,13,13,48,48,48,48,48,48,49,49,45,45,45,45,45,,30,30,TRUE
1080YKLEMON-XS,10,10,13,13,13,13,13,13,12,12,11,11,11,9,9,9,9,9,9,9,9,9,9,19,19,19,19,19,19,19,,30,30,TRUE
1080YKLEMON-XXL,31,32,28,29,29,29,29,29,26,30,30,29,29,29,29,26,26,74,74,73,73,73,73,75,75,75,75,75,75,75,,30,30,TRUE
1081YKYELLOW-L,0,0,0,0,0,0,0,0,0,0,0,0,0,0,0,0,0,0,0,0,0,0,0,0,0,0,0,1,1,1,,3,3,TRUE
1081YKYELLOW-M,1,1,1,1,1,1,0,0,0,0,0,0,0,0,0,1,1,1,1,1,1,1,1,1,0,0,0,0,0,0,,15,15,TRUE
1081YKYELLOW-S,0,0,0,0,0,0,0,0,0,0,0,0,0,0,0,0,0,0,0,0,0,0,0,0,0,0,0,0,0,0,,0,0,TRUE
1081YKYELLOW-XL,1,1,1,1,1,1,1,1,1,1,1,1,1,1,1,1,1,1,1,1,1,1,1,1,1,1,1,1,1,1,,30,30,TRUE
1081YKYELLOW-XXL,6,6,6,6,6,6,6,5,4,3,3,2,2,2,2,2,2,2,2,2,2,2,2,2,2,2,2,2,2,2,,30,30,TRUE
1082YKPINK-3XL,1,1,0,0,0,0,0,0,1,1,1,0,1,1,1,1,1,1,1,1,1,1,1,0,0,0,0,0,0,3,,17,15,FALSE
1082YKPINK-4XL,2,2,2,2,2,2,2,2,2,2,2,2,2,2,2,2,2,2,2,2,2,2,2,2,2,2,2,2,2,2,,30,30,TRUE
1082YKPINK-5XL,2,2,2,2,2,1,1,1,1,1,1,1,1,1,1,1,1,1,1,1,1,1,1,1,1,1,1,1,0,1,,29,24,FALSE
1082YKPINK-L,20,20,20,20,20,20,20,20,20,20,20,20,20,20,20,20,20,20,20,20,20,20,20,20,20,22,22,22,21,21,,30,30,TRUE
1082YKPINK-M,20,20,20,20,20,19,19,19,18,18,18,17,17,17,17,14,14,14,13,13,12,12,12,12,12,12,12,12,12,12,,30,30,TRUE
1082YKPINK-S,16,16,17,17,17,17,17,17,17,17,17,17,17,17,17,17,17,17,17,17,17,17,17,17,17,17,17,17,17,17,,30,30,TRUE
1082YKPINK-XL,14,14,14,14,14,14,13,12,12,12,12,12,13,13,13,13,13,13,12,12,11,9,11,11,11,11,11,13,10,6,,30,30,TRUE
1082YKPINK-XXL,3,3,3,3,3,3,3,3,0,0,0,0,0,0,0,0,0,0,0,0,0,0,0,0,1,0,0,0,0,0,,9,8,FALSE
1083YKBLUE-3XL,1,1,1,1,1,1,1,1,1,1,1,1,1,1,1,1,1,1,1,1,1,1,1,1,1,1,1,1,1,1,,30,30,TRUE
1083YKBLUE-L,0,0,0,0,0,0,0,0,0,0,0,0,0,0,0,0,0,0,0,0,0,0,0,0,0,0,0,0,0,0,,0,0,TRUE
1083YKBLUE-M,0,0,0,0,0,0,0,0,0,0,0,0,0,0,0,0,0,0,0,0,0,0,0,0,0,0,0,0,0,0,,0,0,TRUE
1083YKBLUE-S,0,0,0,0,0,0,0,0,0,0,0,0,0,0,0,0,0,0,0,0,0,0,0,0,0,0,0,0,0,0,,0,0,TRUE
1083YKBLUE-XL,0,0,0,0,0,0,0,0,0,0,0,0,0,0,0,0,0,0,0,0,0,0,0,0,0,0,0,0,0,0,,0,0,TRUE
1083YKBLUE-XXL,0,0,0,0,0,0,0,0,0,0,0,0,0,0,0,0,0,0,0,0,0,0,0,0,0,0,0,0,0,0,,0,0,TRUE
1084YKSTRIPE-S,0,0,0,0,0,0,0,0,0,0,0,0,0,0,0,0,0,0,0,0,0,0,0,0,0,0,0,0,0,0,,0,0,TRUE
1084YKSTRIPE-XL,0,0,0,0,0,0,0,0,0,0,0,0,0,0,0,0,0,0,0,0,0,0,0,0,0,0,0,0,0,0,,0,0,TRUE
1084YKSTRIPE-XXL,0,0,0,0,0,0,0,0,0,0,0,0,0,0,0,0,0,0,0,0,0,0,0,0,0,0,0,0,0,0,,0,0,TRUE
1085YKPINK-3XL,14,16,16,17,17,11,11,11,11,11,10,10,10,16,16,16,16,16,14,14,14,14,14,14,14,13,13,13,13,13,,30,30,TRUE
1085YKPINK-4XL,23,23,23,24,23,22,22,22,22,22,22,22,21,21,21,21,21,21,21,21,21,21,21,21,21,21,20,20,21,21,,30,30,TRUE
1085YKPINK-5XL,23,23,22,22,22,22,22,22,13,14,14,14,13,13,13,14,14,14,14,14,14,14,14,15,15,14,14,14,14,14,,30,30,TRUE
1085YKPINK-6XL,13,12,12,12,12,12,12,12,12,12,12,12,12,27,27,27,28,28,28,28,28,28,28,28,28,28,28,28,28,28,,30,30,TRUE
1085YKPINK-7XL,17,18,14,13,13,10,10,10,10,10,10,10,10,25,25,25,25,25,25,25,25,25,25,25,25,25,25,25,25,25,,30,30,TRUE
1085YKPINK-8XL,2,2,2,2,2,2,2,2,2,2,2,2,2,22,22,22,22,22,22,22,22,22,22,22,22,22,22,22,22,22,,30,30,TRUE
1085YKPINK-L,10,10,10,10,11,11,11,9,9,9,9,9,8,51,51,52,52,52,52,52,52,51,52,51,50,43,42,46,45,45,,30,30,TRUE
1085YKPINK-M,13,12,10,11,12,11,10,10,10,10,10,12,12,42,42,42,42,42,38,38,38,38,39,40,39,39,39,39,40,40,,30,30,TRUE
1085YKPINK-S,12,12,11,12,12,12,11,14,14,13,13,13,13,13,13,12,12,13,14,14,13,11,11,11,11,9,8,7,7,5,,30,30,TRUE
1085YKPINK-XL,7,8,7,8,8,7,4,4,1,1,1,2,2,107,107,107,108,105,97,96,96,96,96,92,91,87,85,91,86,86,,30,30,TRUE
1085YKPINK-XS,7,7,9,8,9,9,9,9,9,9,9,9,9,9,9,9,9,9,9,9,9,9,9,9,9,9,9,9,9,9,,30,30,TRUE
1085YKPINK-XXL,17,16,16,16,16,11,10,10,10,10,9,10,11,7,7,6,6,6,6,6,6,6,6,5,13,5,5,5,5,5,,30,30,TRUE
1086YKSKYBLUE-L,0,0,0,0,0,0,0,0,0,0,0,0,0,0,0,0,0,0,0,0,0,0,0,0,0,0,0,0,0,0,,0,0,TRUE
1086YKSKYBLUE-M,1,1,1,1,1,1,1,1,1,1,1,1,1,1,1,1,1,1,1,1,1,1,1,1,1,1,1,1,1,1,,30,30,TRUE
1086YKSKYBLUE-S,1,1,1,1,1,1,1,1,1,1,1,1,1,1,1,0,0,0,0,0,0,0,0,0,0,0,1,1,1,1,,19,18,FALSE
1086YKSKYBLUE-XL,0,0,0,0,0,0,0,0,0,0,0,0,0,0,0,0,0,0,0,0,0,0,0,0,0,0,0,0,0,0,,0,0,TRUE
1086YKSKYBLUE-XXL,0,0,0,0,0,0,0,0,0,0,0,0,0,0,0,0,0,0,0,0,0,0,0,0,0,0,0,0,0,0,,0,0,TRUE
1087YKINDIGO-L,0,0,0,0,0,0,0,0,0,0,0,0,0,0,0,0,0,0,0,0,0,0,0,0,0,0,0,0,0,0,,0,0,TRUE
1087YKINDIGO-M,0,0,0,0,0,0,0,0,0,0,0,0,0,0,0,0,0,0,0,0,0,0,0,0,0,0,0,0,0,0,,0,0,TRUE
1087YKINDIGO-S,1,1,1,1,1,1,1,1,1,1,1,1,1,1,1,1,1,1,1,1,1,1,1,1,1,1,1,1,1,1,,30,30,TRUE
1088YKBLUE-L,0,0,0,0,0,0,0,0,0,0,0,0,0,0,0,0,0,0,0,0,0,0,0,0,0,0,0,0,0,0,,0,0,TRUE
1088YKBLUE-M,0,0,0,0,0,0,0,0,0,0,0,0,0,0,0,0,0,0,0,0,0,0,0,0,0,0,0,0,0,0,,0,0,TRUE
1088YKBLUE-S,0,0,0,0,0,0,0,0,0,0,0,0,0,0,0,0,0,0,0,0,0,0,0,0,0,0,0,0,0,0,,0,0,TRUE
1088YKBLUE-XL,0,0,0,0,0,0,0,0,0,0,0,0,0,0,0,0,0,0,0,0,0,0,0,0,0,0,0,0,0,0,,0,0,TRUE
1088YKBLUE-XXL,0,0,0,0,0,0,0,0,0,0,0,0,0,0,0,0,0,0,0,0,0,0,0,0,0,0,0,0,0,0,,0,0,TRUE
1089YKGREEN-3XL,0,0,0,0,0,0,0,0,0,0,0,0,0,0,0,0,0,0,0,0,0,0,0,0,0,0,0,0,0,0,,0,0,TRUE
1089YKGREEN-4XL,0,0,0,0,0,0,0,0,0,0,0,0,0,0,0,0,0,0,0,0,0,0,0,0,0,0,0,0,0,0,,0,0,TRUE
1089YKGREEN-5XL,0,0,0,0,0,0,0,0,0,0,0,0,0,0,0,0,0,0,0,0,0,0,0,0,0,0,0,0,0,0,,0,0,TRUE
1089YKGREEN-L,0,0,0,0,0,0,0,0,0,0,0,0,0,0,0,0,0,0,0,0,0,0,0,0,0,0,0,0,0,0,,0,0,TRUE
1089YKGREEN-M,4,4,4,4,4,4,4,4,4,4,4,4,4,3,3,3,3,3,3,3,3,3,3,3,3,3,4,4,4,4,,30,30,TRUE
1089YKGREEN-S,10,10,10,9,9,9,9,9,9,9,9,9,9,9,9,9,9,9,9,9,9,9,9,11,11,11,11,11,11,11,,30,30,TRUE
1089YKGREEN-XL,0,0,0,0,0,0,0,0,0,0,0,0,0,0,0,0,0,0,0,0,0,0,0,0,0,0,0,0,0,0,,0,0,TRUE
1089YKGREEN-XXL,0,0,0,0,0,0,0,0,0,0,0,0,0,0,0,0,0,0,0,0,0,0,0,0,0,0,0,0,0,0,,0,0,TRUE
108KD148PINKRAY-11-12,0,0,0,0,0,0,0,0,0,0,0,0,0,0,0,0,0,0,0,0,0,0,0,0,0,0,0,0,0,0,,0,0,TRUE
108KD148PINKRAY-9-10,0,0,0,0,0,0,0,0,0,0,0,0,0,0,0,0,0,0,0,0,0,0,0,0,0,0,0,0,0,0,,0,0,TRUE
108YK148PINKRAY-3XL,50,49,49,49,49,48,47,47,49,49,49,49,49,51,51,52,52,52,52,51,51,51,51,51,51,51,51,51,51,51,,30,30,TRUE
108YK148PINKRAY-4XL,58,60,59,60,61,61,61,60,84,84,83,82,77,80,80,80,80,80,80,80,80,80,80,80,80,79,79,80,81,80,,30,30,TRUE
108YK148PINKRAY-5XL,50,51,50,50,49,49,49,48,73,73,73,73,73,82,82,82,82,82,80,75,80,79,79,78,78,74,74,74,74,74,,30,30,TRUE
108YK148PINKRAY-6XL,27,31,31,31,30,30,29,28,47,42,47,47,47,48,48,48,48,48,47,47,47,47,48,48,48,48,48,48,48,48,,30,30,TRUE
108YK148PINKRAY-7XL,24,24,22,24,25,24,22,22,23,23,23,23,22,22,22,21,21,21,21,21,21,21,21,21,21,21,21,21,22,21,,30,30,TRUE
108YK148PINKRAY-8XL,14,14,14,14,14,13,13,13,11,10,10,9,9,9,9,9,9,9,9,9,9,9,16,16,16,15,15,14,14,13,,30,30,TRUE
108YK148PINKRAY-L,29,30,30,30,30,30,29,28,34,34,34,34,34,34,34,34,34,34,34,34,34,34,34,34,34,34,34,35,35,35,,30,30,TRUE
108YK148PINKRAY-M,19,23,23,23,23,23,23,23,27,27,26,27,27,27,27,27,27,27,27,26,26,26,26,26,26,26,26,26,26,26,,30,30,TRUE
108YK148PINKRAY-S,44,44,44,44,44,44,44,44,44,44,36,44,43,43,43,43,43,43,43,43,43,43,43,43,43,43,43,43,44,44,,30,30,TRUE
108YK148PINKRAY-XL,3,20,20,20,20,20,20,20,41,40,40,38,32,35,35,35,35,35,33,31,30,30,30,30,30,27,27,29,29,29,,30,30,TRUE
108YK148PINKRAY-XS,16,16,16,16,16,16,16,16,16,16,16,16,16,16,16,15,15,15,15,15,15,15,15,15,15,15,15,15,15,15,,30,30,TRUE
108YK148PINKRAY-XXL,37,38,39,39,39,38,37,37,35,35,35,36,36,36,36,34,34,34,34,35,35,35,35,34,34,34,34,33,32,32,,30,30,TRUE
1090YKCREAM-L,11,11,14,14,14,14,14,14,14,14,10,14,14,14,14,14,14,14,13,13,12,12,12,10,10,10,10,12,12,13,,30,30,TRUE
1090YKCREAM-M,7,7,10,10,10,10,10,10,10,10,10,11,11,11,11,11,11,11,9,9,9,9,9,9,9,9,9,9,9,9,,30,30,TRUE
1090YKCREAM-S,10,10,10,10,10,10,10,10,10,10,10,10,10,10,10,10,10,10,10,10,9,9,9,9,9,10,10,10,10,10,,30,30,TRUE
1090YKCREAM-XL,2,2,2,2,2,2,2,2,1,1,1,1,1,1,1,1,1,1,1,1,1,1,1,1,1,1,1,1,1,1,,30,30,TRUE
1090YKCREAM-XXL,4,4,4,4,4,4,4,4,4,4,4,4,4,4,4,4,4,4,4,4,4,4,4,4,4,4,4,4,4,4,,30,30,TRUE
1090YKORANGE-3XL,0,0,0,0,0,0,0,0,0,0,0,0,0,0,0,0,0,0,0,0,0,0,0,0,0,0,0,0,0,0,,0,0,TRUE
1090YKORANGE-XXL,0,0,0,0,0,0,0,0,0,0,0,0,0,0,0,0,0,0,0,0,0,0,0,0,0,0,0,0,0,0,,0,0,TRUE
1091KDPURPLE-11-12,0,0,0,0,0,0,0,0,0,0,0,0,0,0,0,0,0,0,0,0,0,0,0,0,0,0,0,0,0,1,,1,0,FALSE
1091KDPURPLE-13-14,0,0,0,0,0,0,0,0,0,0,0,0,0,0,0,0,0,0,0,0,0,0,0,0,0,0,0,0,0,0,,0,0,TRUE
1091KDPURPLE-7-8,6,6,6,6,6,6,6,6,6,6,5,6,6,6,6,6,6,6,6,6,6,6,6,6,6,6,6,6,6,6,,30,30,TRUE
1091KDPURPLE-9-10,0,0,0,0,0,0,0,0,0,0,0,0,0,0,0,0,0,0,0,0,0,0,0,0,0,0,0,0,0,0,,0,0,TRUE
1091YKPURPLE-3XL,1,1,1,2,2,2,2,2,2,2,2,2,2,2,2,2,2,2,2,2,2,2,2,2,2,2,2,2,2,2,,30,30,TRUE
1091YKPURPLE-4XL,0,1,1,3,3,3,3,3,3,2,2,2,2,2,2,2,2,2,2,2,2,2,2,3,3,3,3,3,3,3,,29,29,TRUE
1091YKPURPLE-5XL,1,1,1,2,2,2,2,2,0,0,0,0,0,0,0,0,0,0,0,0,0,0,0,0,0,0,0,0,0,0,,8,8,TRUE
1091YKPURPLE-6XL,1,1,2,1,2,2,2,1,1,1,1,1,1,1,1,1,1,1,1,1,1,1,1,1,1,1,1,1,1,1,,30,30,TRUE
1091YKPURPLE-7XL,5,5,5,5,5,5,5,5,4,4,4,4,4,4,4,4,4,4,4,4,4,4,4,4,4,4,4,4,4,2,,30,30,TRUE
1091YKPURPLE-8XL,2,2,2,2,2,2,2,2,2,2,2,2,2,2,2,2,2,2,2,2,2,2,3,3,3,2,2,2,2,2,,30,30,TRUE
1091YKPURPLE-L,1,1,1,2,3,3,3,3,1,1,0,0,0,0,0,0,0,0,0,0,0,0,0,0,0,0,1,1,1,1,,14,14,TRUE
1091YKPURPLE-M,1,2,2,1,1,1,1,1,1,1,1,1,1,1,1,1,1,1,1,1,1,1,1,1,1,1,1,1,1,1,,30,30,TRUE
1091YKPURPLE-S,1,1,1,2,2,2,2,2,0,0,0,0,0,0,0,0,0,0,0,0,0,0,1,3,4,3,3,3,3,3,,16,16,TRUE
1091YKPURPLE-XL,0,0,0,0,1,1,1,1,1,1,1,1,1,1,1,1,1,1,1,1,1,0,0,0,0,0,0,0,0,0,,17,17,TRUE
1091YKPURPLE-XS,18,18,18,18,18,18,18,18,18,18,15,18,18,18,18,18,18,18,18,18,18,18,18,18,18,18,18,18,18,18,,30,30,TRUE
1091YKPURPLE-XXL,2,2,2,2,2,2,2,2,0,0,0,0,0,0,0,0,0,0,0,0,0,0,0,0,0,0,0,0,0,0,,8,8,TRUE
1092YKPEACH-3XL,0,0,0,0,0,0,0,0,0,0,0,0,0,0,0,0,0,0,0,0,0,0,0,0,0,0,0,0,0,0,,0,0,TRUE
1092YKPEACH-4XL,0,0,0,0,0,0,0,0,0,0,0,0,0,0,0,0,0,0,0,0,0,0,0,0,0,0,0,0,0,0,,0,0,TRUE
1092YKPEACH-5XL,0,0,0,0,0,0,0,0,0,0,0,0,0,0,0,0,0,0,0,0,0,0,0,0,0,0,0,0,0,0,,0,0,TRUE
1092YKPEACH-L,0,0,0,0,0,0,0,0,0,0,0,0,0,0,0,0,0,0,0,0,0,0,0,0,0,0,0,0,0,0,,0,0,TRUE
1092YKPEACH-M,0,0,0,0,0,0,0,0,0,0,0,0,0,0,0,0,0,0,0,0,0,0,0,0,0,0,0,0,0,0,,0,0,TRUE
1092YKPEACH-S,2,2,2,2,2,2,2,2,2,2,2,2,2,2,2,2,2,2,2,2,2,2,2,1,1,1,1,1,1,1,,30,30,TRUE
1092YKPEACH-XL,0,0,0,0,0,0,0,0,0,0,0,0,0,0,0,0,0,0,0,0,0,0,0,0,0,0,0,0,0,0,,0,0,TRUE
1092YKPEACH-XXL,0,0,0,0,0,0,0,0,0,0,0,0,0,0,0,0,0,0,0,0,0,0,0,0,0,0,0,0,0,0,,0,0,TRUE
1093YKCOWL-L,0,0,0,0,0,0,0,0,0,0,0,0,0,0,0,0,0,0,0,0,0,0,0,0,0,0,0,0,0,0,,0,0,TRUE
1093YKCOWL-M,0,0,0,0,0,0,0,0,0,0,0,0,0,0,0,0,0,0,0,0,0,0,0,0,0,0,0,0,0,0,,0,0,TRUE
1093YKCOWL-S,0,0,0,0,0,0,0,0,0,0,0,0,0,0,0,0,0,0,0,0,0,0,0,0,0,0,0,0,0,0,,0,0,TRUE
1093YKCOWL-XL,0,0,0,0,0,0,0,0,0,0,0,0,0,0,0,0,0,0,0,0,0,0,0,0,0,0,0,0,0,0,,0,0,TRUE
1093YKCOWL-XXL,0,0,0,0,0,0,0,0,0,0,0,0,0,0,0,0,0,0,0,0,0,0,0,0,0,0,0,0,0,0,,0,0,TRUE
1095YKRED-L,0,0,0,0,0,0,0,0,0,0,0,0,0,0,0,0,0,0,0,0,0,0,0,0,0,0,0,0,0,0,,0,0,TRUE
1095YKRED-M,0,0,0,0,0,0,0,0,0,0,0,0,0,0,0,0,0,0,0,0,0,0,0,0,0,0,0,0,0,0,,0,0,TRUE
1095YKRED-S,0,0,0,0,0,0,0,0,0,0,0,0,0,0,0,0,0,0,0,0,0,0,0,0,0,0,0,0,0,0,,0,0,TRUE
1095YKRED-XL,0,0,0,0,0,0,0,0,0,0,0,0,0,0,0,0,0,0,0,0,0,0,0,0,0,0,0,0,0,0,,0,0,TRUE
1095YKRED-XXL,0,0,0,0,0,0,0,0,0,0,0,0,0,0,0,0,0,0,0,0,0,0,0,0,0,0,0,0,0,0,,0,0,TRUE
1096YKBLUE-3XL,15,14,14,22,21,75,73,73,69,59,63,62,62,61,61,59,59,59,56,56,55,55,55,56,54,46,46,45,141,141,,30,30,TRUE
1096YKBLUE-4XL,7,11,11,12,11,8,8,8,8,39,37,35,35,34,34,42,42,42,39,39,35,35,35,34,34,30,30,30,24,25,,30,30,TRUE
1096YKBLUE-5XL,12,15,15,15,15,14,14,14,12,54,53,52,51,51,51,50,50,50,49,49,49,48,48,48,48,38,37,37,86,86,,30,30,TRUE
1096YKBLUE-6XL,64,66,66,66,66,62,62,62,62,65,65,64,64,64,64,63,63,63,60,57,57,57,57,57,56,52,50,50,52,52,,30,30,TRUE
1096YKBLUE-7XL,51,52,51,50,49,48,48,48,48,50,50,49,47,46,46,45,45,45,45,45,45,45,45,45,45,45,45,45,45,45,,30,30,TRUE
1096YKBLUE-8XL,37,37,36,36,34,32,31,30,28,29,29,29,28,25,25,24,24,24,21,21,16,16,16,16,16,15,14,14,14,9,,30,30,TRUE
1096YKBLUE-L,42,40,39,38,37,17,16,15,14,15,12,10,4,10,10,17,17,17,17,15,13,12,12,15,42,15,15,14,22,18,,30,30,TRUE
1096YKBLUE-M,236,236,235,235,235,241,240,237,237,236,235,235,234,234,234,234,234,234,233,233,233,231,231,230,229,230,230,230,228,228,,30,30,TRUE
1096YKBLUE-S,37,37,37,50,50,57,57,57,56,64,66,65,66,66,66,65,65,65,62,59,62,62,62,62,62,62,60,60,50,50,,30,30,TRUE
1096YKBLUE-XL,67,66,63,56,62,59,57,57,57,52,50,48,44,34,34,30,30,30,25,20,10,15,15,11,38,10,11,12,6,6,,30,30,TRUE
1096YKBLUE-XS,9,9,9,10,10,57,57,56,56,61,61,60,60,58,58,55,55,55,53,47,52,52,52,52,52,52,52,51,50,50,,30,30,TRUE
1096YKBLUE-XXL,68,67,67,66,64,51,49,49,43,34,43,41,40,35,35,37,37,37,27,26,18,18,18,13,33,13,12,14,9,9,,30,30,TRUE
1097YKGREEN-L,0,0,0,0,0,0,0,0,0,0,0,0,0,0,0,0,0,0,0,0,0,0,0,0,0,0,0,0,0,0,,0,0,TRUE
1097YKGREEN-M,2,2,2,2,2,2,2,2,2,2,2,2,2,2,2,2,2,2,2,2,2,2,2,2,2,2,2,2,2,2,,30,30,TRUE
1097YKGREEN-S,2,2,2,2,2,2,2,2,2,2,2,2,2,2,2,2,2,2,2,2,2,2,2,2,2,2,2,2,2,2,,30,30,TRUE
1097YKGREEN-XL,0,0,0,0,0,0,0,0,0,0,0,0,0,0,0,0,0,0,0,0,0,0,0,0,0,0,0,0,0,0,,0,0,TRUE
1098YKBLACK-L,0,0,0,0,0,0,0,0,0,0,0,0,0,0,0,0,0,0,0,0,0,0,0,0,0,0,0,0,0,0,,0,0,TRUE
1098YKBLACK-S,0,0,0,0,0,0,0,0,0,0,0,0,0,0,0,0,0,0,0,0,0,0,0,0,0,0,0,0,0,0,,0,0,TRUE
1098YKBLACK-XL,0,0,0,0,0,0,0,0,0,0,0,0,0,0,0,0,0,0,0,0,0,0,0,0,0,0,0,0,0,1,,1,0,FALSE
1099YKRED-L,0,0,0,0,0,0,0,0,0,0,0,0,0,0,0,0,0,0,0,0,0,0,0,0,0,0,0,0,0,0,,0,0,TRUE
1099YKRED-M,0,0,0,0,0,0,0,0,0,0,0,0,0,0,0,0,0,0,0,0,0,0,0,0,0,0,0,0,0,0,,0,0,TRUE
1099YKRED-S,0,0,0,0,0,0,0,0,0,0,0,0,0,0,0,0,0,0,0,0,0,0,0,0,0,0,0,0,0,0,,0,0,TRUE
1099YKRED-XXL,0,0,0,0,0,0,0,0,0,0,0,0,0,0,0,0,0,0,0,0,0,0,0,0,0,0,0,0,0,0,,0,0,TRUE
1101YKBLUE-3XL,0,0,0,0,0,0,0,0,0,0,0,0,0,0,0,0,0,0,0,0,0,0,0,0,0,0,0,0,0,0,,0,0,TRUE
1101YKBLUE-L,0,0,0,0,0,0,0,0,0,0,0,0,0,0,0,0,0,0,0,0,0,0,0,0,0,0,0,0,0,0,,0,0,TRUE
1101YKBLUE-M,0,0,0,0,0,0,0,0,0,0,0,0,0,0,0,0,0,0,0,0,0,0,0,0,0,0,0,0,0,0,,0,0,TRUE
1101YKBLUE-S,1,1,1,1,1,1,1,1,1,1,1,1,1,1,1,1,1,1,1,1,1,1,1,1,1,1,1,1,1,1,,30,30,TRUE
1101YKBLUE-XL,0,0,0,0,0,0,0,0,0,0,0,0,0,0,0,0,0,0,0,0,0,0,0,0,0,0,0,0,0,0,,0,0,TRUE
1101YKBLUE-XXL,0,0,0,0,0,0,0,0,0,0,0,0,0,0,0,0,0,0,0,0,0,0,0,0,0,0,0,0,0,0,,0,0,TRUE
1102YKPINK-3XL,0,0,0,0,0,0,0,0,0,0,0,0,0,0,0,0,0,0,0,0,0,0,0,0,0,0,0,0,0,0,,0,0,TRUE
1102YKPINK-L,0,0,0,0,0,0,0,0,0,0,0,0,0,0,0,0,0,0,0,0,0,0,0,0,0,0,0,0,0,0,,0,0,TRUE
1102YKPINK-M,0,0,0,0,0,0,0,0,0,0,0,0,0,0,0,0,0,0,0,0,0,0,0,0,0,0,0,0,0,0,,0,0,TRUE
1102YKPINK-S,0,0,0,0,0,0,0,0,0,0,0,0,0,0,0,0,0,0,0,0,0,0,0,0,0,0,0,0,0,0,,0,0,TRUE
1102YKPINK-XL,0,0,0,0,0,0,0,0,0,0,0,0,0,0,0,0,0,0,0,0,0,0,0,0,0,0,0,0,0,0,,0,0,TRUE
1103YKPURPLE-3XL,0,0,0,0,0,0,0,0,0,0,0,0,0,0,0,0,0,0,0,0,0,0,0,0,0,0,0,0,0,0,,0,0,TRUE
1103YKPURPLE-4XL,0,0,0,0,0,0,0,0,0,0,0,0,0,0,0,0,0,0,0,0,0,0,0,0,0,0,0,0,0,0,,0,0,TRUE
1103YKPURPLE-5XL,0,0,0,0,0,0,0,0,0,0,0,0,0,0,0,0,0,0,0,0,0,0,0,0,0,0,0,0,0,0,,0,0,TRUE
1103YKPURPLE-L,0,0,0,0,0,0,0,0,0,0,0,0,0,0,0,0,0,0,0,0,0,0,0,0,0,0,0,0,0,0,,0,0,TRUE
1103YKPURPLE-M,0,0,0,0,0,0,0,0,0,0,0,0,0,0,0,0,0,0,0,0,0,0,0,0,0,0,0,0,0,0,,0,0,TRUE
1103YKPURPLE-S,0,0,0,0,0,0,0,0,0,0,0,0,0,0,0,0,0,0,0,0,0,0,0,0,0,0,0,0,0,0,,0,0,TRUE
1103YKPURPLE-XL,0,0,0,0,0,0,0,0,0,0,0,0,0,0,0,0,0,0,0,0,0,0,0,0,0,0,0,0,0,0,,0,0,TRUE
1103YKPURPLE-XXL,0,0,0,0,0,0,0,0,0,0,0,0,0,0,0,0,0,0,0,0,0,0,0,0,0,0,0,0,0,0,,0,0,TRUE
1104YKINDIGO-L,0,0,0,0,0,0,0,0,0,0,0,0,0,0,0,0,0,0,0,0,0,0,0,0,0,0,0,0,0,0,,0,0,TRUE
1104YKINDIGO-M,0,0,0,0,0,0,0,0,0,0,0,0,0,0,0,0,0,0,0,0,0,0,0,0,0,0,0,0,0,0,,0,0,TRUE
1104YKINDIGO-S,0,0,0,0,0,0,0,0,0,0,0,0,0,0,0,0,0,0,0,0,0,0,0,0,0,0,0,0,0,0,,0,0,TRUE
1104YKINDIGO-XL,0,0,0,0,0,0,0,0,0,0,0,0,0,0,0,0,0,0,0,0,0,0,0,0,0,0,0,0,0,0,,0,0,TRUE
1105YKBLUE-L,0,0,0,0,0,0,0,0,0,0,0,0,0,0,0,0,0,0,0,0,0,0,0,0,0,0,0,0,0,0,,0,0,TRUE
1105YKBLUE-S,0,0,0,0,0,0,0,0,0,0,0,0,0,0,0,0,0,0,0,0,0,0,0,0,0,0,0,0,0,0,,0,0,TRUE
1106YKBLUE-3XL,11,12,11,11,11,11,11,11,9,9,9,9,9,9,9,9,9,9,9,9,9,9,9,10,10,10,10,10,10,10,,30,30,TRUE
1106YKBLUE-4XL,36,37,37,37,37,37,37,37,37,37,35,37,37,37,37,37,36,36,35,35,35,35,35,35,35,35,35,35,35,35,,30,30,TRUE
1106YKBLUE-5XL,43,43,43,43,44,44,44,44,42,42,42,42,42,42,42,42,42,42,42,42,42,42,42,42,41,42,42,42,41,41,,30,30,TRUE
1106YKBLUE-6XL,16,16,16,16,16,16,16,16,14,13,13,13,13,13,13,13,13,13,13,13,13,13,13,13,13,13,13,13,13,13,,30,30,TRUE
1106YKBLUE-7XL,6,6,9,4,9,9,9,9,9,9,9,9,9,9,9,9,9,9,7,7,7,7,7,7,7,8,8,9,9,9,,30,30,TRUE
1106YKBLUE-8XL,11,11,11,11,11,11,11,10,9,9,9,8,8,8,8,8,8,8,8,8,8,8,8,8,8,8,8,10,10,10,,30,30,TRUE
1106YKBLUE-L,1,1,1,1,2,2,2,2,1,1,1,1,1,1,1,1,1,1,1,1,1,1,1,1,1,1,1,7,4,7,,30,30,TRUE
1106YKBLUE-M,20,20,20,20,20,18,18,16,16,16,16,16,16,16,16,16,17,17,17,17,17,16,17,17,17,13,10,11,11,11,,30,30,TRUE
1106YKBLUE-S,43,44,44,44,44,43,43,43,43,43,43,43,43,41,41,41,42,41,41,41,39,39,39,39,39,39,39,39,39,39,,30,30,TRUE
1106YKBLUE-XL,29,28,28,27,27,26,24,24,23,23,23,24,22,18,18,18,18,18,19,18,16,16,16,10,10,10,12,12,12,12,,30,30,TRUE
1106YKBLUE-XS,9,10,10,10,10,10,10,10,10,10,10,10,10,10,10,10,10,10,9,9,9,9,9,9,9,7,7,7,7,7,,30,30,TRUE
1106YKBLUE-XXL,51,51,51,51,51,48,48,48,48,48,48,48,48,46,46,46,46,46,46,46,46,46,46,46,46,46,46,46,46,46,,30,30,TRUE
1107YKPURPLE-4XL,0,0,0,0,0,0,0,0,0,0,0,0,0,0,0,0,0,0,0,0,0,0,0,0,0,0,0,0,0,0,,0,0,TRUE
1107YKPURPLE-L,1,1,1,1,1,1,1,1,1,1,1,1,1,1,1,1,1,1,1,1,1,1,1,1,1,1,1,1,1,1,,30,30,TRUE
1107YKPURPLE-M,0,0,0,0,0,0,0,0,0,0,0,0,0,0,0,0,0,0,0,0,0,0,0,0,0,0,0,0,0,1,,1,0,FALSE
1107YKPURPLE-S,2,2,2,2,2,2,2,2,2,2,2,2,2,2,2,2,2,2,2,2,2,2,2,2,2,2,2,2,2,2,,30,30,TRUE
1107YKPURPLE-XL,1,1,1,1,1,1,1,1,1,1,1,1,1,1,1,1,1,1,1,1,1,1,1,1,1,1,1,1,1,1,,30,30,TRUE
1107YKPURPLE-XS,0,0,0,0,0,0,0,0,0,0,0,0,0,0,0,0,0,0,0,0,0,0,0,0,0,0,0,0,0,0,,0,0,TRUE
1107YKPURPLE-XXL,0,0,0,0,0,0,0,0,0,0,0,0,0,0,0,0,0,0,0,0,0,0,0,0,0,0,0,0,0,0,,0,0,TRUE
1108YKYELLOW-L,0,0,0,0,0,0,0,0,0,0,0,0,0,0,0,0,0,0,0,0,0,0,0,0,0,0,0,0,0,0,,0,0,TRUE
1108YKYELLOW-M,0,0,0,0,0,0,0,0,0,0,0,0,0,0,0,0,0,0,0,0,0,0,0,0,0,0,0,0,0,0,,0,0,TRUE
1108YKYELLOW-S,0,0,0,0,0,0,0,0,0,0,0,0,0,0,0,0,0,0,0,0,0,0,0,0,0,0,0,0,0,0,,0,0,TRUE
1108YKYELLOW-XL,0,0,0,0,0,0,0,0,0,0,0,0,0,0,0,0,0,0,0,0,0,0,0,0,0,0,0,0,0,0,,0,0,TRUE
1108YKYELLOW-XS,0,0,0,0,0,0,0,0,0,0,0,0,0,0,0,0,0,0,0,0,0,0,0,0,0,0,0,0,0,0,,0,0,TRUE
1109YKMUSTARD-M,0,0,0,0,0,0,0,0,0,0,0,0,0,0,0,0,0,0,0,0,0,0,0,0,0,0,0,0,0,0,,0,0,TRUE
1109YKMUSTARD-S,1,1,1,1,1,1,1,1,1,1,1,1,1,1,1,1,1,1,1,1,1,1,1,1,1,1,1,1,1,1,,30,30,TRUE
1109YKMUSTARD-XL,0,0,0,0,0,0,0,0,0,0,0,0,0,0,0,0,0,0,0,0,0,0,0,0,0,0,0,0,0,0,,0,0,TRUE
1109YKMUSTARD-XXL,0,0,0,0,0,0,0,0,0,0,0,0,0,0,0,0,0,0,0,0,0,0,0,0,0,0,0,0,0,0,,0,0,TRUE
110YK239WHITE-L,1,1,1,1,1,1,1,1,1,1,1,1,1,1,1,1,1,1,1,1,1,1,1,1,1,1,1,1,1,1,,30,30,TRUE
110YK239WHITE-M,1,1,1,1,1,1,1,1,1,1,1,1,1,1,1,1,1,1,1,1,1,1,1,1,1,1,1,1,1,1,,30,30,TRUE
110YK239WHITE-S,1,1,1,1,1,1,1,1,1,1,1,1,1,1,1,1,1,1,1,1,1,1,1,1,1,1,1,1,1,1,,30,30,TRUE
110YK239WHITE-XL,1,1,1,1,1,1,1,1,1,1,1,1,1,1,1,1,1,1,1,1,1,1,1,1,1,1,1,1,1,1,,30,30,TRUE
110YK239WHITE-XXL,0,0,0,0,0,0,0,0,0,0,0,0,0,0,0,0,0,0,0,0,0,0,0,0,0,0,0,0,0,0,,0,0,TRUE
1110YKPINK-3XL,0,0,0,0,0,0,0,0,0,0,0,0,0,0,0,0,0,0,0,0,0,0,0,0,0,0,0,0,0,0,,0,0,TRUE
1110YKPINK-L,0,0,0,0,0,0,0,0,0,0,0,0,0,0,0,0,0,0,0,0,0,0,0,0,0,0,0,0,0,0,,0,0,TRUE
1110YKPINK-M,2,2,2,2,2,2,2,2,2,2,4,4,4,4,4,4,4,4,4,4,4,4,4,4,3,4,4,4,4,4,,30,30,TRUE
1110YKPINK-S,8,8,8,8,8,8,8,8,8,8,8,8,8,8,8,8,8,8,8,8,8,8,8,8,8,8,8,8,8,8,,30,30,TRUE
1110YKPINK-XL,0,0,0,0,0,0,0,0,0,0,0,0,0,0,0,0,0,0,0,0,0,0,0,0,0,0,0,0,0,0,,0,0,TRUE
1110YKPINK-XXL,0,0,0,0,0,0,0,0,0,0,0,0,0,0,0,0,0,0,0,0,0,0,0,0,0,0,0,0,0,0,,0,0,TRUE
1112DPT21MULTI-3XL,3,2,2,0,0,1,0,0,0,0,0,0,1,1,1,5,5,0,2,4,9,7,7,69,69,70,64,64,64,61,,21,20,FALSE
1112DPT21MULTI-4XL,2,2,0,0,0,0,0,0,0,0,0,0,0,1,1,1,1,1,0,0,0,0,0,88,88,74,77,77,86,86,,14,11,FALSE
1112DPT21MULTI-5XL,1,1,0,0,0,0,0,0,0,0,0,0,0,0,0,12,12,7,7,22,16,15,25,93,93,90,90,89,93,92,,17,17,TRUE
1112DPT21MULTI-6XL,1,2,2,1,1,1,1,1,2,2,2,2,2,2,2,2,2,2,0,0,0,0,1,3,2,2,2,2,6,6,,26,20,FALSE
1112DPT21MULTI-7XL,5,9,9,11,11,11,8,7,5,5,5,5,5,4,4,4,4,4,3,2,2,2,2,2,2,2,2,2,4,4,,30,29,FALSE
1112DPT21MULTI-8XL,0,0,0,1,1,1,1,4,3,4,3,3,3,3,3,2,2,2,0,0,0,0,0,0,0,0,0,0,7,7,,17,17,TRUE
1112DPT21MULTI-L,3,3,3,3,3,3,0,2,0,0,0,0,0,0,0,30,30,38,38,83,80,80,80,107,105,96,96,100,94,93,,22,22,TRUE
1112DPT21MULTI-M,1,1,0,0,0,0,0,0,0,1,1,1,2,1,1,32,32,37,37,60,60,59,59,70,67,58,58,58,57,55,,23,23,TRUE
1112DPT21MULTI-S,0,0,0,0,0,0,0,3,0,1,1,1,1,1,1,28,28,22,22,46,46,46,46,52,52,47,47,47,46,45,,22,22,TRUE
1112DPT21MULTI-XL,15,16,16,13,13,8,0,1,0,1,1,1,1,2,2,1,1,2,2,4,2,1,3,83,83,78,80,80,92,92,,28,28,TRUE
1112DPT21MULTI-XS,4,4,2,2,2,2,2,1,0,2,2,2,2,2,2,35,35,36,36,63,63,60,62,73,72,62,62,62,66,66,,29,29,TRUE
1112DPT21MULTI-XXL,0,0,0,0,0,0,0,0,0,0,0,0,1,0,0,29,29,22,25,73,75,73,73,90,90,89,87,87,85,85,,16,15,FALSE
1112KDBLACK-11-12,3,3,3,3,3,3,3,3,3,3,1,3,3,3,3,3,3,3,3,3,3,3,3,3,3,3,3,3,3,3,,30,30,TRUE
1112KDBLACK-13-14,1,1,1,1,1,1,1,1,1,1,1,1,1,1,1,1,1,1,1,1,1,1,1,1,1,1,1,1,0,1,,29,26,FALSE
1112KDBLACK-7-8,17,17,17,17,17,17,17,17,17,17,17,17,17,17,17,17,17,17,17,17,17,17,17,17,17,17,17,17,17,17,,30,30,TRUE
1112KDBLACK-9-10,17,17,17,17,17,17,17,17,17,17,17,17,17,15,15,15,15,15,15,15,13,13,13,13,13,13,13,13,13,13,,30,30,TRUE
1112YKBLACK-3XL,5,6,6,8,6,6,3,3,3,3,3,3,4,3,3,3,16,9,8,0,15,14,14,77,77,77,71,71,70,69,,29,29,TRUE
1112YKBLACK-4XL,7,7,5,6,5,5,5,5,3,3,3,2,1,3,3,3,3,3,2,2,2,2,3,90,89,88,87,87,96,96,,30,30,TRUE
1112YKBLACK-5XL,5,5,4,4,4,4,4,4,1,1,1,1,1,1,1,1,28,18,17,16,32,25,35,103,102,100,100,99,103,102,,30,30,TRUE
1112YKBLACK-6XL,4,5,5,5,4,3,3,3,4,4,4,4,4,4,4,4,4,4,2,2,2,2,3,5,3,3,3,3,9,9,,30,30,TRUE
1112YKBLACK-7XL,10,9,13,13,15,15,12,12,9,9,9,9,9,8,8,8,8,8,8,7,7,7,7,3,5,7,7,7,9,9,,30,30,TRUE
1112YKBLACK-8XL,5,5,5,5,6,6,6,6,6,7,7,6,6,6,6,6,5,5,3,3,3,3,3,3,10,3,3,3,10,10,,30,30,TRUE
1112YKBLACK-L,9,9,9,9,9,9,6,6,3,3,3,3,3,3,3,3,46,42,41,41,86,85,85,115,113,103,103,107,101,100,,30,30,TRUE
1112YKBLACK-M,5,5,4,5,5,4,3,3,3,3,3,4,5,4,4,7,50,43,42,41,65,65,64,77,74,65,65,65,64,62,,30,30,TRUE
1112YKBLACK-S,8,8,8,8,8,8,6,6,4,1,4,3,3,3,3,3,30,28,28,28,52,52,52,58,57,53,53,53,52,51,,30,30,TRUE
1112YKBLACK-XL,19,20,20,22,19,13,7,6,0,0,0,1,1,1,1,0,1,1,2,4,4,3,4,87,87,85,85,85,97,97,,26,26,TRUE
1112YKBLACK-XS,8,8,6,6,6,6,6,5,2,2,2,4,4,4,4,4,45,39,38,38,67,65,66,77,76,66,66,66,70,70,,30,30,TRUE
1112YKBLACK-XXL,4,4,4,5,4,4,4,4,4,4,4,4,5,4,4,4,33,32,31,28,82,79,79,90,90,95,93,93,91,91,,30,30,TRUE
1113YKSEAGREEN-L,0,0,0,0,0,0,0,0,0,0,0,0,0,0,0,0,0,0,0,0,0,0,0,0,0,0,0,0,0,0,,0,0,TRUE
1113YKSEAGREEN-M,1,1,1,1,1,1,1,1,1,1,1,1,1,1,1,1,1,1,1,1,1,1,1,1,1,1,1,1,1,1,,30,30,TRUE
1113YKSEAGREEN-S,2,2,2,2,2,2,2,2,2,2,2,2,2,2,2,2,2,2,2,2,2,2,2,2,2,2,2,2,2,2,,30,30,TRUE
1113YKSEAGREEN-XL,0,0,0,0,0,0,0,0,0,0,0,0,0,0,0,0,0,0,0,0,0,0,0,0,0,0,0,0,0,0,,0,0,TRUE
1113YKSEAGREEN-XXL,1,1,1,1,1,1,1,1,1,1,1,1,1,0,0,0,0,0,0,0,0,0,0,0,0,0,0,0,0,1,,14,13,FALSE
1114YKBLACK-L,0,0,0,0,0,0,0,0,0,0,0,0,0,0,0,0,0,0,0,0,0,0,0,0,0,0,0,0,0,0,,0,0,TRUE
1114YKBLACK-M,0,0,0,0,0,0,0,0,0,0,0,0,0,0,0,0,0,0,0,0,0,0,0,0,0,0,0,0,0,0,,0,0,TRUE
1114YKBLACK-XL,0,0,0,0,0,0,0,0,0,0,0,0,0,0,0,0,0,0,0,0,0,0,0,0,0,0,0,0,0,0,,0,0,TRUE
1114YKBLACK-XXL,0,0,0,0,0,0,0,0,0,0,0,0,0,0,0,0,0,0,0,0,0,0,0,0,0,0,0,0,0,0,,0,0,TRUE
1115YKBLUE-3XL,0,0,0,0,0,0,0,0,0,0,0,0,0,0,0,0,0,0,0,0,0,0,0,0,0,0,0,0,0,0,,0,0,TRUE
1115YKBLUE-4XL,0,0,0,0,0,0,0,0,0,0,0,0,0,0,0,0,0,0,0,0,0,0,0,0,0,0,0,0,0,0,,0,0,TRUE
1115YKBLUE-5XL,0,0,0,0,0,0,0,0,0,0,0,0,0,0,0,0,0,0,0,0,0,0,0,0,0,0,0,0,0,0,,0,0,TRUE
1115YKBLUE-L,0,0,0,0,0,0,0,0,0,0,0,0,0,0,0,0,0,0,0,0,0,0,0,0,0,0,0,0,0,0,,0,0,TRUE
1115YKBLUE-M,14,14,14,14,14,14,14,14,14,14,14,14,14,14,14,14,14,14,14,14,14,14,14,14,14,14,14,14,14,14,,30,30,TRUE
1115YKBLUE-S,22,22,22,24,24,24,24,24,24,24,24,24,24,24,24,24,24,24,24,24,24,24,24,24,24,24,24,24,24,24,,30,30,TRUE
1115YKBLUE-XL,0,0,0,0,0,0,0,0,0,0,0,0,0,0,0,0,0,0,0,0,0,0,0,0,0,0,0,0,0,0,,0,0,TRUE
1115YKBLUE-XXL,0,0,0,0,0,0,0,0,0,0,0,0,0,0,0,0,0,0,0,0,0,0,0,0,0,0,0,0,0,0,,0,0,TRUE
1117YKBLUE-L,0,0,0,0,0,0,0,0,0,0,0,0,0,0,0,0,0,0,0,0,0,0,0,0,0,0,0,0,0,0,,0,0,TRUE
1117YKBLUE-M,0,0,0,0,0,0,0,0,0,0,0,0,0,0,0,0,0,0,0,0,0,0,0,0,0,0,0,0,0,0,,0,0,TRUE
1117YKBLUE-S,0,0,0,0,0,0,0,0,0,0,0,0,0,0,0,0,0,0,0,0,0,0,0,0,0,0,0,0,0,0,,0,0,TRUE
1117YKBLUE-XL,0,0,0,0,0,0,0,0,0,0,0,0,0,0,0,0,0,0,0,0,0,0,0,0,0,0,0,0,0,0,,0,0,TRUE
1118YKGREEN-3XL,0,0,0,0,0,0,0,0,0,0,0,0,0,0,0,0,0,0,0,0,0,0,0,0,0,0,0,0,0,0,,0,0,TRUE
1118YKGREEN-L,0,0,0,0,0,0,0,0,0,0,0,0,0,0,0,0,0,0,0,0,0,0,0,0,0,0,0,0,0,0,,0,0,TRUE
1118YKGREEN-M,4,4,4,4,4,4,4,4,4,4,4,4,4,4,4,4,4,4,4,4,4,4,4,4,4,4,4,4,4,4,,30,30,TRUE
1118YKGREEN-S,14,14,14,14,14,14,14,14,14,14,14,14,14,14,14,14,14,14,14,14,14,14,14,14,14,14,14,14,14,14,,30,30,TRUE
1118YKGREEN-XL,0,0,0,0,0,0,0,0,0,0,0,0,0,0,0,0,0,0,0,0,0,0,0,0,0,0,0,0,0,0,,0,0,TRUE
1118YKGREEN-XXL,0,0,0,0,0,0,0,0,0,0,0,0,0,0,0,0,0,0,0,0,0,0,0,0,0,0,0,0,0,0,,0,0,TRUE
1119YKBLUE-3XL,0,0,0,0,0,0,0,0,0,0,0,0,0,0,0,0,0,0,0,0,0,0,0,0,0,0,0,0,0,0,,0,0,TRUE
1119YKBLUE-4XL,0,0,0,0,0,0,0,0,0,0,0,0,0,0,0,0,0,0,0,0,0,0,0,0,0,0,0,0,0,0,,0,0,TRUE
1119YKBLUE-5XL,0,0,0,0,0,0,0,0,0,0,0,0,0,0,0,0,0,0,0,0,0,0,0,0,0,0,0,0,0,0,,0,0,TRUE
1119YKBLUE-L,0,0,0,0,0,0,0,0,0,0,0,0,0,0,0,0,0,0,0,0,0,0,0,0,0,0,0,0,0,0,,0,0,TRUE
1119YKBLUE-M,2,2,2,2,2,2,2,2,2,2,2,2,2,2,2,2,2,2,2,2,2,2,2,2,2,2,2,2,2,2,,30,30,TRUE
1119YKBLUE-S,0,0,0,0,0,0,0,0,0,0,0,0,0,0,0,0,0,0,0,0,0,0,0,0,0,0,0,0,0,0,,0,0,TRUE
1119YKBLUE-XL,0,0,0,0,0,0,0,0,0,0,0,0,0,0,0,0,0,0,0,0,0,0,0,0,0,0,0,0,0,0,,0,0,TRUE
1119YKBLUE-XXL,0,0,0,0,0,0,0,0,0,0,0,0,0,0,0,0,0,0,0,0,0,0,0,0,0,0,0,0,0,0,,0,0,TRUE
1119YKCMB5010-3XL,0,0,0,0,0,0,0,0,0,0,0,0,0,0,0,0,0,0,0,0,0,0,0,0,0,0,0,0,0,0,,0,0,TRUE
1119YKCMB5010-4XL,0,0,0,0,0,0,0,0,0,0,0,0,0,0,0,0,0,0,0,0,0,0,0,0,0,0,0,0,0,0,,0,0,TRUE
1119YKCMB5010-5XL,0,0,0,0,0,0,0,0,0,0,0,0,0,0,0,0,0,0,0,0,0,0,0,0,0,0,0,0,0,0,,0,0,TRUE
1119YKCMB5010-L,0,0,0,0,0,0,0,0,0,0,0,0,0,0,0,0,0,0,0,0,0,0,0,0,0,0,0,0,0,0,,0,0,TRUE
1119YKCMB5010-L_MYNTRA,0,0,0,0,0,0,0,0,0,0,0,0,0,0,0,0,0,0,0,0,0,0,0,0,0,0,0,0,0,0,,0,0,TRUE
1119YKCMB5010-M,2,2,2,2,2,2,2,2,2,2,2,2,2,2,2,2,2,2,2,2,2,2,2,2,2,2,2,2,2,2,,30,30,TRUE
1119YKCMB5010-M_MYNTRA,0,0,0,0,0,0,0,0,0,0,0,0,0,0,0,0,0,0,0,0,0,0,0,0,0,0,0,0,0,0,,0,0,TRUE
1119YKCMB5010-S,0,0,0,0,0,0,0,0,0,0,0,0,0,0,0,0,0,0,0,0,0,0,0,0,0,0,0,0,0,0,,0,0,TRUE
1119YKCMB5010-S_MYNTRA,0,0,0,0,0,0,0,0,0,0,0,0,0,0,0,0,0,0,0,0,0,0,0,0,0,0,0,0,0,0,,0,0,TRUE
1119YKCMB5010-XL,0,0,0,0,0,0,0,0,0,0,0,0,0,0,0,0,0,0,0,0,0,0,0,0,0,0,0,0,0,0,,0,0,TRUE
1119YKCMB5010-XL_MYNTRA,0,0,0,0,0,0,0,0,0,0,0,0,0,0,0,0,0,0,0,0,0,0,0,0,0,0,0,0,0,0,,0,0,TRUE
1119YKCMB5010-XXL,0,0,0,0,0,0,0,0,0,0,0,0,0,0,0,0,0,0,0,0,0,0,0,0,0,0,0,0,0,0,,0,0,TRUE
1119YKCMB5010-XXL_MYNTRA,0,0,0,0,0,0,0,0,0,0,0,0,0,0,0,0,0,0,0,0,0,0,0,0,0,0,0,0,0,0,,0,0,TRUE
1119YKMB5010-M,0,0,0,0,0,0,0,0,0,0,0,0,0,0,0,0,0,0,0,0,0,0,0,0,0,0,0,0,0,0,,0,#N/A,#N/A
1120YKBLUE-L,7,7,7,7,7,7,7,7,7,7,7,7,7,7,7,7,7,7,7,7,7,7,7,7,7,7,7,7,7,6,,30,30,TRUE
1120YKBLUE-M,5,5,5,5,5,5,5,5,5,5,5,5,5,5,5,4,4,4,4,4,4,4,4,4,4,4,4,4,4,4,,30,30,TRUE
1120YKBLUE-S,5,5,5,5,5,5,5,5,5,5,5,5,5,5,5,5,5,5,5,5,5,5,5,5,5,5,5,5,5,5,,30,30,TRUE
1120YKBLUE-XL,3,3,3,3,3,3,3,3,3,3,3,3,3,3,3,3,3,3,3,3,3,3,3,3,3,3,3,3,3,3,,30,30,TRUE
1120YKBLUE-XXL,2,2,2,2,2,2,2,2,2,2,2,2,2,2,2,2,2,2,2,2,2,2,2,2,2,2,1,1,1,1,,30,30,TRUE
1121YKPINK-3XL,0,0,0,0,0,0,0,0,0,0,0,0,0,0,0,0,0,0,0,0,0,0,0,0,0,0,0,0,0,0,,0,0,TRUE
1121YKPINK-L,0,0,0,0,0,0,0,0,0,0,0,0,0,0,0,0,0,0,0,0,0,0,0,0,0,0,0,0,0,0,,0,0,TRUE
1121YKPINK-M,0,0,0,0,0,0,0,0,0,0,0,0,0,0,0,0,0,0,0,0,0,0,0,0,0,0,0,0,0,0,,0,0,TRUE
1121YKPINK-S,0,0,0,0,0,0,0,0,0,0,0,0,0,0,0,0,0,0,0,0,0,0,0,0,0,0,0,0,0,0,,0,0,TRUE
1121YKPINK-XL,0,0,0,0,0,0,0,0,0,0,0,0,0,0,0,0,0,0,0,0,0,0,0,0,0,0,0,0,0,0,,0,0,TRUE
1121YKPINK-XXL,0,0,0,0,0,0,0,0,0,0,0,0,0,0,0,0,0,0,0,0,0,0,0,0,0,0,0,0,0,0,,0,0,TRUE
1122YKYELLOW-3XL,0,0,0,0,0,0,0,0,0,0,0,0,0,0,0,0,0,0,0,0,0,0,0,0,0,0,0,0,0,0,,0,0,TRUE
1122YKYELLOW-L,8,8,8,8,9,9,9,9,9,9,9,9,9,9,9,9,9,9,9,9,9,9,9,9,9,9,9,9,9,9,,30,30,TRUE
1122YKYELLOW-M,30,30,30,30,30,30,30,30,30,29,29,29,29,29,29,29,28,28,26,26,26,26,26,26,26,26,26,26,26,26,,30,30,TRUE
1122YKYELLOW-S,23,23,23,23,23,23,23,23,23,23,23,23,23,23,23,23,23,23,23,23,23,23,23,23,23,23,23,23,23,23,,30,30,TRUE
1122YKYELLOW-XL,4,4,4,4,4,4,4,4,4,4,4,4,4,4,4,4,4,4,4,4,3,3,3,3,3,3,3,3,3,2,,30,30,TRUE
1122YKYELLOW-XXL,1,1,1,1,1,1,1,1,1,1,1,1,1,1,1,1,1,1,1,1,1,1,1,1,1,1,1,1,1,1,,30,30,TRUE
1123YKBLUE-L,0,0,0,0,0,0,0,0,0,0,0,0,0,0,0,0,0,0,0,0,0,0,0,0,0,0,0,0,0,0,,0,0,TRUE
1123YKBLUE-M,0,0,0,0,0,0,0,0,0,0,0,0,0,0,0,0,0,0,0,0,0,0,0,0,0,0,0,0,0,0,,0,0,TRUE
1123YKBLUE-S,0,0,0,0,0,0,0,0,0,0,0,0,0,0,0,0,0,0,0,0,0,0,0,0,0,0,0,0,0,0,,0,0,TRUE
1123YKBLUE-XL,0,0,0,0,0,0,0,0,0,0,0,0,0,0,0,0,0,0,0,0,0,0,0,0,0,0,0,0,0,0,,0,0,TRUE
1123YKBLUE-XXL,0,0,0,0,0,0,0,0,0,0,0,0,0,0,0,0,0,0,0,0,0,0,0,0,0,0,0,0,0,0,,0,0,TRUE
1124YKPINK-L,1,1,1,1,1,1,1,1,1,1,1,1,1,1,1,1,1,1,1,0,0,0,0,0,0,0,0,0,0,1,,20,19,FALSE
1124YKPINK-M,7,7,7,7,7,7,7,7,7,7,7,7,7,7,7,7,7,7,7,7,6,6,6,6,6,6,6,6,6,6,,30,30,TRUE
1124YKPINK-S,12,12,12,12,12,12,12,12,12,12,10,12,12,12,12,12,12,12,12,12,12,12,12,12,12,12,12,12,12,12,,30,30,TRUE
1124YKPINK-XL,0,0,0,0,0,0,0,0,0,0,0,0,0,0,0,0,0,0,0,0,0,0,0,0,0,0,0,0,0,1,,1,0,FALSE
1124YKPINK-XXL,0,0,0,0,0,0,0,0,0,0,0,0,0,0,0,0,0,0,0,0,0,0,0,0,0,0,0,0,0,0,,0,0,TRUE
1125YKGREEN-L,0,0,0,0,0,0,0,0,0,0,0,0,0,0,0,0,0,0,0,0,0,0,0,0,0,0,0,0,0,0,,0,0,TRUE
1125YKGREEN-M,0,0,0,0,0,0,0,0,0,0,0,0,0,0,0,0,0,0,0,0,0,0,0,0,0,0,0,0,0,0,,0,0,TRUE
1125YKGREEN-S,0,0,0,0,0,0,0,0,0,0,0,0,0,0,0,0,0,0,0,0,0,0,0,0,0,0,0,0,0,0,,0,0,TRUE
1125YKGREEN-XL,0,0,0,0,0,0,0,0,0,0,0,0,0,0,0,0,0,0,0,0,0,0,0,0,0,0,0,0,0,0,,0,0,TRUE
1125YKGREEN-XS,0,0,0,0,0,0,0,0,0,0,0,0,0,0,0,0,0,0,0,0,0,0,0,0,0,0,0,0,0,0,,0,0,TRUE
1125YKGREEN-XXL,0,0,0,0,0,0,0,0,0,0,0,0,0,0,0,0,0,0,0,0,0,0,0,0,0,0,0,0,0,0,,0,0,TRUE
1126YKTEAL-4XL,0,0,0,0,0,0,0,0,0,0,0,0,0,0,0,0,0,0,0,0,0,0,0,0,0,0,0,0,0,0,,0,0,TRUE
1126YKTEAL-L,0,0,0,0,0,0,0,0,0,0,0,0,0,0,0,0,0,0,0,0,0,0,0,0,0,0,0,0,0,0,,0,0,TRUE
1126YKTEAL-M,0,0,0,0,0,0,0,0,0,0,0,0,0,0,0,0,0,0,0,0,0,0,0,0,0,0,0,0,0,0,,0,0,TRUE
1126YKTEAL-S,0,0,0,0,0,0,0,0,0,0,0,0,0,0,0,0,0,1,1,1,1,1,1,1,1,1,1,1,1,1,,13,13,TRUE
1126YKTEAL-XL,0,0,0,0,0,0,0,0,0,0,0,0,0,0,0,0,0,0,0,0,0,0,0,0,0,0,0,0,0,0,,0,0,TRUE
1126YKTEAL-XXL,0,0,0,0,0,0,0,0,0,0,0,0,0,0,0,0,0,0,0,0,0,0,0,0,0,0,0,0,0,0,,0,0,TRUE
1127YKMAROON-3XL,20,25,23,25,22,19,20,19,21,22,21,21,19,24,24,74,75,74,52,52,37,36,36,35,53,25,24,24,14,14,,30,30,TRUE
1127YKMAROON-4XL,18,28,24,21,18,27,26,24,30,36,35,34,37,27,27,95,95,127,126,125,124,124,124,119,118,107,107,106,106,105,,30,30,TRUE
1127YKMAROON-5XL,12,27,29,29,27,30,30,28,31,22,19,17,13,15,15,38,38,38,14,12,12,11,12,11,43,10,8,8,12,11,,30,30,TRUE
1127YKMAROON-6XL,6,7,7,6,6,5,5,6,0,0,0,0,0,0,0,98,99,98,94,94,94,94,94,94,93,93,116,116,106,106,,23,23,TRUE
1127YKMAROON-7XL,3,3,3,3,3,3,3,3,3,3,3,3,3,3,3,53,53,53,52,46,51,51,51,51,51,51,51,51,51,51,,30,30,TRUE
1127YKMAROON-8XL,2,2,2,2,3,3,3,3,2,1,2,1,1,1,1,79,79,79,59,59,59,59,59,58,58,58,58,58,57,54,,30,30,TRUE
1127YKMAROON-L,20,30,30,28,26,39,39,37,34,35,30,29,23,21,21,31,31,32,26,8,24,22,22,20,60,17,50,54,26,27,,30,30,TRUE
1127YKMAROON-M,23,28,27,26,23,20,19,19,15,15,15,14,15,11,11,141,141,141,103,103,98,98,98,97,96,88,82,82,79,76,,30,30,TRUE
1127YKMAROON-S,26,30,32,33,33,35,35,36,41,31,30,28,28,24,24,76,76,76,70,70,65,63,63,63,63,62,69,69,58,58,,30,30,TRUE
1127YKMAROON-XL,21,21,18,18,13,11,7,7,46,29,30,30,28,10,10,76,74,67,66,66,64,61,61,43,54,57,85,86,45,45,,30,30,TRUE
1127YKMAROON-XS,11,16,15,14,13,13,13,13,11,10,10,10,10,10,10,41,41,54,54,54,54,53,53,54,53,53,90,90,88,88,,30,30,TRUE
1127YKMAROON-XXL,21,25,24,24,24,23,23,20,23,22,19,20,17,40,40,163,162,201,198,198,198,193,198,198,195,197,218,220,199,196,,30,30,TRUE
1128YKPINK-L,0,0,0,0,0,0,0,0,0,0,0,0,0,0,0,0,0,0,0,0,0,0,0,0,0,0,0,0,0,0,,0,0,TRUE
1128YKPINK-M,0,0,0,0,0,0,0,0,0,0,0,0,0,0,0,0,0,0,0,0,0,0,0,0,0,0,0,0,0,0,,0,0,TRUE
1128YKPINK-S,0,0,0,0,0,0,0,0,0,0,0,0,0,0,0,0,0,0,0,0,0,0,0,0,0,0,0,0,0,0,,0,0,TRUE
1128YKPINK-XL,0,0,0,0,0,0,0,0,0,0,0,0,0,0,0,0,0,0,0,0,0,0,0,0,0,0,0,0,0,0,,0,0,TRUE
1128YKPINK-XXL,0,0,0,0,0,0,0,0,0,0,0,0,0,0,0,0,0,0,0,0,0,0,0,0,0,0,0,0,0,0,,0,0,TRUE
1129YKBLUE-3XL,12,11,10,10,9,9,7,7,6,1,6,6,6,6,6,4,4,4,4,4,4,4,4,4,4,4,4,4,4,4,,30,30,TRUE
1129YKBLUE-4XL,3,3,3,3,3,2,2,2,0,0,0,0,0,0,0,0,0,0,0,0,0,0,0,0,2,0,0,0,0,0,,9,8,FALSE
1129YKBLUE-5XL,1,1,1,4,4,4,4,3,3,3,1,1,1,1,1,1,1,1,1,1,1,1,1,1,2,1,1,1,1,1,,30,30,TRUE
1129YKBLUE-6XL,0,0,0,0,0,0,0,0,0,0,0,0,0,0,0,0,0,0,0,0,0,0,0,0,0,0,0,0,0,0,,0,0,TRUE
1129YKBLUE-7XL,0,0,0,0,0,0,0,0,0,0,0,0,0,0,0,0,0,0,0,0,0,0,0,0,0,0,0,0,0,0,,0,0,TRUE
1129YKBLUE-8XL,0,0,0,0,0,0,0,0,0,0,0,0,0,0,0,0,0,0,0,0,0,0,0,0,0,0,0,0,0,0,,0,0,TRUE
1129YKBLUE-L,4,3,3,3,3,3,3,3,3,3,3,3,3,3,3,0,0,0,0,0,0,0,0,1,1,1,4,9,7,7,,22,21,FALSE
1129YKBLUE-M,16,16,16,16,16,16,16,16,16,16,16,16,16,16,16,14,14,14,14,14,14,14,14,8,8,8,8,8,8,8,,30,30,TRUE
1129YKBLUE-S,10,10,10,10,10,10,10,10,10,10,10,10,10,10,10,10,10,10,9,9,9,9,9,9,9,9,9,9,9,9,,30,30,TRUE
1129YKBLUE-XL,3,2,1,2,2,2,1,1,1,1,1,1,1,1,1,1,1,1,1,1,1,1,0,0,0,0,0,0,0,4,,23,22,FALSE
1129YKBLUE-XS,0,0,0,0,0,0,0,0,0,0,0,0,0,0,0,2,2,2,2,2,0,0,0,0,0,0,0,0,0,1,,6,5,FALSE
1129YKBLUE-XXL,3,3,3,3,3,3,3,3,1,1,1,1,1,1,1,1,1,1,1,1,1,1,1,2,7,2,2,2,2,2,,30,30,TRUE
112YK242MAROON-M,0,0,0,0,0,0,0,0,0,0,0,0,0,0,0,0,0,0,0,0,0,0,0,0,0,0,0,0,0,0,,0,0,TRUE
112YK242MAROON-S,0,0,0,0,0,0,0,0,0,0,0,0,0,0,0,0,0,0,0,0,0,0,0,0,0,0,0,0,0,0,,0,0,TRUE
112YK242MAROON-XL,0,0,0,0,0,0,0,0,0,0,0,0,0,0,0,0,0,0,0,0,0,0,0,0,0,0,0,0,0,0,,0,0,TRUE
1130YKPURPLE-3XL,164,164,164,163,163,163,162,160,158,158,158,158,159,159,159,158,158,158,149,150,150,150,150,150,149,149,149,148,148,147,,30,30,TRUE
1130YKPURPLE-4XL,172,172,172,172,171,171,171,169,167,167,166,166,167,167,167,167,172,171,171,171,170,170,170,170,170,166,166,166,165,165,,30,30,TRUE
1130YKPURPLE-5XL,195,195,195,196,196,190,190,188,187,186,186,186,186,188,188,182,182,182,170,170,168,163,163,163,163,165,165,165,165,165,,30,30,TRUE
1130YKPURPLE-6XL,84,85,85,85,85,81,81,81,77,77,77,77,77,76,76,76,75,75,75,76,76,76,76,75,75,72,72,72,74,74,,30,30,TRUE
1130YKPURPLE-7XL,75,75,75,74,76,75,74,74,74,74,74,74,74,74,74,72,72,71,70,70,67,69,69,69,69,69,68,68,68,68,,30,30,TRUE
1130YKPURPLE-8XL,73,73,73,72,72,72,71,70,68,67,66,66,61,66,66,66,66,66,66,66,66,65,65,65,64,62,61,61,61,61,,30,30,TRUE
1130YKPURPLE-L,65,65,65,65,65,65,65,65,65,64,64,64,65,65,65,65,65,65,65,65,65,65,65,65,65,65,65,64,63,63,,30,30,TRUE
1130YKPURPLE-M,53,54,54,54,54,53,52,51,51,51,51,51,51,51,51,50,50,50,50,50,50,50,50,50,50,50,50,50,50,50,,30,30,TRUE
1130YKPURPLE-S,23,23,23,23,23,23,23,23,23,23,23,23,23,22,22,21,21,21,21,21,21,21,21,21,21,21,21,20,19,19,,30,30,TRUE
1130YKPURPLE-XL,94,96,95,95,95,92,92,91,90,91,91,91,92,91,91,90,90,90,89,89,89,88,88,86,86,88,88,87,86,85,,30,30,TRUE
1130YKPURPLE-XS,11,11,11,11,11,11,11,11,11,11,11,11,11,11,11,11,11,11,10,10,10,10,10,11,11,11,11,11,12,12,,30,30,TRUE
1130YKPURPLE-XXL,132,132,132,132,132,131,131,129,124,124,124,124,124,124,124,124,124,124,124,125,125,126,126,126,125,126,126,126,126,126,,30,30,TRUE
1131YKPURPLE-L,0,0,0,0,0,0,0,0,0,0,0,0,0,0,0,0,0,0,0,0,0,0,0,0,0,0,0,0,0,0,,0,0,TRUE
1131YKPURPLE-M,1,1,1,1,1,1,1,1,1,1,1,1,0,0,0,0,0,0,0,0,0,0,0,0,0,0,0,0,0,1,,13,12,FALSE
1131YKPURPLE-S,0,0,0,0,0,0,0,0,0,0,0,0,0,0,0,0,0,0,0,0,0,0,0,0,0,0,0,0,0,0,,0,0,TRUE
1131YKPURPLE-XL,0,0,0,0,0,0,0,0,0,0,0,0,0,0,0,0,0,0,0,0,0,0,0,0,0,0,0,0,0,0,,0,0,TRUE
1131YKPURPLE-XXL,0,0,0,0,0,0,0,0,0,0,0,0,0,0,0,0,0,0,0,0,0,0,0,0,0,0,0,0,0,0,,0,0,TRUE
1132YKYELLOW-L,0,0,0,0,0,0,0,0,0,0,0,0,0,0,0,0,0,0,0,0,0,0,0,0,0,0,0,0,0,0,,0,0,TRUE
1132YKYELLOW-XL,0,0,0,0,0,0,0,0,0,0,0,0,0,0,0,0,0,0,0,0,0,0,0,0,0,0,0,0,0,0,,0,0,TRUE
1132YKYELLOW-XXL,0,0,0,0,0,0,0,0,0,0,0,0,0,0,0,0,0,0,0,0,0,0,0,0,0,0,0,0,0,0,,0,0,TRUE
1133YKBLACK-3XL,0,0,0,0,0,0,0,0,0,0,0,0,0,0,0,0,0,0,0,0,0,0,0,0,0,0,0,0,0,0,,0,0,TRUE
1133YKBLACK-4XL,0,0,0,0,0,0,0,0,0,0,0,0,0,0,0,0,0,0,0,0,0,0,0,0,0,0,0,0,0,0,,0,0,TRUE
1133YKBLACK-5XL,0,0,0,0,0,0,0,0,0,0,0,0,0,0,0,0,0,0,0,0,0,0,0,0,0,0,0,0,0,0,,0,0,TRUE
1133YKBLACK-L,0,0,0,0,0,0,0,0,0,0,0,0,0,0,0,0,0,0,0,0,0,0,0,0,0,0,0,0,0,0,,0,0,TRUE
1133YKBLACK-M,0,0,0,0,0,0,0,0,0,0,0,0,0,0,0,0,0,0,0,0,0,0,0,0,0,0,0,0,0,0,,0,0,TRUE
1133YKBLACK-S,0,0,0,0,0,0,0,0,0,0,0,0,0,0,0,0,0,0,0,0,0,0,0,0,0,0,0,0,0,0,,0,0,TRUE
1133YKBLACK-XL,0,0,0,0,0,0,0,0,0,0,0,0,0,0,0,0,0,0,0,0,0,0,0,0,0,0,0,0,0,0,,0,0,TRUE
1133YKBLACK-XXL,0,0,0,0,0,0,0,0,0,0,0,0,0,0,0,0,0,0,0,0,0,0,0,0,0,0,0,0,0,0,,0,0,TRUE
1134YKPINK-L,0,0,0,0,0,0,0,0,0,0,0,0,0,0,0,0,0,0,0,0,0,0,0,0,0,0,0,0,0,0,,0,0,TRUE
1134YKPINK-M,0,0,0,0,0,0,0,0,0,0,0,0,0,0,0,0,0,0,0,0,0,0,0,0,0,0,0,0,0,0,,0,0,TRUE
1134YKPINK-S,0,0,0,0,0,0,0,0,0,0,0,0,0,0,0,0,0,0,0,0,0,0,0,0,0,0,0,0,0,0,,0,0,TRUE
1134YKPINK-XL,0,0,0,0,0,0,0,0,0,0,0,0,0,0,0,0,0,0,0,0,0,0,0,0,0,0,0,0,0,0,,0,0,TRUE
1134YKPINK-XXL,0,0,0,0,0,0,0,0,0,0,0,0,0,0,0,0,0,0,0,0,0,0,0,0,0,0,0,0,0,0,,0,0,TRUE
1135YKMUSTARD-L,0,0,0,0,0,0,0,0,0,0,0,0,0,0,0,0,0,0,0,0,0,0,0,0,0,0,0,0,0,0,,0,0,TRUE
1135YKMUSTARD-M,0,0,0,0,0,0,0,0,0,0,0,0,0,0,0,0,0,0,0,0,0,0,0,0,0,0,0,0,0,0,,0,0,TRUE
1135YKMUSTARD-S,1,1,1,1,1,1,1,1,1,1,1,1,1,1,1,1,1,1,1,1,1,1,1,1,1,1,1,1,1,1,,30,30,TRUE
1135YKMUSTARD-XL,0,0,0,0,0,0,0,0,0,0,0,0,0,0,0,0,0,0,0,0,0,0,0,0,0,0,0,0,0,0,,0,0,TRUE
1135YKMUSTARD-XXL,0,0,0,0,0,0,0,0,0,0,0,0,0,0,0,0,0,0,0,0,0,0,0,0,0,0,0,0,0,0,,0,0,TRUE
1136YKWHITE-L,0,0,0,0,0,0,0,0,0,0,0,0,0,0,0,0,0,0,0,0,0,0,0,0,0,0,0,0,0,0,,0,0,TRUE
1136YKWHITE-M,0,0,0,0,0,0,0,0,0,0,0,0,0,0,0,0,0,0,0,0,0,0,0,0,0,0,0,0,0,0,,0,0,TRUE
1136YKWHITE-S,0,0,0,0,0,0,0,0,0,0,0,0,0,0,0,0,0,0,0,0,0,0,0,0,0,0,0,0,0,0,,0,0,TRUE
1137YKBLUE-L,0,0,0,0,0,0,0,0,0,0,0,0,0,0,0,0,0,0,0,0,0,0,0,0,0,0,0,0,0,0,,0,0,TRUE
1137YKBLUE-M,0,0,0,0,0,0,0,0,0,0,0,0,0,0,0,0,0,0,0,0,0,0,0,0,0,0,0,0,0,0,,0,0,TRUE
1137YKBLUE-S,0,0,0,0,0,0,0,0,0,0,0,0,0,0,0,0,0,0,0,0,0,0,0,0,0,0,0,0,0,0,,0,0,TRUE
1137YKBLUE-XL,0,0,0,0,0,0,0,0,0,0,0,0,0,0,0,0,0,0,0,0,0,0,0,0,0,0,0,0,0,0,,0,0,TRUE
1137YKBLUE-XXL,0,0,0,0,0,0,0,0,0,0,0,0,0,0,0,0,0,0,0,0,0,0,0,0,0,0,0,0,0,0,,0,0,TRUE
1138YKMULTI-L,0,0,0,0,0,0,0,0,0,0,0,0,0,0,0,0,0,0,0,0,0,0,0,0,0,0,0,0,0,0,,0,0,TRUE
1138YKMULTI-M,0,0,0,0,0,0,0,0,0,0,0,0,0,0,0,0,0,0,0,0,0,0,0,0,0,0,0,0,0,0,,0,0,TRUE
1138YKMULTI-S,1,1,1,1,1,1,1,1,1,1,1,1,1,1,1,0,0,0,0,0,0,0,0,0,0,0,1,1,1,1,,19,18,FALSE
1138YKMULTI-XL,0,0,0,0,0,0,0,0,0,0,0,0,0,0,0,0,0,0,0,0,0,0,0,0,0,0,0,0,0,0,,0,0,TRUE
1139YKRED-L,0,0,0,0,0,0,0,0,0,0,0,0,0,0,0,0,0,0,0,0,0,0,0,0,0,0,0,0,0,0,,0,0,TRUE
1139YKRED-M,0,0,0,0,0,0,0,0,0,0,0,0,0,0,0,0,0,0,0,0,0,0,0,0,0,0,0,0,0,0,,0,0,TRUE
1139YKRED-S,0,0,0,0,0,0,0,0,0,0,0,0,0,0,0,0,0,0,0,0,0,0,0,0,0,0,0,0,0,0,,0,0,TRUE
1139YKRED-XL,0,0,0,0,0,0,0,0,0,0,0,0,0,0,0,0,0,0,0,0,0,0,0,0,0,0,0,0,0,0,,0,0,TRUE
113YK242TUR-XXL,0,0,0,0,0,0,0,0,0,0,0,0,0,0,0,0,0,0,0,0,0,0,0,0,0,0,0,0,0,0,,0,0,TRUE
1140YKYELLOW-L,0,0,0,0,0,0,0,0,0,0,0,0,0,0,0,0,0,0,0,0,0,0,0,0,0,0,0,0,0,0,,0,0,TRUE
1140YKYELLOW-M,0,0,0,0,0,0,0,0,0,0,0,0,0,0,0,0,0,0,0,0,0,0,0,0,0,0,0,0,0,0,,0,0,TRUE
1140YKYELLOW-S,0,0,0,0,0,0,0,0,0,0,0,0,0,0,0,0,0,0,0,0,0,0,0,0,0,0,0,0,0,0,,0,0,TRUE
1140YKYELLOW-XXL,0,0,0,0,0,0,0,0,0,0,0,0,0,0,0,0,0,0,0,0,0,0,0,0,0,0,0,0,0,0,,0,0,TRUE
1141YKCMB5012-4XL,0,0,0,0,0,0,0,0,0,0,0,0,0,0,0,0,0,0,0,0,0,0,0,0,0,0,0,0,0,1,,1,0,FALSE
1141YKCMB5012-5XL,0,0,0,0,0,0,0,0,0,0,0,0,0,0,0,0,0,0,0,0,0,0,0,0,0,0,0,0,0,1,,1,0,FALSE
1141YKCMB5012-L,0,0,0,0,0,0,0,0,0,0,0,0,0,0,0,0,0,0,0,0,0,0,0,0,0,0,0,0,0,0,,0,0,TRUE
1141YKCMB5012-L_MYNTRA,0,0,0,0,0,0,0,0,0,0,0,0,0,0,0,0,0,0,0,0,0,0,0,0,0,0,0,0,0,0,,0,0,TRUE
1141YKCMB5012-M,0,0,0,0,0,0,0,0,0,0,0,0,0,0,0,0,0,0,0,0,0,0,0,0,0,0,0,0,0,0,,0,0,TRUE
1141YKCMB5012-M_MYNTRA,0,0,0,0,0,0,0,0,0,0,0,0,0,0,0,0,0,0,0,0,0,0,0,0,0,0,0,0,0,0,,0,0,TRUE
1141YKCMB5012-S,0,0,0,0,0,0,0,0,0,0,0,0,0,0,0,0,0,0,0,0,0,0,0,0,0,0,0,0,0,0,,0,0,TRUE
1141YKCMB5012-S_MYNTRA,0,0,0,0,0,0,0,0,0,0,0,0,0,0,0,0,0,0,0,0,0,0,0,0,0,0,0,0,0,0,,0,0,TRUE
1141YKCMB5012-XL,0,0,0,0,0,0,0,0,0,0,0,0,0,0,0,0,0,0,0,0,0,0,0,0,0,0,0,0,0,0,,0,0,TRUE
1141YKCMB5012-XL_MYNTRA,0,0,0,0,0,0,0,0,0,0,0,0,0,0,0,0,0,0,0,0,0,0,0,0,0,0,0,0,0,0,,0,0,TRUE
1141YKCMB5012-XXL,0,0,0,0,0,0,0,0,0,0,0,0,0,0,0,0,0,0,0,0,0,0,0,0,0,0,0,0,0,0,,0,0,TRUE
1141YKMB5012-S,0,0,0,0,0,0,0,0,0,0,0,0,0,0,0,0,0,0,0,0,0,0,0,0,0,0,0,0,0,0,,0,#N/A,#N/A
1141YKSKYBLUE-L,0,0,0,0,0,0,0,0,0,0,0,0,0,0,0,0,0,0,0,0,0,0,0,0,0,0,0,0,0,0,,0,0,TRUE
1141YKSKYBLUE-M,0,0,0,0,0,0,0,0,0,0,0,0,0,0,0,0,0,0,0,0,0,0,0,0,0,0,0,0,0,0,,0,0,TRUE
1141YKSKYBLUE-S,0,0,1,0,1,1,1,1,1,1,1,1,1,1,1,1,1,1,1,1,1,1,1,1,1,1,1,1,1,1,,27,27,TRUE
1141YKSKYBLUE-XL,0,0,0,0,0,0,0,0,0,0,0,0,0,0,0,0,0,0,0,0,0,0,0,0,0,0,0,0,0,0,,0,0,TRUE
1141YKSKYBLUE-XXL,0,0,0,0,0,0,0,0,0,0,0,0,0,0,0,0,0,0,0,0,0,0,0,0,0,0,0,0,0,0,,0,0,TRUE
1142YKCMB5010-3XL,0,0,0,0,0,0,0,0,0,0,0,0,0,0,0,0,0,0,0,0,0,0,0,0,0,0,0,0,0,0,,0,0,TRUE
1142YKCMB5010-4XL,0,0,0,0,0,0,0,0,0,0,0,0,0,0,0,0,0,0,0,0,0,0,0,0,0,0,0,0,0,0,,0,0,TRUE
1142YKCMB5010-5XL,0,0,0,0,0,0,0,0,0,0,0,0,0,0,0,0,0,0,0,0,0,0,0,0,0,0,0,0,0,0,,0,0,TRUE
1142YKCMB5010-L,0,0,0,0,0,0,0,0,0,0,0,0,0,0,0,0,0,0,0,0,0,0,0,0,0,0,0,0,0,0,,0,0,TRUE
1142YKCMB5010-L_MYNTRA,0,0,0,0,0,0,0,0,0,0,0,0,0,0,0,0,0,0,0,0,0,0,0,0,0,0,0,0,0,0,,0,0,TRUE
1142YKCMB5010-M,0,0,0,0,0,0,0,0,0,0,0,0,0,0,0,0,0,0,0,0,0,0,0,0,0,0,0,0,0,0,,0,0,TRUE
1142YKCMB5010-M_MYNTRA,0,0,0,0,0,0,0,0,0,0,0,0,0,0,0,0,0,0,0,0,0,0,0,0,0,0,0,0,0,0,,0,0,TRUE
1142YKCMB5010-S,0,0,0,0,0,0,0,0,0,0,0,0,0,0,0,0,0,0,0,0,0,0,0,0,0,0,0,0,0,0,,0,0,TRUE
1142YKCMB5010-S_MYNTRA,0,0,0,0,0,0,0,0,0,0,0,0,0,0,0,0,0,0,0,0,0,0,0,0,0,0,0,0,0,0,,0,0,TRUE
1142YKCMB5010-XL,0,0,0,0,0,0,0,0,0,0,0,0,0,0,0,0,0,0,0,0,0,0,0,0,0,0,0,0,0,0,,0,0,TRUE
1142YKCMB5010-XL_MYNTRA,0,0,0,0,0,0,0,0,0,0,0,0,0,0,0,0,0,0,0,0,0,0,0,0,0,0,0,0,0,0,,0,0,TRUE
1142YKCMB5010-XXL,0,0,0,0,0,0,0,0,0,0,0,0,0,0,0,0,0,0,0,0,0,0,0,0,0,0,0,0,0,0,,0,0,TRUE
1142YKCMB5010-XXL_MYNTRA,0,0,0,0,0,0,0,0,0,0,0,0,0,0,0,0,0,0,0,0,0,0,0,0,0,0,0,0,0,0,,0,0,TRUE
1142YKPINK-3XL,0,0,0,0,0,0,0,0,0,0,0,0,0,0,0,0,0,0,0,0,0,0,0,0,0,0,0,0,0,0,,0,0,TRUE
1142YKPINK-4XL,0,0,0,0,0,0,0,0,0,0,0,0,0,0,0,0,0,0,0,0,0,0,0,0,0,0,0,0,0,0,,0,0,TRUE
1142YKPINK-5XL,0,0,0,0,0,0,0,0,0,0,0,0,0,0,0,0,0,0,0,0,0,0,0,0,0,0,0,0,0,0,,0,0,TRUE
1142YKPINK-L,0,0,0,0,0,0,0,0,0,0,0,0,0,0,0,0,0,0,0,0,0,0,0,0,0,0,0,0,0,0,,0,0,TRUE
1142YKPINK-M,0,0,0,0,0,0,0,0,0,0,0,0,0,0,0,0,0,0,0,0,0,0,0,0,0,0,0,0,0,0,,0,0,TRUE
1142YKPINK-S,0,0,0,0,0,0,0,0,0,0,0,0,0,0,0,0,0,0,0,0,0,0,0,0,0,0,0,0,0,0,,0,0,TRUE
1142YKPINK-XL,0,0,0,0,0,0,0,0,0,0,0,0,0,0,0,0,0,0,0,0,0,0,0,0,0,0,0,0,0,0,,0,0,TRUE
1142YKPINK-XXL,0,0,0,0,0,0,0,0,0,0,0,0,0,0,0,0,0,0,0,0,0,0,0,0,0,0,0,0,0,0,,0,0,TRUE
1143YKCMB5012-3XL,0,0,0,0,0,0,0,0,0,0,0,0,0,0,0,0,0,0,0,0,0,0,0,0,0,0,0,0,0,0,,0,0,TRUE
1143YKCMB5012-3XL_MYNTRA,0,0,0,0,0,0,0,0,0,0,0,0,0,0,0,0,0,0,0,0,0,0,0,0,0,0,0,0,0,0,,0,0,TRUE
1143YKCMB5012-4XL,0,0,0,0,0,0,0,0,0,0,0,0,0,0,0,0,0,0,0,0,0,0,0,0,0,0,0,0,0,0,,0,0,TRUE
1143YKCMB5012-4XL_MYNTRA,0,0,0,0,0,0,0,0,0,0,0,0,0,0,0,0,0,0,0,0,0,0,0,0,0,0,0,0,0,0,,0,0,TRUE
1143YKCMB5012-5XL,0,0,0,0,0,0,0,0,0,0,0,0,0,0,0,0,0,0,0,0,0,0,0,0,0,0,0,0,0,0,,0,0,TRUE
1143YKCMB5012-5XL_MYNTRA,0,0,0,0,0,0,0,0,0,0,0,0,0,0,0,0,0,0,0,0,0,0,0,0,0,0,0,0,0,0,,0,0,TRUE
1143YKCMB5012-L,0,0,0,0,0,0,0,0,0,0,0,0,0,0,0,0,0,0,0,0,0,0,0,0,0,0,0,0,0,0,,0,0,TRUE
1143YKCMB5012-L_MYNTRA,0,0,0,0,0,0,0,0,0,0,0,0,0,0,0,0,0,0,0,0,0,0,0,0,0,0,0,0,0,0,,0,0,TRUE
1143YKCMB5012-M,0,0,0,0,0,0,0,0,0,0,0,0,0,0,0,0,0,0,0,0,0,0,0,0,0,0,0,0,0,0,,0,0,TRUE
1143YKCMB5012-M_MYNTRA,0,0,0,0,0,0,0,0,0,0,0,0,0,0,0,0,0,0,0,0,0,0,0,0,0,0,0,0,0,0,,0,0,TRUE
1143YKCMB5012-S,0,0,0,0,0,0,0,0,0,0,0,0,0,0,0,0,0,0,0,0,0,0,0,0,0,0,0,0,0,0,,0,0,TRUE
1143YKCMB5012-S_MYNTRA,0,0,0,0,0,0,0,0,0,0,0,0,0,0,0,0,0,0,0,0,0,0,0,0,0,0,0,0,0,0,,0,0,TRUE
1143YKCMB5012-XL,0,0,0,0,0,0,0,0,0,0,0,0,0,0,0,0,0,0,0,0,0,0,0,0,0,0,0,0,0,0,,0,0,TRUE
1143YKCMB5012-XL_MYNTRA,0,0,0,0,0,0,0,0,0,0,0,0,0,0,0,0,0,0,0,0,0,0,0,0,0,0,0,0,0,0,,0,0,TRUE
1143YKCMB5012-XXL,0,0,0,0,0,0,0,0,0,0,0,0,0,0,0,0,0,0,0,0,0,0,0,0,0,0,0,0,0,0,,0,0,TRUE
1143YKCMB5012-XXL_MYNTRA,0,0,0,0,0,0,0,0,0,0,0,0,0,0,0,0,0,0,0,0,0,0,0,0,0,0,0,0,0,0,,0,0,TRUE
1143YKGREEN-L,0,0,0,0,0,0,0,0,0,0,0,0,0,0,0,0,0,0,0,0,0,0,0,0,0,0,0,0,0,0,,0,0,TRUE
1143YKGREEN-M,2,2,2,2,2,2,2,2,2,2,2,2,2,2,2,2,2,2,2,2,2,2,2,2,2,2,2,2,2,2,,30,30,TRUE
1143YKGREEN-S,4,4,4,4,4,4,4,4,4,4,4,4,4,4,4,4,4,4,4,4,4,4,4,4,4,4,4,4,4,4,,30,30,TRUE
1143YKGREEN-XL,0,0,0,0,0,0,0,0,0,0,0,0,0,0,0,0,0,0,0,0,0,0,0,0,0,0,0,0,0,0,,0,0,TRUE
1143YKGREEN-XXL,0,0,0,0,0,0,0,0,0,0,0,0,0,0,0,0,0,0,0,0,0,0,0,0,0,0,0,0,0,0,,0,0,TRUE
1143YKMB5012-S,0,0,0,0,0,0,0,0,0,0,0,0,0,0,0,0,0,0,0,0,0,0,0,0,0,0,0,0,0,0,,0,#N/A,#N/A
1144YKCMB5012-L,0,0,0,0,0,0,0,0,0,0,0,0,0,0,0,0,0,0,0,0,0,0,0,0,0,0,0,0,0,0,,0,0,TRUE
1144YKCMB5012-L_MYNTRA,0,0,0,0,0,0,0,0,0,0,0,0,0,0,0,0,0,0,0,0,0,0,0,0,0,0,0,0,0,0,,0,0,TRUE
1144YKCMB5012-M,0,0,0,0,0,0,0,0,0,0,0,0,0,0,0,0,0,0,0,0,0,0,0,0,0,0,0,0,0,0,,0,0,TRUE
1144YKCMB5012-M_MYNTRA,0,0,0,0,0,0,0,0,0,0,0,0,0,0,0,0,0,0,0,0,0,0,0,0,0,0,0,0,0,0,,0,0,TRUE
1144YKCMB5012-S,0,0,0,0,0,0,0,0,0,0,0,0,0,0,0,0,0,0,0,0,0,0,0,0,0,0,0,0,0,0,,0,0,TRUE
1144YKCMB5012-S_MYNTRA,0,0,0,0,0,0,0,0,0,0,0,0,0,0,0,0,0,0,0,0,0,0,0,0,0,0,0,0,0,0,,0,0,TRUE
1144YKCMB5012-XL,0,0,0,0,0,0,0,0,0,0,0,0,0,0,0,0,0,0,0,0,0,0,0,0,0,0,0,0,0,0,,0,0,TRUE
1144YKCMB5012-XL_MYNTRA,0,0,0,0,0,0,0,0,0,0,0,0,0,0,0,0,0,0,0,0,0,0,0,0,0,0,0,0,0,0,,0,0,TRUE
1144YKCMB5012-XXL,0,0,0,0,0,0,0,0,0,0,0,0,0,0,0,0,0,0,0,0,0,0,0,0,0,0,0,0,0,0,,0,0,TRUE
1144YKCMB5012-XXL_MYNTRA,0,0,0,0,0,0,0,0,0,0,0,0,0,0,0,0,0,0,0,0,0,0,0,0,0,0,0,0,0,0,,0,0,TRUE
1144YKMB5012-S,0,0,0,0,0,0,0,0,0,0,0,0,0,0,0,0,0,0,0,0,0,0,0,0,0,0,0,0,0,0,,0,#N/A,#N/A
1144YKWHITE-L,0,0,0,0,0,0,0,0,0,0,0,0,0,0,0,0,0,0,0,0,0,0,0,0,0,0,0,0,-1,0,,0,0,TRUE
1144YKWHITE-M,0,0,0,0,0,0,0,0,0,0,0,0,0,0,0,0,0,0,0,0,0,0,0,0,0,0,0,0,0,0,,0,0,TRUE
1144YKWHITE-S,0,0,0,0,0,0,0,0,0,0,0,0,0,0,0,0,0,0,0,0,0,0,0,0,0,0,0,0,0,0,,0,0,TRUE
1144YKWHITE-XL,0,0,0,0,0,0,0,0,0,0,0,0,0,0,0,0,0,0,0,0,0,0,0,0,0,0,0,0,0,0,,0,0,TRUE
1144YKWHITE-XXL,0,0,0,0,0,0,0,0,0,0,0,0,0,0,0,0,0,0,0,0,0,0,0,0,0,0,0,0,0,0,,0,0,TRUE
1145YKBLACK-L,0,0,0,0,0,0,0,0,0,0,0,0,0,0,0,0,0,0,0,0,0,0,0,0,0,0,0,0,0,0,,0,0,TRUE
1145YKBLACK-S,0,0,0,0,0,0,0,0,0,0,0,0,0,0,0,0,0,0,0,0,0,0,0,0,0,0,0,0,0,0,,0,0,TRUE
1145YKBLACK-XL,0,0,0,0,0,0,0,0,0,0,0,0,0,0,0,0,0,0,0,0,0,0,0,0,0,0,0,0,0,0,,0,0,TRUE
1145YKBLACK-XXL,0,0,0,0,0,0,0,0,0,0,0,0,0,0,0,0,0,0,0,0,0,0,0,0,0,0,0,0,0,0,,0,0,TRUE
1145YKCMB5012-L,0,0,0,0,0,0,0,0,0,0,0,0,0,0,0,0,0,0,0,0,0,0,0,0,0,0,0,0,0,0,,0,0,TRUE
1145YKCMB5012-L_MYNTRA,0,0,0,0,0,0,0,0,0,0,0,0,0,0,0,0,0,0,0,0,0,0,0,0,0,0,0,0,0,0,,0,0,TRUE
1145YKCMB5012-M,0,0,0,0,0,0,0,0,0,0,0,0,0,0,0,0,0,0,0,0,0,0,0,0,0,0,0,0,0,0,,0,0,TRUE
1145YKCMB5012-M_MYNTRA,0,0,0,0,0,0,0,0,0,0,0,0,0,0,0,0,0,0,0,0,0,0,0,0,0,0,0,0,0,0,,0,0,TRUE
1145YKCMB5012-S,0,0,0,0,0,0,0,0,0,0,0,0,0,0,0,0,0,0,0,0,0,0,0,0,0,0,0,0,0,0,,0,0,TRUE
1145YKCMB5012-S_MYNTRA,0,0,0,0,0,0,0,0,0,0,0,0,0,0,0,0,0,0,0,0,0,0,0,0,0,0,0,0,0,0,,0,0,TRUE
1145YKCMB5012-XL,0,0,0,0,0,0,0,0,0,0,0,0,0,0,0,0,0,0,0,0,0,0,0,0,0,0,0,0,0,0,,0,0,TRUE
1145YKCMB5012-XL_MYNTRA,0,0,0,0,0,0,0,0,0,0,0,0,0,0,0,0,0,0,0,0,0,0,0,0,0,0,0,0,0,0,,0,0,TRUE
1145YKCMB5012-XXL,0,0,0,0,0,0,0,0,0,0,0,0,0,0,0,0,0,0,0,0,0,0,0,0,0,0,0,0,0,0,,0,0,TRUE
1145YKCMB5012-XXL_MYNTRA,0,0,0,0,0,0,0,0,0,0,0,0,0,0,0,0,0,0,0,0,0,0,0,0,0,0,0,0,0,0,,0,0,TRUE
1146YKMAROON-3XL,0,0,0,0,0,0,0,0,0,0,0,0,0,0,0,0,0,0,0,0,0,0,0,0,0,0,0,0,0,0,,0,0,TRUE
1146YKMAROON-4XL,0,0,0,0,0,0,0,0,0,0,0,0,0,0,0,0,0,0,0,0,0,0,0,0,0,0,0,0,0,0,,0,0,TRUE
1146YKMAROON-5XL,0,0,0,0,0,0,0,0,0,0,0,0,0,0,0,0,0,0,0,0,0,0,0,0,0,0,0,0,0,0,,0,0,TRUE
1146YKMAROON-L,1,1,1,1,1,1,1,1,1,1,1,1,1,1,1,1,1,1,1,1,1,1,1,1,1,1,1,1,1,1,,30,30,TRUE
1146YKMAROON-M,0,0,0,0,0,0,0,0,0,0,0,0,0,0,0,0,0,0,0,0,0,0,0,0,0,0,0,0,0,0,,0,0,TRUE
1146YKMAROON-S,0,0,0,0,0,0,0,0,0,0,0,0,0,0,0,0,0,0,0,0,0,0,0,0,0,0,0,0,0,0,,0,0,TRUE
1146YKMAROON-XL,0,0,0,0,0,0,0,0,0,0,0,0,0,0,0,0,0,0,0,0,0,0,0,0,0,0,0,0,0,0,,0,0,TRUE
1146YKMAROON-XXL,0,0,0,0,0,0,0,0,0,0,0,0,0,0,0,0,0,0,0,0,0,0,0,0,0,0,0,0,0,0,,0,0,TRUE
1147YKBANDJ-3XL,0,0,0,0,0,0,0,0,0,0,0,0,0,0,0,0,0,0,0,0,0,0,0,0,0,0,0,0,0,0,,0,0,TRUE
1147YKBANDJ-4XL,0,0,0,0,0,0,0,0,0,0,0,0,0,0,0,0,0,0,0,0,0,0,0,0,0,0,0,0,0,0,,0,0,TRUE
1147YKBANDJ-L,0,0,0,0,0,0,0,0,0,0,0,0,0,0,0,0,0,0,0,0,0,0,0,0,0,0,0,0,0,0,,0,0,TRUE
1147YKBANDJ-M,0,0,0,0,0,0,0,0,0,0,0,0,0,0,0,0,0,0,0,0,0,0,0,0,0,0,0,0,0,0,,0,0,TRUE
1147YKBANDJ-S,0,0,0,0,0,0,0,0,0,0,0,0,0,0,0,0,0,0,0,0,0,0,0,0,0,0,0,0,0,0,,0,0,TRUE
1147YKCMB5017-3XL,0,0,0,0,0,0,0,0,0,0,0,0,0,0,0,0,0,0,0,0,0,0,0,0,0,0,0,0,0,0,,0,0,TRUE
1147YKCMB5017-4XL,0,0,0,0,0,0,0,0,0,0,0,0,0,0,0,0,0,0,0,0,0,0,0,0,0,0,0,0,0,0,,0,0,TRUE
1147YKCMB5017-5XL,0,0,0,0,0,0,0,0,0,0,0,0,0,0,0,0,0,0,0,0,0,0,0,0,0,0,0,0,0,0,,0,0,TRUE
1147YKCMB5017-5XL_MYNTRA,0,0,0,0,0,0,0,0,0,0,0,0,0,0,0,0,0,0,0,0,0,0,0,0,0,0,0,0,0,0,,0,0,TRUE
1147YKCMB5017-L,0,0,0,0,0,0,0,0,0,0,0,0,0,0,0,0,0,0,0,0,0,0,0,0,0,0,0,0,0,0,,0,0,TRUE
1147YKCMB5017-L_MYNTRA,0,0,0,0,0,0,0,0,0,0,0,0,0,0,0,0,0,0,0,0,0,0,0,0,0,0,0,0,0,0,,0,0,TRUE
1147YKCMB5017-M,0,0,0,0,0,0,0,0,0,0,0,0,0,0,0,0,0,0,0,0,0,0,0,0,0,0,0,0,0,0,,0,0,TRUE
1147YKCMB5017-M_MYNTRA,0,0,0,0,0,0,0,0,0,0,0,0,0,0,0,0,0,0,0,0,0,0,0,0,0,0,0,0,0,0,,0,0,TRUE
1147YKCMB5017-S,0,0,0,0,0,0,0,0,0,0,0,0,0,0,0,0,0,0,0,0,0,0,0,0,0,0,0,0,0,0,,0,0,TRUE
1147YKCMB5017-S_MYNTRA,0,0,0,0,0,0,0,0,0,0,0,0,0,0,0,0,0,0,0,0,0,0,0,0,0,0,0,0,0,0,,0,0,TRUE
1147YKCMB5017-XL,0,0,0,0,0,0,0,0,0,0,0,0,0,0,0,0,0,0,0,0,0,0,0,0,0,0,0,0,0,0,,0,0,TRUE
1147YKCMB5017-XL_MYNTRA,0,0,0,0,0,0,0,0,0,0,0,0,0,0,0,0,0,0,0,0,0,0,0,0,0,0,0,0,0,0,,0,0,TRUE
1147YKCMB5017-XXL,0,0,0,0,0,0,0,0,0,0,0,0,0,0,0,0,0,0,0,0,0,0,0,0,0,0,0,0,0,0,,0,0,TRUE
1147YKCMB5017-XXL_MYNTRA,0,0,0,0,0,0,0,0,0,0,0,0,0,0,0,0,0,0,0,0,0,0,0,0,0,0,0,0,0,0,,0,0,TRUE
1148YKGREEN-L,0,0,0,0,0,0,0,0,0,0,0,0,0,0,0,0,0,0,0,0,0,0,0,0,0,0,0,0,0,0,,0,0,TRUE
1148YKGREEN-M,0,0,0,0,0,0,0,0,0,0,0,0,0,0,0,0,0,0,0,0,0,0,0,0,0,0,0,0,0,0,,0,0,TRUE
1148YKGREEN-S,0,0,0,0,0,0,0,0,0,0,0,0,0,0,0,0,0,0,0,0,0,0,0,0,0,0,0,0,0,0,,0,0,TRUE
1148YKGREEN-XL,0,0,0,0,0,0,0,0,0,0,0,0,0,0,0,0,0,0,0,0,0,0,0,0,0,0,0,0,0,0,,0,0,TRUE
1149YKPINK-L,0,0,0,0,0,0,0,0,0,0,0,0,0,0,0,0,0,0,0,0,0,0,0,0,0,0,0,0,0,0,,0,0,TRUE
1149YKPINK-M,1,1,1,1,1,1,1,1,1,1,1,1,1,1,1,1,1,1,1,1,1,1,1,1,1,1,1,1,1,1,,30,30,TRUE
1149YKPINK-S,8,8,8,8,8,8,8,9,9,9,9,9,9,9,9,9,9,9,9,9,9,9,9,9,9,9,9,9,9,9,,30,30,TRUE
1149YKPINK-XL,0,0,0,0,0,0,0,0,0,0,0,0,0,0,0,0,0,0,0,0,0,0,0,0,0,0,0,0,0,0,,0,0,TRUE
114YK243BLUE-L,0,0,0,0,0,0,0,0,0,0,0,0,0,0,0,0,0,0,0,0,0,0,0,0,0,0,0,0,0,0,,0,0,TRUE
114YK243BLUE-M,2,2,2,2,2,2,2,2,2,2,2,2,2,2,2,1,1,1,1,1,1,1,1,1,1,1,1,1,1,1,,30,30,TRUE
114YK243BLUE-S,0,0,0,0,0,0,0,0,0,0,0,0,0,0,0,0,0,0,0,0,0,0,0,0,0,0,0,0,0,0,,0,0,TRUE
114YK243BLUE-XL,0,0,0,0,0,0,0,0,0,0,0,0,0,0,0,0,0,0,0,0,0,0,0,0,0,0,0,0,0,0,,0,0,TRUE
114YK243BLUE-XXL,2,2,2,2,2,2,2,2,2,2,2,2,2,2,2,2,2,2,2,2,2,2,2,2,2,2,2,2,2,2,,30,30,TRUE
1150YKGREY-L,1,1,1,1,1,1,1,1,1,1,1,1,1,1,1,1,1,1,1,1,1,1,1,1,1,1,1,1,1,1,,30,30,TRUE
1150YKGREY-M,0,0,0,0,0,0,0,0,0,0,0,0,0,0,0,0,0,0,0,0,0,0,0,0,0,0,0,0,0,0,,0,0,TRUE
1150YKGREY-S,0,0,0,0,0,0,0,0,0,0,0,0,0,0,0,0,0,0,0,0,0,0,0,0,0,0,0,0,0,0,,0,0,TRUE
1150YKGREY-XL,0,0,0,0,0,0,0,0,0,0,0,0,0,0,0,0,0,0,0,0,0,0,0,0,0,0,0,0,0,0,,0,0,TRUE
1150YKGREY-XXL,0,0,0,0,0,0,0,0,0,0,0,0,0,0,0,0,0,0,0,0,0,0,0,0,0,0,0,0,0,0,,0,0,TRUE
1151YKBLUE-3XL,0,0,0,0,0,0,0,0,0,0,0,0,0,0,0,0,0,0,0,0,0,0,0,0,0,0,0,0,0,0,,0,0,TRUE
1151YKBLUE-5XL,0,0,0,0,0,0,0,0,0,0,0,0,0,0,0,0,0,0,0,0,0,0,0,0,0,0,0,0,0,0,,0,0,TRUE
1151YKBLUE-L,0,0,0,0,0,0,0,0,0,0,0,0,0,0,0,0,0,0,0,0,0,0,0,0,0,0,0,0,0,0,,0,0,TRUE
1151YKBLUE-M,0,0,0,0,0,0,0,0,0,0,0,0,0,0,0,0,0,0,0,0,0,0,0,0,0,0,0,0,0,0,,0,0,TRUE
1151YKBLUE-S,0,0,0,0,0,0,0,0,0,0,0,0,0,0,0,0,0,0,0,0,0,0,0,0,0,0,0,0,0,0,,0,0,TRUE
1151YKBLUE-XL,0,0,0,0,0,0,0,0,0,0,0,0,0,0,0,0,0,0,0,0,0,0,0,0,0,0,0,0,0,0,,0,0,TRUE
1151YKBLUE-XXL,0,0,0,0,0,0,0,0,0,0,0,0,0,0,0,0,0,0,0,0,0,0,0,0,0,0,0,0,0,0,,0,0,TRUE
1152YKCMB5012-L,0,0,0,0,0,0,0,0,0,0,0,0,0,0,0,0,0,0,0,0,0,0,0,0,0,0,0,0,0,0,,0,0,TRUE
1152YKCMB5012-M,0,0,0,0,0,0,0,0,0,0,0,0,0,0,0,0,0,0,0,0,0,0,0,0,0,0,0,0,0,0,,0,0,TRUE
1152YKCMB5012-S,1,1,1,1,1,1,1,1,1,0,0,0,0,0,0,0,0,0,0,0,0,0,0,0,0,0,0,0,0,1,,10,8,FALSE
1152YKCMB5012-XL,0,0,0,0,0,0,0,0,0,0,0,0,0,0,0,0,0,1,1,1,0,0,0,0,0,0,0,0,0,0,,3,2,FALSE
1152YKWHITE-L,0,0,0,0,0,0,0,0,0,0,0,0,0,0,0,0,0,0,0,0,0,0,0,0,0,0,0,0,0,0,,0,0,TRUE
1152YKWHITE-M,0,0,0,0,0,0,0,0,0,0,0,0,0,0,0,0,0,0,0,0,0,0,0,0,0,0,0,0,0,0,,0,0,TRUE
1152YKWHITE-S,1,1,1,1,1,1,1,1,1,0,0,0,0,0,0,0,0,0,0,0,0,0,0,0,0,0,0,0,0,1,,10,9,FALSE
1152YKWHITE-XL,0,0,0,0,0,0,0,0,0,0,0,0,0,0,0,0,0,0,1,1,0,0,0,0,0,0,0,0,0,0,,2,2,TRUE
1153YKCMB5016-L,0,0,0,0,0,0,0,0,0,0,0,0,0,0,0,0,0,0,0,0,0,0,0,0,0,0,0,0,0,0,,0,0,TRUE
1153YKCMB5016-M,0,0,0,0,0,0,0,0,0,0,0,0,0,0,0,0,0,0,0,0,0,0,0,0,0,0,0,0,0,0,,0,0,TRUE
1153YKCMB5016-S,0,0,0,0,0,0,0,0,0,0,0,0,0,0,0,0,0,0,0,0,0,0,0,0,0,0,0,0,0,0,,0,0,TRUE
1153YKCMB5016-XL,0,0,0,0,0,0,0,0,0,0,0,0,0,0,0,0,0,0,0,0,0,0,0,0,0,0,0,0,0,0,,0,0,TRUE
1153YKPINK-L,0,0,0,0,0,0,0,0,0,0,0,0,0,0,0,0,0,0,0,0,0,0,0,0,0,0,0,0,0,1,,1,0,FALSE
1153YKPINK-M,0,0,0,0,0,0,0,0,0,0,0,0,0,0,0,0,0,0,0,0,0,0,0,0,0,0,0,0,0,0,,0,0,TRUE
1153YKPINK-S,0,0,0,0,0,0,0,0,0,0,0,0,0,0,0,0,0,0,0,0,0,0,0,0,0,0,0,0,0,0,,0,0,TRUE
1153YKPINK-XL,0,0,0,0,0,0,0,0,0,0,0,0,0,0,0,0,0,0,0,0,0,0,0,0,0,0,0,0,0,0,,0,0,TRUE
1154YKBLACK-L,0,0,0,0,0,0,0,0,0,0,0,0,0,0,0,0,0,0,0,0,0,0,0,0,0,0,0,0,0,0,,0,0,TRUE
1154YKBLACK-M,0,0,0,0,0,0,0,0,0,0,0,0,0,0,0,0,0,0,0,0,0,0,0,0,0,0,0,0,0,0,,0,0,TRUE
1154YKBLACK-S,0,0,0,0,0,0,0,0,0,0,0,0,0,0,0,0,0,0,0,0,0,0,0,0,0,0,0,0,0,0,,0,0,TRUE
1154YKBLACK-XL,0,0,0,0,0,0,0,0,0,0,0,0,0,0,0,0,0,0,0,0,0,0,0,0,0,0,0,0,0,0,,0,0,TRUE
1155YKGREEN-3XL,0,0,0,0,0,0,0,0,0,0,0,0,0,0,0,0,0,0,0,0,0,0,0,0,0,0,0,0,0,0,,0,0,TRUE
1155YKGREEN-L,0,0,0,0,0,0,0,0,0,0,0,0,0,0,0,0,0,0,0,0,0,0,0,0,0,0,0,0,0,0,,0,0,TRUE
1155YKGREEN-M,0,0,0,0,0,0,0,0,0,0,0,0,0,0,0,0,0,0,0,0,0,0,0,0,0,0,0,0,0,0,,0,0,TRUE
1155YKGREEN-S,0,0,0,0,0,0,0,0,0,0,0,0,0,0,0,0,0,0,0,0,0,0,0,0,0,0,0,0,0,0,,0,0,TRUE
1155YKGREEN-XL,0,0,0,0,0,0,0,0,0,0,0,0,0,0,0,0,0,0,0,0,0,0,0,0,0,0,0,0,0,0,,0,0,TRUE
1155YKGREEN-XXL,0,0,0,0,0,0,0,0,0,0,0,0,0,0,0,0,0,0,0,0,0,0,0,0,0,0,0,0,0,0,,0,0,TRUE
1156YKGREEN-L,0,0,0,0,0,0,0,0,0,0,0,0,0,0,0,0,0,0,0,0,0,0,0,0,0,0,0,0,0,0,,0,0,TRUE
1156YKGREEN-M,0,0,0,0,0,0,0,0,0,0,0,0,0,0,0,0,0,0,0,0,0,0,0,0,0,0,0,0,0,0,,0,0,TRUE
1156YKGREEN-S,0,0,0,0,0,0,0,0,0,0,0,0,0,0,0,0,0,0,0,0,0,0,0,0,0,0,0,0,0,0,,0,0,TRUE
1156YKGREEN-XL,0,0,0,0,0,0,0,0,0,0,0,0,0,0,0,0,0,0,0,0,0,0,0,0,0,0,0,0,0,0,,0,0,TRUE
1156YKGREEN-XXL,0,0,0,0,0,0,0,0,0,0,0,0,0,0,0,0,0,0,0,0,0,0,0,0,0,0,0,0,-1,0,,0,0,TRUE
1157YKCMB5006-L,0,0,0,0,0,0,0,0,0,0,0,0,0,0,0,0,0,0,0,0,0,0,0,0,0,0,0,0,0,0,,0,0,TRUE
1157YKCMB5006-L_MYNTRA,0,0,0,0,0,0,0,0,0,0,0,0,0,0,0,0,0,0,0,0,0,0,0,0,0,0,0,0,0,0,,0,0,TRUE
1157YKCMB5006-M,0,0,0,0,0,0,0,0,0,0,0,0,0,0,0,0,0,0,0,0,0,0,0,0,0,0,0,0,0,0,,0,0,TRUE
1157YKCMB5006-M_MYNTRA,0,0,0,0,0,0,0,0,0,0,0,0,0,0,0,0,0,0,0,0,0,0,0,0,0,0,0,0,0,0,,0,0,TRUE
1157YKCMB5006-S,0,0,0,0,0,0,0,0,0,0,0,0,0,0,0,0,0,0,0,0,0,0,0,0,0,0,0,0,0,0,,0,0,TRUE
1157YKCMB5006-S_MYNTRA,0,0,0,0,0,0,0,0,0,0,0,0,0,0,0,0,0,0,0,0,0,0,0,0,0,0,0,0,0,0,,0,0,TRUE
1157YKCMB5006-XL,0,0,0,0,0,0,0,0,0,0,0,0,0,0,0,0,0,0,0,0,0,0,0,0,0,0,0,0,0,0,,0,0,TRUE
1157YKCMB5006-XL_MYNTRA,0,0,0,0,0,0,0,0,0,0,0,0,0,0,0,0,0,0,0,0,0,0,0,0,0,0,0,0,0,0,,0,0,TRUE
1157YKCMB5006-XXL,1,1,1,1,1,1,1,1,1,1,0,1,0,0,0,0,0,0,0,0,0,0,0,0,0,0,0,0,0,0,,11,9,FALSE
1157YKCMB5006-XXL_MYNTRA,0,0,0,0,0,0,0,0,0,0,0,0,0,0,0,0,0,0,0,0,0,0,0,0,0,0,0,0,0,0,,0,0,TRUE
1157YKMAROON-3XL,0,0,0,0,0,0,0,0,0,0,0,0,0,0,0,0,0,0,0,0,0,0,0,0,0,0,0,0,0,0,,0,0,TRUE
1157YKMAROON-5XL,0,0,0,0,0,0,0,0,0,0,0,0,0,0,0,0,0,0,0,0,0,0,0,0,0,0,0,0,0,0,,0,0,TRUE
1157YKMAROON-L,0,0,0,0,0,0,0,0,0,0,0,0,0,0,0,0,0,0,0,0,0,0,0,0,0,0,0,0,0,0,,0,0,TRUE
1157YKMAROON-M,0,0,0,0,0,0,0,0,0,0,0,0,0,0,0,0,0,0,0,0,0,0,0,0,0,0,0,0,0,0,,0,0,TRUE
1157YKMAROON-S,0,0,0,0,0,0,0,0,0,0,0,0,0,0,0,0,0,0,0,0,0,0,0,0,0,0,0,0,0,0,,0,0,TRUE
1157YKMAROON-XL,0,0,0,0,0,0,0,0,0,0,0,0,0,0,0,0,0,0,0,0,0,0,0,0,0,0,0,0,0,0,,0,0,TRUE
1157YKMAROON-XXL,1,1,1,1,1,1,1,1,1,1,1,1,0,0,0,0,0,0,0,0,0,0,0,0,0,0,0,0,0,0,,12,12,TRUE
1157YKMB5006-XXL,0,0,0,0,0,0,0,0,0,0,0,0,0,0,0,0,0,0,0,0,0,0,0,0,0,0,0,0,0,0,,0,#N/A,#N/A
1158YKGREEN-3XL,23,27,26,28,26,26,25,25,25,24,24,23,21,21,21,48,48,48,47,46,46,45,45,43,43,39,39,41,41,39,,30,30,TRUE
1158YKGREEN-4XL,20,20,19,19,19,18,18,16,16,16,16,13,11,11,11,44,44,44,39,39,39,40,40,40,39,26,24,29,28,28,,30,30,TRUE
1158YKGREEN-5XL,28,29,27,24,23,19,19,18,12,11,10,10,10,10,10,82,82,81,78,77,75,67,72,72,71,65,63,67,65,64,,30,30,TRUE
1158YKGREEN-6XL,8,8,7,7,6,6,6,6,5,5,4,4,5,62,62,58,58,57,56,55,49,54,54,54,54,54,54,54,55,55,,30,30,TRUE
1158YKGREEN-7XL,19,19,19,20,18,18,17,17,16,9,9,9,9,61,61,61,60,60,55,52,50,44,49,49,49,46,44,44,43,39,,30,30,TRUE
1158YKGREEN-8XL,8,5,1,6,3,3,3,3,3,3,3,3,3,99,99,103,103,103,99,98,98,98,98,96,95,88,86,86,88,88,,30,30,TRUE
1158YKGREEN-L,12,11,11,11,10,10,7,6,3,1,3,3,4,33,33,32,32,32,24,24,24,24,24,25,25,21,20,22,23,23,,30,30,TRUE
1158YKGREEN-M,35,35,35,34,32,30,30,30,29,29,29,30,30,48,48,48,48,48,47,47,47,47,47,47,47,42,42,42,42,42,,30,30,TRUE
1158YKGREEN-S,23,23,22,22,22,22,22,22,22,22,22,22,22,51,51,50,50,50,50,50,50,50,50,50,50,46,46,46,46,45,,30,30,TRUE
1158YKGREEN-XL,34,35,35,36,37,37,35,33,31,25,29,27,22,37,37,64,63,62,62,62,62,61,61,61,61,54,54,54,55,54,,30,30,TRUE
1158YKGREEN-XS,20,20,20,20,20,20,20,20,19,18,18,18,18,18,18,18,18,18,18,18,18,18,18,18,18,18,18,18,18,18,,30,30,TRUE
1158YKGREEN-XXL,20,21,20,17,16,13,11,11,11,11,11,12,12,12,12,86,86,86,85,84,84,81,81,80,80,76,76,76,76,76,,30,30,TRUE
1159YKBLUE-3XL,0,0,0,0,0,0,0,0,0,0,0,0,0,0,0,0,0,0,0,0,0,0,0,0,0,0,0,0,0,0,,0,0,TRUE
1159YKBLUE-5XL,0,0,0,0,0,0,0,0,0,0,0,0,0,0,0,0,0,0,0,0,0,0,0,0,0,0,0,0,0,0,,0,0,TRUE
1159YKBLUE-L,0,0,0,0,0,0,0,0,0,0,0,0,0,0,0,0,0,0,0,0,0,0,0,0,0,0,0,0,0,0,,0,0,TRUE
1159YKBLUE-M,0,0,0,0,0,0,0,0,0,0,0,0,0,0,0,0,0,0,0,0,0,0,0,0,0,0,0,0,0,0,,0,0,TRUE
1159YKBLUE-S,1,1,1,1,1,1,1,1,1,1,1,1,1,1,1,0,0,0,0,0,0,0,0,0,0,0,0,0,0,1,,16,14,FALSE
1159YKBLUE-XL,0,0,0,0,0,0,0,0,0,0,0,0,0,0,0,0,0,0,0,0,0,0,0,0,0,0,0,0,0,0,,0,0,TRUE
1159YKBLUE-XXL,0,0,0,0,0,0,0,0,0,0,0,0,0,0,0,0,0,0,0,0,0,0,0,0,0,0,0,0,0,0,,0,0,TRUE
115YK243BROWN-L,0,0,0,0,0,0,0,0,0,0,0,0,0,0,0,0,0,0,0,0,0,0,0,0,0,0,0,0,0,0,,0,0,TRUE
115YK243BROWN-M,1,1,1,1,1,1,1,1,1,1,1,1,1,1,1,1,1,1,1,1,1,1,1,1,1,1,1,1,1,1,,30,30,TRUE
115YK243BROWN-S,0,0,0,0,0,0,0,0,0,0,0,0,0,0,0,0,0,0,0,0,0,0,0,0,0,0,0,1,1,1,,3,3,TRUE
115YK243BROWN-XL,0,0,0,0,0,0,0,0,0,0,0,0,0,0,0,0,0,0,0,0,0,0,0,0,0,0,0,1,1,1,,3,3,TRUE
115YK243BROWN-XXL,0,0,0,0,0,0,0,0,0,0,0,0,0,0,0,0,0,0,0,0,0,0,0,0,0,0,0,0,0,0,,0,0,TRUE
1160YKGREEN-L,0,0,0,0,0,0,0,0,0,0,0,0,0,0,0,0,0,0,0,0,0,0,0,0,0,0,0,0,0,0,,0,0,TRUE
1160YKGREEN-M,0,0,0,0,0,0,0,0,0,0,0,0,0,0,0,0,0,0,0,0,0,0,0,0,0,0,0,0,0,0,,0,0,TRUE
1160YKGREEN-S,1,1,1,1,1,1,1,1,1,1,1,1,1,1,1,0,0,0,0,0,0,0,0,0,0,0,1,1,1,1,,19,18,FALSE
1160YKGREEN-XL,0,0,0,0,0,0,0,0,0,0,0,0,0,0,0,0,0,0,0,0,0,0,0,0,0,0,0,0,0,0,,0,0,TRUE
1160YKGREEN-XXL,0,0,0,0,0,0,0,0,0,0,0,0,0,0,0,0,0,0,0,0,0,0,0,0,0,0,0,0,0,0,,0,0,TRUE
1161YKTURQ-L,0,0,0,0,0,0,0,0,0,0,0,0,0,0,0,0,0,0,0,0,0,0,0,0,0,0,0,0,0,0,,0,0,TRUE
1161YKTURQ-M,1,1,1,1,1,1,1,1,1,1,1,1,1,1,1,1,1,1,1,1,1,1,2,2,2,2,2,2,2,2,,30,30,TRUE
1161YKTURQ-S,5,5,5,5,5,5,5,5,5,5,5,5,5,5,5,5,5,5,5,5,5,5,5,5,5,5,5,5,5,5,,30,30,TRUE
1161YKTURQ-XL,0,0,0,0,0,0,0,0,0,0,0,0,0,0,0,0,0,0,0,0,0,0,0,0,0,0,0,0,0,0,,0,0,TRUE
1161YKTURQ-XS,4,4,3,3,3,3,3,3,3,3,3,3,3,3,3,4,4,4,4,4,4,4,4,4,4,4,4,4,4,4,,30,30,TRUE
1162YKMAROON-3XL,89,97,96,100,98,98,100,100,102,103,103,102,101,91,91,91,91,91,91,91,91,91,91,91,87,60,60,60,60,60,,30,30,TRUE
1162YKMAROON-4XL,133,137,137,136,136,136,138,138,141,141,134,140,140,140,140,140,140,140,124,124,124,124,124,124,124,94,93,93,93,93,,30,30,TRUE
1162YKMAROON-5XL,72,73,73,73,73,70,70,70,73,73,73,73,73,73,73,73,74,74,74,74,74,74,74,73,73,53,53,53,53,53,,30,30,TRUE
1162YKMAROON-6XL,33,33,33,33,33,28,28,28,28,28,27,27,27,27,27,27,27,27,27,27,27,27,27,27,27,23,23,23,23,23,,30,30,TRUE
1162YKMAROON-7XL,26,26,26,26,26,24,24,24,22,22,22,22,22,22,22,22,22,22,22,22,22,22,22,22,22,22,22,22,22,22,,30,30,TRUE
1162YKMAROON-8XL,28,28,28,28,28,26,26,26,25,25,25,25,25,25,25,25,25,25,25,25,25,25,25,25,25,21,21,21,21,21,,30,30,TRUE
1162YKMAROON-L,181,181,180,180,181,161,162,162,167,167,167,167,167,167,167,167,167,167,167,167,167,167,167,167,166,127,127,127,127,127,,30,30,TRUE
1162YKMAROON-M,136,151,151,152,152,151,152,152,154,154,154,154,154,144,144,144,144,144,144,144,144,144,144,144,142,124,124,124,124,124,,30,30,TRUE
1162YKMAROON-S,95,95,96,96,96,96,96,96,97,97,97,97,97,97,97,97,98,98,98,98,98,98,98,98,98,78,79,78,78,78,,30,30,TRUE
1162YKMAROON-XL,73,82,80,79,79,78,79,78,87,89,79,79,79,79,79,79,79,79,59,59,59,59,59,60,99,39,39,39,38,38,,30,30,TRUE
1162YKMAROON-XS,31,31,31,31,31,31,31,31,27,27,27,27,27,27,27,27,27,27,27,27,27,27,27,27,26,26,26,26,26,26,,30,30,TRUE
1162YKMAROON-XXL,136,137,134,134,134,134,134,134,135,138,138,138,138,138,138,137,138,138,138,138,138,138,138,137,137,97,100,100,101,101,,30,30,TRUE
1163YKBLUE-L,0,0,0,0,0,0,0,0,0,0,0,0,0,0,0,0,0,0,0,0,0,0,0,0,0,0,0,0,0,0,,0,0,TRUE
1163YKBLUE-M,0,0,0,0,0,0,0,0,0,0,0,0,0,0,0,0,0,0,0,0,0,0,0,0,0,0,0,0,0,0,,0,0,TRUE
1163YKBLUE-S,0,0,0,0,0,0,0,0,0,0,0,0,0,0,0,0,0,0,0,0,0,0,0,0,0,0,0,0,0,0,,0,0,TRUE
1163YKBLUE-XL,0,0,0,0,0,0,0,0,0,0,0,0,0,0,0,0,0,0,0,0,0,0,0,0,0,0,0,0,0,0,,0,0,TRUE
1163YKBLUE-XXL,0,0,0,0,0,0,0,0,0,0,0,0,0,0,0,0,0,0,0,0,0,0,0,0,0,0,0,0,0,0,,0,0,TRUE
1164YKBLACK-3XL,3,3,3,3,4,4,4,4,2,2,2,2,2,2,2,2,2,2,2,2,2,2,2,2,3,2,2,2,2,2,,30,30,TRUE
1164YKBLACK-4XL,4,5,4,4,4,4,2,2,0,0,0,0,0,0,0,0,0,0,0,0,0,0,1,1,4,1,1,1,1,1,,16,16,TRUE
1164YKBLACK-5XL,8,8,8,7,6,6,5,5,5,5,5,5,6,6,6,4,5,4,4,5,5,4,4,4,9,4,4,4,4,4,,30,30,TRUE
1164YKBLACK-6XL,5,5,5,7,7,7,7,7,7,7,7,6,6,6,6,6,6,6,5,4,4,4,4,5,5,5,5,5,5,5,,30,30,TRUE
1164YKBLACK-7XL,10,10,13,12,13,13,13,13,13,13,13,13,13,13,13,13,13,13,13,13,13,13,13,13,13,13,13,13,13,13,,30,30,TRUE
1164YKBLACK-8XL,45,45,44,44,43,43,43,42,42,42,41,41,36,41,41,41,41,41,41,41,41,41,41,41,41,42,42,42,42,42,,30,30,TRUE
1164YKBLACK-L,0,2,2,3,4,4,4,4,1,1,1,1,1,1,1,1,1,1,1,1,1,1,1,1,0,1,1,1,1,1,,28,29,FALSE
1164YKBLACK-M,3,3,3,3,3,3,3,3,3,3,3,3,3,3,3,1,1,1,1,1,1,1,1,1,12,1,1,1,1,1,,30,30,TRUE
1164YKBLACK-S,3,3,3,4,4,4,2,1,1,1,0,1,1,1,1,1,1,1,1,1,1,1,1,1,2,1,1,1,0,0,,27,27,TRUE
1164YKBLACK-XL,24,26,26,26,25,23,23,23,23,23,21,20,20,20,20,18,18,18,18,17,17,16,16,16,16,18,18,18,14,4,,30,30,TRUE
1164YKBLACK-XS,15,15,14,14,14,14,14,14,14,14,14,14,14,14,14,12,12,12,12,12,12,12,12,12,12,12,12,12,12,6,,30,30,TRUE
1164YKBLACK-XXL,4,4,3,3,3,2,2,2,0,0,0,0,0,0,0,0,0,0,0,0,0,0,0,0,8,0,0,0,0,0,,9,8,FALSE
1165YKBLACK-L,0,0,0,0,0,0,0,0,0,0,0,0,0,0,0,0,0,0,0,0,0,0,0,0,0,0,0,0,0,0,,0,0,TRUE
1165YKBLACK-M,1,1,1,1,1,1,1,1,1,1,1,1,1,1,1,1,1,1,1,1,1,1,1,1,1,1,1,1,1,1,,30,30,TRUE
1165YKBLACK-S,4,4,4,4,4,4,4,5,5,5,4,5,5,5,5,5,5,5,5,5,5,5,5,5,5,5,5,6,6,6,,30,30,TRUE
1165YKBLACK-XL,0,0,0,0,0,0,0,0,0,0,0,0,0,0,0,0,0,0,0,0,0,0,0,0,0,0,0,0,0,0,,0,0,TRUE
1165YKBLACK-XXL,0,0,0,0,0,0,0,0,0,0,0,0,0,0,0,0,0,0,0,0,0,0,0,0,0,0,0,0,0,0,,0,0,TRUE
1166YKBLUE-5XL,0,0,0,0,0,0,0,0,0,0,0,0,0,0,0,0,0,0,0,0,0,0,0,0,0,0,0,0,0,0,,0,0,TRUE
1166YKBLUE-L,0,0,0,0,0,0,0,0,0,0,0,0,0,0,0,0,0,0,0,0,0,0,0,0,0,0,0,0,0,0,,0,0,TRUE
1166YKBLUE-M,0,0,0,0,0,0,0,0,0,0,0,0,0,0,0,0,0,0,0,0,0,0,0,0,0,0,0,0,0,0,,0,0,TRUE
1166YKBLUE-S,0,0,0,0,0,0,0,0,0,0,0,0,0,0,0,0,0,0,0,0,0,0,0,0,0,0,0,0,0,0,,0,0,TRUE
1166YKBLUE-XL,0,0,0,0,0,0,0,0,0,0,0,0,0,0,0,0,0,0,0,0,0,0,0,1,1,1,1,1,0,1,,6,1,FALSE
1166YKBLUE-XXL,0,0,0,0,0,0,0,0,0,0,0,0,0,0,0,0,0,0,0,0,0,0,0,0,0,0,0,0,0,0,,0,0,TRUE
1167YKBLUE-L,1,1,1,1,1,1,1,1,1,1,1,1,1,1,1,1,1,1,1,1,1,1,1,1,1,1,1,1,0,1,,29,28,FALSE
1167YKBLUE-M,0,0,0,0,0,0,0,0,0,0,0,0,0,0,0,0,0,0,0,0,0,0,0,0,0,0,0,0,0,0,,0,0,TRUE
1167YKBLUE-S,0,0,0,0,0,0,0,0,0,0,0,0,0,0,0,0,0,0,0,0,0,0,0,0,0,0,0,0,0,0,,0,0,TRUE
1167YKBLUE-XL,1,1,1,1,1,1,1,1,1,1,1,1,2,2,2,2,2,2,2,2,2,2,2,2,2,2,2,2,1,1,,30,29,FALSE
1167YKBLUE-XS,0,0,0,0,0,0,0,0,0,0,0,0,0,0,0,0,0,0,0,0,0,0,0,0,0,0,0,0,0,1,,1,0,FALSE
1168YKTEAL-L,15,15,15,23,23,23,23,23,23,23,23,23,23,23,23,23,23,23,23,23,23,23,23,23,23,23,23,23,15,15,,30,30,TRUE
1168YKTEAL-M,2,2,2,2,2,2,2,2,2,2,2,2,2,2,2,2,2,2,2,2,2,1,1,1,1,1,3,3,3,3,,30,30,TRUE
1168YKTEAL-S,0,0,0,0,0,0,0,0,0,0,0,0,0,0,0,0,0,0,0,0,0,0,0,0,0,0,0,0,0,0,,0,0,TRUE
1168YKTEAL-XL,4,4,4,4,4,4,4,4,4,3,3,3,3,3,3,3,3,3,3,3,3,3,3,3,3,3,4,4,4,4,,30,30,TRUE
1168YKTEAL-XXL,9,9,9,9,9,9,9,9,9,9,9,9,9,9,9,9,9,9,9,9,9,9,9,9,9,9,9,9,9,9,,30,30,TRUE
1169YKBLUE-3XL,0,0,0,0,0,0,0,0,0,0,0,0,0,0,0,0,0,0,0,0,0,0,0,0,0,0,0,0,0,0,,0,0,TRUE
1169YKBLUE-L,0,0,0,0,0,0,0,0,0,0,0,0,0,0,0,0,0,0,0,0,0,0,0,0,0,0,0,0,0,0,,0,0,TRUE
1169YKBLUE-M,0,0,0,0,0,0,0,0,0,0,0,0,0,0,0,0,0,0,0,0,0,0,0,0,0,0,0,0,0,0,,0,0,TRUE
1169YKBLUE-S,4,5,5,5,5,1,1,1,1,1,1,1,1,1,1,0,0,1,1,1,1,1,1,1,1,1,1,1,2,2,,28,27,FALSE
1169YKBLUE-XL,0,0,0,0,0,0,0,0,0,0,0,0,0,0,0,0,0,0,0,0,0,0,0,0,0,0,0,0,0,0,,0,0,TRUE
1169YKBLUE-XS,0,0,0,0,0,0,0,0,0,0,0,0,0,0,0,0,0,0,0,0,0,0,0,0,0,0,0,0,0,0,,0,0,TRUE
1169YKBLUE-XXL,0,0,0,0,0,0,0,0,0,0,0,0,0,0,0,0,0,0,0,0,0,0,0,0,0,0,0,0,0,0,,0,0,TRUE
116YK244BLUE-L,0,0,0,0,0,0,0,0,0,0,0,0,0,0,0,0,0,0,0,0,0,0,0,0,0,0,0,0,0,0,,0,0,TRUE
116YK244BLUE-XL,0,0,0,0,0,0,0,0,0,0,0,0,0,0,0,0,0,0,0,0,0,0,0,0,0,0,0,0,0,0,,0,0,TRUE
116YK244BLUE-XXL,1,1,1,1,1,1,1,1,1,1,1,1,1,1,1,1,1,1,1,1,1,1,1,1,1,1,1,1,1,1,,30,30,TRUE
1170YKCMB5018-3XL,0,0,0,0,0,0,0,0,0,0,0,0,0,0,0,0,0,0,0,0,0,0,0,0,0,0,0,0,0,0,,0,0,TRUE
1170YKCMB5018-3XL_MYNTRA,0,0,0,0,0,0,0,0,0,0,0,0,0,0,0,0,0,0,0,0,0,0,0,0,0,0,0,0,0,0,,0,0,TRUE
1170YKCMB5018-4XL,0,0,0,0,0,0,0,0,0,0,0,0,0,0,0,0,0,0,0,0,0,0,0,0,0,0,0,0,0,0,,0,0,TRUE
1170YKCMB5018-4XL_MYNTRA,0,0,0,0,0,0,0,0,0,0,0,0,0,0,0,0,0,0,0,0,0,0,0,0,0,0,0,0,0,0,,0,0,TRUE
1170YKCMB5018-5XL,0,0,0,0,0,0,0,0,0,0,0,0,0,0,0,0,0,0,0,0,0,0,0,0,0,0,0,0,0,0,,0,0,TRUE
1170YKCMB5018-5XL_MYNTRA,0,0,0,0,0,0,0,0,0,0,0,0,0,0,0,0,0,0,0,0,0,0,0,0,0,0,0,0,0,0,,0,0,TRUE
1170YKCMB5018-L,1,1,1,1,1,1,1,1,1,0,0,0,0,0,0,0,0,0,0,0,0,0,0,0,0,0,0,0,1,1,,11,11,TRUE
1170YKCMB5018-L_MYNTRA,0,0,0,0,0,0,0,0,0,0,0,0,0,0,0,0,0,0,0,0,0,0,0,0,0,0,0,0,0,0,,0,0,TRUE
1170YKCMB5018-M,0,0,0,0,0,0,0,0,0,0,0,0,0,0,0,0,0,0,0,0,0,0,0,0,0,0,0,0,0,0,,0,0,TRUE
1170YKCMB5018-M_MYNTRA,0,0,0,0,0,0,0,0,0,0,0,0,0,0,0,0,0,0,0,0,0,0,0,0,0,0,0,0,0,0,,0,0,TRUE
1170YKCMB5018-S,0,0,0,0,0,0,0,0,0,0,0,0,0,0,0,0,0,0,0,0,0,0,0,0,0,0,0,0,0,0,,0,0,TRUE
1170YKCMB5018-S_MYNTRA,0,0,0,0,0,0,0,0,0,0,0,0,0,0,0,0,0,0,0,0,0,0,0,0,0,0,0,0,0,0,,0,0,TRUE
1170YKCMB5018-XL,0,0,0,0,0,0,0,0,0,0,0,0,0,0,0,0,0,0,0,0,0,0,0,0,0,0,0,0,0,0,,0,0,TRUE
1170YKCMB5018-XL_MYNTRA,0,0,0,0,0,0,0,0,0,0,0,0,0,0,0,0,0,0,0,0,0,0,0,0,0,0,0,0,0,0,,0,0,TRUE
1170YKCMB5018-XXL,0,0,0,0,0,0,0,0,0,0,0,0,0,0,0,0,0,0,0,0,0,0,0,0,0,0,0,0,0,0,,0,0,TRUE
1170YKCMB5018-XXL_MYNTRA,0,0,0,0,0,0,0,0,0,0,0,0,0,0,0,0,0,0,0,0,0,0,0,0,0,0,0,0,0,0,,0,0,TRUE
1170YKMB5018-L,0,0,0,0,0,0,0,0,0,0,0,0,0,0,0,0,0,0,0,0,0,0,0,0,0,0,0,0,0,0,,0,#N/A,#N/A
1170YKYELLOW-3XL,0,0,0,0,0,0,0,0,0,0,0,0,0,0,0,0,0,0,0,0,0,0,0,0,0,0,0,0,0,0,,0,0,TRUE
1170YKYELLOW-4XL,0,0,0,0,0,0,0,0,0,0,0,0,0,0,0,0,0,0,0,0,0,0,0,0,0,0,0,0,0,0,,0,0,TRUE
1170YKYELLOW-5XL,0,0,0,0,0,0,0,0,0,0,0,0,0,0,0,0,0,0,0,0,0,0,0,0,0,0,0,0,0,0,,0,0,TRUE
1170YKYELLOW-L,1,1,1,1,1,1,1,1,1,1,1,1,1,1,1,1,1,1,1,1,1,1,1,1,1,1,1,1,1,1,,30,30,TRUE
1170YKYELLOW-M,3,3,3,3,3,3,3,3,3,3,3,3,3,3,3,3,3,3,3,3,3,3,3,3,3,3,3,3,3,3,,30,30,TRUE
1170YKYELLOW-S,4,4,4,4,4,4,4,4,4,4,4,4,4,4,4,4,4,4,4,4,4,4,4,4,4,4,4,4,4,4,,30,30,TRUE
1170YKYELLOW-XL,1,1,1,1,1,1,1,1,1,1,1,1,1,1,1,1,1,1,1,1,1,1,1,1,1,1,1,1,1,1,,30,30,TRUE
1170YKYELLOW-XXL,0,0,0,0,0,0,0,0,0,0,0,0,0,0,0,0,0,0,0,0,0,0,0,0,0,0,0,0,0,0,,0,0,TRUE
1171YKBLUE-3XL,0,0,0,0,0,0,0,0,0,0,0,0,0,0,0,0,0,0,0,0,0,0,0,0,0,0,0,0,0,0,,0,0,TRUE
1171YKBLUE-L,0,0,0,0,0,0,0,0,0,0,0,0,0,0,0,0,0,0,0,0,0,0,0,0,0,0,0,0,0,0,,0,0,TRUE
1171YKBLUE-M,0,0,0,0,0,0,0,0,0,0,0,0,0,0,0,0,0,0,0,0,0,0,0,0,0,0,0,0,0,0,,0,0,TRUE
1171YKBLUE-S,0,0,0,0,0,0,0,0,0,0,0,0,0,0,0,0,0,0,0,0,0,0,0,0,0,0,0,0,0,0,,0,0,TRUE
1171YKBLUE-XL,0,0,0,0,0,0,0,0,0,0,0,0,0,0,0,0,0,0,0,0,0,0,0,0,0,0,0,0,0,0,,0,0,TRUE
1171YKBLUE-XXL,0,0,0,0,0,0,0,0,0,0,0,0,0,0,0,0,0,0,0,0,0,0,0,0,0,0,0,0,0,0,,0,0,TRUE
1172YKCMB5018-3XL,0,0,0,0,0,0,0,0,0,0,0,0,0,0,0,0,0,0,0,0,0,0,0,0,0,0,0,0,0,0,,0,0,TRUE
1172YKCMB5018-3XL_MYNTRA,0,0,0,0,0,0,0,0,0,0,0,0,0,0,0,0,0,0,0,0,0,0,0,0,0,0,0,0,0,0,,0,0,TRUE
1172YKCMB5018-4XL,0,0,0,0,0,0,0,0,0,0,0,0,0,0,0,0,0,0,0,0,0,0,0,0,0,0,0,0,0,0,,0,0,TRUE
1172YKCMB5018-4XL_MYNTRA,0,0,0,0,0,0,0,0,0,0,0,0,0,0,0,0,0,0,0,0,0,0,0,0,0,0,0,0,0,0,,0,0,TRUE
1172YKCMB5018-5XL,0,0,0,0,0,0,0,0,0,0,0,0,0,0,0,0,0,0,0,0,0,0,0,0,0,0,0,0,0,0,,0,0,TRUE
1172YKCMB5018-5XL_MYNTRA,0,0,0,0,0,0,0,0,0,0,0,0,0,0,0,0,0,0,0,0,0,0,0,0,0,0,0,0,0,0,,0,0,TRUE
1172YKCMB5018-L,0,0,0,0,0,0,0,0,0,0,0,0,0,0,0,0,0,0,0,0,0,0,0,0,0,0,0,0,0,0,,0,0,TRUE
1172YKCMB5018-L_MYNTRA,0,0,0,0,0,0,0,0,0,0,0,0,0,0,0,0,0,0,0,0,0,0,0,0,0,0,0,0,0,0,,0,0,TRUE
1172YKCMB5018-M,0,0,0,0,0,0,0,0,0,0,0,0,0,0,0,0,0,0,0,0,0,0,0,0,0,0,0,0,0,0,,0,0,TRUE
1172YKCMB5018-M_MYNTRA,0,0,0,0,0,0,0,0,0,0,0,0,0,0,0,0,0,0,0,0,0,0,0,0,0,0,0,0,0,0,,0,0,TRUE
1172YKCMB5018-S,0,0,0,0,0,0,0,0,0,0,0,0,0,0,0,0,0,0,0,0,0,0,0,0,0,0,0,0,0,0,,0,0,TRUE
1172YKCMB5018-S_MYNTRA,0,0,0,0,0,0,0,0,0,0,0,0,0,0,0,0,0,0,0,0,0,0,0,0,0,0,0,0,0,0,,0,0,TRUE
1172YKCMB5018-XL,0,0,0,0,0,0,0,0,0,0,0,0,0,0,0,0,0,0,0,0,0,0,0,0,0,0,0,0,0,0,,0,0,TRUE
1172YKCMB5018-XL_MYNTRA,0,0,0,0,0,0,0,0,0,0,0,0,0,0,0,0,0,0,0,0,0,0,0,0,0,0,0,0,0,0,,0,0,TRUE
1172YKCMB5018-XXL,0,0,0,0,0,0,0,0,0,0,0,0,0,0,0,0,0,0,0,0,0,0,0,0,0,0,0,0,0,0,,0,0,TRUE
1172YKCMB5018-XXL_MYNTRA,0,0,0,0,0,0,0,0,0,0,0,0,0,0,0,0,0,0,0,0,0,0,0,0,0,0,0,0,0,0,,0,0,TRUE
1172YKMB5018-XL,0,0,0,0,0,0,0,0,0,0,0,0,0,0,0,0,0,0,0,0,0,0,0,0,0,0,0,0,0,0,,0,#N/A,#N/A
1172YKMB5018-XXL,0,0,0,0,0,0,0,0,0,0,0,0,0,0,0,0,0,0,0,0,0,0,0,0,0,0,0,0,0,0,,0,#N/A,#N/A
1172YKOLIVE-3XL,46,46,46,46,46,46,46,46,45,45,45,45,45,45,45,45,45,45,45,45,45,45,45,45,45,44,44,43,43,42,,30,30,TRUE
1172YKOLIVE-4XL,11,11,11,6,6,6,6,6,0,0,0,0,1,1,1,1,1,1,1,1,0,0,0,0,10,0,0,0,2,2,,19,18,FALSE
1172YKOLIVE-5XL,1,1,1,4,4,3,3,3,3,3,2,2,2,2,2,2,2,2,2,2,2,2,2,2,2,2,2,3,3,3,,30,30,TRUE
1172YKOLIVE-L,16,16,16,16,16,15,15,15,15,14,14,14,14,14,14,13,13,13,13,11,11,11,12,12,12,12,12,12,12,12,,30,30,TRUE
1172YKOLIVE-M,18,18,18,19,19,19,19,19,19,19,19,20,20,20,20,20,20,20,18,18,18,18,18,18,18,18,18,18,17,17,,30,30,TRUE
1172YKOLIVE-S,53,53,53,53,53,53,53,53,53,46,42,46,46,46,46,46,38,38,38,38,38,38,38,38,38,39,39,39,39,39,,30,30,TRUE
1172YKOLIVE-XL,22,22,22,22,22,21,21,21,20,20,18,19,19,19,19,19,19,19,19,19,19,19,19,19,19,19,19,19,18,18,,30,30,TRUE
1172YKOLIVE-XXL,6,6,6,7,7,6,5,5,5,5,5,5,5,5,5,5,5,5,4,4,4,4,4,4,5,4,4,4,4,4,,30,30,TRUE
1173YKBLACK-L,0,0,0,0,0,0,0,0,0,0,0,0,0,0,0,0,0,0,0,0,0,0,0,0,0,0,0,0,0,0,,0,0,TRUE
1173YKBLACK-S,0,0,0,0,0,0,0,0,0,0,0,0,0,0,0,0,0,0,0,0,0,0,0,0,0,0,0,0,0,0,,0,0,TRUE
1173YKBLACK-XL,0,0,0,0,0,0,0,0,0,0,0,0,0,0,0,0,0,0,0,0,0,0,0,0,0,0,0,0,0,0,,0,0,TRUE
1174YKBLACK-S,0,0,0,0,0,0,0,0,0,0,0,0,0,0,0,0,0,0,0,0,0,0,0,0,0,0,0,0,0,0,,0,0,TRUE
1175YKMULTI-L,0,0,0,0,0,0,0,0,0,0,0,0,0,0,0,0,0,0,0,0,0,0,0,0,0,0,0,0,0,0,,0,0,TRUE
1175YKMULTI-M,0,0,0,0,0,0,0,0,0,0,0,0,0,0,0,0,0,0,0,0,0,0,0,0,0,0,0,0,0,0,,0,0,TRUE
1175YKMULTI-S,0,0,0,0,0,0,0,0,0,0,0,0,0,0,0,0,0,0,0,0,0,0,0,0,0,0,0,0,0,0,,0,0,TRUE
1175YKMULTI-XL,0,0,0,0,0,0,0,0,0,0,0,0,0,0,0,0,0,0,0,0,0,0,0,0,0,0,0,0,0,0,,0,0,TRUE
1176YKPINK-L,0,0,0,0,0,0,0,0,0,0,0,0,0,0,0,0,0,0,0,0,0,0,0,0,0,0,0,0,0,0,,0,0,TRUE
1176YKPINK-M,0,0,0,0,0,0,0,0,0,0,0,0,0,0,0,0,0,0,0,0,0,0,0,0,0,0,0,0,0,0,,0,0,TRUE
1176YKPINK-S,0,0,0,0,0,0,0,0,0,0,0,0,0,0,0,0,0,0,0,0,0,0,0,0,0,0,0,0,0,0,,0,0,TRUE
1176YKPINK-XL,0,0,0,0,0,0,0,0,0,0,0,0,0,0,0,0,0,0,0,0,0,0,0,0,0,0,0,0,0,0,,0,0,TRUE
1176YKPINK-XXL,0,0,0,0,0,0,0,0,0,0,0,0,0,0,0,0,0,0,0,0,0,0,0,0,0,0,0,0,0,0,,0,0,TRUE
1177YKPINK-5XL,0,0,0,0,0,0,0,0,0,0,0,0,0,0,0,0,0,0,0,0,0,0,0,0,0,0,0,0,0,1,,1,0,FALSE
1177YKPINK-L,0,0,0,0,0,0,0,0,0,0,0,0,0,0,0,0,0,0,0,0,0,0,0,0,0,0,0,0,0,0,,0,0,TRUE
1177YKPINK-M,0,0,0,0,0,0,0,0,0,0,0,0,0,0,0,0,0,0,0,0,0,0,0,0,0,0,0,0,1,1,,2,2,TRUE
1177YKPINK-S,0,0,0,0,0,0,0,0,0,0,0,0,0,0,0,0,0,0,0,0,0,0,0,0,0,0,0,0,0,0,,0,0,TRUE
1177YKPINK-XL,0,0,0,0,0,0,0,0,0,0,0,0,0,0,0,0,0,0,0,0,0,0,0,0,0,0,0,0,0,0,,0,0,TRUE
1177YKPINK-XXL,0,0,0,0,0,0,0,0,0,0,0,0,0,0,0,0,0,0,0,0,0,0,0,0,0,0,0,0,0,0,,0,0,TRUE
1178YKWHITE-L,0,0,0,0,0,0,0,0,0,0,0,0,0,0,0,0,0,0,0,0,0,0,0,0,0,0,0,0,0,0,,0,0,TRUE
1178YKWHITE-M,0,0,0,0,0,0,0,0,0,0,0,0,0,0,0,0,0,0,0,0,0,0,0,0,0,0,0,0,0,0,,0,0,TRUE
1178YKWHITE-S,0,0,0,0,0,0,0,0,0,0,0,0,0,0,0,0,0,0,0,0,0,0,0,0,0,0,0,0,0,0,,0,0,TRUE
1179YKGREEN-L,0,0,0,0,0,0,0,0,0,0,0,0,0,0,0,0,0,0,0,0,0,0,0,0,0,0,0,0,0,0,,0,0,TRUE
1179YKGREEN-M,0,0,0,0,0,0,0,0,0,0,0,0,0,0,0,0,0,0,0,0,0,0,0,0,0,0,0,0,0,0,,0,0,TRUE
1179YKGREEN-S,1,1,1,1,1,1,1,1,1,1,1,1,1,1,1,1,1,1,1,1,1,1,1,1,1,1,1,1,1,1,,30,30,TRUE
1179YKGREEN-XL,0,0,0,0,0,0,0,0,0,0,0,0,0,0,0,0,0,0,0,0,0,0,0,0,0,0,0,0,0,0,,0,0,TRUE
1179YKGREEN-XXL,0,0,0,0,0,0,0,0,0,0,0,0,0,0,0,0,0,0,0,0,0,0,0,0,0,0,0,0,0,0,,0,0,TRUE
117YK244BROWN-L,0,0,0,0,0,0,0,0,0,0,0,0,0,0,0,0,0,0,0,0,0,0,0,0,0,0,0,0,0,0,,0,0,TRUE
117YK244BROWN-M,0,0,0,0,0,0,0,0,0,0,0,0,0,0,0,0,0,0,0,0,0,0,0,0,0,0,0,0,0,0,,0,0,TRUE
117YK244BROWN-S,4,4,4,4,4,4,4,4,4,4,4,4,4,4,4,4,4,4,4,4,4,4,4,4,4,4,4,4,4,4,,30,30,TRUE
117YK244BROWN-XL,0,0,0,0,0,0,0,0,0,0,0,0,0,0,0,0,0,0,0,0,0,0,0,0,0,0,0,0,0,0,,0,0,TRUE
117YK244BROWN-XXL,0,0,0,0,0,0,0,0,0,0,0,0,0,0,0,0,0,0,0,0,0,0,0,0,0,0,0,0,0,0,,0,0,TRUE
1180YKYELLOW-L,0,0,0,0,0,0,0,0,0,0,0,0,0,0,0,2,2,2,2,2,2,2,2,2,2,2,2,2,2,2,,15,15,TRUE
1180YKYELLOW-M,0,0,0,0,0,0,0,0,0,0,0,0,0,0,0,0,0,0,0,0,0,0,0,0,0,0,0,0,0,0,,0,#N/A,#N/A
1180YKYELLOW-S,0,0,0,0,0,0,0,0,0,0,0,0,0,0,0,0,0,0,0,0,0,0,0,0,0,0,0,0,0,0,,0,#N/A,#N/A
1180YKYELLOW-XL,0,0,0,0,0,0,0,0,0,0,0,0,0,0,0,0,0,0,0,0,0,0,0,0,0,0,0,0,0,0,,0,#N/A,#N/A
1180YKYELLOW-XXL,0,0,0,0,0,0,0,0,0,0,0,0,0,0,0,0,0,0,0,0,0,0,0,0,0,0,0,0,0,0,,0,0,TRUE
1181YKPINK-3XL,0,0,0,0,0,0,0,0,0,0,0,0,0,0,0,0,0,0,0,0,0,0,0,0,0,0,0,0,0,0,,0,0,TRUE
1181YKPINK-L,2,2,2,2,2,2,2,2,2,2,2,2,2,2,2,2,2,2,2,2,2,2,2,2,2,2,2,2,2,2,,30,30,TRUE
1181YKPINK-M,2,2,2,2,2,2,2,2,2,2,2,2,2,2,2,2,2,2,2,2,2,2,2,2,2,2,2,2,2,2,,30,30,TRUE
1181YKPINK-S,10,10,10,10,10,10,10,10,10,10,10,10,10,10,10,10,10,10,10,10,10,10,10,10,10,10,10,10,11,11,,30,30,TRUE
1181YKPINK-XL,1,1,1,1,1,1,1,1,1,1,1,1,1,1,1,1,1,1,1,1,1,1,1,1,1,1,1,1,1,1,,30,30,TRUE
1181YKPINK-XXL,0,0,0,0,0,0,0,0,0,0,0,0,0,0,0,0,0,0,0,0,0,0,0,0,0,0,0,0,0,0,,0,0,TRUE
1182YKGREEN-3XL,0,0,0,0,0,0,0,0,0,0,0,0,0,0,0,0,0,0,0,0,0,0,0,0,0,0,0,0,0,0,,0,0,TRUE
1182YKGREEN-L,0,0,0,0,0,0,0,0,0,0,0,0,0,0,0,0,0,0,0,0,0,0,0,0,0,0,0,0,0,0,,0,0,TRUE
1182YKGREEN-S,0,0,0,0,0,0,0,0,0,0,0,0,0,0,0,0,0,0,0,0,0,0,0,0,0,0,0,1,1,1,,3,3,TRUE
1183YKORANGE-L,0,0,0,0,0,0,0,0,0,0,0,0,0,0,0,0,0,0,0,0,0,0,0,0,0,0,0,0,0,0,,0,0,TRUE
1183YKORANGE-M,0,0,0,0,0,0,0,0,0,0,0,0,0,0,0,0,0,0,0,0,0,0,0,0,0,0,0,0,0,0,,0,0,TRUE
1183YKORANGE-S,0,0,0,0,0,0,0,0,0,0,0,0,0,0,0,0,0,0,0,0,0,0,0,0,0,0,0,0,0,0,,0,0,TRUE
1183YKORANGE-XL,0,0,0,0,0,0,0,0,0,0,0,0,0,0,0,0,0,0,0,0,0,0,0,0,0,0,0,0,0,0,,0,0,TRUE
1183YKORANGE-XXL,0,0,0,0,0,0,0,0,0,0,0,0,0,0,0,0,0,0,0,0,0,0,0,0,0,0,0,0,0,0,,0,0,TRUE
1184YKBLUEPANT-L,17,17,17,17,17,17,17,17,17,17,0,0,0,0,0,0,0,0,0,0,0,0,0,0,0,0,0,0,0,12,,11,10,FALSE
1184YKBLUEPANT-M,36,36,36,36,36,36,36,36,36,36,0,0,0,0,0,0,0,0,0,0,0,0,0,0,0,0,0,0,0,33,,11,10,FALSE
1184YKBLUEPANT-S,8,8,8,8,8,8,8,8,8,8,0,0,0,0,0,0,0,0,0,0,0,0,0,0,0,0,0,0,0,3,,11,10,FALSE
1184YKBLUEPANT-XL,22,22,22,22,22,22,22,22,22,22,0,0,0,0,0,0,0,0,0,0,0,0,0,0,0,0,0,0,0,18,,11,10,FALSE
1184YKBLUEPANT-XXL,6,6,6,6,6,6,6,6,6,6,0,0,0,0,0,0,0,0,0,0,0,0,0,0,0,0,0,0,0,1,,11,10,FALSE
1184YKGREEN-L,0,0,0,0,0,0,0,0,0,0,0,0,0,0,0,0,0,0,0,0,0,0,0,0,0,0,0,0,0,5,,1,0,FALSE
1184YKGREEN-M,0,0,0,0,0,0,0,0,0,0,0,0,0,0,0,0,0,0,0,0,0,0,0,0,0,0,0,0,0,4,,1,0,FALSE
1184YKGREEN-S,0,0,0,0,0,0,0,0,0,0,0,0,0,0,0,0,0,0,0,0,0,0,0,0,0,0,0,0,0,5,,1,0,FALSE
1184YKGREEN-XL,0,0,0,0,0,0,0,0,0,0,0,0,0,0,0,0,0,0,0,0,0,0,0,0,0,0,0,0,0,5,,1,0,FALSE
1184YKGREEN-XS,0,0,0,0,0,0,0,0,0,0,0,0,0,0,0,0,0,0,0,0,0,0,0,0,0,0,0,0,0,0,,0,0,TRUE
1184YKGREEN-XXL,0,0,0,0,0,0,0,0,0,0,0,0,0,0,0,0,0,0,0,0,0,0,0,0,0,0,0,0,0,5,,1,0,FALSE
1185YKSKYBLUE-L,0,0,0,0,0,0,0,0,0,0,0,0,0,0,0,0,0,0,0,0,0,0,0,0,0,0,0,0,0,0,,0,0,TRUE
1185YKSKYBLUE-M,0,0,0,0,0,0,0,0,0,0,0,0,0,0,0,0,0,0,0,0,0,0,0,0,0,0,0,0,0,0,,0,0,TRUE
1185YKSKYBLUE-S,0,0,0,0,0,0,0,0,0,0,0,0,0,0,0,0,0,0,0,0,0,0,0,0,0,0,0,0,0,0,,0,0,TRUE
1185YKSKYBLUE-XL,0,0,0,0,0,0,0,0,0,0,0,0,0,0,0,0,0,0,0,0,0,0,0,0,0,0,0,0,0,0,,0,0,TRUE
1185YKSKYBLUE-XXL,0,0,0,0,0,0,0,0,0,0,0,0,0,0,0,0,0,0,0,0,0,0,0,0,0,0,0,0,0,0,,0,0,TRUE
1186YKBLUE-L,24,24,24,24,24,24,24,23,23,23,23,23,23,22,22,22,22,22,21,21,21,19,19,19,19,19,20,20,20,20,,30,30,TRUE
1186YKBLUE-M,20,20,20,20,20,20,20,20,20,20,16,20,20,20,20,20,20,20,19,19,19,19,19,19,19,19,19,19,19,19,,30,30,TRUE
1186YKBLUE-S,16,16,16,21,21,21,21,21,21,21,20,20,20,20,20,20,20,20,20,20,20,20,20,20,20,20,20,20,20,20,,30,30,TRUE
1186YKBLUE-XL,34,34,34,34,34,34,34,34,34,34,34,34,34,34,34,34,34,34,34,34,34,34,34,34,34,34,37,38,38,38,,30,30,TRUE
1186YKBLUE-XXL,44,44,44,44,44,44,44,44,44,44,41,44,44,44,44,44,44,44,44,44,44,44,44,44,44,44,44,44,44,44,,30,30,TRUE
1187YKPINK-3XL,8,8,8,8,7,7,7,6,6,6,5,5,5,5,5,5,57,52,52,50,51,50,50,50,50,50,50,50,50,50,,30,30,TRUE
1187YKPINK-4XL,17,17,16,15,15,12,13,13,13,13,13,13,42,42,42,40,42,42,42,42,42,42,42,43,39,42,42,42,41,41,,30,30,TRUE
1187YKPINK-5XL,14,14,14,14,14,9,7,7,7,7,6,6,27,27,27,24,26,24,24,24,24,23,24,24,24,20,20,20,21,21,,30,30,TRUE
1187YKPINK-6XL,14,16,16,16,16,16,17,17,17,17,17,17,17,17,17,17,68,68,68,68,68,68,68,68,68,68,68,68,68,68,,30,30,TRUE
1187YKPINK-7XL,23,23,23,22,22,22,20,20,20,20,20,20,20,20,20,20,34,34,34,34,34,34,34,34,34,33,33,34,34,34,,30,30,TRUE
1187YKPINK-8XL,16,16,16,16,16,16,16,16,16,16,16,16,16,16,16,16,47,47,47,47,47,47,47,47,47,43,43,43,43,43,,30,30,TRUE
1187YKPINK-L,12,12,14,14,14,14,12,12,12,11,11,11,52,53,53,53,94,94,94,94,90,90,90,90,90,90,90,90,90,90,,30,30,TRUE
1187YKPINK-M,59,59,59,59,59,56,56,56,56,56,56,56,56,49,49,48,48,48,46,47,47,47,47,47,47,47,47,47,47,47,,30,30,TRUE
1187YKPINK-S,36,36,36,38,38,36,37,36,36,36,36,36,36,36,36,37,37,37,37,37,36,36,36,36,36,36,36,36,36,36,,30,30,TRUE
1187YKPINK-XL,6,6,6,8,7,7,8,8,8,8,7,7,46,46,46,52,52,51,48,48,48,48,48,48,48,47,47,47,47,47,,30,30,TRUE
1187YKPINK-XS,36,36,36,36,36,36,37,37,37,37,36,37,37,37,37,37,37,37,37,37,37,37,37,37,37,37,37,37,37,37,,30,30,TRUE
1187YKPINK-XXL,19,18,16,18,18,10,10,10,10,10,9,9,9,7,7,6,70,70,70,70,70,70,70,71,71,71,71,71,71,71,,30,30,TRUE
1188YKPINK-3XL,20,20,20,21,21,21,21,21,20,20,20,20,20,20,20,19,19,19,19,19,19,19,19,19,21,19,18,17,17,17,,30,30,TRUE
1188YKPINK-4XL,23,24,23,23,22,20,19,19,19,20,19,19,20,19,19,17,17,17,16,16,16,16,16,16,17,16,16,15,15,15,,30,30,TRUE
1188YKPINK-5XL,26,26,26,26,26,26,26,26,17,17,16,15,15,15,15,12,12,12,12,13,13,13,12,12,32,11,10,10,10,10,,30,30,TRUE
1188YKPINK-6XL,15,15,15,15,15,14,14,13,13,13,13,12,13,13,13,12,12,12,11,11,11,11,11,7,7,7,7,8,8,8,,30,30,TRUE
1188YKPINK-7XL,2,2,2,1,1,1,1,1,1,1,1,1,1,1,1,1,1,1,0,0,0,0,0,0,0,0,0,4,4,9,,21,21,TRUE
1188YKPINK-8XL,14,14,19,18,18,18,18,17,17,16,16,16,15,15,15,15,15,15,15,15,15,15,15,15,15,15,9,10,10,10,,30,30,TRUE
1188YKPINK-L,16,16,17,17,17,17,17,17,17,17,17,16,16,16,16,16,16,16,16,16,62,62,62,63,63,59,58,58,56,56,,30,30,TRUE
1188YKPINK-M,32,32,32,32,32,32,32,32,32,32,30,30,30,30,30,30,30,30,30,30,76,76,76,76,75,75,73,73,75,75,,30,30,TRUE
1188YKPINK-S,13,13,15,15,15,15,15,15,15,15,15,14,10,14,14,12,13,13,13,13,58,58,59,58,58,57,57,57,58,58,,30,30,TRUE
1188YKPINK-XL,54,55,54,54,52,52,51,51,50,49,49,49,49,49,49,50,50,50,49,49,91,90,90,91,91,91,91,90,132,132,,30,30,TRUE
1188YKPINK-XS,7,7,7,7,7,7,7,8,8,8,8,8,8,8,8,8,8,8,8,8,8,8,8,8,7,11,11,11,12,12,,30,30,TRUE
1188YKPINK-XXL,51,51,49,49,49,49,49,49,49,50,50,50,48,48,48,47,47,47,46,46,44,44,44,44,44,44,44,45,45,45,,30,30,TRUE
1189YKMAROON-3XL,0,0,0,0,0,0,0,1,1,1,0,0,0,0,0,7,7,7,5,5,4,3,3,3,3,4,4,4,3,10,,18,18,TRUE
1189YKMAROON-4XL,13,13,13,14,14,14,14,14,14,14,14,13,13,11,11,11,12,12,12,10,10,10,10,11,17,11,8,8,8,8,,30,30,TRUE
1189YKMAROON-5XL,14,14,14,14,14,14,14,13,10,10,10,10,10,10,10,9,9,9,8,8,8,8,8,8,9,8,8,8,8,8,,30,30,TRUE
1189YKMAROON-6XL,12,12,12,12,12,10,10,10,8,8,8,8,8,8,8,8,8,8,6,6,6,5,5,5,7,4,4,4,4,4,,30,30,TRUE
1189YKMAROON-7XL,8,8,8,8,7,6,5,5,2,2,2,2,2,2,2,2,2,2,2,2,2,2,2,2,5,2,2,2,2,2,,30,30,TRUE
1189YKMAROON-8XL,48,48,48,48,48,48,48,48,47,47,47,47,47,47,47,47,47,47,47,47,46,46,46,46,46,46,46,46,46,46,,30,30,TRUE
1189YKMAROON-L,1,1,1,1,2,2,2,2,0,0,0,0,0,0,0,10,10,10,4,4,4,4,4,4,9,4,4,3,3,4,,23,23,TRUE
1189YKMAROON-M,43,42,35,40,39,34,33,33,32,22,22,22,22,22,22,7,7,7,7,5,5,5,5,6,12,7,7,6,6,5,,30,30,TRUE
1189YKMAROON-S,14,14,14,15,15,15,12,11,11,11,11,11,11,8,8,4,3,3,3,3,3,3,3,3,7,3,4,4,4,4,,30,30,TRUE
1189YKMAROON-XL,37,36,36,35,33,32,32,31,31,31,31,30,32,32,32,27,27,27,22,21,20,20,20,19,34,18,12,13,14,13,,30,30,TRUE
1189YKMAROON-XS,4,4,4,3,3,3,3,4,4,4,3,3,3,3,3,3,3,3,3,3,3,3,3,4,4,4,4,4,4,4,,30,30,TRUE
1189YKMAROON-XXL,36,38,38,38,38,37,36,36,30,17,15,15,15,15,15,13,13,13,12,11,11,11,11,12,11,10,8,8,8,8,,30,30,TRUE
1190YKMULTI-3XL,2,2,2,2,2,2,2,2,2,2,2,2,2,2,2,2,2,2,2,2,2,2,2,3,3,3,3,3,3,3,,30,30,TRUE
1190YKMULTI-4XL,0,0,0,0,0,0,0,0,0,0,0,0,0,0,0,0,0,0,0,0,0,0,0,0,0,0,0,0,0,0,,0,0,TRUE
1190YKMULTI-5XL,0,0,0,0,0,0,0,0,0,0,0,0,0,0,0,0,0,0,0,0,0,0,0,0,0,0,0,0,0,0,,0,0,TRUE
1190YKMULTI-L,3,2,2,2,2,2,2,2,0,0,0,0,0,0,0,0,0,0,0,0,0,0,0,0,0,0,0,0,0,0,,8,8,TRUE
1190YKMULTI-M,1,1,3,0,3,3,3,2,2,2,2,1,1,1,1,1,1,1,1,1,1,1,1,1,3,1,1,11,7,7,,29,29,TRUE
1190YKMULTI-S,35,36,36,36,36,36,36,36,36,36,34,36,36,36,36,36,25,25,25,25,25,24,24,14,14,14,23,23,23,24,,30,30,TRUE
1190YKMULTI-XL,5,5,5,5,5,4,4,4,0,1,0,0,0,0,0,0,0,0,0,0,0,0,0,0,4,1,1,1,1,1,,15,15,TRUE
1190YKMULTI-XS,12,12,12,12,12,12,12,12,12,12,12,12,12,12,12,11,11,11,11,11,11,11,11,11,10,11,11,11,9,9,,30,30,TRUE
1190YKMULTI-XXL,0,0,0,1,1,1,1,1,1,1,1,1,1,1,1,1,1,1,1,1,1,1,2,2,2,2,2,1,1,1,,27,27,TRUE
1190YKMULTI-XXL_MYNTRA,0,0,0,0,0,0,0,0,0,0,0,0,0,0,0,0,0,0,0,0,0,0,0,0,0,0,0,0,0,0,,0,0,TRUE
1191YKYELLOW-L,0,0,0,0,0,0,0,0,0,0,0,0,0,0,0,0,0,0,0,0,0,0,0,0,0,0,0,0,0,0,,0,0,TRUE
1191YKYELLOW-M,0,0,0,0,0,0,0,0,0,0,0,0,0,0,0,0,0,0,0,0,0,0,0,0,0,0,0,0,0,0,,0,0,TRUE
1191YKYELLOW-S,1,1,1,1,1,1,1,1,1,1,1,1,1,1,1,1,1,1,1,1,1,1,1,1,1,1,1,1,1,1,,30,30,TRUE
1191YKYELLOW-XL,0,0,0,0,0,0,0,0,0,0,0,0,0,0,0,0,0,0,0,0,0,0,0,0,0,0,0,0,0,0,,0,0,TRUE
1191YKYELLOW-XS,0,0,0,0,0,0,0,0,0,0,0,0,0,0,0,0,0,0,0,0,0,0,0,0,0,0,0,0,0,0,,0,0,TRUE
1191YKYELLOW-XXL,0,0,0,0,0,0,0,0,0,0,0,0,0,0,0,0,0,0,0,0,0,0,0,0,0,0,0,0,0,0,,0,0,TRUE
1192YKBLUE-3XL,0,0,0,0,0,0,0,0,0,0,0,0,0,0,0,0,0,0,0,0,0,0,0,0,0,0,0,0,0,0,,0,0,TRUE
1192YKBLUE-4XL,2,2,2,3,2,1,1,1,1,1,0,0,0,0,0,0,0,0,0,0,0,0,0,0,1,0,0,1,0,0,,12,11,FALSE
1192YKBLUE-5XL,0,0,0,0,0,0,0,0,0,0,0,0,0,0,0,0,0,0,0,0,0,0,0,1,1,1,1,1,0,1,,6,1,FALSE
1192YKBLUE-L,0,0,0,0,0,0,0,0,0,0,0,0,0,0,0,0,0,0,0,0,0,0,0,0,0,0,0,0,0,0,,0,0,TRUE
1192YKBLUE-M,2,2,2,2,2,2,2,2,2,2,1,2,2,2,2,2,2,2,2,2,2,2,2,2,2,2,2,2,2,2,,30,30,TRUE
1192YKBLUE-S,9,9,9,9,9,8,6,6,6,6,5,5,4,4,4,4,4,4,4,4,3,1,3,3,4,3,3,3,3,3,,30,30,TRUE
1192YKBLUE-XL,1,1,0,1,1,1,0,0,0,0,0,0,0,0,0,0,0,0,0,0,0,0,0,0,0,0,0,0,0,0,,5,5,TRUE
1192YKBLUE-XS,2,2,2,2,2,2,2,2,2,2,2,2,2,2,2,2,2,2,2,0,0,0,0,0,0,0,0,0,0,1,,20,19,FALSE
1192YKBLUE-XXL,1,1,1,0,0,0,0,0,0,0,0,0,0,0,0,0,0,0,0,0,0,0,0,0,0,0,0,0,0,0,,3,3,TRUE
1193YKSEAGREEN-5XL,1,1,1,1,1,1,1,1,1,1,1,1,1,1,1,1,1,1,1,1,1,0,0,0,0,0,0,0,0,0,,21,21,TRUE
1193YKSEAGREEN-L,18,18,18,31,31,31,31,31,31,31,31,31,31,31,31,31,31,31,31,31,31,31,31,31,31,32,32,32,32,32,,30,30,TRUE
1193YKSEAGREEN-M,21,21,21,21,21,21,21,21,21,21,21,21,21,21,21,21,21,21,21,21,21,21,21,21,21,22,22,22,22,22,,30,30,TRUE
1193YKSEAGREEN-S,14,14,14,14,14,14,14,14,14,14,13,14,14,14,14,14,14,14,12,12,12,12,12,12,12,12,12,12,13,13,,30,30,TRUE
1193YKSEAGREEN-XL,23,23,23,23,23,23,23,23,23,22,19,22,22,22,22,22,22,22,20,20,20,20,20,20,20,21,22,22,22,22,,30,30,TRUE
1193YKSEAGREEN-XXL,30,30,30,30,30,30,30,30,30,30,23,30,30,30,30,30,30,30,29,29,29,29,29,29,29,29,30,30,30,30,,30,30,TRUE
1194YKSKYBLUE-L,0,0,0,0,0,0,0,0,0,0,0,0,0,0,0,0,0,0,0,0,0,0,0,0,0,0,0,0,0,0,,0,0,TRUE
1194YKSKYBLUE-M,0,0,0,0,0,0,0,0,0,0,0,0,0,0,0,0,0,0,0,0,0,0,0,0,0,0,0,0,0,0,,0,0,TRUE
1194YKSKYBLUE-S,3,2,2,2,3,3,3,3,3,3,3,3,3,3,3,3,3,3,3,3,3,3,3,3,3,3,3,3,3,3,,30,30,TRUE
1194YKSKYBLUE-XL,0,0,0,0,0,0,0,0,0,0,0,0,0,0,0,0,0,0,0,0,0,0,0,0,0,0,0,0,0,0,,0,0,TRUE
1194YKSKYBLUE-XXL,0,0,0,0,0,0,0,0,0,0,0,0,0,0,0,0,0,0,0,0,0,0,0,0,0,0,0,0,0,0,,0,0,TRUE
1195YKORANGE-3XL,0,0,0,0,0,0,0,0,0,0,0,0,0,0,0,0,0,0,0,0,0,0,0,0,0,0,0,0,0,0,,0,0,TRUE
1195YKORANGE-4XL,0,0,0,0,0,0,0,0,0,0,0,0,0,0,0,0,0,0,0,0,0,0,0,0,0,0,0,0,0,0,,0,0,TRUE
1195YKORANGE-5XL,0,0,0,0,0,0,0,0,0,0,0,0,0,0,0,0,0,0,0,0,0,0,0,0,0,0,0,0,0,0,,0,0,TRUE
1195YKORANGE-L,0,0,0,0,0,0,0,0,0,0,0,0,0,0,0,0,0,0,0,0,0,0,0,0,0,0,0,0,0,0,,0,0,TRUE
1195YKORANGE-M,0,0,0,0,0,0,0,0,0,0,0,0,0,0,0,0,0,0,0,0,0,0,0,0,0,0,0,0,0,0,,0,0,TRUE
1195YKORANGE-S,9,9,9,14,14,14,14,14,14,14,14,14,14,14,14,14,14,14,14,14,14,14,14,14,14,14,14,14,14,14,,30,30,TRUE
1195YKORANGE-XL,0,0,0,0,0,0,0,0,0,0,0,0,0,0,0,0,0,0,0,0,0,0,0,0,0,0,0,0,0,0,,0,0,TRUE
1195YKORANGE-XS,2,2,2,2,2,2,2,2,2,2,2,2,2,2,2,2,2,2,2,2,2,2,2,2,2,2,2,2,2,2,,30,30,TRUE
1195YKORANGE-XXL,0,0,0,0,0,0,0,0,0,0,0,0,0,0,0,0,0,0,0,0,0,0,0,0,0,0,0,0,0,0,,0,0,TRUE
1197YKGREEN-3XL,25,25,25,25,26,21,21,21,21,14,14,13,15,12,12,12,12,13,13,13,12,14,14,14,15,10,10,11,3,3,,30,30,TRUE
1197YKGREEN-4XL,94,94,94,93,93,93,92,90,90,92,92,92,91,90,90,88,88,88,87,86,85,85,85,86,86,83,83,82,78,78,,30,30,TRUE
1197YKGREEN-5XL,8,8,8,8,8,8,8,8,2,2,2,1,2,4,4,18,18,18,13,13,13,13,14,14,21,13,12,12,3,3,,30,30,TRUE
1197YKGREEN-6XL,6,5,5,5,5,5,5,5,2,0,1,1,1,1,1,2,2,2,1,1,1,1,1,5,5,5,5,5,5,5,,29,29,TRUE
1197YKGREEN-7XL,13,13,12,12,12,12,12,12,11,11,10,11,11,11,11,9,9,9,9,9,7,6,6,7,6,7,7,7,5,5,,30,30,TRUE
1197YKGREEN-8XL,26,26,26,26,26,26,26,26,24,24,24,24,24,24,24,24,24,24,23,23,23,23,23,23,23,22,22,22,22,22,,30,30,TRUE
1197YKGREEN-L,0,0,0,0,0,0,0,0,0,0,0,0,0,0,0,0,0,0,0,0,0,0,0,0,10,0,0,0,0,0,,1,0,FALSE
1197YKGREEN-M,4,4,4,5,5,5,3,3,0,0,0,1,1,0,0,1,1,1,1,1,1,1,1,1,7,1,1,1,0,0,,23,23,TRUE
1197YKGREEN-S,5,5,5,5,5,5,5,5,5,5,5,5,5,5,5,3,3,3,3,3,3,3,3,3,4,3,3,3,3,1,,30,30,TRUE
1197YKGREEN-XL,5,5,5,4,3,3,3,3,3,3,3,2,2,2,2,0,1,1,1,1,1,0,0,0,25,0,0,0,0,0,,21,20,FALSE
1197YKGREEN-XS,14,14,14,13,13,11,11,11,10,10,10,10,11,11,11,9,9,9,9,9,9,9,9,9,9,8,8,8,7,7,,30,30,TRUE
1197YKGREEN-XXL,11,11,11,11,11,11,11,11,0,0,0,0,0,0,0,7,7,7,3,2,2,2,2,2,42,2,2,2,2,2,,23,23,TRUE
1198YKBLACK-3XL,25,25,25,26,26,26,24,24,23,23,23,23,23,21,21,21,21,21,21,21,19,19,19,20,20,18,18,18,14,14,,30,30,TRUE
1198YKBLACK-4XL,9,9,9,9,9,8,8,8,6,6,6,6,6,6,6,6,6,6,6,6,6,6,6,6,5,7,7,7,7,7,,30,30,TRUE
1198YKBLACK-5XL,23,23,23,24,24,24,24,24,21,21,20,21,20,19,19,19,19,19,19,19,19,19,19,19,19,19,19,19,20,19,,30,30,TRUE
1198YKBLACK-L,1,2,3,3,3,3,3,3,0,0,0,0,0,0,0,0,0,0,0,0,0,0,0,0,2,0,0,0,17,12,,11,10,FALSE
1198YKBLACK-M,11,11,11,11,11,10,8,8,8,8,8,8,7,7,7,7,7,7,7,7,7,6,6,6,6,4,4,4,4,4,,30,30,TRUE
1198YKBLACK-S,4,4,4,4,4,4,4,4,4,4,4,4,4,4,4,4,4,4,4,4,4,3,3,3,3,3,3,3,4,4,,30,30,TRUE
1198YKBLACK-XL,3,3,3,3,3,3,3,3,0,0,0,0,0,0,0,0,0,0,0,0,0,0,0,0,1,1,0,0,4,5,,12,10,FALSE
1198YKBLACK-XS,14,14,14,15,15,15,15,15,13,13,13,13,13,13,13,13,13,13,13,13,13,13,13,13,13,13,13,13,13,13,,30,30,TRUE
1198YKBLACK-XXL,29,30,30,31,29,29,24,24,24,24,24,25,23,21,21,21,21,21,21,21,21,21,21,20,20,20,17,17,17,17,,30,30,TRUE
1199YKYELLOW-L,0,0,0,0,0,0,0,0,0,0,0,0,0,0,0,0,0,0,0,0,0,0,0,0,0,0,0,0,0,0,,0,0,TRUE
1199YKYELLOW-M,1,1,1,1,1,1,1,1,1,1,1,1,1,1,1,1,1,1,1,1,1,1,1,1,1,1,1,1,1,1,,30,30,TRUE
1199YKYELLOW-S,1,1,1,1,1,1,1,1,1,1,1,1,1,1,1,1,1,1,1,1,1,1,1,1,1,1,1,1,1,2,,30,30,TRUE
1199YKYELLOW-XL,0,0,0,0,0,0,0,0,0,0,0,0,0,0,0,0,0,0,0,0,0,0,0,0,0,0,0,0,0,0,,0,0,TRUE
1199YKYELLOW-XXL,2,2,2,2,2,2,2,2,2,2,2,2,2,2,2,2,2,2,2,2,2,2,2,2,2,2,2,2,2,2,,30,30,TRUE
119KD148YELLOW-11-12,12,12,12,12,12,12,12,12,12,12,12,12,12,12,12,12,12,12,11,11,11,11,11,11,11,11,11,11,11,11,,30,30,TRUE
119KD148YELLOW-13-14,13,13,13,13,13,13,13,13,13,13,11,11,11,11,11,11,11,11,11,11,11,11,11,11,11,11,11,11,11,11,,30,30,TRUE
119KD148YELLOW-7-8,33,33,33,33,33,33,33,33,33,33,33,33,33,33,33,33,33,33,33,33,33,33,33,33,33,33,33,33,33,33,,30,30,TRUE
119KD148YELLOW-9-10,17,17,17,17,17,17,17,17,17,17,17,17,17,17,17,17,16,16,14,14,14,14,14,14,14,14,14,14,14,14,,30,30,TRUE
119YK148YELLOW-3XL,0,0,0,0,0,0,0,0,0,0,0,0,0,0,0,0,0,0,0,0,0,0,0,0,0,0,0,0,0,0,,0,0,TRUE
119YK148YELLOW-4XL,0,0,0,0,0,0,0,0,0,0,0,0,0,0,0,0,0,0,0,0,0,0,0,0,0,0,0,0,0,0,,0,0,TRUE
119YK148YELLOW-5XL,0,0,0,0,0,0,0,0,0,0,0,0,0,0,0,0,0,0,0,0,0,0,0,0,0,0,0,0,0,0,,0,0,TRUE
119YK148YELLOW-L,0,0,0,0,0,0,0,0,0,0,0,0,0,0,0,0,0,0,0,0,0,0,0,0,0,0,0,0,0,0,,0,0,TRUE
119YK148YELLOW-M,0,0,0,0,0,0,0,0,0,0,0,0,0,0,0,0,0,0,0,0,0,0,0,0,0,0,0,0,0,0,,0,0,TRUE
119YK148YELLOW-S,1,1,1,1,1,1,1,1,1,1,1,1,1,1,1,1,1,1,1,1,1,1,1,1,1,1,1,1,1,1,,30,29,FALSE
119YK148YELLOW-XL,0,0,0,0,0,0,0,0,0,0,0,0,0,0,0,0,0,0,0,0,0,0,0,0,0,0,0,0,0,0,,0,0,TRUE
119YK148YELLOW-XS,17,17,17,17,17,17,17,17,17,17,17,17,17,17,17,17,17,17,17,17,17,17,17,17,17,17,17,17,17,17,,30,30,TRUE
119YK148YELLOW-XXL,0,0,0,0,0,0,0,0,0,0,0,0,0,0,0,0,0,0,0,0,0,0,0,0,0,0,0,0,0,0,,0,0,TRUE
11YK159BLUE-L,0,0,0,0,0,0,0,0,0,0,0,0,0,0,0,0,0,0,0,0,0,0,0,0,0,0,0,0,0,0,,0,0,TRUE
11YK159BLUE-M,2,2,2,2,2,2,2,2,2,2,2,2,2,2,2,2,2,2,2,2,2,2,2,2,2,2,2,2,2,2,,30,30,TRUE
11YK159BLUE-S,1,1,1,1,1,1,1,1,1,1,1,1,1,1,1,1,1,1,1,1,1,1,1,1,1,1,1,1,1,1,,30,30,TRUE
11YK159BLUE-XL,0,0,0,0,0,0,0,0,0,0,0,0,0,0,0,0,0,0,0,0,0,0,0,0,0,0,0,0,0,0,,0,0,TRUE
11YK159BLUE-XXL,4,4,4,4,4,4,4,4,4,4,4,4,4,4,4,4,4,4,4,4,4,4,4,4,4,4,4,4,4,4,,30,30,TRUE
1200YKMUSTARD-3XL,0,0,0,0,0,0,0,0,0,0,0,0,0,0,0,0,0,0,0,0,0,0,0,0,0,0,0,0,0,0,,0,0,TRUE
1200YKMUSTARD-4XL,0,0,0,0,0,0,0,0,0,0,0,0,0,0,0,0,0,0,0,0,0,0,0,0,0,0,0,0,0,0,,0,0,TRUE
1200YKMUSTARD-5XL,0,0,0,0,0,0,0,0,0,0,0,0,0,0,0,0,0,0,0,0,0,0,0,0,0,0,0,0,0,0,,0,0,TRUE
1200YKMUSTARD-L,0,0,0,0,0,0,0,0,0,0,0,0,0,0,0,0,0,0,0,0,0,0,0,0,0,0,0,0,0,0,,0,0,TRUE
1200YKMUSTARD-M,0,0,0,0,0,0,0,0,0,0,0,0,0,0,0,0,0,0,0,0,0,0,0,0,0,0,0,0,0,0,,0,0,TRUE
1200YKMUSTARD-S,0,0,0,0,0,0,0,0,0,0,0,0,0,0,0,0,0,0,0,0,0,0,0,0,0,0,0,0,0,0,,0,0,TRUE
1200YKMUSTARD-XL,0,0,0,0,0,0,0,0,0,0,0,0,0,0,0,0,0,0,0,0,0,0,0,0,0,0,0,0,0,0,,0,0,TRUE
1200YKMUSTARD-XXL,0,0,0,0,0,0,0,0,0,0,0,0,0,0,0,0,0,0,0,0,0,0,0,0,0,0,0,0,0,0,,0,0,TRUE
1201YKGREY-3XL,1,1,1,1,1,1,1,1,1,1,1,1,2,2,2,2,2,2,2,2,2,2,2,2,2,2,2,2,2,2,,30,30,TRUE
1201YKGREY-4XL,0,0,0,0,0,0,0,0,0,0,0,0,0,0,0,0,0,0,0,0,0,0,0,0,0,0,0,0,0,0,,0,0,TRUE
1201YKGREY-5XL,0,0,0,0,0,0,0,0,0,0,0,0,0,0,0,0,0,0,0,0,0,0,0,0,0,0,0,0,0,0,,0,0,TRUE
1201YKGREY-L,1,1,1,1,1,1,1,1,1,1,1,2,3,4,4,4,4,4,3,3,3,3,3,3,3,3,3,7,5,5,,30,30,TRUE
1201YKGREY-M,20,20,20,22,23,23,23,22,21,21,21,21,21,21,21,21,21,21,20,20,20,20,21,15,15,15,15,15,13,13,,30,30,TRUE
1201YKGREY-S,8,8,10,10,10,10,10,10,10,10,10,10,10,10,10,10,10,10,10,10,10,9,9,9,9,9,9,9,9,9,,30,30,TRUE
1201YKGREY-XL,5,5,5,5,5,4,4,4,2,2,2,2,2,2,2,2,2,2,2,2,2,2,2,2,3,2,3,3,3,3,,30,30,TRUE
1201YKGREY-XS,5,5,5,5,5,4,4,4,4,4,4,4,4,4,4,4,4,4,4,4,4,4,4,4,4,4,4,4,4,4,,30,30,TRUE
1201YKGREY-XXL,8,8,8,9,9,9,9,9,9,9,9,9,9,9,9,9,9,9,9,9,9,9,9,9,9,9,10,10,10,10,,30,30,TRUE
1202YKBLUE-3XL,129,130,130,130,133,131,131,129,129,129,129,129,130,131,131,141,141,141,141,142,142,142,144,146,146,144,144,144,144,144,,30,30,TRUE
1202YKBLUE-4XL,103,104,104,104,104,103,103,103,101,100,102,101,101,102,102,146,146,147,147,142,147,146,146,147,146,146,146,147,148,149,,30,30,TRUE
1202YKBLUE-5XL,212,213,211,210,211,210,209,208,210,212,212,211,212,212,212,256,256,258,258,258,257,256,256,257,255,245,244,244,244,242,,30,30,TRUE
1202YKBLUE-6XL,87,87,88,88,90,91,89,88,88,88,88,88,87,87,87,111,111,120,120,120,119,119,120,119,117,117,110,111,117,117,,30,30,TRUE
1202YKBLUE-7XL,31,29,31,30,30,27,27,27,27,27,26,26,21,26,26,50,50,51,51,51,51,51,51,56,55,55,55,55,55,55,,30,30,TRUE
1202YKBLUE-8XL,34,34,32,27,26,24,22,23,21,20,20,21,21,21,21,59,59,71,71,71,71,71,72,73,72,71,71,75,72,72,,30,30,TRUE
1202YKBLUE-L,55,55,55,56,56,56,56,56,57,57,57,57,59,59,59,70,70,72,72,72,72,72,72,72,71,71,71,71,71,71,,30,30,TRUE
1202YKBLUE-M,59,59,59,58,58,58,58,58,56,56,50,56,52,52,52,60,60,66,66,66,66,66,66,66,65,65,69,70,68,68,,30,30,TRUE
1202YKBLUE-S,43,43,43,43,43,43,42,42,42,42,42,42,42,42,42,42,42,45,45,45,45,45,45,45,45,45,45,44,44,44,,30,30,TRUE
1202YKBLUE-XL,78,79,79,79,78,78,78,78,78,78,78,77,78,77,77,78,78,78,78,78,78,78,78,78,78,78,78,78,78,78,,30,30,TRUE
1202YKBLUE-XS,9,9,10,5,9,9,9,10,10,10,10,10,8,8,8,8,8,13,13,13,13,13,13,13,13,13,13,13,13,14,,30,30,TRUE
1202YKBLUE-XXL,77,77,77,77,77,76,75,74,74,74,73,72,69,73,73,81,81,85,85,85,85,85,85,84,84,84,84,84,84,84,,30,30,TRUE
1203YKBLUE-L,0,0,0,0,0,0,0,0,0,0,0,0,0,0,0,0,0,0,0,0,0,0,0,0,0,0,0,0,0,0,,0,0,TRUE
1203YKBLUE-M,0,0,0,0,0,0,0,0,0,0,0,0,0,0,0,0,0,0,0,0,0,0,0,0,0,0,0,0,0,0,,0,0,TRUE
1203YKBLUE-S,0,0,0,0,0,0,0,0,0,0,0,0,0,0,0,0,0,0,0,0,0,0,0,0,0,0,0,0,0,0,,0,0,TRUE
1203YKBLUE-XL,0,0,0,0,0,0,0,0,0,0,0,0,0,0,0,0,0,0,0,0,0,0,0,0,0,0,0,0,0,0,,0,0,TRUE
1203YKBLUE-XXL,0,0,0,0,0,0,0,0,0,0,0,0,0,0,0,0,0,0,0,0,0,0,0,0,0,0,0,0,0,0,,0,0,TRUE
1204YKGREEN-L,1,1,1,1,1,1,1,1,1,1,1,1,1,1,1,1,1,1,1,1,1,1,1,1,1,1,1,1,1,1,,30,30,TRUE
1204YKGREEN-M,2,2,2,2,2,2,2,2,2,2,2,2,2,2,2,2,2,2,2,2,2,2,2,2,2,2,2,2,2,2,,30,30,TRUE
1204YKGREEN-S,12,12,12,12,12,12,12,12,11,11,11,11,11,11,11,11,11,11,11,11,11,11,11,11,10,11,11,11,11,11,,30,30,TRUE
1204YKGREEN-XL,1,1,1,1,1,1,1,1,1,1,1,1,1,1,1,1,1,1,1,1,1,1,1,1,1,1,2,2,2,2,,30,30,TRUE
1204YKGREEN-XXL,1,1,1,1,1,1,1,1,1,1,1,1,1,1,1,1,1,1,1,1,1,1,1,1,1,1,1,1,1,1,,30,30,TRUE
1205YKBLUE-3XL,1,1,1,1,1,1,1,1,1,1,1,1,1,1,1,1,1,1,1,1,1,1,1,1,1,1,1,1,1,1,,30,30,TRUE
1205YKBLUE-4XL,0,0,0,0,0,0,0,0,0,0,0,0,0,0,0,0,0,0,0,0,0,0,0,0,0,0,0,0,0,0,,0,0,TRUE
1205YKBLUE-5XL,0,0,0,0,0,0,0,0,0,0,0,0,0,0,0,0,0,0,0,0,0,0,0,0,0,0,0,0,0,0,,0,0,TRUE
1205YKBLUE-L,22,22,22,28,28,28,28,28,28,28,28,28,28,28,28,28,28,28,28,28,28,28,28,28,28,28,28,28,22,22,,30,30,TRUE
1205YKBLUE-M,16,16,16,16,16,15,15,15,15,15,15,15,15,14,14,13,13,13,10,10,10,10,10,10,10,10,12,12,12,12,,30,30,TRUE
1205YKBLUE-S,12,12,12,12,12,12,12,12,12,11,11,11,11,11,11,11,11,11,11,11,11,11,11,11,11,11,11,11,11,11,,30,30,TRUE
1205YKBLUE-XL,15,15,15,15,15,15,15,15,15,15,12,15,15,15,15,15,15,15,15,15,15,15,15,15,15,15,15,15,15,15,,30,30,TRUE
1205YKBLUE-XS,0,0,0,0,0,0,0,0,0,0,0,0,0,0,0,0,0,0,0,0,0,0,0,0,0,0,0,0,0,0,,0,#N/A,#N/A
1205YKBLUE-XXL,34,37,37,38,38,38,38,38,38,38,25,38,38,38,38,38,38,38,38,38,38,38,38,38,38,38,40,40,40,40,,30,30,TRUE
1205YKBLUE-XXS,0,0,0,0,0,0,0,0,0,0,0,0,0,0,0,0,0,0,0,0,0,0,0,0,0,0,0,0,0,0,,0,#N/A,#N/A
1206YKWHITE-3XL,0,0,0,0,0,0,0,0,0,0,0,0,0,0,0,0,0,0,0,0,0,0,0,0,0,0,0,0,0,0,,0,0,TRUE
1206YKWHITE-4XL,0,0,0,0,0,0,0,0,0,0,0,0,0,0,0,0,0,0,0,0,0,0,0,0,0,0,0,0,0,0,,0,0,TRUE
1206YKWHITE-5XL,0,0,0,0,0,0,0,0,0,0,0,0,0,0,0,0,0,0,0,0,0,0,0,0,0,0,0,0,0,0,,0,0,TRUE
1206YKWHITE-L,2,2,2,2,2,2,2,2,2,2,2,2,2,2,2,2,2,2,2,2,2,2,2,2,2,2,2,2,2,2,,30,30,TRUE
1206YKWHITE-M,1,1,1,1,1,1,1,1,1,1,1,1,1,1,1,1,1,1,1,1,1,1,1,1,1,1,1,1,1,1,,30,30,TRUE
1206YKWHITE-S,0,0,0,0,0,0,0,0,0,0,0,0,0,0,0,0,0,0,0,0,0,0,0,0,0,0,0,0,0,2,,1,0,FALSE
1206YKWHITE-XL,1,1,1,1,1,1,1,1,1,1,1,1,1,1,1,1,1,1,1,1,1,1,1,1,1,1,1,1,1,1,,30,30,TRUE
1206YKWHITE-XS,0,0,0,0,0,0,0,0,0,0,0,0,0,0,0,0,0,0,0,0,0,0,0,0,0,0,0,0,0,0,,0,0,TRUE
1206YKWHITE-XXL,5,5,5,5,3,3,3,3,3,3,3,3,3,3,3,3,3,3,2,2,2,2,2,2,2,3,3,3,3,3,,30,30,TRUE
1207YKBLUE-L,28,28,28,28,28,28,28,28,28,28,28,28,28,28,28,28,28,28,27,27,27,27,27,27,27,27,27,27,27,27,,30,30,TRUE
1207YKBLUE-M,24,24,24,24,24,24,24,24,24,24,24,24,24,24,24,24,24,24,24,24,24,24,24,24,24,24,24,24,25,25,,30,30,TRUE
1207YKBLUE-S,19,19,19,20,20,20,20,20,20,20,20,20,20,20,20,20,20,20,20,20,20,20,20,20,20,20,20,20,20,20,,30,30,TRUE
1207YKBLUE-XL,28,28,28,28,28,28,28,28,28,28,28,28,28,28,28,28,28,28,28,28,28,28,28,28,28,28,28,28,28,28,,30,30,TRUE
1207YKBLUE-XXL,13,13,13,13,13,13,13,13,13,13,13,13,13,13,13,13,13,13,13,13,13,13,13,13,13,13,13,13,13,13,,30,30,TRUE
1208YKBLUE-L,0,0,0,0,0,0,0,0,0,0,0,0,0,0,0,0,0,0,0,0,0,0,0,0,0,0,0,0,0,0,,0,0,TRUE
1208YKBLUE-M,0,0,0,0,0,0,0,0,0,0,0,0,0,0,0,0,0,0,0,0,0,0,0,0,0,0,0,0,0,0,,0,0,TRUE
1208YKBLUE-S,0,0,0,0,0,0,0,0,0,0,0,0,0,0,0,0,0,0,0,0,0,0,0,0,0,0,0,0,0,0,,0,0,TRUE
1208YKBLUE-XL,0,0,0,0,0,0,0,0,0,0,0,0,0,0,0,0,0,0,0,0,0,0,0,0,0,0,0,0,0,0,,0,0,TRUE
1208YKBLUE-XXL,0,0,0,0,0,0,0,0,0,0,0,0,0,0,0,0,0,0,0,0,0,0,0,0,0,0,0,0,0,0,,0,0,TRUE
1209YKBLUE-L,0,0,0,0,0,0,0,0,0,0,0,0,0,0,0,0,0,0,0,0,0,0,0,0,0,0,0,0,0,0,,0,0,TRUE
1209YKBLUE-M,1,1,1,1,1,1,1,1,1,1,1,1,1,1,1,1,1,1,1,1,1,1,1,1,1,1,1,1,1,1,,30,30,TRUE
1209YKBLUE-S,6,6,6,6,6,6,6,6,6,6,6,6,6,6,6,6,6,6,6,6,6,6,6,5,5,5,5,5,5,5,,30,30,TRUE
1209YKBLUE-XL,0,0,0,0,0,0,0,0,0,0,0,0,0,0,0,0,0,0,0,0,0,0,0,0,0,0,0,0,0,0,,0,0,TRUE
1209YKBLUE-XS,7,7,7,8,8,8,8,8,8,8,8,8,8,8,8,8,8,8,8,8,8,8,8,8,8,8,8,8,8,8,,30,30,TRUE
1210YKORANGE-3XL,0,0,0,0,0,0,0,0,0,0,0,0,0,0,0,0,0,0,0,0,0,0,0,0,0,0,0,0,0,0,,0,0,TRUE
1210YKORANGE-L,0,0,0,0,0,0,0,0,0,0,0,0,0,0,0,0,0,0,0,0,0,0,0,0,0,0,0,0,0,0,,0,0,TRUE
1210YKORANGE-M,0,0,0,0,0,0,0,0,0,0,0,0,0,0,0,0,0,0,0,0,0,0,0,0,0,0,0,0,0,0,,0,0,TRUE
1210YKORANGE-S,0,0,0,0,0,0,0,0,0,0,0,0,0,0,0,0,0,0,0,0,0,0,0,0,0,0,0,0,0,0,,0,0,TRUE
1210YKORANGE-XL,0,0,0,0,0,0,0,0,0,0,0,0,0,0,0,0,0,0,0,0,0,0,0,0,0,0,0,0,0,0,,0,0,TRUE
1210YKORANGE-XXL,0,0,0,0,0,0,0,0,0,0,0,0,0,0,0,0,0,0,0,0,0,0,0,0,0,0,0,0,0,0,,0,0,TRUE
1211YKBLACK-L,16,16,16,16,16,16,16,16,16,16,16,17,17,17,17,17,17,17,17,17,17,17,17,16,16,16,16,16,16,16,,30,30,TRUE
1211YKBLACK-M,17,17,17,16,16,16,16,16,16,16,16,16,16,16,16,16,16,16,16,16,16,16,16,16,16,16,16,16,17,17,,30,30,TRUE
1211YKBLACK-S,9,9,9,9,9,9,9,9,9,9,9,9,9,9,9,9,9,9,9,9,9,9,9,9,9,9,9,9,9,9,,30,30,TRUE
1211YKBLACK-XL,17,18,18,18,18,18,18,18,18,18,18,18,18,18,18,19,19,19,19,19,19,19,19,19,18,18,18,18,17,17,,30,30,TRUE
1211YKBLACK-XXL,10,11,11,11,11,11,11,11,11,11,11,11,11,11,11,11,11,11,11,11,11,11,11,11,11,11,11,10,10,10,,30,30,TRUE
1212YKMULTI-L,2,2,2,2,2,2,2,2,0,0,0,0,0,0,0,0,0,0,0,0,0,0,0,0,2,0,0,0,0,0,,9,8,FALSE
1212YKMULTI-M,0,0,0,0,0,0,0,1,1,1,1,1,1,1,1,1,1,1,1,1,1,0,0,0,0,0,0,0,1,1,,16,16,TRUE
1212YKMULTI-S,5,5,5,7,7,7,7,7,7,7,7,7,7,7,7,7,7,7,7,7,7,7,7,7,7,7,7,7,7,7,,30,30,TRUE
1212YKMULTI-XL,0,0,0,0,0,0,0,0,0,0,0,0,0,0,0,0,0,0,0,0,0,0,0,0,2,0,0,0,0,0,,1,0,FALSE
1212YKMULTI-XS,16,16,16,16,16,16,16,16,16,16,16,16,16,16,16,16,16,16,16,16,16,16,16,16,16,16,16,16,16,16,,30,30,TRUE
1213YKINDIGO-L,0,0,0,0,0,0,0,0,0,0,0,0,0,0,0,0,0,0,0,0,0,0,0,0,0,0,0,0,0,0,,0,0,TRUE
1213YKINDIGO-M,0,0,0,0,0,0,0,0,0,0,0,0,0,0,0,0,0,0,0,0,0,0,0,0,0,0,0,0,0,0,,0,0,TRUE
1213YKINDIGO-S,1,1,1,1,1,1,1,1,1,1,1,1,1,1,1,1,1,1,1,1,1,1,1,1,1,1,1,1,1,1,,30,30,TRUE
1213YKINDIGO-XL,0,0,0,0,0,0,0,0,0,0,0,0,0,0,0,0,0,0,0,0,0,0,0,0,0,0,0,0,0,0,,0,0,TRUE
1213YKINDIGO-XXL,2,2,1,0,0,0,0,0,0,0,0,0,0,0,0,0,0,0,0,0,0,0,0,0,0,0,0,0,0,2,,4,3,FALSE
1214YKTEAL-3XL,0,0,0,0,0,0,0,0,0,0,0,0,0,0,0,0,0,0,0,0,0,0,0,0,0,0,0,0,0,0,,0,0,TRUE
1214YKTEAL-4XL,0,0,0,0,0,0,0,0,0,0,0,0,0,0,0,0,0,0,0,0,0,0,0,0,0,0,0,0,0,0,,0,0,TRUE
1214YKTEAL-5XL,0,0,0,0,0,0,0,0,0,0,0,0,0,0,0,0,0,0,0,0,0,0,0,0,0,0,0,0,0,0,,0,0,TRUE
1214YKTEAL-L,0,0,0,0,0,0,0,0,0,0,0,0,0,0,0,0,0,0,0,0,0,0,0,0,0,0,0,0,0,0,,0,0,TRUE
1214YKTEAL-M,0,0,0,0,0,0,0,0,0,0,0,0,0,0,0,0,0,0,0,0,0,0,0,0,0,0,0,0,0,0,,0,0,TRUE
1214YKTEAL-S,12,12,12,12,12,12,12,12,12,12,12,11,11,11,11,11,11,11,11,11,11,11,11,10,10,10,10,10,10,11,,30,30,TRUE
1214YKTEAL-XL,0,0,0,0,0,0,0,0,0,0,0,0,0,0,0,0,0,0,0,0,0,0,0,0,0,0,0,0,0,0,,0,0,TRUE
1214YKTEAL-XS,16,16,16,16,16,16,16,16,16,16,16,16,16,16,16,16,16,16,11,11,11,11,11,11,11,11,15,15,15,15,,30,30,TRUE
1214YKTEAL-XXL,0,0,0,0,0,0,0,0,0,0,0,0,0,0,0,0,0,0,0,0,0,0,0,0,0,0,0,0,0,0,,0,0,TRUE
1215YKRED-3XL,0,0,0,0,0,0,0,0,0,0,0,0,0,0,0,0,0,0,0,0,0,0,0,0,0,0,0,0,0,0,,0,0,TRUE
1215YKRED-L,1,1,1,1,1,1,1,1,1,1,1,1,1,1,1,1,1,1,1,1,1,1,1,1,1,1,1,1,1,1,,30,30,TRUE
1215YKRED-M,0,0,0,0,0,0,0,0,0,0,0,0,0,0,0,0,0,0,0,0,0,0,0,0,0,0,0,0,0,0,,0,0,TRUE
1215YKRED-S,0,0,0,0,0,0,0,0,0,0,0,0,0,0,0,0,0,0,0,0,0,0,0,0,0,0,0,0,0,0,,0,0,TRUE
1215YKRED-XL,1,1,1,1,1,1,1,1,1,1,1,1,1,1,1,1,1,1,1,1,1,1,1,1,1,1,1,1,1,1,,30,30,TRUE
1215YKRED-XXL,0,0,0,0,0,0,0,0,0,0,0,0,0,0,0,0,0,0,0,0,0,0,0,0,0,0,0,0,0,0,,0,0,TRUE
1216YKGREEN-L,1,1,1,1,1,1,1,1,1,1,1,1,1,1,1,1,1,1,1,1,1,1,1,1,1,1,1,1,1,1,,30,30,TRUE
1216YKGREEN-M,5,5,5,5,5,5,5,5,5,5,5,5,5,5,5,5,5,5,5,5,5,5,5,5,5,5,5,5,5,5,,30,30,TRUE
1216YKGREEN-S,4,4,4,4,4,4,4,4,4,4,4,4,4,4,4,4,4,4,4,4,4,4,4,4,4,4,4,4,4,4,,30,30,TRUE
1216YKGREEN-XL,0,0,0,0,0,0,0,0,0,0,0,0,0,0,0,0,0,0,0,0,0,0,0,0,0,0,0,0,0,0,,0,0,TRUE
1216YKGREEN-XXL,0,0,0,0,0,0,0,0,0,0,0,0,0,0,0,0,0,0,0,0,0,0,0,0,0,0,0,0,0,0,,0,0,TRUE
1217YKSKYBLUE-L,0,0,0,0,0,0,0,0,0,0,0,0,0,0,0,0,0,0,0,0,0,0,0,0,0,0,0,0,0,0,,0,0,TRUE
1217YKSKYBLUE-M,0,0,0,0,0,0,0,0,0,0,0,0,0,0,0,0,0,0,0,0,0,0,0,0,0,0,0,0,0,1,,1,0,FALSE
1217YKSKYBLUE-S,31,31,31,31,31,31,31,31,31,31,31,31,31,31,31,31,31,31,28,28,28,28,28,28,28,28,28,28,28,28,,30,30,TRUE
1217YKSKYBLUE-XL,0,0,0,0,0,0,0,0,0,0,0,0,0,0,0,0,0,0,0,0,0,0,0,0,0,0,0,0,0,0,,0,0,TRUE
1217YKSKYBLUE-XS,16,16,16,16,16,16,16,16,16,16,16,16,16,16,16,16,16,16,16,16,16,16,16,16,16,16,16,16,16,16,,30,30,TRUE
1218YKGREY-5XL,0,0,0,0,0,0,0,0,0,0,0,0,0,0,0,0,0,0,0,0,0,0,0,0,0,0,0,0,0,1,,1,0,FALSE
1218YKGREY-L,52,52,52,53,53,53,53,53,53,53,53,53,53,53,53,53,53,53,52,52,52,52,52,52,52,52,52,52,52,52,,30,30,TRUE
1218YKGREY-M,45,45,47,47,47,47,47,47,47,47,47,48,48,48,48,48,48,48,48,48,48,48,48,48,48,48,58,58,58,58,,30,30,TRUE
1218YKGREY-S,19,19,22,22,22,22,22,22,22,22,22,22,22,22,22,22,22,22,22,22,22,22,22,22,22,22,22,23,23,23,,30,30,TRUE
1218YKGREY-XL,71,71,73,91,91,91,91,91,91,90,90,90,90,90,90,90,90,90,90,90,90,90,90,89,89,89,89,89,89,89,,30,30,TRUE
1218YKGREY-XS,6,6,6,7,7,7,7,7,7,7,7,7,7,7,7,7,7,7,6,6,6,6,6,6,6,6,6,6,6,6,,30,30,TRUE
1218YKGREY-XXL,42,42,44,44,44,44,44,44,44,42,42,42,42,42,42,42,42,42,42,42,42,42,42,42,42,42,41,41,41,41,,30,30,TRUE
1219YKBLACK-3XL,0,0,0,0,0,0,0,0,0,0,0,0,0,0,0,0,0,0,0,0,0,0,0,0,0,0,0,0,0,0,,0,0,TRUE
1219YKBLACK-5XL,1,1,1,1,1,1,1,1,1,1,1,1,1,1,1,1,1,1,1,1,1,1,1,1,1,1,1,1,0,1,,29,26,FALSE
1219YKBLACK-L,57,57,56,55,55,55,55,55,55,56,56,55,55,55,55,55,55,55,54,54,44,44,44,44,44,24,26,26,26,26,,30,30,TRUE
1219YKBLACK-M,86,85,85,86,86,86,86,86,85,85,85,85,85,85,85,85,85,85,84,84,84,84,84,84,84,68,68,68,70,70,,30,30,TRUE
1219YKBLACK-S,50,50,50,50,50,50,50,52,52,52,52,52,53,53,53,53,53,53,53,53,53,53,53,52,52,52,52,52,52,53,,30,30,TRUE
1219YKBLACK-XL,55,55,55,61,61,60,60,60,61,61,56,61,63,61,61,61,61,61,61,61,61,61,61,62,62,62,62,62,61,61,,30,30,TRUE
1219YKBLACK-XS,12,12,11,11,11,11,9,9,9,9,9,9,9,5,5,5,5,6,6,6,6,6,6,7,7,7,7,7,8,8,,30,30,TRUE
1219YKBLACK-XXL,67,68,68,69,69,69,69,68,68,68,68,69,69,69,69,69,69,69,69,69,68,68,68,68,68,58,65,65,65,65,,30,30,TRUE
1219YKBLUE-M,1,1,1,1,1,1,1,1,1,1,1,1,1,1,1,1,1,1,1,1,1,1,1,1,1,1,1,1,1,1,,30,30,TRUE
121YK192BROWN-L,0,0,0,0,0,0,0,0,0,0,0,0,0,0,0,0,0,0,0,0,0,0,0,0,0,0,0,0,0,0,,0,0,TRUE
121YK192BROWN-M,0,0,0,0,0,0,0,0,0,0,0,0,0,0,0,0,0,0,0,0,0,0,0,0,0,0,0,0,0,0,,0,0,TRUE
121YK192BROWN-S,0,0,0,0,0,0,0,0,0,0,0,0,0,0,0,0,0,0,0,0,0,0,0,0,0,0,0,0,0,0,,0,0,TRUE
121YK192BROWN-XL,0,0,0,0,0,0,0,0,0,0,0,0,0,0,0,0,0,0,0,0,0,0,0,0,0,0,0,0,0,0,,0,0,TRUE
121YK192BROWN-XXL,0,0,0,0,0,0,0,0,0,0,0,0,0,0,0,0,0,0,0,0,0,0,0,0,0,0,0,0,0,0,,0,0,TRUE
1220YKWHITE-3XL,21,21,21,21,21,21,21,21,21,21,21,21,21,21,21,20,20,20,20,20,20,20,20,20,20,13,13,13,13,13,,30,30,TRUE
1220YKWHITE-4XL,1,2,2,4,4,4,4,4,1,1,1,1,1,1,1,1,2,2,2,2,2,2,2,2,2,2,2,2,2,2,,30,30,TRUE
1220YKWHITE-5XL,35,35,35,38,38,38,38,38,38,38,38,38,38,33,33,33,33,33,33,33,33,33,33,33,33,23,23,23,22,16,,30,30,TRUE
1220YKWHITE-6XL,8,8,8,8,8,8,6,6,4,4,4,4,4,4,4,4,4,4,4,4,4,4,5,6,9,6,6,6,6,6,,30,30,TRUE
1220YKWHITE-7XL,10,10,10,10,9,9,7,7,4,4,3,3,3,3,3,3,3,3,3,3,3,3,3,3,7,4,4,4,4,4,,30,30,TRUE
1220YKWHITE-8XL,15,15,15,15,15,15,15,15,15,15,15,15,15,15,15,15,15,15,15,15,15,13,14,14,14,14,14,14,14,14,,30,30,TRUE
1220YKWHITE-L,9,7,8,8,7,7,7,7,2,1,1,2,1,1,1,1,1,1,1,1,1,1,1,1,11,1,1,2,2,2,,30,30,TRUE
1220YKWHITE-M,1,1,1,1,1,1,1,1,1,1,1,1,1,1,1,6,6,6,6,6,5,5,5,5,6,5,5,5,5,5,,30,30,TRUE
1220YKWHITE-S,11,12,12,11,11,10,10,10,10,5,5,5,2,1,1,1,1,4,4,4,4,4,4,4,3,3,3,3,3,3,,30,30,TRUE
1220YKWHITE-XL,5,5,5,6,5,3,2,2,2,3,3,3,3,3,3,8,7,7,2,1,1,1,1,1,3,1,1,1,-2,0,,28,28,TRUE
1220YKWHITE-XS,6,6,6,6,6,6,6,6,5,5,3,5,5,5,5,5,5,5,5,5,5,5,5,5,5,5,5,4,4,4,,30,30,TRUE
1220YKWHITE-XXL,19,20,20,21,21,15,15,15,14,9,9,9,9,9,9,8,8,8,7,7,7,7,7,7,20,7,7,7,7,6,,30,30,TRUE
1221YKMUSTARD-3XL,0,0,0,0,0,0,0,0,0,0,0,0,0,0,0,0,0,0,0,0,0,0,0,0,0,0,0,0,0,0,,0,0,TRUE
1221YKMUSTARD-4XL,0,0,0,0,0,0,0,0,0,0,0,0,0,0,0,0,0,0,0,0,0,0,0,0,0,0,0,0,0,0,,0,0,TRUE
1221YKMUSTARD-5XL,0,0,0,0,0,0,0,0,0,0,0,0,0,0,0,0,0,0,0,0,0,0,0,0,0,0,0,0,0,0,,0,0,TRUE
1221YKMUSTARD-L,0,0,0,0,0,0,0,0,0,0,0,0,0,0,0,0,0,0,0,0,0,0,0,0,0,0,0,0,0,0,,0,0,TRUE
1221YKMUSTARD-M,5,5,4,4,4,4,3,3,3,3,3,3,3,3,3,3,3,3,3,3,3,3,3,3,3,3,3,3,3,3,,30,30,TRUE
1221YKMUSTARD-S,5,5,5,5,5,5,5,5,5,5,5,5,5,5,5,5,5,5,5,5,5,5,5,5,5,5,5,5,5,5,,30,30,TRUE
1221YKMUSTARD-XL,0,0,0,0,0,0,0,0,0,0,0,0,0,0,0,0,0,0,0,0,0,0,0,0,0,0,0,0,0,0,,0,0,TRUE
1221YKMUSTARD-XS,6,6,6,6,6,6,6,6,6,6,6,6,6,6,6,6,6,6,6,6,6,6,6,6,6,6,6,6,6,6,,30,30,TRUE
1221YKMUSTARD-XXL,0,0,0,0,0,0,0,0,0,0,0,0,0,0,0,0,0,0,0,0,0,0,0,0,0,0,0,0,0,0,,0,0,TRUE
1222YKBLUE-3XL,14,19,19,19,20,19,18,17,17,17,17,17,18,18,18,17,17,17,16,16,16,16,16,17,32,16,16,17,17,17,,30,30,TRUE
1222YKBLUE-4XL,41,52,51,49,48,44,44,43,42,45,45,45,46,42,42,38,38,38,36,36,33,33,33,33,37,27,26,31,31,30,,30,30,TRUE
1222YKBLUE-5XL,109,114,112,111,110,110,109,109,109,111,111,111,110,111,111,108,107,107,106,106,106,105,105,105,105,103,102,102,102,100,,30,30,TRUE
1222YKBLUE-L,45,45,50,51,51,51,51,51,50,50,50,49,49,45,45,45,44,44,44,44,40,39,39,39,38,39,39,39,39,39,,30,30,TRUE
1222YKBLUE-M,27,27,27,27,27,27,27,26,26,26,25,26,26,26,26,24,24,24,24,24,24,23,23,23,23,20,20,20,20,20,,30,30,TRUE
1222YKBLUE-S,43,43,43,43,43,43,43,43,43,43,43,43,43,43,43,40,37,37,37,37,37,37,37,37,37,37,40,40,40,40,,30,30,TRUE
1222YKBLUE-XL,41,41,41,42,42,42,41,41,33,33,23,30,30,30,30,28,28,28,26,26,26,26,26,26,26,14,14,14,14,14,,30,30,TRUE
1222YKBLUE-XS,11,11,11,11,11,11,11,11,11,11,11,10,10,10,10,10,10,10,10,10,10,10,10,10,10,13,13,13,13,13,,30,30,TRUE
1222YKBLUE-XXL,38,47,47,48,48,48,48,48,46,46,46,45,44,44,44,42,42,42,37,37,37,36,36,35,35,35,35,35,35,35,,30,30,TRUE
1223YKPEACH-3XL,0,0,0,0,0,0,0,0,0,0,0,0,0,0,0,0,0,0,0,0,0,0,0,0,0,0,0,0,0,0,,0,0,TRUE
1223YKPEACH-4XL,0,0,0,0,0,0,0,0,0,0,0,0,0,0,0,0,0,0,0,0,0,0,0,0,0,0,0,0,0,0,,0,0,TRUE
1223YKPEACH-5XL,0,0,0,0,0,0,0,0,0,0,0,0,0,0,0,0,0,0,0,0,0,0,0,0,0,0,0,0,0,0,,0,0,TRUE
1223YKPEACH-L,4,4,4,4,4,4,4,3,3,3,3,3,3,2,2,1,1,1,1,1,1,1,1,1,1,1,4,5,5,5,,30,30,TRUE
1223YKPEACH-M,16,17,17,17,17,17,17,17,17,17,10,17,17,17,17,17,17,17,16,16,16,16,16,16,16,16,17,17,17,17,,30,30,TRUE
1223YKPEACH-S,27,27,27,27,27,27,27,27,27,27,17,27,27,27,27,27,27,27,27,27,27,27,27,27,27,27,27,27,27,28,,30,30,TRUE
1223YKPEACH-XL,0,0,0,0,0,0,0,0,0,0,0,0,0,0,0,0,0,0,0,0,0,0,0,0,0,0,0,0,0,0,,0,0,TRUE
1223YKPEACH-XS,8,8,8,8,8,8,8,8,8,8,8,8,8,8,8,8,8,8,8,8,8,8,8,8,8,8,8,8,8,8,,30,30,TRUE
1223YKPEACH-XXL,0,0,0,0,0,0,0,0,0,0,0,0,0,0,0,0,0,0,0,0,0,0,0,0,0,0,0,0,0,0,,0,0,TRUE
1224YKPINK-3XL,51,51,51,51,50,50,50,50,49,49,49,49,49,49,49,49,49,49,48,48,47,47,47,46,45,46,46,46,47,46,,30,30,TRUE
1224YKPINK-4XL,74,74,72,72,73,71,71,69,65,65,63,63,63,63,63,62,62,62,62,62,62,62,62,61,60,51,51,51,47,47,,30,30,TRUE
1224YKPINK-5XL,64,64,63,63,63,63,62,62,62,63,63,63,63,63,63,60,60,60,60,61,61,61,61,61,61,56,56,56,56,55,,30,30,TRUE
1224YKPINK-6XL,24,24,24,24,24,23,23,23,22,22,22,22,22,22,22,22,22,22,22,22,22,22,22,21,20,21,21,21,11,11,,30,30,TRUE
1224YKPINK-7XL,17,17,21,21,21,21,21,21,21,21,21,20,20,18,18,18,18,18,18,18,18,18,18,18,18,18,18,18,18,18,,30,30,TRUE
1224YKPINK-8XL,15,15,20,19,19,19,17,16,17,16,16,16,18,18,18,18,18,18,18,18,17,17,17,17,17,17,16,17,15,15,,30,30,TRUE
1224YKPINK-L,9,9,11,12,12,10,10,10,8,8,8,8,8,7,7,5,5,5,5,5,5,5,5,5,5,3,3,3,3,3,,30,30,TRUE
1224YKPINK-M,22,22,22,22,22,22,22,22,22,22,22,22,23,23,23,23,23,23,19,19,19,19,19,19,19,19,19,19,19,19,,30,30,TRUE
1224YKPINK-S,22,22,22,22,22,22,22,22,22,22,22,22,22,22,22,22,22,22,22,22,22,22,22,22,22,22,22,22,22,22,,30,30,TRUE
1224YKPINK-XL,34,34,37,37,38,35,35,33,33,33,33,33,33,33,33,33,33,33,33,33,33,33,33,33,32,32,32,32,32,32,,30,30,TRUE
1224YKPINK-XS,20,20,20,20,20,20,20,20,20,20,20,20,20,20,20,20,20,20,20,20,20,20,20,20,20,20,20,20,20,20,,30,30,TRUE
1224YKPINK-XXL,38,38,43,44,44,44,44,44,43,42,41,41,41,41,41,41,41,41,41,41,41,41,41,41,41,41,41,41,41,40,,30,30,TRUE
1225YKTEAL-4XL,0,0,0,0,0,0,0,0,0,0,0,0,0,0,0,0,0,0,0,0,0,0,0,0,0,0,0,0,0,0,,0,0,TRUE
1225YKTEAL-L,0,0,0,0,0,0,0,0,0,0,0,0,0,0,0,0,0,0,0,0,0,0,0,0,0,0,0,0,0,0,,0,0,TRUE
1225YKTEAL-M,0,0,0,0,0,0,0,0,0,0,0,0,0,0,0,0,0,0,0,0,0,0,0,0,0,0,0,0,0,0,,0,0,TRUE
1225YKTEAL-S,0,0,0,0,0,0,0,0,0,0,0,0,0,0,0,0,0,0,0,0,0,0,0,0,0,0,0,0,0,0,,0,0,TRUE
1225YKTEAL-XL,0,0,0,0,0,0,0,0,0,0,0,0,0,0,0,0,0,0,0,0,0,0,0,0,0,0,0,0,0,0,,0,0,TRUE
1225YKTEAL-XXL,0,0,0,0,0,0,0,0,0,0,0,0,0,0,0,0,0,0,0,0,0,0,0,0,0,0,0,0,0,0,,0,0,TRUE
1226YKBLUE-L,0,0,0,0,0,0,0,0,0,0,0,0,0,0,0,0,0,0,0,0,0,0,0,0,0,0,0,0,-1,0,,0,0,TRUE
1226YKBLUE-M,0,0,0,0,0,0,0,0,0,0,0,0,0,0,0,0,0,0,0,0,0,0,0,0,0,0,0,0,0,0,,0,0,TRUE
1226YKBLUE-S,0,0,0,0,0,0,0,0,0,0,0,0,0,0,0,0,0,0,0,0,0,0,0,0,0,0,0,0,0,0,,0,0,TRUE
1226YKBLUE-XL,0,0,0,0,0,0,0,0,0,0,0,0,0,0,0,0,0,0,0,0,0,0,0,0,0,0,0,0,0,1,,1,0,FALSE
1226YKBLUE-XXL,0,0,0,0,0,0,0,0,0,0,0,0,0,0,0,0,0,0,0,0,0,0,0,0,0,0,0,0,0,0,,0,0,TRUE
1227YKBLUE-3XL,4,5,4,4,5,4,4,4,2,1,2,2,2,2,2,2,2,2,1,1,1,1,1,1,3,1,1,1,1,1,,30,30,TRUE
1227YKBLUE-4XL,4,4,4,4,3,4,2,3,2,2,2,2,1,1,1,1,1,1,1,1,1,1,1,1,2,1,1,1,1,1,,30,30,TRUE
1227YKBLUE-5XL,0,0,0,0,0,0,0,0,0,0,0,0,0,0,0,0,0,0,0,0,0,0,0,0,0,0,0,0,1,1,,2,2,TRUE
1227YKBLUE-L,2,2,2,2,2,2,2,2,2,2,2,2,2,2,2,2,2,2,2,2,1,1,1,1,1,1,1,1,1,1,,30,30,TRUE
1227YKBLUE-M,1,1,1,1,1,1,1,1,1,1,1,1,1,1,1,2,2,2,1,1,1,1,1,1,2,1,1,0,0,5,,28,28,TRUE
1227YKBLUE-S,13,12,12,12,12,12,12,12,12,13,8,12,12,12,12,12,12,12,11,11,11,11,11,10,10,10,4,4,4,4,,30,30,TRUE
1227YKBLUE-XL,0,0,0,0,0,0,0,0,0,0,0,2,2,2,2,2,2,2,2,2,2,2,2,1,1,1,1,1,1,1,,19,19,TRUE
1227YKBLUE-XXL,17,17,20,19,19,16,15,15,14,14,14,14,14,14,14,13,13,13,13,13,13,13,13,12,12,13,13,13,13,12,,30,30,TRUE
1228YKWHITE-3XL,0,0,0,0,0,0,0,0,0,0,0,0,0,0,0,0,0,0,0,0,0,0,0,0,0,0,0,0,0,0,,0,0,TRUE
1228YKWHITE-4XL,0,0,0,0,0,0,0,0,0,0,0,0,0,0,0,0,0,0,0,0,0,0,0,0,0,0,0,0,0,0,,0,0,TRUE
1228YKWHITE-5XL,0,0,0,0,0,0,0,0,0,0,0,0,0,0,0,0,0,0,0,0,0,0,0,0,0,0,0,0,0,0,,0,0,TRUE
1228YKWHITE-L,6,6,6,6,6,6,6,6,6,6,3,5,5,4,4,4,4,4,4,4,4,4,4,4,4,4,4,4,4,4,,30,30,TRUE
1228YKWHITE-M,6,6,6,6,6,6,6,6,6,6,6,6,6,6,6,6,6,6,6,6,6,6,6,6,6,6,6,6,6,6,,30,30,TRUE
1228YKWHITE-S,26,26,26,26,26,26,26,26,26,26,26,26,26,26,26,26,26,26,26,26,26,26,26,26,26,26,26,26,26,26,,30,30,TRUE
1228YKWHITE-XL,1,1,1,1,1,1,1,1,1,1,1,1,1,1,1,0,0,0,0,0,0,0,0,0,0,0,0,0,0,1,,16,14,FALSE
1228YKWHITE-XS,19,19,19,19,19,19,19,19,19,19,14,19,19,19,19,19,19,19,19,19,19,19,19,19,19,19,19,19,19,19,,30,30,TRUE
1228YKWHITE-XXL,0,0,0,0,0,0,0,0,0,0,0,0,0,0,0,0,0,0,0,0,0,0,0,0,0,0,0,0,0,0,,0,0,TRUE
1229YKBLUE-L,0,0,0,0,0,0,0,0,0,0,0,0,0,0,0,0,0,0,0,0,0,0,0,0,0,0,0,0,0,0,,0,0,TRUE
1229YKBLUE-M,0,0,0,0,0,0,0,0,0,0,0,0,0,0,0,0,0,0,0,0,0,0,0,0,0,0,0,0,0,0,,0,0,TRUE
1229YKBLUE-S,2,2,2,2,2,2,2,2,2,1,1,1,1,1,1,1,1,1,1,1,1,1,1,1,1,1,1,1,1,1,,30,30,TRUE
1229YKBLUE-XL,0,0,0,0,0,0,0,0,0,0,0,0,0,0,0,0,0,0,0,0,0,0,0,0,0,0,0,0,0,0,,0,0,TRUE
1229YKBLUE-XXL,0,0,0,0,0,0,0,0,0,0,0,0,0,0,0,0,0,0,0,0,0,0,0,0,0,0,0,0,0,0,,0,0,TRUE
122YK194BLUE-L,0,0,0,0,0,0,0,0,0,0,0,0,0,0,0,0,0,0,0,0,0,0,0,0,0,0,0,0,0,0,,0,0,TRUE
122YK194BLUE-M,0,0,0,0,0,0,0,0,0,0,0,0,0,0,0,0,0,0,0,0,0,0,0,0,0,0,0,0,0,0,,0,0,TRUE
122YK194BLUE-S,1,1,1,1,1,1,1,1,1,1,1,1,1,1,1,1,1,1,1,1,1,1,1,1,1,1,1,1,1,1,,30,30,TRUE
1230YKGREEN-L,0,0,0,0,0,0,0,0,0,0,0,0,0,0,0,0,0,0,0,0,0,0,0,0,0,0,0,0,0,0,,0,0,TRUE
1230YKGREEN-M,0,0,0,0,0,0,0,0,0,0,0,0,0,0,0,0,0,0,0,0,0,0,0,0,0,0,0,0,0,0,,0,0,TRUE
1230YKGREEN-S,0,0,0,0,0,0,0,0,0,0,0,0,0,0,0,0,0,0,0,0,0,0,0,0,0,0,0,0,0,0,,0,0,TRUE
1230YKGREEN-XL,0,0,0,0,0,0,0,0,0,0,0,0,0,0,0,0,0,0,0,0,0,0,0,0,0,0,0,0,0,0,,0,0,TRUE
1230YKGREEN-XXL,0,0,0,0,0,0,0,0,0,0,0,0,0,0,0,0,0,0,0,0,0,0,0,0,0,0,0,0,0,0,,0,0,TRUE
1231YKPINK-3XL,0,0,0,0,0,0,0,0,0,0,0,0,0,0,0,0,0,0,0,0,0,0,0,0,0,0,0,0,0,1,,1,0,FALSE
1231YKPINK-4XL,0,0,0,0,0,0,0,0,0,0,0,0,0,0,0,0,0,0,0,0,0,0,0,0,0,0,0,0,0,0,,0,0,TRUE
1231YKPINK-5XL,0,0,0,0,0,0,0,0,0,0,0,0,0,0,0,0,0,0,0,0,0,0,0,0,0,0,0,0,0,0,,0,0,TRUE
1231YKPINK-L,0,0,0,0,0,0,0,0,0,0,0,0,0,0,0,0,0,0,0,0,0,0,0,0,0,0,0,0,0,0,,0,0,TRUE
1231YKPINK-M,2,2,2,2,2,2,2,2,2,2,2,2,2,2,2,1,1,1,1,1,1,1,1,1,1,1,2,2,2,2,,30,30,TRUE
1231YKPINK-S,2,2,2,2,2,2,2,2,2,2,2,2,2,2,2,2,2,2,2,2,2,2,2,2,2,2,2,2,2,2,,30,30,TRUE
1231YKPINK-XL,0,0,0,0,0,0,0,0,0,0,0,0,0,0,0,0,0,0,0,0,0,0,0,0,0,0,0,0,0,0,,0,0,TRUE
1231YKPINK-XXL,0,0,0,0,0,0,0,0,0,0,0,0,0,0,0,0,0,0,0,0,0,0,0,0,0,0,0,0,0,0,,0,0,TRUE
1232YKGREEN-3XL,0,0,0,0,0,0,0,0,0,0,0,0,0,0,0,0,0,0,0,0,0,0,0,0,0,0,0,0,0,0,,0,0,TRUE
1232YKGREEN-4XL,0,0,0,0,0,0,0,0,0,0,0,0,0,0,0,0,0,0,0,0,0,0,0,0,0,0,0,0,0,0,,0,0,TRUE
1232YKGREEN-5XL,0,0,0,0,0,0,0,0,0,0,0,0,0,0,0,0,0,0,0,0,0,0,0,0,0,0,0,0,0,0,,0,0,TRUE
1232YKGREEN-L,0,0,0,0,0,0,0,0,0,0,0,0,0,0,0,0,0,0,0,0,0,0,0,0,0,0,0,0,0,0,,0,0,TRUE
1232YKGREEN-M,0,0,0,0,0,0,0,0,0,0,0,0,0,0,0,0,0,0,0,0,0,0,0,0,0,0,0,0,0,0,,0,0,TRUE
1232YKGREEN-S,7,7,7,7,7,7,7,7,7,7,7,7,7,7,7,7,7,7,3,3,3,3,3,3,3,3,7,7,7,7,,30,30,TRUE
1232YKGREEN-XL,0,0,0,0,0,0,0,0,0,0,0,0,0,0,0,0,0,0,0,0,0,0,0,0,0,0,0,0,0,0,,0,0,TRUE
1232YKGREEN-XS,0,0,0,0,0,0,0,0,0,0,0,0,0,0,0,0,0,0,0,0,0,0,0,0,0,0,0,0,0,0,,0,0,TRUE
1232YKGREEN-XXL,0,0,0,0,0,0,0,0,0,0,0,0,0,0,0,0,0,0,0,0,0,0,0,0,0,0,0,0,0,0,,0,0,TRUE
1233YKMUSTARD-3XL,0,0,0,0,0,0,0,0,0,0,0,0,0,0,0,0,0,0,0,0,0,0,0,0,0,0,0,0,0,0,,0,0,TRUE
1233YKMUSTARD-4XL,0,0,0,0,0,0,0,0,0,0,0,0,0,0,0,0,0,0,0,0,0,0,0,0,0,0,0,0,0,0,,0,0,TRUE
1233YKMUSTARD-5XL,0,0,0,0,0,0,0,0,0,0,0,0,0,0,0,0,0,0,0,0,0,0,0,0,0,0,0,0,0,0,,0,0,TRUE
1233YKMUSTARD-L,0,0,0,0,0,0,0,0,0,0,0,0,0,0,0,0,0,0,0,0,0,0,0,0,0,0,0,0,0,0,,0,0,TRUE
1233YKMUSTARD-M,0,0,0,0,0,0,0,0,0,0,0,0,0,0,0,0,0,0,0,0,0,0,0,0,0,0,0,0,0,1,,1,0,FALSE
1233YKMUSTARD-S,7,7,7,7,6,6,6,6,6,6,6,6,6,6,6,6,6,6,6,6,6,6,6,6,6,6,6,6,6,6,,30,30,TRUE
1233YKMUSTARD-XL,1,1,1,1,1,1,1,1,1,1,3,3,3,3,3,3,3,3,3,3,3,3,3,3,3,3,3,3,3,3,,30,30,TRUE
1233YKMUSTARD-XS,6,6,6,7,7,8,8,8,8,8,8,8,8,8,8,8,8,8,8,8,8,8,8,8,8,8,8,8,8,8,,30,30,TRUE
1233YKMUSTARD-XXL,0,0,0,0,0,0,0,0,0,0,0,0,0,0,0,0,0,0,0,0,0,0,0,0,0,0,0,0,0,0,,0,0,TRUE
1234DPT20WHITE-3XL,1,1,1,0,0,1,1,0,0,0,0,0,0,1,1,1,1,1,0,0,0,0,1,1,1,1,1,1,0,1,,17,13,FALSE
1234DPT20WHITE-4XL,0,0,0,1,1,0,0,0,0,0,0,0,1,0,0,0,0,0,0,0,0,0,0,0,0,0,0,0,0,1,,4,3,FALSE
1234DPT20WHITE-5XL,0,0,0,0,0,0,0,0,0,0,0,0,0,0,0,0,0,0,0,0,0,0,0,1,1,1,1,1,0,1,,6,3,FALSE
1234DPT20WHITE-6XL,0,0,0,0,0,0,0,0,0,0,0,0,0,0,0,0,0,0,0,0,0,0,0,0,0,0,0,0,0,1,,1,0,FALSE
1234DPT20WHITE-7XL,1,1,1,2,2,1,1,1,1,1,1,1,1,0,0,0,0,0,0,0,0,0,1,1,1,1,1,1,1,1,,21,21,TRUE
1234DPT20WHITE-8XL,0,0,0,0,0,0,0,0,0,0,0,0,0,1,1,0,0,0,0,0,0,0,0,0,0,0,0,0,0,0,,2,2,TRUE
1234DPT20WHITE-L,0,0,0,0,0,0,0,0,0,0,0,0,0,0,0,0,0,0,0,0,0,0,1,1,1,1,1,1,0,1,,7,2,FALSE
1234DPT20WHITE-M,0,0,0,0,0,0,0,0,0,0,0,0,0,0,0,0,0,0,0,0,0,0,0,0,0,1,1,1,0,1,,4,3,FALSE
1234DPT20WHITE-S,12,12,12,12,12,11,10,10,2,0,0,0,0,0,0,1,1,1,1,1,1,1,1,1,1,1,1,1,1,1,,24,23,FALSE
1234DPT20WHITE-XL,0,0,0,0,0,1,0,0,0,0,0,0,0,1,1,1,1,1,1,1,1,0,0,1,0,1,1,1,0,1,,14,12,FALSE
1234DPT20WHITE-XS,0,0,0,0,0,0,0,0,0,0,0,0,0,0,0,0,0,0,0,0,0,0,0,0,0,0,0,0,0,0,,0,0,TRUE
1234DPT20WHITE-XXL,0,0,0,0,0,1,0,0,0,0,0,0,1,1,1,2,2,2,2,1,0,0,0,0,0,0,0,0,0,3,,10,9,FALSE
1234KDOWHITE-11-12,0,0,0,0,0,0,0,0,0,0,0,0,0,0,0,0,0,0,0,0,0,0,0,0,0,0,0,0,0,0,,0,0,TRUE
1234KDOWHITE-13-14,0,0,0,0,0,0,0,0,0,0,0,0,0,0,0,0,0,0,0,0,0,0,0,0,0,0,0,0,0,0,,0,0,TRUE
1234KDOWHITE-7-8,1,1,1,1,1,1,1,1,1,1,1,1,1,2,2,2,2,2,2,2,2,2,2,2,2,2,2,2,2,2,,30,30,TRUE
1234KDOWHITE-9-10,1,1,1,1,1,1,1,1,1,1,1,1,1,1,1,1,1,1,1,1,1,1,1,1,1,1,1,1,1,1,,30,30,TRUE
1234YKOWHITE-3XL,2,2,2,3,2,1,1,0,0,0,0,0,0,0,0,1,1,1,0,0,0,0,1,1,1,1,1,1,0,0,,16,15,FALSE
1234YKOWHITE-4XL,0,0,0,2,3,2,1,1,1,1,1,1,2,2,2,1,1,1,0,0,0,0,0,0,0,0,0,0,0,2,,16,13,FALSE
1234YKOWHITE-5XL,0,0,0,0,0,0,0,0,0,0,0,0,0,0,0,0,0,0,0,0,0,0,0,1,4,1,0,0,0,0,,3,3,TRUE
1234YKOWHITE-6XL,0,0,0,0,0,0,0,0,0,0,0,0,0,0,0,0,0,0,0,0,0,0,0,0,2,0,0,0,0,0,,1,0,FALSE
1234YKOWHITE-7XL,1,1,1,1,2,1,1,1,1,1,1,1,1,1,1,0,0,0,0,0,0,0,1,1,1,1,1,1,1,1,,23,22,FALSE
1234YKOWHITE-8XL,1,1,1,1,1,1,1,1,1,1,1,1,1,1,1,1,1,1,1,1,1,0,0,0,2,0,0,0,1,1,,24,23,FALSE
1234YKOWHITE-L,0,0,0,0,0,0,0,0,0,0,0,0,0,0,0,0,0,0,0,0,0,0,1,1,1,1,1,1,0,1,,7,3,FALSE
1234YKOWHITE-M,1,2,2,3,2,2,2,2,0,0,0,0,0,0,0,2,2,2,2,2,2,2,2,2,1,3,3,2,2,2,,23,23,TRUE
1234YKOWHITE-S,17,17,17,17,17,17,16,17,8,5,5,4,4,4,4,5,5,5,5,5,5,5,5,5,13,5,5,5,5,5,,30,30,TRUE
1234YKOWHITE-XL,0,0,0,1,1,1,0,0,0,0,0,0,0,0,0,1,1,1,1,1,1,0,0,1,0,1,1,1,0,0,,13,12,FALSE
1234YKOWHITE-XS,1,1,1,1,1,1,1,1,1,1,1,1,1,1,1,1,1,1,1,1,1,1,1,1,1,1,1,1,1,1,,30,30,TRUE
1234YKOWHITE-XXL,0,0,0,1,1,1,0,0,0,0,0,0,1,1,1,1,2,2,2,1,0,0,0,0,2,0,0,0,0,0,,12,11,FALSE
1235YKDENIM-3XL,0,0,0,0,0,0,0,0,0,0,0,0,0,0,0,0,0,0,0,0,0,0,0,0,0,0,0,0,0,0,,0,0,TRUE
1235YKDENIM-L,0,0,0,0,0,0,0,0,0,0,0,0,0,0,0,0,0,0,0,0,0,0,0,0,0,0,0,0,0,0,,0,0,TRUE
1235YKDENIM-M,0,0,0,0,0,0,0,0,0,0,0,0,0,0,0,0,0,0,0,0,0,0,0,0,0,0,0,0,0,0,,0,0,TRUE
1235YKDENIM-S,0,0,0,0,0,0,0,0,0,0,0,0,0,0,0,0,0,0,0,0,0,0,0,0,0,0,0,0,0,0,,0,0,TRUE
1235YKDENIM-XL,0,0,0,0,0,0,0,0,0,0,0,0,0,0,0,0,0,0,0,0,0,0,0,0,0,0,0,0,0,0,,0,0,TRUE
1235YKDENIM-XS,0,0,0,0,0,0,0,0,0,0,0,0,0,0,0,0,0,0,0,0,0,0,0,0,0,0,0,0,0,0,,0,0,TRUE
1235YKDENIM-XXL,0,0,0,0,0,0,0,0,0,0,0,0,0,0,0,0,0,0,0,0,0,0,0,0,0,0,0,0,0,0,,0,0,TRUE
1236YKPINK-3XL,1,1,1,1,1,1,1,1,1,1,1,1,1,1,1,1,1,1,1,1,1,1,1,1,1,1,1,1,1,1,,30,30,TRUE
1236YKPINK-4XL,0,0,0,0,0,0,0,0,0,0,0,0,0,0,0,0,0,0,0,0,0,0,0,0,0,0,0,0,0,0,,0,0,TRUE
1236YKPINK-5XL,0,0,0,0,0,0,0,0,0,0,0,0,0,0,0,0,0,0,0,0,0,0,0,0,0,0,0,0,0,0,,0,0,TRUE
1236YKPINK-L,18,18,18,18,18,18,18,18,18,18,18,18,18,18,18,18,18,18,14,14,14,14,14,14,14,14,14,14,14,14,,30,30,TRUE
1236YKPINK-M,18,18,18,18,18,18,18,18,18,18,15,18,18,18,18,18,18,18,18,18,18,18,18,18,18,18,18,18,18,18,,30,30,TRUE
1236YKPINK-S,8,8,8,8,8,8,8,8,8,8,11,11,11,11,11,11,10,10,10,10,10,10,10,10,10,10,10,10,10,12,,30,30,TRUE
1236YKPINK-XL,1,1,1,1,1,1,1,1,1,1,1,1,1,1,1,1,1,1,1,1,1,1,1,1,1,1,1,1,1,1,,30,30,TRUE
1236YKPINK-XS,13,13,13,13,13,13,13,13,13,13,11,13,13,13,13,13,13,15,15,15,15,15,15,15,15,15,15,15,15,15,,30,30,TRUE
1236YKPINK-XXL,3,3,3,3,3,3,3,3,3,3,3,3,3,3,3,3,3,3,3,3,3,3,3,3,3,3,3,3,3,3,,30,30,TRUE
1237YKGREEN-3XL,1,1,1,1,1,1,1,1,1,1,1,1,1,1,1,1,1,1,1,1,1,0,0,0,0,0,0,0,0,1,,22,21,FALSE
1237YKGREEN-L,0,0,0,0,0,0,0,0,0,0,0,0,0,0,0,0,0,0,0,0,0,0,0,0,0,0,0,0,0,0,,0,0,TRUE
1237YKGREEN-M,0,0,0,0,0,0,0,0,0,0,0,0,0,0,0,0,0,0,0,0,0,0,0,0,0,0,0,0,0,0,,0,0,TRUE
1237YKGREEN-S,0,0,0,0,0,0,0,0,0,0,0,0,0,0,0,0,0,0,0,0,0,0,0,0,0,0,0,0,0,0,,0,0,TRUE
1237YKGREEN-XL,0,0,0,0,0,0,0,0,0,0,0,0,0,0,0,0,0,0,0,0,0,0,0,0,0,0,0,0,0,0,,0,0,TRUE
1237YKGREEN-XXL,0,0,0,0,0,0,0,0,0,0,0,0,0,0,0,0,0,0,0,0,0,0,0,0,0,0,0,0,0,0,,0,0,TRUE
1238YKWHITE-3XL,1,1,1,1,1,1,1,1,1,1,1,1,1,1,1,1,1,1,1,1,1,1,1,1,1,1,1,1,1,1,,30,30,TRUE
1238YKWHITE-4XL,0,0,0,0,0,0,0,0,0,0,0,0,0,0,0,0,0,0,0,0,0,0,0,0,0,0,0,0,0,0,,0,0,TRUE
1238YKWHITE-5XL,0,0,0,0,0,0,0,0,0,0,0,0,0,0,0,0,0,0,0,0,0,0,0,0,0,0,0,0,0,0,,0,0,TRUE
1238YKWHITE-L,0,0,0,0,0,0,0,0,0,0,0,0,0,1,1,1,1,1,1,1,1,1,1,0,0,0,0,0,0,0,,10,9,FALSE
1238YKWHITE-M,0,0,0,0,0,0,0,0,0,0,0,0,0,0,0,0,0,0,0,0,0,0,0,0,0,0,0,0,0,1,,1,0,FALSE
1238YKWHITE-S,7,7,7,7,7,7,7,7,7,7,5,7,7,7,7,7,7,7,7,7,7,7,7,7,7,7,7,7,7,7,,30,30,TRUE
1238YKWHITE-XL,0,0,0,0,0,0,0,0,0,0,0,0,0,0,0,0,0,0,0,0,0,0,0,0,0,0,0,0,0,0,,0,0,TRUE
1238YKWHITE-XS,11,11,11,11,11,11,11,11,11,11,9,11,11,11,11,11,11,11,11,11,11,11,11,11,11,11,11,11,11,11,,30,30,TRUE
1238YKWHITE-XXL,0,0,0,0,0,0,0,0,0,0,0,0,0,0,0,0,0,0,0,0,0,0,0,0,0,0,0,0,0,0,,0,0,TRUE
1239YKBLACK-L,0,0,0,0,0,0,0,0,0,0,0,0,0,0,0,0,0,0,0,0,0,0,0,0,0,0,0,0,0,0,,0,0,TRUE
1239YKBLACK-M,0,0,0,0,0,0,0,0,0,0,0,0,0,0,0,0,0,0,0,0,0,0,0,0,0,0,0,0,0,0,,0,0,TRUE
1239YKBLACK-S,0,0,0,0,0,0,0,0,0,0,0,0,0,0,0,0,0,0,0,0,0,0,0,0,0,0,0,0,0,0,,0,0,TRUE
1239YKBLACK-XL,0,0,0,0,0,0,0,0,0,0,0,0,0,0,0,0,0,0,0,0,0,0,0,0,0,0,0,0,0,0,,0,0,TRUE
1239YKBLACK-XXL,0,0,0,0,0,0,0,0,0,0,0,0,0,0,0,0,0,0,0,0,0,0,0,0,0,0,0,0,0,1,,1,0,FALSE
1240YKBLACK-3XL,0,0,0,0,0,0,0,0,0,0,0,0,0,0,0,0,0,0,0,0,0,0,0,0,0,0,0,0,0,0,,0,0,TRUE
1240YKBLACK-L,2,2,2,2,2,2,2,2,2,2,2,2,2,2,2,2,2,2,2,2,2,2,2,2,2,2,2,2,2,2,,30,30,TRUE
1240YKBLACK-M,0,0,0,0,1,1,1,1,1,1,1,1,1,1,1,1,1,1,1,1,1,1,1,0,0,0,0,0,1,1,,21,20,FALSE
1240YKBLACK-S,19,20,23,23,23,23,23,23,23,23,23,23,23,23,23,23,23,23,22,22,22,22,22,23,23,23,23,23,23,23,,30,30,TRUE
1240YKBLACK-XL,0,0,0,0,0,0,0,0,0,0,0,0,0,0,0,0,0,0,0,0,0,0,0,0,0,0,0,0,0,0,,0,0,TRUE
1240YKBLACK-XS,15,15,15,15,15,15,15,15,15,15,15,15,15,15,15,15,15,15,15,15,15,15,15,15,15,15,15,15,15,15,,30,30,TRUE
1242YKBLUE-3XL,5,5,5,4,4,4,4,4,2,2,2,2,2,1,1,1,1,1,1,1,1,1,1,1,2,1,1,1,2,2,,30,30,TRUE
1242YKBLUE-4XL,6,6,6,6,6,6,6,6,5,5,3,3,3,3,3,3,3,3,3,3,3,3,3,3,3,3,3,3,3,3,,30,30,TRUE
1242YKBLUE-5XL,5,5,5,5,5,5,5,5,5,5,5,5,5,4,4,3,3,3,2,2,2,2,2,2,2,2,2,2,2,2,,30,30,TRUE
1242YKBLUE-L,1,1,1,1,1,1,1,1,1,1,1,1,1,1,1,1,1,1,1,1,0,0,0,0,0,0,0,0,0,2,,21,20,FALSE
1242YKBLUE-M,0,0,0,0,0,0,0,0,0,0,0,0,0,0,0,0,0,0,0,0,0,0,0,0,0,0,0,0,0,0,,0,0,TRUE
1242YKBLUE-S,9,9,9,9,9,9,9,9,9,9,4,9,9,9,9,9,9,9,9,9,9,9,9,9,9,9,9,9,9,8,,30,30,TRUE
1242YKBLUE-XL,0,0,0,0,0,0,0,0,0,0,0,0,0,0,0,0,0,0,0,0,0,0,0,0,0,0,0,0,0,0,,0,0,TRUE
1242YKBLUE-XS,3,3,8,8,8,8,8,8,8,8,8,8,8,8,8,8,8,8,8,8,8,8,8,8,8,8,8,8,8,8,,30,30,TRUE
1242YKBLUE-XXL,0,0,0,0,0,0,0,0,0,0,0,0,0,0,0,0,0,0,0,0,0,0,0,0,0,0,0,0,0,0,,0,0,TRUE
1243YKBLUE-L,0,0,0,0,0,0,0,0,0,0,0,0,0,0,0,0,0,0,0,0,0,0,0,0,0,0,0,0,0,0,,0,0,TRUE
1243YKBLUE-M,1,1,1,1,1,1,1,1,1,1,1,1,1,1,1,1,1,1,1,1,1,1,1,1,1,1,1,1,1,1,,30,30,TRUE
1243YKBLUE-S,0,0,0,0,0,0,0,0,0,0,0,0,0,0,0,0,0,0,0,0,0,0,0,0,0,0,0,0,0,0,,0,0,TRUE
1243YKBLUE-XL,0,0,0,0,0,0,0,0,0,0,0,0,0,0,0,0,0,0,0,0,0,0,0,0,0,0,0,0,0,1,,1,0,FALSE
1243YKBLUE-XXL,0,0,0,0,0,0,0,0,0,0,0,0,0,0,0,0,0,0,0,0,0,0,0,0,0,0,0,0,0,0,,0,0,TRUE
1244YKBLACK-3XL,21,35,35,38,38,38,38,38,35,35,35,35,35,35,35,33,34,34,34,34,34,34,35,35,35,35,34,33,33,33,,30,30,TRUE
1244YKBLACK-4XL,24,44,43,44,44,39,39,39,34,33,33,33,33,29,29,24,24,24,24,24,22,55,56,56,56,56,55,55,55,55,,30,30,TRUE
1244YKBLACK-5XL,45,62,61,61,60,56,55,54,53,52,52,51,49,49,49,46,46,46,45,45,44,62,62,62,62,57,57,57,57,57,,30,30,TRUE
1244YKBLACK-6XL,17,18,18,18,18,12,12,12,6,6,6,6,6,6,6,5,28,28,28,28,27,29,29,30,28,30,30,30,30,30,,30,30,TRUE
1244YKBLACK-7XL,18,18,16,16,14,13,13,14,14,14,14,14,14,10,10,10,38,38,38,38,33,33,33,33,33,33,33,34,34,34,,30,30,TRUE
1244YKBLACK-8XL,7,7,7,8,7,7,7,7,7,7,7,7,7,7,7,6,6,6,5,2,4,44,44,44,44,41,41,42,38,38,,30,30,TRUE
1244YKBLACK-L,14,14,14,14,14,14,14,14,14,14,14,14,14,14,14,13,40,40,40,40,40,40,40,40,40,40,40,40,40,40,,30,30,TRUE
1244YKBLACK-M,34,41,41,41,41,41,41,41,43,43,42,42,42,42,42,42,43,43,43,43,42,42,42,42,42,42,42,42,42,42,,30,30,TRUE
1244YKBLACK-S,36,36,36,36,36,36,36,36,36,36,35,36,36,36,36,36,36,36,36,36,36,36,36,36,36,36,36,36,37,37,,30,30,TRUE
1244YKBLACK-XL,14,15,15,15,15,15,15,15,16,16,16,15,16,16,16,14,14,14,14,14,14,14,14,14,14,14,14,14,14,14,,30,30,TRUE
1244YKBLACK-XS,19,19,19,20,20,20,20,20,20,20,20,20,20,20,20,18,18,18,18,18,18,18,18,18,18,18,18,18,18,18,,30,30,TRUE
1244YKBLACK-XXL,17,17,18,18,18,14,14,14,13,12,12,12,12,12,12,10,10,10,8,6,6,4,6,7,11,6,6,6,6,6,,30,30,TRUE
1245YKRED-3XL,11,11,11,11,11,11,11,11,11,11,11,12,12,12,12,12,12,12,12,12,11,11,11,7,11,7,7,7,7,7,,30,30,TRUE
1245YKRED-4XL,2,3,3,3,3,3,3,2,2,2,2,2,2,2,2,3,3,3,3,3,3,3,3,2,2,2,1,1,2,2,,30,30,TRUE
1245YKRED-5XL,10,10,10,10,10,10,10,10,5,5,5,5,5,5,5,5,5,5,5,5,5,5,5,5,10,5,5,5,5,5,,30,30,TRUE
1245YKRED-6XL,6,6,6,6,6,6,4,4,0,0,0,0,0,0,0,0,0,0,0,0,0,0,0,0,5,0,0,0,0,0,,9,8,FALSE
1245YKRED-7XL,19,19,22,22,22,21,21,21,21,21,21,21,21,21,21,21,21,21,21,21,21,21,21,21,21,21,21,21,21,21,,30,30,TRUE
1245YKRED-8XL,6,6,7,7,7,7,5,5,5,5,4,4,4,4,4,4,4,4,4,4,4,3,3,3,3,3,3,3,3,3,,30,30,TRUE
1245YKRED-L,10,10,10,10,10,10,8,7,7,7,7,7,7,7,7,7,7,7,7,7,7,7,7,7,7,7,3,3,3,3,,30,30,TRUE
1245YKRED-M,12,12,12,12,12,12,10,10,4,1,2,2,2,2,2,2,2,2,2,0,0,0,0,0,9,0,0,0,0,0,,20,19,FALSE
1245YKRED-S,7,7,7,7,7,7,7,7,7,7,7,7,7,7,7,7,7,7,7,7,7,7,7,7,7,5,5,5,5,5,,30,30,TRUE
1245YKRED-XL,3,3,4,4,4,4,4,4,0,0,0,0,0,0,0,0,0,0,0,0,0,0,0,0,3,0,0,0,0,3,,10,9,FALSE
1245YKRED-XS,12,11,11,11,11,10,8,8,9,9,9,9,9,7,7,7,8,8,8,8,8,8,8,8,8,8,8,8,8,8,,30,30,TRUE
1245YKRED-XXL,0,0,0,1,1,1,1,1,1,1,1,1,1,1,1,1,1,1,1,1,1,0,0,0,3,0,0,3,3,3,,22,21,FALSE
1246YKPINK-3XL,0,0,0,0,0,0,0,0,0,0,0,0,0,0,0,0,0,0,0,0,0,0,0,0,0,0,0,0,0,0,,0,0,TRUE
1246YKPINK-4XL,0,0,0,0,0,0,0,0,0,0,0,0,0,0,0,0,0,0,0,0,0,0,0,0,0,0,0,0,0,0,,0,0,TRUE
1246YKPINK-5XL,0,0,0,0,0,0,0,0,0,0,0,0,0,0,0,0,0,0,0,0,0,0,0,0,0,0,0,0,0,0,,0,0,TRUE
1246YKPINK-L,0,0,0,0,0,0,0,0,0,0,0,0,0,0,0,0,0,0,0,0,0,0,0,0,0,0,0,0,0,0,,0,0,TRUE
1246YKPINK-M,0,0,0,0,0,0,0,0,0,0,0,0,0,0,0,0,0,0,0,0,0,0,0,0,0,0,0,0,0,0,,0,0,TRUE
1246YKPINK-S,0,0,0,0,0,0,0,0,0,0,0,0,0,0,0,0,0,0,0,0,0,0,0,0,0,0,0,0,0,0,,0,0,TRUE
1246YKPINK-XL,0,0,0,0,0,0,0,0,0,0,0,0,0,0,0,0,0,0,0,0,0,0,0,0,0,0,0,0,0,0,,0,0,TRUE
1246YKPINK-XS,0,0,0,0,0,0,0,0,0,0,0,0,0,0,0,0,0,0,0,0,0,0,0,0,0,0,0,0,0,0,,0,0,TRUE
1246YKPINK-XXL,0,0,0,0,0,0,0,0,0,0,0,0,0,0,0,0,0,0,0,0,0,0,0,0,0,0,0,0,0,0,,0,0,TRUE
1247YKGREEN-3XL,1,1,1,1,1,1,1,1,1,40,40,40,35,35,35,30,30,30,30,29,26,26,26,26,26,25,25,26,26,26,,30,30,TRUE
1247YKGREEN-4XL,4,4,4,4,5,5,3,3,1,28,28,28,28,26,26,20,20,20,20,20,20,20,20,19,19,19,19,19,19,19,,30,30,TRUE
1247YKGREEN-5XL,9,9,9,11,11,11,8,8,8,21,21,21,21,21,21,16,16,16,16,16,16,16,16,16,16,12,12,12,13,13,,30,30,TRUE
1247YKGREEN-L,2,2,2,2,2,2,2,1,0,34,30,30,30,30,30,25,25,25,17,17,17,17,18,18,18,18,18,18,18,18,,29,29,TRUE
1247YKGREEN-M,9,9,9,9,9,9,9,9,9,35,34,35,35,35,35,29,29,29,29,29,29,29,29,28,28,28,28,28,28,28,,30,30,TRUE
1247YKGREEN-S,4,4,4,4,4,4,4,4,1,20,18,18,13,18,18,13,13,13,13,13,13,13,13,13,13,13,13,13,14,13,,30,30,TRUE
1247YKGREEN-XL,2,2,3,3,1,1,1,1,0,16,16,16,16,11,11,6,6,6,6,6,6,6,6,4,5,4,4,5,5,5,,29,29,TRUE
1247YKGREEN-XS,1,1,1,1,1,1,1,1,1,22,22,22,22,22,22,22,22,22,21,21,21,21,21,21,21,21,21,21,22,22,,30,30,TRUE
1247YKGREEN-XXL,1,1,0,0,0,0,0,0,0,38,38,38,39,39,39,39,39,39,37,37,37,37,37,36,35,36,36,36,36,37,,23,23,TRUE
1248YKMAROON-3XL,2,2,2,2,2,1,1,1,1,1,1,1,1,1,1,1,1,2,2,1,1,18,18,27,27,20,14,15,13,13,,30,30,TRUE
1248YKMAROON-4XL,4,4,4,5,5,5,3,3,1,1,1,1,1,1,1,1,1,1,1,1,1,1,1,1,1,1,1,1,0,6,,29,28,FALSE
1248YKMAROON-5XL,2,1,1,1,2,2,1,1,1,1,1,1,1,1,1,1,1,1,1,1,1,1,1,1,1,1,1,1,1,1,,30,30,TRUE
1248YKMAROON-L,4,4,4,4,4,4,3,3,3,3,3,2,2,2,2,2,2,2,2,2,2,2,2,2,2,2,2,2,2,2,,30,30,TRUE
1248YKMAROON-M,2,2,2,3,3,3,3,3,1,1,1,1,1,1,1,1,1,1,1,1,1,31,31,31,31,31,31,31,31,31,,30,30,TRUE
1248YKMAROON-S,11,11,11,11,11,11,11,11,11,11,11,11,11,10,10,10,10,10,9,9,7,25,25,25,25,25,28,28,28,28,,30,30,TRUE
1248YKMAROON-XL,4,4,4,1,4,3,3,3,2,2,2,2,3,3,3,3,3,3,3,3,3,3,3,4,3,3,3,2,2,2,,30,30,TRUE
1248YKMAROON-XS,8,8,9,9,9,9,7,7,7,7,5,7,7,7,7,7,7,7,7,7,7,7,7,7,7,7,7,7,7,7,,30,30,TRUE
1248YKMAROON-XXL,23,23,23,21,20,20,20,19,19,19,17,17,17,17,17,17,17,17,17,17,17,16,16,13,14,15,15,15,15,7,,30,30,TRUE
1249YKMULTI-3XL,16,16,16,16,16,16,14,15,10,10,9,9,9,9,9,8,8,8,8,8,8,8,9,6,9,5,5,5,6,6,,30,30,TRUE
1249YKMULTI-4XL,2,2,2,2,1,1,0,0,0,0,0,0,0,0,0,0,0,0,0,0,0,0,0,0,1,0,0,3,3,3,,10,9,FALSE
1249YKMULTI-5XL,2,2,2,2,2,1,1,1,1,1,1,1,1,1,1,1,1,1,1,1,1,1,2,3,3,3,3,3,3,3,,30,30,TRUE
1249YKMULTI-L,11,11,11,11,11,11,11,11,11,11,11,11,11,11,11,11,11,11,8,8,8,8,6,6,5,5,5,5,5,5,,30,30,TRUE
1249YKMULTI-M,15,15,15,15,15,15,15,15,15,15,15,15,15,15,15,14,14,14,14,14,14,14,14,14,14,14,14,14,14,14,,30,30,TRUE
1249YKMULTI-S,10,10,10,10,10,10,10,10,10,10,6,10,10,10,10,10,10,10,10,10,10,10,10,10,10,10,10,10,10,10,,30,30,TRUE
1249YKMULTI-XL,15,15,15,15,15,15,15,15,13,12,12,12,12,12,12,11,11,11,11,11,11,10,10,10,10,8,8,8,8,8,,30,30,TRUE
1249YKMULTI-XS,17,17,17,17,17,17,17,17,17,17,17,17,17,17,17,17,17,17,17,17,17,17,17,17,17,17,17,17,17,17,,30,30,TRUE
1249YKMULTI-XXL,22,22,22,22,22,22,22,22,20,20,20,20,20,20,20,20,20,20,20,20,20,20,20,20,20,20,20,20,20,20,,30,30,TRUE
124YK212INDIGO-L,0,0,0,0,0,0,0,0,0,0,0,0,0,0,0,0,0,0,0,0,0,0,0,0,0,0,0,0,0,0,,0,0,TRUE
1250YKBLACK-3XL,1,1,1,1,1,1,1,0,0,0,0,0,0,0,0,0,0,0,0,0,0,0,0,0,0,0,0,0,0,0,,7,7,TRUE
1250YKBLACK-4XL,1,1,1,1,1,1,1,1,1,0,0,0,0,0,0,0,0,0,0,0,0,0,0,0,0,0,0,0,0,2,,10,9,FALSE
1250YKBLACK-5XL,1,1,1,1,1,1,1,1,1,1,1,1,1,1,1,1,1,1,1,1,1,1,1,1,1,1,1,1,1,1,,30,30,TRUE
1250YKBLACK-L,13,13,13,13,13,13,13,13,13,9,9,9,10,10,10,10,10,10,10,10,10,9,9,9,9,9,9,9,10,10,,30,30,TRUE
1250YKBLACK-M,10,10,10,10,10,9,10,10,10,10,10,10,10,10,10,10,10,10,10,10,10,10,10,10,10,10,10,10,10,10,,30,30,TRUE
1250YKBLACK-S,19,18,18,18,18,18,18,18,19,19,19,19,19,19,19,19,19,19,19,19,19,19,19,20,20,20,20,20,20,20,,30,30,TRUE
1250YKBLACK-XL,3,4,4,3,3,3,3,3,3,3,3,3,3,3,3,7,6,6,6,6,6,6,6,7,7,7,7,7,7,7,,30,30,TRUE
1250YKBLACK-XS,3,3,7,7,7,7,7,7,7,7,7,7,7,7,7,7,7,7,7,7,7,7,7,8,8,8,8,8,8,8,,30,30,TRUE
1250YKBLACK-XXL,1,1,0,0,0,0,0,0,0,0,0,0,0,0,0,0,0,0,0,0,0,0,0,0,0,0,0,0,0,2,,3,2,FALSE
1251DPT21MULTI-3XL,2,2,0,2,2,2,2,1,0,1,1,1,2,0,0,0,0,0,0,0,0,0,0,1,1,1,1,1,1,1,,18,16,FALSE
1251DPT21MULTI-4XL,0,0,0,0,0,0,0,0,0,1,0,0,2,2,2,0,0,0,0,0,0,0,0,0,0,0,0,0,0,0,,4,3,FALSE
1251DPT21MULTI-5XL,33,34,33,31,31,30,30,30,30,30,29,29,30,30,30,30,30,30,29,28,28,27,29,30,30,20,20,17,13,13,,30,30,TRUE
1251DPT21MULTI-6XL,0,2,2,2,2,2,1,1,1,1,1,1,1,1,1,1,1,1,0,0,0,0,0,1,1,1,1,1,1,1,,24,21,FALSE
1251DPT21MULTI-7XL,2,2,2,5,5,5,4,4,0,0,0,0,0,0,0,0,0,0,0,0,0,0,0,0,3,0,0,1,1,0,,11,11,TRUE
1251DPT21MULTI-8XL,1,1,1,0,0,1,1,0,0,1,1,1,1,0,0,0,0,0,0,0,0,0,3,3,3,2,2,3,3,3,,17,17,TRUE
1251DPT21MULTI-L,14,14,13,10,10,12,12,12,12,11,11,11,11,8,8,8,8,8,8,8,5,5,7,7,7,7,7,8,8,7,,30,30,TRUE
1251DPT21MULTI-M,0,0,0,0,0,0,0,0,0,1,1,1,1,0,0,0,0,0,0,0,0,0,0,0,1,0,0,0,1,1,,7,5,FALSE
1251DPT21MULTI-S,73,73,73,73,73,73,73,72,71,71,71,71,71,71,71,71,71,71,69,69,68,67,68,69,69,69,69,69,69,69,,30,30,TRUE
1251DPT21MULTI-XL,1,0,0,0,0,0,0,2,2,2,0,0,1,1,1,1,1,1,1,1,1,0,0,0,0,0,0,0,0,0,,13,11,FALSE
1251DPT21MULTI-XS,74,74,74,74,74,74,74,74,74,74,73,73,73,74,74,66,66,66,66,66,66,66,66,66,66,66,67,67,67,67,,30,30,TRUE
1251DPT21MULTI-XXL,3,3,3,4,4,4,0,7,7,7,4,4,4,6,6,4,4,5,5,4,0,1,1,1,2,1,1,1,3,3,,28,28,TRUE
1251KDMAROON-11-12,1,1,1,1,1,1,1,1,1,1,1,1,2,3,3,3,3,3,3,3,3,3,3,3,3,3,3,3,3,3,,30,30,TRUE
1251KDMAROON-13-14,1,1,1,1,1,1,1,1,1,1,1,1,1,4,4,4,4,4,4,4,3,3,3,3,3,3,3,3,4,4,,30,30,TRUE
1251KDMAROON-7-8,12,12,12,12,12,12,12,12,12,12,12,12,12,13,13,13,13,13,13,13,13,13,13,13,13,11,11,11,11,11,,30,30,TRUE
1251KDMAROON-9-10,8,8,8,8,8,8,8,8,8,8,8,8,7,7,7,7,7,7,7,7,7,7,7,7,7,7,7,7,7,7,,30,30,TRUE
1251YKMAROON-3XL,8,8,6,4,6,6,6,5,4,3,2,3,4,4,4,2,2,2,2,2,2,2,2,2,7,2,2,3,3,3,,30,30,TRUE
1251YKMAROON-4XL,5,5,5,5,5,5,5,5,2,3,3,2,4,4,4,2,1,1,0,1,1,1,1,2,22,2,2,2,2,2,,29,28,FALSE
1251YKMAROON-5XL,43,44,43,42,41,40,40,40,40,40,39,39,40,40,40,40,40,40,40,38,38,37,39,40,40,30,30,27,23,23,,30,30,TRUE
1251YKMAROON-6XL,4,5,6,5,6,6,5,5,5,5,5,5,5,5,5,5,5,5,4,4,4,4,4,5,8,5,5,5,5,5,,30,30,TRUE
1251YKMAROON-7XL,5,4,5,5,8,8,7,7,0,0,0,0,0,0,0,0,0,0,0,0,0,0,0,0,13,0,0,1,1,0,,11,10,FALSE
1251YKMAROON-8XL,2,2,2,2,2,2,2,1,1,1,1,2,2,1,1,1,1,1,1,1,0,0,3,4,4,4,4,5,6,6,,28,28,TRUE
1251YKMAROON-L,19,19,18,18,18,17,17,17,17,17,15,16,16,13,13,12,13,13,13,13,10,10,11,12,12,12,12,13,13,12,,30,30,TRUE
1251YKMAROON-M,5,5,5,5,5,5,5,5,5,5,4,5,5,4,4,4,4,4,4,4,4,4,4,4,4,4,4,4,5,5,,30,30,TRUE
1251YKMAROON-S,82,82,82,82,82,82,82,81,80,80,75,80,80,80,80,80,80,80,78,78,77,76,77,78,78,78,78,78,78,78,,30,30,TRUE
1251YKMAROON-XL,7,6,6,7,6,6,6,6,6,6,5,4,5,5,5,5,5,5,5,5,5,4,4,4,6,4,4,4,4,4,,30,30,TRUE
1251YKMAROON-XS,82,82,82,82,82,82,82,82,82,82,81,81,81,81,81,82,74,74,74,74,74,74,74,74,74,74,75,75,75,75,,30,30,TRUE
1251YKMAROON-XXL,14,14,14,15,15,15,13,12,12,12,11,11,9,11,11,9,9,9,10,10,5,5,5,4,9,5,5,5,7,7,,30,30,TRUE
1252DPT28GREEN-3XL,35,36,35,37,37,37,38,36,35,33,33,33,33,32,32,26,26,28,28,35,32,31,31,30,30,24,24,24,19,19,,30,30,TRUE
1252DPT28GREEN-4XL,33,34,34,34,34,25,32,32,37,37,35,35,38,35,35,28,28,28,24,29,29,31,31,32,32,33,33,32,31,31,,30,30,TRUE
1252DPT28GREEN-5XL,4,4,4,3,3,3,3,3,3,8,7,7,7,6,6,2,2,2,1,1,0,0,3,3,3,3,3,3,2,1,,28,25,FALSE
1252DPT28GREEN-6XL,5,6,6,8,8,8,8,8,8,8,8,8,9,9,9,9,9,9,7,7,7,6,6,7,7,8,7,7,5,5,,30,30,TRUE
1252DPT28GREEN-7XL,17,17,17,18,18,13,12,12,14,17,15,15,15,11,11,11,11,11,11,36,34,35,36,35,34,35,35,35,32,32,,30,30,TRUE
1252DPT28GREEN-8XL,11,11,8,11,11,11,8,8,9,12,11,11,11,6,6,6,6,7,7,7,7,7,7,7,7,7,6,6,5,6,,30,30,TRUE
1252DPT28GREEN-L,36,38,38,31,31,33,35,36,40,39,38,38,38,36,36,23,23,22,20,44,43,47,47,49,49,42,39,39,35,35,,30,30,TRUE
1252DPT28GREEN-M,28,28,28,28,28,28,28,29,29,29,29,29,29,23,23,19,19,19,19,19,13,12,12,12,12,11,10,11,11,11,,30,30,TRUE
1252DPT28GREEN-S,0,0,0,0,0,0,0,0,0,26,20,20,21,25,25,22,22,22,21,22,20,20,20,18,17,17,16,15,15,15,,21,21,TRUE
1252DPT28GREEN-XL,13,13,13,11,11,5,9,9,10,15,14,14,14,15,15,23,23,23,23,45,45,45,47,43,43,37,37,36,35,34,,30,30,TRUE
1252DPT28GREEN-XS,2,2,2,4,4,4,4,4,4,6,5,5,5,5,5,2,2,2,0,3,3,3,4,4,4,4,4,4,3,3,,29,28,FALSE
1252DPT28GREEN-XXL,27,31,30,32,32,31,30,30,32,64,64,64,64,60,60,53,53,53,52,51,51,51,51,51,51,49,49,50,45,45,,30,30,TRUE
1252YKGREEN-3XL,40,41,40,42,42,42,43,42,40,40,40,39,38,37,37,31,31,32,33,32,37,36,36,37,37,31,31,31,26,26,,30,30,TRUE
1252YKGREEN-4XL,37,38,38,38,38,34,39,39,44,44,43,42,44,42,42,34,34,34,30,27,35,37,37,39,38,39,39,37,36,36,,30,30,TRUE
1252YKGREEN-5XL,9,12,12,11,11,11,11,11,11,16,16,15,15,14,14,10,10,10,9,9,8,5,8,8,14,4,4,6,6,5,,30,30,TRUE
1252YKGREEN-6XL,8,9,9,10,11,11,11,11,11,11,11,11,12,12,12,12,12,12,10,10,10,9,9,10,10,11,10,10,8,8,,30,30,TRUE
1252YKGREEN-7XL,20,20,20,21,21,16,15,15,17,21,20,19,18,14,14,14,14,14,14,14,37,38,39,39,38,38,38,38,35,35,,30,30,TRUE
1252YKGREEN-8XL,12,14,13,12,14,14,11,11,12,15,14,14,14,9,9,9,9,9,10,10,10,10,10,10,10,10,9,9,9,9,,30,30,TRUE
1252YKGREEN-L,41,41,41,42,41,38,41,40,44,43,43,42,42,40,40,26,27,26,24,21,48,51,51,53,51,46,43,43,39,39,,30,30,TRUE
1252YKGREEN-M,31,31,31,31,31,31,31,32,32,31,30,32,32,28,28,24,24,24,24,24,18,17,17,17,17,16,15,16,16,16,,30,30,TRUE
1252YKGREEN-S,1,3,3,3,3,3,3,3,3,29,28,28,24,27,27,25,25,25,24,24,23,23,23,23,22,22,21,20,20,20,,30,30,TRUE
1252YKGREEN-XL,19,18,18,18,16,15,14,14,15,20,19,19,19,19,19,29,28,28,28,27,50,50,51,49,49,42,42,41,41,39,,30,30,TRUE
1252YKGREEN-XS,5,5,5,7,7,7,7,7,7,9,9,8,8,8,8,5,5,5,3,4,6,6,7,7,7,7,7,7,6,6,,30,30,TRUE
1252YKGREEN-XXL,33,32,35,37,37,36,36,35,36,69,69,69,69,65,65,58,58,58,57,57,56,56,56,56,56,54,54,55,50,50,,30,30,TRUE
1253YKBLACK-3XL,12,12,10,9,8,7,7,7,1,1,1,1,0,0,0,2,2,74,73,67,72,72,73,75,75,66,67,67,68,67,,27,27,TRUE
1253YKBLACK-4XL,43,43,43,50,48,48,45,42,40,41,41,38,35,39,39,39,40,61,60,61,61,61,61,61,61,57,60,61,63,63,,30,30,TRUE
1253YKBLACK-5XL,9,9,8,8,8,8,8,9,6,7,7,7,7,6,6,26,26,28,28,27,22,27,27,27,27,28,34,34,34,34,,30,30,TRUE
1253YKBLACK-6XL,4,4,4,3,3,3,3,3,0,0,0,0,0,0,0,12,11,11,11,10,6,6,6,5,3,2,17,19,14,13,,23,23,TRUE
1253YKBLACK-7XL,0,0,0,0,1,0,0,0,0,0,0,0,0,0,0,5,5,21,21,21,21,21,21,21,21,17,21,21,20,18,,16,16,TRUE
1253YKBLACK-8XL,9,8,10,11,13,13,13,13,13,13,13,11,11,11,11,27,27,34,33,33,33,32,32,32,32,28,29,29,28,26,,30,30,TRUE
1253YKBLACK-L,4,4,4,4,4,4,4,4,3,3,3,2,2,2,2,13,13,21,21,20,17,17,17,16,14,11,10,12,12,11,,30,30,TRUE
1253YKBLACK-M,3,5,4,3,3,2,2,2,2,2,2,2,2,2,2,3,3,3,3,3,3,3,4,4,5,4,4,4,3,3,,30,30,TRUE
1253YKBLACK-S,8,8,8,7,7,5,4,4,0,0,0,0,0,0,0,5,5,20,20,20,20,20,21,19,19,19,19,19,21,21,,23,23,TRUE
1253YKBLACK-XL,7,8,7,6,6,6,6,6,6,5,5,4,0,2,2,5,4,10,10,9,7,9,9,9,10,10,24,24,23,23,,29,29,TRUE
1253YKBLACK-XS,6,6,5,5,5,5,5,5,5,5,4,4,4,4,4,10,10,14,14,14,14,14,14,14,14,12,12,12,13,13,,30,30,TRUE
1253YKBLACK-XXL,9,9,8,7,7,6,4,4,1,1,1,1,1,1,1,12,11,54,54,54,53,53,53,53,53,52,59,59,64,63,,30,30,TRUE
1254YKBLUE-3XL,1,2,2,2,1,1,1,1,1,1,1,2,3,3,3,2,2,2,2,2,2,2,2,2,4,1,1,1,1,1,,30,30,TRUE
1254YKBLUE-4XL,7,7,7,7,7,7,5,5,5,5,5,5,6,6,6,6,6,6,6,6,6,6,6,6,6,6,6,6,6,3,,30,30,TRUE
1254YKBLUE-5XL,29,29,29,29,29,29,28,28,29,29,29,28,28,28,28,25,25,25,25,23,18,23,23,25,25,24,24,24,24,24,,30,30,TRUE
1254YKBLUE-6XL,0,0,0,0,0,0,0,0,0,0,0,0,0,0,0,0,0,0,0,0,0,0,0,0,0,0,0,0,0,0,,0,0,TRUE
1254YKBLUE-L,40,40,40,40,40,40,40,39,33,33,32,33,33,33,33,27,27,27,27,27,27,27,27,27,27,28,28,28,28,10,,30,30,TRUE
1254YKBLUE-M,9,9,9,9,9,9,9,9,7,6,6,6,6,6,6,1,1,1,1,0,0,0,0,1,3,0,0,0,1,1,,23,22,FALSE
1254YKBLUE-S,5,5,5,6,5,5,3,3,3,3,3,3,3,3,3,1,1,1,1,1,1,1,1,2,2,2,2,2,2,2,,30,30,TRUE
1254YKBLUE-XL,2,2,2,3,2,2,2,2,2,1,1,1,1,1,1,1,1,1,1,1,1,1,1,1,4,1,1,1,1,1,,30,30,TRUE
1254YKBLUE-XS,11,11,11,11,11,11,11,11,11,11,11,11,11,11,11,10,10,10,10,10,10,10,10,10,10,10,10,10,10,10,,30,30,TRUE
1254YKBLUE-XXL,0,0,0,0,0,0,0,0,0,0,0,0,0,0,0,0,0,0,0,0,0,0,0,0,1,0,0,0,0,0,,1,0,FALSE
1255YKMAROON-3XL,50,50,48,48,48,44,45,45,46,149,149,149,149,149,149,149,150,150,150,150,150,149,149,149,149,149,149,149,149,149,,30,30,TRUE
1255YKMAROON-4XL,53,53,55,57,57,57,57,57,59,59,59,58,58,58,58,56,56,56,56,55,55,55,55,56,55,56,56,56,56,56,,30,30,TRUE
1255YKMAROON-5XL,110,111,113,113,113,110,113,113,109,107,106,106,106,103,103,100,100,100,100,100,99,99,99,99,99,99,99,99,101,101,,30,30,TRUE
1255YKMAROON-6XL,61,61,56,56,57,56,57,57,52,51,51,51,51,51,51,50,50,50,49,49,49,49,49,49,49,45,44,44,44,44,,30,30,TRUE
1255YKMAROON-7XL,16,15,20,20,21,21,21,21,21,21,20,20,21,21,21,20,20,20,20,20,19,19,19,19,19,19,16,16,18,18,,30,30,TRUE
1255YKMAROON-8XL,33,33,33,33,34,34,34,34,35,35,35,35,35,35,35,36,36,36,36,36,36,36,36,36,35,36,36,36,36,36,,30,30,TRUE
1255YKMAROON-L,60,60,60,60,60,59,59,59,59,59,56,58,58,58,58,58,58,58,58,58,58,58,58,58,58,58,58,59,59,59,,30,30,TRUE
1255YKMAROON-M,37,37,37,38,38,38,38,38,38,37,39,39,39,39,39,39,41,41,41,41,41,41,41,41,41,41,41,41,41,41,,30,30,TRUE
1255YKMAROON-S,41,41,41,44,44,44,44,44,44,44,44,44,44,44,44,44,44,44,44,44,43,43,44,44,44,44,44,44,44,44,,30,30,TRUE
1255YKMAROON-XL,49,49,50,50,50,50,51,51,49,49,49,49,49,49,49,43,43,43,43,42,42,42,42,43,43,43,43,43,43,42,,30,30,TRUE
1255YKMAROON-XS,29,29,30,30,30,30,31,31,32,32,32,32,31,30,30,30,30,30,30,30,30,30,30,30,30,31,31,31,32,32,,30,30,TRUE
1255YKMAROON-XXL,63,63,58,58,57,55,54,54,56,58,58,58,58,58,58,56,56,56,56,56,55,55,55,55,55,55,55,55,55,54,,30,30,TRUE
1256YKPEACH-3XL,83,83,83,84,84,81,81,80,80,80,80,80,81,81,81,81,80,80,80,80,80,80,79,79,79,79,79,79,79,79,,30,30,TRUE
1256YKPEACH-4XL,98,98,98,97,96,96,96,96,95,89,94,94,94,94,94,95,95,95,95,95,95,95,95,95,94,94,94,94,91,91,,30,30,TRUE
1256YKPEACH-5XL,110,110,110,111,111,112,98,98,98,98,98,98,97,98,98,96,96,96,96,95,95,95,96,96,96,95,95,95,97,97,,30,30,TRUE
1256YKPEACH-6XL,86,86,86,86,86,88,88,88,88,88,88,87,87,86,86,86,86,86,86,86,86,86,86,84,84,86,86,87,87,87,,30,30,TRUE
1256YKPEACH-7XL,32,32,31,31,31,31,27,27,27,26,26,26,21,26,26,25,25,25,24,24,24,24,24,28,28,28,28,29,30,30,,30,30,TRUE
1256YKPEACH-8XL,33,33,33,33,33,31,31,31,31,30,30,30,30,30,30,30,30,30,31,30,30,29,29,29,29,27,27,27,27,27,,30,30,TRUE
1256YKPEACH-L,41,41,41,41,41,42,42,42,42,42,42,42,42,42,42,40,39,39,39,37,37,37,37,39,39,33,33,33,33,33,,30,30,TRUE
1256YKPEACH-M,47,47,47,47,47,47,47,47,44,44,44,44,44,44,44,43,43,43,43,43,43,43,43,43,43,42,42,42,42,42,,30,30,TRUE
1256YKPEACH-S,43,43,43,43,43,43,43,43,43,43,42,43,43,43,43,43,43,43,43,43,43,43,43,43,43,43,43,43,44,44,,30,30,TRUE
1256YKPEACH-XL,75,75,75,75,75,75,75,74,73,73,69,73,73,73,73,73,73,73,64,63,63,63,63,63,63,60,68,68,68,68,,30,30,TRUE
1256YKPEACH-XS,24,24,29,29,29,29,29,29,29,29,29,29,29,29,29,29,29,29,29,29,29,29,29,29,29,29,29,29,29,29,,30,30,TRUE
1256YKPEACH-XXL,94,94,94,94,94,91,91,91,91,91,91,91,91,91,91,91,91,91,91,91,91,91,91,91,91,91,91,91,91,91,,30,30,TRUE
1257YKBLUE-3XL,17,17,17,17,17,17,17,17,14,14,14,13,13,13,13,11,11,11,7,7,7,7,17,16,15,16,16,16,12,11,,30,30,TRUE
1257YKBLUE-4XL,11,11,11,12,12,12,12,11,9,9,9,9,9,9,9,9,9,9,6,6,6,6,7,7,7,6,6,6,6,6,,30,30,TRUE
1257YKBLUE-5XL,12,12,11,11,11,11,11,11,10,10,10,10,9,9,9,27,27,27,27,25,22,24,35,35,35,36,36,36,36,30,,30,30,TRUE
1257YKBLUE-6XL,1,1,1,2,2,1,1,1,0,0,0,0,0,0,0,1,1,1,0,0,0,0,7,0,0,7,7,5,3,3,,17,16,FALSE
1257YKBLUE-7XL,7,7,6,6,6,5,3,3,3,3,3,3,3,3,3,3,3,3,3,3,3,3,14,14,14,14,14,14,14,14,,30,30,TRUE
1257YKBLUE-8XL,22,22,22,23,23,23,23,23,21,21,21,21,21,21,21,21,21,21,21,21,21,21,21,21,21,21,21,21,21,21,,30,30,TRUE
1257YKBLUE-L,21,21,21,21,21,21,20,20,20,20,19,20,20,20,20,20,20,20,20,20,20,19,19,19,19,19,22,22,22,22,,30,30,TRUE
1257YKBLUE-M,9,9,9,9,10,10,8,8,6,6,6,6,6,6,6,6,6,6,6,6,6,6,6,6,6,6,6,6,6,6,,30,30,TRUE
1257YKBLUE-S,28,28,28,27,27,27,27,27,27,27,26,27,27,27,27,27,21,21,21,21,21,21,21,21,21,21,20,20,20,21,,30,30,TRUE
1257YKBLUE-XL,9,9,12,12,12,10,10,10,10,10,9,9,4,8,8,8,8,8,8,8,4,4,11,11,11,11,11,11,11,11,,30,30,TRUE
1257YKBLUE-XS,23,23,23,23,23,23,23,23,23,23,23,23,23,22,22,22,22,22,22,22,22,22,22,22,22,22,22,22,22,22,,30,30,TRUE
1257YKBLUE-XXL,5,5,5,5,4,4,4,4,4,4,4,4,4,4,4,2,2,2,2,1,1,1,11,6,6,7,7,7,7,7,,30,30,TRUE
1258DPT35WHITE-3XL,44,43,43,43,43,43,43,44,44,31,31,31,31,31,31,28,28,28,27,27,27,27,28,27,27,21,21,21,20,19,,30,30,TRUE
1258DPT35WHITE-4XL,1,1,0,0,0,0,0,3,0,0,0,0,0,1,1,14,14,14,4,6,6,5,5,36,36,26,26,26,28,28,,20,18,FALSE
1258DPT35WHITE-5XL,2,3,3,1,1,2,1,0,0,1,0,0,0,0,0,0,0,0,0,0,0,0,0,15,15,13,12,12,14,14,,15,13,FALSE
1258DPT35WHITE-6XL,2,3,3,1,1,2,0,0,0,0,0,0,0,0,0,0,0,1,1,1,0,0,0,52,52,25,10,11,16,15,,16,16,TRUE
1258DPT35WHITE-7XL,2,2,1,0,0,0,0,2,2,1,1,1,1,1,1,1,1,1,1,1,1,0,1,1,2,1,1,1,0,15,,24,22,FALSE
1258DPT35WHITE-8XL,2,0,0,0,0,0,0,0,0,0,0,0,0,0,0,0,0,0,0,1,1,1,1,22,22,0,0,2,3,2,,10,9,FALSE
1258DPT35WHITE-L,30,29,28,29,29,26,26,26,26,27,27,27,26,20,20,17,17,17,12,12,12,12,12,12,12,8,8,8,8,8,,30,30,TRUE
1258DPT35WHITE-M,4,0,0,1,1,0,0,2,3,3,3,3,3,3,3,16,16,16,16,16,16,16,16,43,43,42,41,40,39,39,,26,26,TRUE
1258DPT35WHITE-S,38,42,42,41,41,41,40,40,41,26,24,24,25,25,25,24,24,24,24,24,24,24,24,23,23,23,25,25,25,25,,30,30,TRUE
1258DPT35WHITE-XL,22,21,21,19,19,16,16,8,13,13,13,13,14,8,8,8,8,8,8,8,8,7,7,7,7,8,8,8,8,8,,30,30,TRUE
1258DPT35WHITE-XS,16,16,16,16,16,16,16,16,16,16,16,16,16,16,16,14,14,14,12,12,12,11,11,11,11,11,10,10,10,10,,30,30,TRUE
1258DPT35WHITE-XXL,41,41,39,39,39,39,38,38,34,33,33,33,33,33,33,30,30,30,29,29,29,29,30,28,28,22,22,22,22,22,,30,30,TRUE
1258YKWHITE-3XL,50,50,49,49,49,49,49,50,50,37,37,37,37,37,37,34,34,34,33,33,33,33,33,33,31,27,27,27,26,25,,30,30,TRUE
1258YKWHITE-4XL,4,5,4,4,4,4,4,5,0,0,0,0,1,2,2,15,15,15,7,9,9,8,8,39,39,29,29,29,31,31,,26,26,TRUE
1258YKWHITE-5XL,7,8,8,8,7,7,6,5,5,5,4,3,3,3,3,0,0,0,0,0,0,0,0,15,21,15,15,15,17,17,,22,22,TRUE
1258YKWHITE-6XL,7,8,8,9,8,6,4,4,2,2,2,2,2,1,1,1,1,1,2,2,1,1,1,53,52,31,16,17,23,21,,30,30,TRUE
1258YKWHITE-7XL,5,5,4,3,3,3,3,5,5,4,4,4,4,4,4,2,2,2,2,2,2,1,1,2,2,2,2,2,1,16,,30,30,TRUE
1258YKWHITE-8XL,2,0,0,0,0,0,0,0,0,0,0,0,0,0,0,0,0,0,0,1,1,1,1,24,24,4,4,4,5,5,,12,12,TRUE
1258YKWHITE-L,35,35,33,33,34,31,31,31,31,32,32,32,31,26,26,22,23,22,17,17,17,17,17,17,17,13,13,13,13,13,,30,30,TRUE
1258YKWHITE-M,9,7,3,6,6,5,4,5,6,6,6,6,6,6,6,19,19,19,19,19,19,19,19,46,44,45,44,43,42,42,,30,30,TRUE
1258YKWHITE-S,45,45,49,49,49,48,47,47,48,33,33,31,32,32,32,31,31,31,31,31,31,31,31,30,30,30,30,30,30,30,,30,30,TRUE
1258YKWHITE-XL,28,27,27,26,25,25,22,20,19,19,18,19,20,14,14,14,14,14,14,14,14,13,13,13,14,14,14,14,14,14,,30,30,TRUE
1258YKWHITE-XS,20,19,19,19,19,19,19,19,19,19,19,19,19,19,19,17,17,17,15,15,15,15,14,14,13,14,13,13,13,13,,30,30,TRUE
1258YKWHITE-XXL,47,48,45,46,45,45,44,44,39,39,39,39,39,38,38,36,36,36,35,35,35,35,36,35,35,28,28,28,28,28,,30,30,TRUE
1259YKBLUE-3XL,0,0,0,0,0,0,0,0,0,0,0,0,0,0,0,0,0,0,0,0,0,0,0,0,0,0,0,0,0,0,,0,0,TRUE
1259YKBLUE-4XL,0,0,0,0,0,0,0,0,0,0,0,0,0,0,0,0,0,0,0,0,0,0,0,0,0,0,0,0,0,0,,0,0,TRUE
1259YKBLUE-5XL,0,0,0,0,0,0,0,0,0,0,0,0,0,0,0,0,0,0,0,0,0,0,0,0,0,0,0,0,0,0,,0,0,TRUE
1259YKBLUE-L,0,0,0,0,0,0,0,0,0,0,0,0,0,0,0,0,0,0,0,0,0,0,0,0,0,0,0,0,0,0,,0,0,TRUE
1259YKBLUE-M,2,2,2,2,2,2,2,2,2,2,2,2,2,2,2,2,2,2,2,2,2,2,2,2,2,2,2,2,2,2,,30,30,TRUE
1259YKBLUE-S,3,3,3,4,4,4,4,5,5,5,5,5,5,5,5,5,5,5,5,5,5,5,5,5,5,5,5,5,5,5,,30,30,TRUE
1259YKBLUE-XL,0,0,0,0,0,0,0,0,0,0,0,0,0,0,0,0,0,0,0,0,0,0,0,0,0,0,0,0,0,0,,0,0,TRUE
1259YKBLUE-XS,9,9,9,9,9,9,9,9,9,9,16,16,16,16,16,16,16,16,16,16,16,16,16,16,16,16,16,16,16,16,,30,30,TRUE
1259YKBLUE-XXL,0,0,0,0,0,0,0,0,0,0,0,0,0,0,0,0,0,0,0,0,0,0,0,0,0,0,0,0,0,0,,0,0,TRUE
125YK227BLACK-S,0,0,0,0,0,0,0,0,0,0,0,0,0,0,0,0,0,0,0,0,0,0,0,0,0,0,0,0,0,0,,0,0,TRUE
125YK227BLACK-XL,0,0,0,0,0,0,0,0,0,0,0,0,0,0,0,0,0,0,0,0,0,0,0,0,0,0,0,0,0,0,,0,0,TRUE
1260YKTEAL-3XL,6,6,6,5,5,5,5,4,0,0,0,0,0,0,0,0,0,0,0,0,0,0,0,0,4,0,0,0,0,2,,10,9,FALSE
1260YKTEAL-4XL,17,17,17,17,17,17,17,17,17,17,17,16,18,19,19,7,7,7,6,5,5,5,5,6,9,5,5,5,6,6,,30,30,TRUE
1260YKTEAL-5XL,18,18,17,17,18,18,18,18,18,18,18,17,18,18,18,6,6,6,5,3,3,3,3,5,11,5,4,4,4,4,,30,30,TRUE
1260YKTEAL-6XL,7,8,8,8,8,8,6,6,0,0,0,0,0,0,0,0,0,0,0,0,0,0,0,0,14,0,0,0,0,0,,9,8,FALSE
1260YKTEAL-7XL,22,22,22,22,23,23,23,23,23,23,23,23,23,23,23,23,23,23,23,23,23,23,23,23,23,23,23,23,23,23,,30,30,TRUE
1260YKTEAL-8XL,12,12,12,12,12,11,11,11,10,10,10,10,10,10,10,10,10,10,9,9,9,7,9,9,8,9,9,9,9,9,,30,30,TRUE
1260YKTEAL-L,3,3,3,4,3,3,3,3,2,2,2,2,2,2,2,0,0,0,0,0,0,0,0,1,1,0,0,6,4,4,,20,19,FALSE
1260YKTEAL-M,30,30,30,29,29,29,29,29,29,29,29,29,29,29,29,28,28,28,28,28,28,28,28,13,13,13,13,13,13,13,,30,30,TRUE
1260YKTEAL-S,10,10,10,10,10,9,7,8,7,7,7,7,7,7,7,7,7,7,7,7,7,7,7,7,6,7,7,7,7,7,,30,30,TRUE
1260YKTEAL-XL,34,35,35,36,35,34,34,33,32,32,32,32,32,32,32,16,16,16,14,13,12,11,11,12,12,12,11,11,11,12,,30,30,TRUE
1260YKTEAL-XS,7,7,7,8,8,8,6,6,6,6,6,6,6,6,6,3,3,3,3,3,3,1,1,1,2,1,2,2,2,2,,30,30,TRUE
1260YKTEAL-XXL,19,19,19,19,20,20,20,19,19,19,19,19,18,18,18,11,11,11,10,10,10,10,10,10,17,9,10,10,10,9,,30,30,TRUE
1261YKGREEN-3XL,54,54,54,55,55,55,55,55,58,58,58,58,58,58,58,58,58,58,57,57,56,56,56,52,52,54,54,54,54,54,,30,30,TRUE
1261YKGREEN-4XL,101,101,101,101,101,101,101,101,96,95,95,95,95,95,95,94,94,94,93,93,93,93,93,93,93,93,93,94,94,94,,30,30,TRUE
1261YKGREEN-5XL,92,92,92,93,92,91,91,91,91,91,91,91,91,91,91,89,89,89,84,83,83,83,83,79,79,82,82,82,83,83,,30,30,TRUE
1261YKGREEN-6XL,40,40,39,40,40,38,37,37,37,37,37,37,37,37,37,36,36,36,36,36,36,36,36,36,36,33,33,33,33,33,,30,30,TRUE
1261YKGREEN-7XL,20,20,20,20,22,21,21,21,21,22,22,22,22,22,22,22,22,22,22,22,22,22,22,21,21,21,21,21,21,21,,30,30,TRUE
1261YKGREEN-8XL,22,22,22,22,22,21,21,21,21,21,21,21,21,21,21,22,22,22,22,22,22,21,21,22,21,21,21,21,21,21,,30,30,TRUE
1261YKGREEN-L,46,45,45,45,45,45,45,44,47,47,47,47,47,47,47,47,47,47,46,46,46,45,45,44,43,43,43,43,43,43,,30,30,TRUE
1261YKGREEN-M,23,23,18,18,18,17,17,17,17,17,17,17,17,17,17,18,19,19,19,19,19,19,19,19,19,19,19,19,19,19,,30,30,TRUE
1261YKGREEN-S,20,20,20,20,20,20,20,20,20,20,20,20,20,20,20,20,20,20,20,19,19,19,19,19,18,19,19,19,19,19,,30,30,TRUE
1261YKGREEN-XL,48,48,48,47,46,46,46,46,46,45,45,45,45,45,45,45,45,45,45,45,45,45,45,45,45,45,45,45,45,45,,30,30,TRUE
1261YKGREEN-XS,17,17,17,17,17,17,17,17,17,17,17,17,17,17,17,17,17,17,16,10,15,15,15,14,14,14,14,14,14,14,,30,30,TRUE
1261YKGREEN-XXL,51,51,49,49,49,47,47,47,46,47,47,47,47,47,47,45,46,46,46,46,46,45,45,45,45,45,45,45,45,45,,30,30,TRUE
1262YKBLACK-3XL,112,114,110,112,114,112,109,108,105,107,107,106,107,103,103,98,98,98,94,94,94,95,95,94,92,94,94,95,91,92,,30,30,TRUE
1262YKBLACK-4XL,43,43,106,106,106,106,106,106,106,106,106,105,106,105,105,102,104,102,101,101,98,97,97,96,95,76,76,77,78,78,,30,30,TRUE
1262YKBLACK-5XL,35,35,38,38,38,38,38,38,38,37,37,35,35,36,36,34,34,34,33,32,30,29,29,27,26,17,17,15,15,15,,30,30,TRUE
1262YKBLACK-6XL,14,15,15,16,16,10,10,10,10,10,9,10,10,10,10,10,10,10,8,8,8,8,8,8,9,8,8,8,8,7,,30,30,TRUE
1262YKBLACK-7XL,7,7,7,7,7,7,7,7,7,7,7,7,7,7,7,6,6,6,6,6,6,6,6,6,6,6,5,6,5,3,,30,30,TRUE
1262YKBLACK-8XL,7,7,7,7,7,7,5,7,0,0,0,0,1,0,0,0,0,0,0,0,0,0,0,1,6,0,0,0,0,0,,11,10,FALSE
1262YKBLACK-L,95,94,91,91,89,86,86,85,80,84,84,82,84,83,83,75,75,75,73,72,72,72,72,71,70,60,60,62,62,62,,30,30,TRUE
1262YKBLACK-M,10,10,50,50,50,50,50,52,52,52,52,52,51,51,51,45,45,45,45,45,44,43,43,42,41,41,41,40,40,39,,30,30,TRUE
1262YKBLACK-S,141,141,141,142,142,142,142,142,140,140,139,139,139,139,139,136,137,137,137,137,137,137,137,137,137,137,137,137,137,137,,30,30,TRUE
1262YKBLACK-XL,57,59,106,106,108,108,108,108,108,107,107,107,107,107,107,103,103,103,97,97,97,97,97,97,97,92,92,92,82,82,,30,30,TRUE
1262YKBLACK-XS,11,11,13,13,13,11,11,11,11,11,10,10,10,10,10,10,10,10,10,10,10,10,10,10,10,10,10,9,9,9,,30,30,TRUE
1262YKBLACK-XXL,149,149,152,152,151,151,151,150,148,152,152,151,152,152,152,145,145,145,144,144,144,144,145,145,145,145,145,146,146,147,,30,30,TRUE
1263YKGREEN-3XL,0,0,0,0,0,0,0,0,0,0,0,0,0,0,0,0,0,0,0,0,0,0,0,0,0,0,0,0,0,0,,0,0,TRUE
1263YKGREEN-L,0,0,0,0,0,0,0,0,0,0,0,0,0,0,0,0,0,0,0,0,0,0,0,0,0,0,0,0,0,0,,0,0,TRUE
1263YKGREEN-M,0,0,0,0,0,0,0,0,0,0,0,0,0,0,0,0,0,0,0,0,0,0,0,0,0,0,0,0,0,0,,0,0,TRUE
1263YKGREEN-S,0,0,0,0,0,0,0,0,0,0,0,0,0,0,0,0,0,0,0,0,0,0,0,0,0,0,0,0,0,0,,0,0,TRUE
1263YKGREEN-XL,0,0,0,0,0,0,0,0,0,0,0,0,0,0,0,0,0,0,0,0,0,0,0,0,0,0,0,0,0,0,,0,0,TRUE
1263YKGREEN-XXL,0,0,0,0,0,0,0,0,0,0,0,0,0,0,0,0,0,0,0,0,0,0,0,0,0,0,0,0,0,0,,0,0,TRUE
1264YKGREEN-4XL,0,0,0,0,0,0,0,0,0,0,0,0,0,0,0,0,0,0,0,0,0,0,0,0,0,0,0,0,0,0,,0,0,TRUE
1264YKGREEN-L,1,1,1,1,1,1,1,1,1,1,1,1,1,1,1,1,1,1,1,1,1,1,1,1,1,1,1,1,1,1,,30,30,TRUE
1264YKGREEN-M,0,0,0,0,0,0,0,0,0,0,0,0,0,0,0,0,0,0,0,0,0,0,0,0,0,0,0,0,0,1,,1,0,FALSE
1264YKGREEN-S,2,2,2,2,2,2,2,2,0,0,0,0,0,0,0,0,0,0,0,0,0,0,0,0,0,0,0,0,0,2,,9,8,FALSE
1264YKGREEN-XL,1,1,1,1,1,1,1,1,1,1,1,1,1,1,1,1,1,1,1,1,1,1,1,1,1,1,1,1,1,1,,30,30,TRUE
1264YKGREEN-XS,2,2,2,2,2,2,2,2,0,0,0,0,0,0,0,0,0,0,0,0,0,0,0,2,2,2,2,2,2,2,,15,15,TRUE
1264YKGREEN-XXL,2,2,2,2,2,1,1,1,1,1,1,1,1,1,1,1,1,1,1,2,2,3,3,4,4,3,3,3,3,3,,30,30,TRUE
1265YKPINK-3XL,6,6,6,8,7,7,6,6,6,6,6,5,6,5,5,12,12,12,11,11,10,9,9,9,17,8,8,8,8,8,,30,30,TRUE
1265YKPINK-4XL,24,23,23,24,24,22,21,21,21,5,5,5,6,5,5,5,6,6,5,5,5,5,5,4,25,2,2,2,2,2,,30,30,TRUE
1265YKPINK-5XL,20,18,16,8,12,12,12,12,12,8,6,6,8,7,7,12,12,12,5,6,6,5,5,6,16,6,5,5,5,5,,30,30,TRUE
1265YKPINK-6XL,1,2,2,2,2,2,2,1,0,0,0,0,0,0,0,0,0,0,0,0,0,0,0,0,0,0,0,0,0,1,,9,8,FALSE
1265YKPINK-7XL,0,0,0,1,1,1,0,0,0,0,0,0,0,0,0,0,0,0,0,0,0,0,0,0,0,0,0,0,0,0,,3,3,TRUE
1265YKPINK-8XL,6,6,6,6,6,5,4,4,3,3,3,3,3,3,3,3,3,3,3,3,3,3,3,3,3,3,3,3,3,3,,30,30,TRUE
1265YKPINK-L,24,37,33,25,26,24,23,22,19,9,14,12,13,5,5,6,6,6,4,3,3,3,4,6,19,4,4,5,4,4,,30,30,TRUE
1265YKPINK-M,3,2,1,1,1,1,0,1,2,1,1,1,2,2,2,1,1,1,1,1,1,1,1,1,3,0,0,3,3,2,,27,26,FALSE
1265YKPINK-S,12,10,9,8,6,5,4,3,3,2,2,3,3,3,3,7,7,7,8,8,8,8,9,5,12,5,5,6,7,4,,30,30,TRUE
1265YKPINK-XL,13,17,14,9,13,12,10,10,9,8,8,9,10,9,9,9,9,9,8,8,8,8,9,8,10,8,8,9,5,5,,30,30,TRUE
1265YKPINK-XS,11,11,11,12,12,12,10,10,10,6,6,6,6,6,6,5,6,6,6,6,6,5,5,6,6,6,6,6,6,6,,30,30,TRUE
1265YKPINK-XXL,14,21,20,18,15,14,13,10,11,11,9,10,10,7,7,7,7,7,7,7,7,7,7,9,14,7,7,7,7,7,,30,30,TRUE
1266YKBLUE-3XL,16,16,15,14,13,13,11,11,6,8,8,8,7,7,7,6,6,6,5,5,5,5,5,5,12,5,5,5,5,5,,30,30,TRUE
1266YKBLUE-4XL,62,63,60,59,59,59,58,57,57,63,63,62,63,56,56,57,58,57,54,54,49,49,49,49,48,48,43,43,48,48,,30,30,TRUE
1266YKBLUE-5XL,78,77,77,78,78,77,75,66,64,54,64,64,61,58,58,51,52,52,51,51,49,48,48,36,35,29,28,33,33,32,,30,30,TRUE
1266YKBLUE-6XL,1,1,1,1,1,1,1,1,1,1,1,1,1,1,1,1,1,1,1,1,1,1,1,1,1,1,1,11,7,13,,30,30,TRUE
1266YKBLUE-7XL,39,39,38,37,37,36,35,35,29,29,29,28,28,27,27,28,28,28,27,27,24,19,24,25,25,25,19,18,17,17,,30,30,TRUE
1266YKBLUE-8XL,7,7,7,7,6,5,5,5,5,5,5,5,5,5,5,5,5,5,4,4,4,4,4,4,5,4,4,5,5,5,,30,30,TRUE
1266YKBLUE-L,5,10,10,9,10,9,9,9,7,6,6,6,6,6,6,4,4,4,4,4,4,4,5,6,13,4,4,4,4,4,,30,30,TRUE
1266YKBLUE-M,42,41,41,41,41,41,40,40,29,28,29,30,30,29,29,16,16,16,15,14,9,14,14,14,17,13,12,12,13,13,,30,30,TRUE
1266YKBLUE-S,69,69,69,69,69,69,68,68,68,66,66,66,66,66,66,56,56,56,51,51,51,50,50,50,50,50,51,51,51,51,,30,30,TRUE
1266YKBLUE-XL,47,44,44,43,42,41,40,38,35,35,33,32,32,32,32,22,22,22,21,21,21,21,21,19,18,12,12,18,18,18,,30,30,TRUE
1266YKBLUE-XS,5,5,5,5,5,5,3,3,2,2,2,2,2,2,2,2,2,2,2,2,2,2,2,2,2,2,2,2,2,2,,30,30,TRUE
1266YKBLUE-XXL,38,38,38,39,39,39,37,37,34,47,47,47,47,47,47,39,39,39,38,38,38,38,38,38,38,38,38,38,37,36,,30,30,TRUE
1267YKPINK-3XL,9,9,9,9,9,9,9,9,9,9,9,9,9,9,9,9,9,9,9,9,9,9,9,9,9,9,9,9,9,9,,30,30,TRUE
1267YKPINK-4XL,3,3,3,3,3,1,1,1,1,1,1,1,2,2,2,2,2,2,2,2,2,4,4,5,5,5,5,5,5,5,,30,30,TRUE
1267YKPINK-5XL,0,0,0,0,0,0,0,0,0,0,0,0,0,0,0,0,0,0,0,0,0,0,0,0,0,0,0,0,0,0,,0,0,TRUE
1267YKPINK-L,0,0,0,0,0,0,0,0,1,1,1,1,1,1,1,1,1,1,1,1,1,1,1,1,1,1,1,1,1,1,,22,22,TRUE
1267YKPINK-M,0,0,0,0,0,0,0,0,0,0,0,0,0,0,0,0,0,0,0,0,0,0,0,0,0,0,0,0,0,0,,0,0,TRUE
1267YKPINK-S,0,0,0,0,0,0,0,0,0,0,0,0,0,0,0,0,0,0,0,0,0,0,0,0,0,0,0,0,0,0,,0,0,TRUE
1267YKPINK-XL,0,0,0,0,0,0,0,0,0,0,0,0,0,0,0,0,0,0,0,0,0,0,0,0,0,0,0,0,0,0,,0,0,TRUE
1267YKPINK-XS,0,0,0,0,0,0,0,0,0,0,0,0,0,0,0,0,0,0,0,0,0,0,0,0,0,0,0,0,0,0,,0,0,TRUE
1267YKPINK-XXL,5,5,5,5,5,5,5,5,5,5,5,5,5,5,5,5,5,5,5,5,5,5,5,5,5,5,5,5,5,5,,30,30,TRUE
1268YKMULTI-3XL,38,38,38,38,38,55,55,55,55,55,55,56,55,65,65,65,65,65,65,5,56,56,56,56,56,46,46,46,50,50,,30,30,TRUE
1268YKMULTI-4XL,32,32,32,33,33,34,34,34,34,34,34,34,35,35,35,32,32,32,21,1,59,59,59,60,60,60,60,60,61,61,,30,30,TRUE
1268YKMULTI-5XL,27,27,27,26,26,34,34,34,33,33,33,33,32,28,28,22,21,21,20,20,40,38,38,36,35,32,32,33,29,30,,30,30,TRUE
1268YKMULTI-6XL,11,11,11,11,11,15,15,15,15,15,15,15,15,15,15,14,14,14,11,11,10,10,10,10,10,10,10,10,11,11,,30,30,TRUE
1268YKMULTI-7XL,7,7,7,7,7,9,9,9,9,9,9,9,9,9,9,9,9,9,8,8,8,8,8,8,8,8,8,8,9,9,,30,30,TRUE
1268YKMULTI-8XL,16,16,16,16,16,15,11,11,10,9,9,9,9,9,9,9,9,9,9,8,8,8,8,6,6,8,8,9,9,9,,30,30,TRUE
1268YKMULTI-L,93,94,94,93,92,92,92,92,92,92,92,92,92,92,92,93,93,93,92,92,92,90,90,90,90,90,94,94,94,94,,30,30,TRUE
1268YKMULTI-M,122,122,122,122,122,122,122,121,120,120,116,120,121,119,119,119,119,119,111,111,111,110,110,110,110,110,110,110,111,111,,30,30,TRUE
1268YKMULTI-S,60,60,63,68,68,68,68,68,68,68,67,67,67,67,67,66,66,66,66,66,66,66,66,66,66,66,66,66,66,66,,30,30,TRUE
1268YKMULTI-XL,107,107,107,108,108,108,108,108,108,107,107,107,106,102,102,101,101,101,100,100,100,100,100,99,99,95,95,95,95,95,,30,30,TRUE
1268YKMULTI-XS,16,16,16,16,16,21,21,21,21,21,21,21,21,21,21,21,22,22,22,22,22,22,22,22,22,22,22,22,22,22,,30,30,TRUE
1268YKMULTI-XXL,103,104,104,105,105,104,104,104,104,104,104,104,106,106,106,104,104,104,104,44,44,44,44,44,44,34,34,34,34,34,,30,30,TRUE
1269YKMUSTARD-3XL,0,0,0,0,0,0,0,0,0,0,0,0,0,0,0,0,0,0,0,0,0,0,0,0,0,0,0,0,0,0,,0,0,TRUE
1269YKMUSTARD-L,2,2,2,2,2,2,2,2,2,2,2,2,2,2,2,2,2,2,2,2,2,2,2,2,2,2,2,2,2,2,,30,30,TRUE
1269YKMUSTARD-M,8,8,8,8,8,8,8,8,8,8,8,8,8,8,8,8,8,8,8,8,8,8,8,8,8,8,8,8,8,8,,30,30,TRUE
1269YKMUSTARD-S,13,13,13,13,13,13,13,13,13,13,9,13,13,13,13,13,13,13,13,13,13,13,13,13,13,13,13,13,13,13,,30,30,TRUE
1269YKMUSTARD-XL,1,0,0,0,0,0,0,0,0,0,0,0,0,0,0,0,0,0,0,0,0,0,0,0,0,0,0,1,1,1,,4,4,TRUE
1269YKMUSTARD-XXL,2,2,2,2,2,1,1,1,1,1,1,1,1,1,1,1,1,1,1,1,1,1,1,1,1,1,1,2,2,2,,30,30,TRUE
126YK240BLACK-3XL,18,17,17,18,18,18,18,18,19,11,11,10,11,11,11,11,12,12,12,12,12,11,11,11,11,11,7,8,8,8,,30,30,TRUE
126YK240BLACK-4XL,0,0,0,2,1,1,0,0,0,0,0,0,1,1,1,8,8,8,6,6,6,5,5,7,7,3,3,3,4,8,,21,21,TRUE
126YK240BLACK-5XL,5,5,5,4,4,4,4,4,0,1,1,1,0,0,0,0,1,0,0,0,0,0,0,1,13,1,0,1,1,1,,18,18,TRUE
126YK240BLACK-L,0,0,0,0,0,0,0,0,0,0,0,0,0,0,0,0,0,0,0,0,0,0,0,0,0,0,0,0,0,0,,0,0,TRUE
126YK240BLACK-M,0,0,0,0,0,0,0,0,0,0,0,0,0,0,0,0,0,0,0,0,0,0,0,0,0,0,0,0,0,2,,1,0,FALSE
126YK240BLACK-S,0,0,0,0,0,0,0,0,0,0,0,0,0,0,0,0,0,0,0,0,0,0,0,0,0,0,0,0,0,0,,0,0,TRUE
126YK240BLACK-XL,1,1,1,1,1,1,1,1,1,1,1,1,1,1,1,1,1,1,1,1,1,1,1,1,1,1,1,1,1,1,,30,30,TRUE
126YK240BLACK-XXL,13,13,13,13,13,13,11,11,2,0,2,2,2,2,2,2,2,2,2,2,2,2,2,2,16,2,2,2,3,3,,29,29,TRUE
1270KDBLUE-11-12,0,0,0,0,0,0,0,0,0,0,0,0,0,0,0,0,0,0,0,0,0,0,0,0,0,0,0,0,0,0,,0,0,TRUE
1270KDBLUE-13-14,0,0,0,0,0,0,0,0,0,0,0,0,0,0,0,0,0,0,0,0,0,0,0,0,0,0,0,0,0,0,,0,0,TRUE
1270KDBLUE-7-8,0,0,0,0,0,0,0,0,0,0,0,0,0,1,1,1,1,1,1,1,1,1,1,1,1,1,1,1,1,1,,17,17,TRUE
1270KDBLUE-9-10,0,0,0,0,0,0,0,0,0,0,0,0,0,0,0,0,0,0,0,0,0,0,0,0,0,0,0,0,0,0,,0,0,TRUE
1270YKBLUE-3XL,42,42,41,41,41,63,61,60,57,60,60,60,61,61,61,61,61,61,61,61,61,61,61,60,60,61,60,60,60,59,,30,30,TRUE
1270YKBLUE-4XL,43,42,42,42,43,62,65,64,66,65,65,65,65,65,65,63,63,63,62,62,62,62,62,62,62,62,62,62,62,62,,30,30,TRUE
1270YKBLUE-5XL,106,106,106,105,105,109,109,110,110,111,110,110,109,110,110,108,107,107,107,108,108,108,108,108,108,108,108,107,107,107,,30,30,TRUE
1270YKBLUE-6XL,35,35,37,38,38,55,55,55,55,55,55,55,56,56,56,56,56,57,57,57,57,57,57,57,57,57,57,57,57,46,,30,30,TRUE
1270YKBLUE-7XL,3,2,2,2,3,3,3,3,0,0,0,0,0,0,0,0,0,0,0,0,0,0,0,0,3,0,0,0,0,0,,9,8,FALSE
1270YKBLUE-8XL,28,28,28,28,28,48,49,49,52,52,52,52,52,52,52,52,52,52,52,52,52,52,52,52,52,52,51,51,50,50,,30,30,TRUE
1270YKBLUE-L,119,119,121,121,120,120,120,120,118,119,119,118,118,117,117,117,117,117,116,116,116,116,116,116,116,115,115,115,116,116,,30,30,TRUE
1270YKBLUE-M,148,148,143,143,143,143,143,144,143,150,149,149,149,149,149,149,149,149,149,149,149,149,149,149,149,149,149,149,149,149,,30,30,TRUE
1270YKBLUE-S,78,78,78,78,78,78,78,78,78,78,78,78,78,78,78,78,78,78,66,65,65,65,65,65,65,65,65,65,65,65,,30,30,TRUE
1270YKBLUE-XL,57,57,57,57,57,57,57,57,57,57,57,57,57,57,57,56,56,56,55,55,55,55,55,55,55,54,54,54,54,54,,30,30,TRUE
1270YKBLUE-XS,86,86,86,86,86,86,86,86,86,86,85,86,86,86,86,86,79,79,79,79,79,79,79,79,79,79,86,86,86,86,,30,30,TRUE
1270YKBLUE-XXL,101,101,100,100,100,116,118,119,118,121,121,122,122,122,122,122,122,122,122,122,122,122,122,123,123,119,119,119,119,119,,30,30,TRUE
1271YKPINK-3XL,88,87,80,81,81,81,81,81,81,81,80,80,80,80,80,78,79,79,79,79,79,78,79,79,79,79,79,80,80,80,,30,30,TRUE
1271YKPINK-4XL,93,93,91,91,93,93,93,92,92,92,92,91,90,90,90,87,87,87,87,87,87,87,87,87,86,86,86,85,85,85,,30,30,TRUE
1271YKPINK-5XL,91,91,113,113,113,109,109,108,107,107,105,104,104,104,104,102,102,102,102,102,102,102,102,102,102,101,100,100,100,100,,30,30,TRUE
1271YKPINK-6XL,30,30,26,26,25,25,25,25,25,33,33,33,32,32,32,31,31,31,31,30,30,29,29,30,30,31,31,32,32,32,,30,30,TRUE
1271YKPINK-7XL,25,25,25,25,25,25,25,25,25,25,25,25,25,24,24,24,24,24,23,23,23,23,23,23,22,22,22,22,22,22,,30,30,TRUE
1271YKPINK-8XL,9,9,7,2,9,9,9,9,7,7,6,6,6,6,6,5,5,5,5,5,5,5,5,5,4,4,4,4,4,4,,30,30,TRUE
1271YKPINK-L,86,86,92,92,91,91,91,91,92,94,94,94,93,93,93,93,92,92,93,93,93,93,94,93,92,93,93,93,93,93,,30,30,TRUE
1271YKPINK-M,166,166,177,178,177,177,177,177,177,177,177,178,178,178,178,179,179,179,178,178,178,178,178,178,178,178,179,179,179,179,,30,30,TRUE
1271YKPINK-S,26,26,26,27,27,27,27,27,27,27,27,27,29,29,29,29,29,29,29,29,29,29,29,29,29,29,29,29,30,30,,30,30,TRUE
1271YKPINK-XL,73,73,73,73,73,73,73,73,73,73,69,73,73,73,73,73,73,73,73,73,73,73,73,73,73,73,73,72,72,72,,30,30,TRUE
1271YKPINK-XS,4,4,5,5,5,5,5,5,4,4,3,2,3,3,3,3,3,3,3,3,3,3,3,3,3,3,3,3,3,3,,30,30,TRUE
1271YKPINK-XXL,68,68,68,68,68,68,68,68,68,68,67,67,67,68,68,68,68,68,67,67,67,67,67,67,67,67,67,67,67,67,,30,30,TRUE
1272YKBLACK-3XL,6,7,7,7,7,7,5,5,2,2,2,2,2,2,2,2,2,2,2,2,2,2,2,2,2,2,2,1,1,1,,30,30,TRUE
1272YKBLACK-4XL,1,1,0,0,0,0,0,0,0,0,0,0,0,0,0,0,0,0,0,0,0,0,0,0,0,0,0,0,0,0,,2,2,TRUE
1272YKBLACK-5XL,0,0,0,0,0,0,0,0,0,0,0,0,0,0,0,0,0,0,0,0,0,0,0,0,0,0,0,0,0,0,,0,0,TRUE
1272YKBLACK-L,2,3,3,3,3,3,3,3,3,3,2,2,2,2,2,2,2,2,1,1,1,1,1,1,1,1,1,1,1,1,,30,30,TRUE
1272YKBLACK-M,7,7,7,8,8,7,5,5,3,3,3,3,3,3,3,3,3,3,3,3,3,2,2,2,4,2,2,2,2,2,,30,30,TRUE
1272YKBLACK-S,9,9,9,9,9,9,9,8,8,8,8,8,5,5,5,4,4,4,2,2,2,2,2,2,2,2,4,4,4,4,,30,30,TRUE
1272YKBLACK-XL,7,7,7,7,7,7,5,5,3,3,3,3,3,2,2,2,2,2,2,2,2,2,2,2,5,2,2,2,2,2,,30,30,TRUE
1272YKBLACK-XS,1,1,5,1,5,5,5,5,6,6,6,6,6,6,6,6,6,6,6,6,6,6,6,7,7,5,5,5,5,5,,30,30,TRUE
1272YKBLACK-XXL,11,11,11,11,11,11,9,9,6,5,5,5,5,5,5,5,5,5,5,5,4,4,4,4,4,4,4,4,4,4,,30,30,TRUE
1273YKBLUE-3XL,0,0,0,0,0,0,0,0,0,0,0,0,0,0,0,0,0,0,0,0,0,0,0,0,0,0,0,0,0,0,,0,0,TRUE
1273YKBLUE-4XL,0,0,0,0,0,0,0,0,0,0,0,0,0,0,0,0,0,0,0,0,0,0,0,0,0,0,0,0,0,0,,0,0,TRUE
1273YKBLUE-5XL,0,0,0,0,0,0,0,0,0,0,0,0,0,0,0,0,0,0,0,0,0,0,0,0,0,0,0,0,0,0,,0,0,TRUE
1273YKBLUE-L,0,0,0,0,0,0,0,0,0,0,0,0,0,0,0,0,0,0,0,0,0,0,0,0,0,0,0,0,0,0,,0,0,TRUE
1273YKBLUE-M,0,0,0,0,0,0,0,0,0,0,0,0,0,0,0,0,0,0,0,0,0,0,0,0,0,0,0,0,0,0,,0,0,TRUE
1273YKBLUE-S,0,0,0,0,0,0,0,0,0,0,0,0,0,0,0,0,0,0,0,0,0,0,0,0,0,0,0,0,0,0,,0,0,TRUE
1273YKBLUE-XL,0,0,0,0,0,0,0,0,0,0,0,0,0,0,0,0,0,0,0,0,0,0,0,0,0,0,0,0,0,0,,0,0,TRUE
1273YKBLUE-XS,2,2,2,2,2,2,2,2,2,2,2,2,2,2,2,2,2,2,2,2,2,2,2,2,2,2,2,2,2,2,,30,30,TRUE
1273YKBLUE-XXL,0,0,0,0,0,0,0,0,0,0,0,0,0,0,0,0,0,0,0,0,0,0,0,0,0,0,0,0,0,0,,0,0,TRUE
1274YKBLUE-3XL,0,0,0,0,0,0,0,0,0,0,0,0,0,0,0,0,0,0,0,0,0,0,0,0,0,0,0,0,0,0,,0,0,TRUE
1274YKBLUE-L,0,0,0,0,0,0,0,0,0,0,0,0,0,0,0,0,0,0,0,0,0,0,0,0,0,0,0,0,0,0,,0,0,TRUE
1274YKBLUE-M,2,2,2,2,2,2,2,2,2,2,2,2,2,2,2,2,2,2,2,2,2,2,2,2,2,2,2,2,2,2,,30,30,TRUE
1274YKBLUE-S,8,8,8,8,8,8,8,8,8,8,8,8,8,8,8,8,8,8,8,8,7,7,7,7,7,7,7,7,7,7,,30,30,TRUE
1274YKBLUE-XL,0,0,0,0,0,0,0,0,0,0,0,0,0,0,0,0,0,0,0,0,0,0,0,0,0,0,0,0,0,0,,0,0,TRUE
1274YKBLUE-XXL,0,0,0,0,0,0,0,0,0,0,0,0,0,0,0,0,0,0,0,0,0,0,0,0,0,0,0,0,0,0,,0,0,TRUE
1275YKPINK-L,0,0,0,0,0,0,0,0,0,0,0,0,0,0,0,0,0,0,0,0,0,0,0,0,0,0,0,0,0,0,,0,0,TRUE
1275YKPINK-M,0,0,0,0,0,0,0,0,0,0,0,0,0,0,0,0,0,0,0,0,0,0,0,0,0,0,0,0,0,0,,0,0,TRUE
1275YKPINK-S,0,0,0,0,0,0,0,0,0,0,0,0,0,0,0,0,0,0,0,0,0,0,0,0,0,0,0,0,0,0,,0,0,TRUE
1275YKPINK-XL,0,0,0,0,0,0,0,0,0,0,0,0,0,0,0,0,0,0,0,0,0,0,0,1,1,1,1,1,1,1,,7,7,TRUE
1275YKPINK-XXL,0,0,0,0,0,0,0,0,0,0,0,0,0,0,0,0,0,0,0,0,0,0,0,0,0,0,0,0,0,0,,0,0,TRUE
1277YKGREEN-L,2,4,4,4,4,4,4,4,0,0,0,0,0,0,0,5,5,5,3,3,3,3,3,3,3,3,3,3,3,3,,23,23,TRUE
1277YKGREEN-M,15,15,15,15,15,15,15,15,12,7,7,7,7,7,7,7,7,7,7,7,7,7,7,7,7,8,8,8,6,6,,30,30,TRUE
1277YKGREEN-S,57,57,57,57,57,57,56,56,55,55,55,55,55,53,53,53,53,53,52,52,52,52,52,52,52,52,53,53,53,53,,30,30,TRUE
1277YKGREEN-XL,3,2,2,1,1,1,1,1,1,2,2,2,3,3,3,4,4,4,4,4,4,4,4,4,4,3,3,2,2,2,,30,30,TRUE
1277YKGREEN-XS,28,28,28,28,28,28,28,28,28,28,28,28,28,28,28,28,28,28,28,28,28,28,28,27,27,27,27,27,25,25,,30,30,TRUE
1277YKGREEN-XXL,0,0,0,0,0,0,0,0,0,0,0,0,0,0,0,0,0,0,0,0,0,0,0,0,0,0,0,0,0,0,,0,0,TRUE
1278YKPINK-3XL,11,12,12,12,12,12,12,12,12,12,12,12,12,12,12,12,12,12,11,11,11,11,11,10,9,10,10,10,10,10,,30,30,TRUE
1278YKPINK-4XL,35,37,37,39,38,38,37,37,35,35,35,35,36,36,36,35,35,35,35,35,35,35,35,35,35,31,31,34,34,34,,30,30,TRUE
1278YKPINK-5XL,32,33,33,37,38,36,36,36,36,36,36,36,36,34,34,34,34,34,34,34,30,30,30,29,29,29,29,29,29,29,,30,30,TRUE
1278YKPINK-L,114,116,116,116,116,116,116,116,116,116,115,115,115,115,115,115,115,115,114,114,113,113,113,112,112,112,111,110,110,110,,30,30,TRUE
1278YKPINK-M,125,124,125,129,129,129,128,128,128,128,119,128,128,128,128,128,128,128,127,127,127,127,127,127,127,127,127,127,124,124,,30,30,TRUE
1278YKPINK-S,64,64,65,65,66,66,65,66,65,65,65,65,65,65,65,64,64,64,63,63,63,58,58,58,58,57,57,56,55,55,,30,30,TRUE
1278YKPINK-XL,122,122,122,122,122,122,122,121,121,121,121,121,121,121,121,121,121,121,120,120,119,119,120,121,121,121,121,122,122,122,,30,30,TRUE
1278YKPINK-XS,5,5,5,5,5,5,5,5,4,4,3,3,3,3,3,3,3,3,3,3,3,3,3,3,3,3,3,3,3,3,,30,30,TRUE
1278YKPINK-XXL,45,48,48,47,47,47,47,47,47,47,47,47,48,48,48,48,48,48,47,47,47,47,47,47,46,47,47,47,47,47,,30,30,TRUE
1279YKBLUE-3XL,0,0,0,0,0,0,0,0,0,0,0,0,0,0,0,0,0,0,0,0,0,0,0,0,0,0,0,0,0,0,,0,0,TRUE
1279YKBLUE-4XL,0,0,0,0,0,0,0,0,0,0,0,0,0,0,0,0,0,0,0,0,0,0,0,0,0,0,0,0,0,0,,0,0,TRUE
1279YKBLUE-5XL,0,0,0,0,0,0,0,0,0,0,0,0,0,0,0,0,0,0,0,0,0,0,0,0,0,0,0,0,0,0,,0,0,TRUE
1279YKBLUE-L,0,0,0,0,0,0,0,0,0,0,0,0,0,0,0,0,0,0,0,0,0,0,0,0,0,0,0,0,0,0,,0,0,TRUE
1279YKBLUE-M,0,0,0,0,0,0,0,0,0,0,0,0,0,0,0,0,0,0,0,0,0,0,0,0,0,0,0,0,0,0,,0,0,TRUE
1279YKBLUE-S,0,0,0,0,0,0,0,0,0,0,0,0,0,0,0,0,0,0,0,0,0,0,0,0,0,0,0,0,0,0,,0,0,TRUE
1279YKBLUE-XL,0,0,0,0,0,0,0,0,0,0,0,0,0,0,0,0,0,0,0,0,0,0,0,0,0,0,0,0,0,0,,0,0,TRUE
1279YKBLUE-XXL,0,0,0,0,0,0,0,0,0,0,0,0,0,0,0,0,0,0,0,0,0,0,0,0,0,0,0,0,0,0,,0,0,TRUE
1280YKBLUE-L,17,17,17,17,17,17,17,17,17,17,16,17,16,16,16,16,16,16,13,13,13,13,13,13,13,13,18,17,17,17,,30,30,TRUE
1280YKBLUE-M,7,7,7,7,6,6,6,6,6,6,6,6,6,6,6,6,6,6,6,6,6,6,6,6,5,6,6,6,6,6,,30,30,TRUE
1280YKBLUE-S,9,9,9,9,9,9,9,10,10,10,10,10,10,10,10,10,10,10,10,10,10,9,9,9,9,9,9,9,9,9,,30,30,TRUE
1280YKBLUE-XL,28,28,28,28,28,28,28,28,28,28,28,28,28,28,28,28,28,28,28,28,28,28,28,28,28,28,28,28,28,28,,30,30,TRUE
1280YKBLUE-XXL,10,10,10,10,10,9,9,9,8,8,4,4,4,4,4,4,4,4,4,4,4,4,4,4,4,2,2,2,2,2,,30,30,TRUE
1281YKPINK-L,0,0,0,0,0,0,0,0,0,0,0,0,0,0,0,0,0,0,0,0,0,0,0,0,0,0,0,0,0,0,,0,0,TRUE
1281YKPINK-M,0,0,0,0,0,0,0,0,0,0,0,0,0,0,0,0,0,0,0,0,0,0,0,0,0,0,0,0,0,0,,0,0,TRUE
1281YKPINK-S,1,1,1,1,1,1,1,1,1,1,1,1,1,1,1,1,1,1,1,1,1,1,1,1,1,1,1,1,1,1,,30,30,TRUE
1281YKPINK-XL,0,0,0,14,14,9,4,0,0,0,0,0,0,0,0,0,0,0,0,0,0,0,0,0,0,0,0,0,0,0,,4,4,TRUE
1281YKPINK-XS,0,0,0,0,0,0,0,0,0,0,0,0,0,0,0,0,0,0,0,0,0,0,0,0,0,0,0,0,0,0,,0,0,TRUE
1281YKPINK-XXL,0,0,0,0,0,0,0,0,0,0,0,0,0,0,0,0,0,0,0,0,0,0,0,0,0,0,0,0,0,0,,0,0,TRUE
1282YKYELLOW-3XL,0,0,0,0,0,0,0,0,0,0,0,0,0,0,0,0,0,0,0,0,0,0,0,0,0,0,0,0,0,1,,1,0,FALSE
1282YKYELLOW-L,12,12,14,14,14,14,14,13,9,9,9,9,9,9,9,9,9,9,9,9,9,9,9,9,9,9,9,9,9,9,,30,30,TRUE
1282YKYELLOW-M,23,23,23,23,23,23,23,23,23,23,23,23,25,25,25,25,25,25,25,25,25,25,25,25,25,23,23,23,23,23,,30,30,TRUE
1282YKYELLOW-S,1,1,1,0,0,0,0,0,0,0,0,0,1,1,1,1,1,1,1,1,1,1,1,1,1,1,2,2,2,2,,21,21,TRUE
1282YKYELLOW-XL,20,20,20,20,20,20,20,20,20,20,20,20,20,20,20,20,20,20,20,20,20,20,20,20,20,20,20,20,20,20,,30,30,TRUE
1282YKYELLOW-XXL,25,25,25,28,28,28,28,28,28,28,28,28,28,28,28,28,28,28,27,27,27,27,27,27,27,27,28,28,25,25,,30,30,TRUE
1284YKBLUE-3XL,0,0,0,0,0,0,0,0,0,0,0,0,0,0,0,0,0,0,0,0,0,0,0,0,0,0,0,0,0,0,,0,0,TRUE
1284YKBLUE-4XL,0,0,0,0,0,0,0,0,0,0,0,0,0,0,0,0,0,0,0,0,0,0,0,0,0,0,0,0,0,0,,0,0,TRUE
1284YKBLUE-5XL,0,0,0,0,0,0,0,0,0,0,0,0,0,0,0,0,0,0,0,0,0,0,0,0,0,0,0,0,0,0,,0,0,TRUE
1284YKBLUE-L,1,1,1,1,1,1,1,1,1,1,1,1,1,1,1,1,1,1,1,1,1,1,1,1,1,1,1,1,1,1,,30,30,TRUE
1284YKBLUE-M,1,1,1,1,1,1,1,1,1,1,1,1,1,1,1,1,1,1,1,1,1,1,1,1,1,1,1,1,1,1,,30,30,TRUE
1284YKBLUE-S,1,1,1,1,1,1,1,1,1,1,1,1,1,1,1,1,1,1,1,1,1,1,1,1,1,1,1,1,1,1,,30,30,TRUE
1284YKBLUE-XL,1,1,1,1,1,1,1,1,1,1,1,1,1,1,1,1,1,1,1,1,1,1,1,1,1,1,1,1,1,1,,30,30,TRUE
1284YKBLUE-XS,1,1,1,1,1,1,1,1,1,1,1,1,1,1,1,1,1,1,1,1,1,1,1,1,1,1,1,1,1,1,,30,30,TRUE
1284YKBLUE-XXL,0,0,0,0,0,0,0,0,0,0,0,0,0,0,0,0,0,0,0,0,0,0,0,0,0,0,0,0,0,0,,0,0,TRUE
1285YKWHITE-5XL,0,0,0,0,0,0,0,0,0,0,0,0,0,0,0,0,0,0,0,0,0,0,0,0,0,0,0,0,0,1,,1,0,FALSE
1285YKWHITE-L,0,0,0,0,0,0,0,0,0,0,0,0,0,0,0,0,0,0,0,0,0,0,0,0,0,0,0,0,0,0,,0,0,TRUE
1285YKWHITE-M,0,0,0,0,0,0,0,0,0,0,0,0,0,0,0,0,0,0,0,0,0,0,0,0,0,0,0,0,0,0,,0,0,TRUE
1285YKWHITE-S,1,1,1,1,1,1,1,2,2,2,2,2,2,2,2,2,2,2,2,2,2,2,2,2,2,2,2,2,2,2,,30,30,TRUE
1285YKWHITE-XL,0,0,0,0,0,0,0,0,0,0,0,0,0,0,0,0,0,0,0,0,0,0,0,0,0,0,0,0,0,0,,0,0,TRUE
1285YKWHITE-XXL,0,0,0,0,0,0,0,0,0,0,0,0,0,0,0,0,0,0,0,0,0,0,0,0,0,0,0,0,0,0,,0,0,TRUE
1286YKMULTI-3XL,1,1,1,1,1,1,1,1,1,1,1,1,1,1,1,1,1,1,1,1,1,1,1,1,1,1,1,1,1,1,,30,30,TRUE
1286YKMULTI-L,2,2,2,2,2,2,2,2,2,2,1,1,1,1,1,1,1,1,1,1,1,1,1,1,2,1,1,1,1,6,,30,30,TRUE
1286YKMULTI-M,17,17,17,17,17,17,17,17,16,16,16,16,16,16,16,14,14,14,14,14,14,14,14,14,14,10,5,5,5,5,,30,30,TRUE
1286YKMULTI-S,38,38,38,38,38,38,37,37,37,37,37,38,38,38,38,38,38,38,38,38,37,37,37,37,37,35,35,35,36,36,,30,30,TRUE
1286YKMULTI-XL,3,3,4,4,4,4,4,4,0,0,0,0,0,0,0,0,0,0,0,0,0,0,0,0,0,0,0,0,0,3,,9,8,FALSE
1286YKMULTI-XXL,10,10,10,9,9,8,6,5,3,3,3,2,2,2,2,2,2,2,1,1,1,1,1,2,5,2,2,2,2,2,,30,30,TRUE
1287YKBROWN-3XL,31,30,30,30,29,29,29,29,28,28,26,26,24,27,27,28,28,28,26,26,26,26,26,24,23,18,18,23,23,23,,30,30,TRUE
1287YKBROWN-4XL,43,44,42,42,43,43,43,43,35,22,24,23,24,24,24,23,23,23,19,14,18,18,18,18,17,16,11,11,11,8,,30,30,TRUE
1287YKBROWN-5XL,1,1,1,1,1,1,1,1,3,2,2,2,2,0,0,10,10,10,5,5,5,5,5,4,4,4,3,3,3,8,,28,28,TRUE
1287YKBROWN-6XL,1,1,1,1,2,2,2,2,1,1,1,1,1,1,1,1,1,1,1,1,1,1,1,1,2,1,1,1,2,2,,30,30,TRUE
1287YKBROWN-7XL,1,0,0,0,0,0,0,0,0,0,0,0,0,0,0,0,0,0,0,0,0,0,0,0,0,0,0,1,1,1,,4,4,TRUE
1287YKBROWN-8XL,1,1,1,1,1,1,1,1,1,1,1,3,3,3,3,3,3,3,2,2,1,1,1,1,1,1,1,1,1,1,,30,30,TRUE
1287YKBROWN-L,21,21,21,21,21,20,20,20,20,20,20,20,20,19,19,19,19,19,18,16,11,16,16,16,16,17,17,16,16,16,,30,30,TRUE
1287YKBROWN-M,10,10,10,10,10,10,10,10,10,10,10,10,10,10,10,11,11,11,11,11,11,11,11,11,11,11,11,11,12,12,,30,30,TRUE
1287YKBROWN-S,30,30,34,34,34,34,34,34,34,34,29,35,35,35,35,35,35,35,35,35,35,35,35,35,35,35,35,35,35,36,,30,30,TRUE
1287YKBROWN-XL,7,7,7,6,6,6,4,4,4,4,4,4,3,3,3,3,3,3,3,3,3,3,3,4,4,4,3,3,3,3,,30,30,TRUE
1287YKBROWN-XS,14,14,14,14,14,13,13,13,13,13,13,13,13,13,13,13,13,13,13,13,13,13,13,13,13,14,14,14,14,14,,30,30,TRUE
1287YKBROWN-XXL,55,55,55,56,56,56,56,55,55,54,54,54,54,54,54,55,55,55,55,55,55,55,55,54,54,55,57,57,58,58,,30,30,TRUE
1288YKGREEN-3XL,0,0,0,0,0,0,0,0,0,0,0,0,0,0,0,0,0,0,0,0,0,0,0,0,0,0,0,0,0,0,,0,0,TRUE
1288YKGREEN-L,0,1,1,1,1,1,1,1,1,1,1,1,1,1,1,1,1,1,1,1,1,1,1,1,1,1,1,1,1,1,,29,29,TRUE
1288YKGREEN-M,0,0,0,0,0,0,0,0,0,0,0,0,0,0,0,0,0,0,0,0,0,0,0,0,0,0,0,0,0,0,,0,0,TRUE
1288YKGREEN-S,0,0,0,0,0,0,0,0,0,0,0,0,0,0,0,0,0,0,0,0,0,0,0,0,0,0,0,0,0,0,,0,0,TRUE
1288YKGREEN-XL,5,5,5,5,5,5,5,5,5,5,5,5,5,5,5,5,5,5,5,5,5,5,5,5,5,5,5,5,5,5,,30,30,TRUE
1288YKGREEN-XXL,0,0,0,0,0,0,0,0,0,0,0,0,0,0,0,0,0,0,0,0,0,0,0,0,0,0,0,0,0,0,,0,0,TRUE
1289YKMULTI-5XL,0,0,0,0,0,0,0,0,0,0,0,0,0,0,0,0,0,0,0,0,0,0,0,0,0,0,0,0,0,0,,0,0,TRUE
1289YKMULTI-L,0,0,0,0,0,0,0,0,0,0,0,0,0,0,0,0,0,0,0,0,0,0,0,0,0,0,0,0,0,0,,0,0,TRUE
1289YKMULTI-M,0,0,0,0,0,0,0,0,0,0,0,0,0,0,0,0,0,0,0,0,0,0,0,0,0,0,0,0,0,0,,0,0,TRUE
1289YKMULTI-S,0,0,0,0,0,0,0,0,0,0,0,0,0,0,0,0,0,0,0,0,0,0,0,0,0,0,0,0,0,0,,0,0,TRUE
1289YKMULTI-XL,0,0,0,0,0,0,0,0,0,0,0,0,0,0,0,0,0,0,0,0,0,0,0,0,0,0,0,0,0,0,,0,0,TRUE
1289YKMULTI-XXL,0,0,0,0,0,0,0,0,0,0,0,0,0,0,0,0,0,0,0,0,0,0,0,0,0,0,0,0,0,0,,0,0,TRUE
1290YKYELLOW-3XL,0,0,0,0,0,0,0,0,0,0,0,0,0,0,0,0,0,0,0,0,0,0,0,0,0,0,0,0,0,0,,0,0,TRUE
1290YKYELLOW-4XL,0,0,0,0,0,0,0,0,0,0,0,0,0,0,0,0,0,0,0,0,0,0,0,0,0,0,0,0,0,0,,0,0,TRUE
1290YKYELLOW-5XL,0,0,0,0,0,0,0,0,0,0,0,0,0,0,0,0,0,0,0,0,0,0,0,0,0,0,0,0,0,0,,0,0,TRUE
1290YKYELLOW-XXL,0,0,0,0,0,0,0,0,0,0,0,0,0,0,0,0,0,0,0,0,0,0,0,0,0,0,0,0,0,0,,0,0,TRUE
1291YKRED-3XL,0,0,0,0,0,0,0,0,0,0,0,0,0,0,0,0,0,0,0,0,0,0,0,0,0,0,0,0,0,0,,0,0,TRUE
1291YKRED-4XL,0,0,0,0,0,0,0,0,0,0,0,0,0,0,0,0,0,0,0,0,0,0,0,0,0,0,0,0,0,0,,0,0,TRUE
1291YKRED-5XL,0,0,0,0,0,0,0,0,0,0,0,0,0,0,0,0,0,0,0,0,0,0,0,0,0,0,0,0,0,0,,0,0,TRUE
1291YKRED-L,0,0,0,0,0,0,0,0,0,0,0,0,0,0,0,0,0,0,0,0,0,0,0,0,0,0,0,0,0,0,,0,0,TRUE
1291YKRED-M,2,2,2,2,2,2,2,2,2,2,2,2,2,2,2,2,2,2,2,2,2,2,2,2,2,2,2,2,2,2,,30,30,TRUE
1291YKRED-S,5,5,5,5,5,5,5,5,5,5,5,5,5,5,5,4,4,4,4,4,4,4,4,4,4,4,4,4,4,4,,30,30,TRUE
1291YKRED-XL,0,0,0,0,0,0,0,0,0,0,0,0,0,0,0,0,0,0,0,0,0,0,0,0,0,0,0,0,0,0,,0,0,TRUE
1291YKRED-XXL,1,1,1,1,1,1,1,1,1,1,1,1,1,1,1,1,1,1,1,1,1,0,0,0,0,0,0,0,0,0,,21,21,TRUE
1292YKGREEN-3XL,0,0,0,0,0,0,0,0,0,0,0,0,0,0,0,0,0,0,0,0,0,0,0,0,0,0,0,0,0,0,,0,0,TRUE
1292YKGREEN-4XL,0,0,0,0,0,0,0,0,0,0,0,0,0,0,0,0,0,0,0,0,0,0,0,0,0,0,0,0,0,0,,0,0,TRUE
1292YKGREEN-5XL,0,0,0,0,0,0,0,0,0,0,0,0,0,0,0,0,0,0,0,0,0,0,0,0,0,0,0,0,0,0,,0,0,TRUE
1292YKGREEN-L,3,3,3,3,3,3,3,3,2,2,1,1,1,1,1,1,1,1,1,1,1,1,1,1,1,1,1,1,1,1,,30,30,TRUE
1292YKGREEN-M,16,19,19,19,18,17,17,17,16,15,15,15,15,13,13,13,13,13,12,10,10,10,10,10,10,10,10,10,10,10,,30,30,TRUE
1292YKGREEN-S,7,7,7,7,7,7,7,7,7,7,7,7,7,7,7,7,7,7,7,7,7,7,7,7,7,7,7,7,7,7,,30,30,TRUE
1292YKGREEN-XL,2,2,2,3,3,3,3,3,3,3,3,3,3,3,3,3,3,3,3,3,3,3,3,3,3,3,3,3,3,3,,30,30,TRUE
1292YKGREEN-XXL,0,0,0,0,0,0,0,0,0,0,0,0,0,0,0,0,0,0,0,0,0,0,0,0,0,0,0,0,0,0,,0,0,TRUE
1293KDMAROON-11-12,1,1,1,1,1,1,1,1,1,1,1,1,1,1,1,0,0,0,0,0,0,0,0,0,0,0,0,0,0,1,,16,14,FALSE
1293KDMAROON-13-14,1,1,1,1,1,1,1,1,1,1,1,1,1,1,1,1,1,1,1,1,1,1,1,1,1,1,1,1,1,1,,30,30,TRUE
1293KDMAROON-7-8,21,21,21,22,22,22,22,22,22,22,22,22,22,22,22,22,22,22,22,22,22,22,22,22,22,23,23,23,23,23,,30,30,TRUE
1293KDMAROON-9-10,10,10,10,10,10,10,10,10,10,10,10,10,10,11,11,11,11,11,11,11,11,11,11,11,11,11,11,11,11,11,,30,30,TRUE
1293YKMAROON-3XL,185,191,190,191,192,191,191,189,188,187,185,185,186,186,186,172,172,172,171,171,161,161,161,160,158,160,160,161,157,157,,30,30,TRUE
1293YKMAROON-4XL,105,106,101,101,99,99,99,99,99,103,103,103,103,98,98,90,90,90,84,84,68,68,69,69,69,70,70,70,43,42,,30,30,TRUE
1293YKMAROON-5XL,22,22,21,20,20,19,17,17,17,17,17,17,18,18,18,16,16,16,16,15,10,10,11,11,23,11,11,11,11,11,,30,30,TRUE
1293YKMAROON-6XL,40,41,41,42,43,43,43,43,43,43,42,42,42,42,42,42,42,42,39,39,34,34,34,34,34,34,32,32,30,29,,30,30,TRUE
1293YKMAROON-7XL,53,53,52,53,53,53,52,52,53,53,53,53,53,53,53,54,54,54,53,53,48,48,48,48,48,48,48,48,48,48,,30,30,TRUE
1293YKMAROON-8XL,21,21,23,23,23,23,23,23,23,22,19,19,19,19,19,19,19,19,19,17,17,16,16,16,16,16,16,16,13,13,,30,30,TRUE
1293YKMAROON-L,204,204,203,204,204,201,199,196,199,198,196,191,193,193,193,150,151,151,151,151,150,149,150,150,149,149,149,150,151,151,,30,30,TRUE
1293YKMAROON-M,218,217,213,213,212,212,212,213,212,217,214,215,216,216,216,168,169,168,148,148,147,146,148,147,146,147,147,147,145,144,,30,30,TRUE
1293YKMAROON-S,80,81,79,78,79,77,77,78,78,79,79,77,77,75,75,44,43,43,35,35,35,35,36,36,36,30,30,30,38,38,,30,30,TRUE
1293YKMAROON-XL,215,216,216,218,216,216,215,213,214,214,193,193,194,194,194,148,148,148,135,134,134,134,134,134,133,135,135,135,93,91,,30,30,TRUE
1293YKMAROON-XS,59,59,59,63,63,63,63,64,64,63,63,63,62,62,62,38,38,38,38,37,35,35,35,37,37,27,27,27,28,28,,30,30,TRUE
1293YKMAROON-XXL,143,143,140,141,142,142,141,141,142,142,141,140,140,140,140,94,94,94,91,91,86,92,92,93,92,94,94,95,75,74,,30,30,TRUE
1294YKGREEN-3XL,137,135,135,137,137,136,135,135,133,134,133,134,135,134,134,134,134,134,133,133,133,132,132,131,130,122,122,125,127,127,,30,30,TRUE
1294YKGREEN-4XL,116,116,114,113,113,111,110,109,109,108,108,108,111,111,111,111,111,111,110,111,109,110,110,112,112,111,110,112,107,107,,30,30,TRUE
1294YKGREEN-5XL,108,111,110,110,108,106,106,105,105,102,105,104,104,103,103,102,102,102,100,100,94,93,93,93,92,76,75,79,79,79,,30,30,TRUE
1294YKGREEN-6XL,17,17,16,13,14,13,13,12,11,10,9,8,5,8,8,7,7,7,7,7,7,7,7,9,8,8,8,8,8,8,,30,30,TRUE
1294YKGREEN-7XL,30,30,30,30,30,28,28,28,26,27,26,26,25,25,25,25,25,25,24,23,23,23,23,23,23,23,23,23,23,23,,30,30,TRUE
1294YKGREEN-8XL,23,23,25,25,25,20,20,20,20,20,20,18,13,15,15,15,15,15,12,8,10,10,10,10,10,10,10,10,10,10,,30,30,TRUE
1294YKGREEN-L,31,31,33,34,34,34,34,34,34,32,32,32,32,32,32,32,32,32,32,32,31,30,31,31,31,32,31,31,31,32,,30,30,TRUE
1294YKGREEN-M,19,20,20,20,20,19,19,18,18,18,18,18,18,18,18,18,18,18,18,18,18,18,18,18,18,18,18,18,18,18,,30,30,TRUE
1294YKGREEN-S,26,26,29,29,29,29,29,29,29,29,26,29,29,29,29,29,29,29,29,29,29,29,29,29,29,29,29,29,29,29,,30,30,TRUE
1294YKGREEN-XL,46,47,46,46,46,45,45,46,44,44,44,44,44,44,44,44,44,44,43,43,43,43,43,43,42,43,43,43,43,43,,30,30,TRUE
1294YKGREEN-XS,3,3,7,7,7,7,7,6,6,6,6,6,6,6,6,6,6,6,6,6,6,6,6,6,6,4,4,4,5,5,,30,30,TRUE
1294YKGREEN-XXL,112,112,117,115,116,116,116,117,115,113,113,113,113,109,109,110,110,110,109,109,105,105,105,106,103,103,102,101,96,96,,30,30,TRUE
1295YKPINK-3XL,0,0,0,0,0,0,0,0,0,0,0,0,0,0,0,0,0,0,0,0,0,0,0,0,0,0,0,0,0,0,,0,0,TRUE
1295YKPINK-4XL,0,0,0,0,0,0,0,0,0,0,0,0,0,0,0,0,0,0,0,0,0,0,0,0,0,0,0,0,1,1,,2,2,TRUE
1295YKPINK-5XL,2,2,2,2,2,2,1,1,1,0,0,0,0,0,0,1,1,1,2,2,2,2,2,2,2,2,2,2,2,2,,24,24,TRUE
1295YKPINK-L,1,1,1,0,0,0,0,0,0,0,0,0,0,0,0,0,0,0,0,0,0,0,0,0,0,0,0,0,0,0,,3,3,TRUE
1295YKPINK-M,4,4,4,4,3,3,3,3,3,3,3,3,3,3,3,3,3,3,3,3,3,3,3,3,6,3,3,3,4,4,,30,30,TRUE
1295YKPINK-S,4,4,4,4,4,4,4,4,4,4,4,4,4,4,4,4,4,4,4,4,4,4,4,3,3,3,3,3,3,3,,30,30,TRUE
1295YKPINK-XL,0,0,0,0,0,0,0,0,0,1,1,1,0,0,0,0,0,0,0,0,0,0,0,0,0,0,0,0,0,0,,3,3,TRUE
1295YKPINK-XS,9,8,8,8,8,8,8,8,6,1,5,5,5,5,5,5,5,5,5,5,5,5,5,5,5,5,5,5,5,5,,30,30,TRUE
1295YKPINK-XXL,0,0,0,0,0,0,0,0,0,0,0,0,0,0,0,0,0,0,0,0,0,0,0,0,0,0,0,0,0,4,,1,0,FALSE
1296YKRED-L,2,2,2,2,2,2,2,2,2,2,2,2,2,2,2,2,2,2,2,2,2,2,2,2,2,2,2,2,2,2,,30,30,TRUE
1296YKRED-M,13,13,13,13,13,13,13,13,13,12,11,11,11,11,11,11,11,11,10,10,10,10,10,10,10,8,8,8,8,8,,30,30,TRUE
1296YKRED-S,13,13,13,13,13,13,13,13,12,12,12,12,12,12,12,12,12,12,11,11,11,11,11,11,11,11,11,11,11,11,,30,30,TRUE
1296YKRED-XL,3,3,3,3,3,3,3,3,3,3,1,3,3,3,3,3,3,3,3,3,3,3,3,3,3,3,3,3,3,3,,30,30,TRUE
1297YKMUSTARD-3XL,0,0,0,0,0,0,0,0,0,0,0,0,0,0,0,0,0,0,0,0,0,0,0,0,0,0,0,0,0,0,,0,0,TRUE
1297YKMUSTARD-L,4,4,4,4,4,4,4,4,4,4,4,4,4,4,4,4,4,4,4,4,4,4,4,4,4,4,4,4,4,4,,30,30,TRUE
1297YKMUSTARD-M,43,43,43,43,43,43,43,43,42,42,42,42,42,41,41,42,42,42,42,42,42,42,42,42,42,42,42,42,42,42,,30,30,TRUE
1297YKMUSTARD-S,10,10,10,10,10,10,10,10,10,10,10,10,10,10,10,9,9,9,9,9,9,9,9,9,9,9,9,9,9,9,,30,30,TRUE
1297YKMUSTARD-XL,11,11,11,11,11,11,11,11,10,10,10,10,10,10,10,9,9,9,8,8,8,8,8,8,8,8,8,8,8,8,,30,30,TRUE
1297YKMUSTARD-XXL,0,0,0,0,0,0,0,0,0,0,0,0,0,0,0,0,0,0,0,0,0,0,0,0,0,0,0,0,0,0,,0,0,TRUE
1298YKBLACK-L,0,0,0,0,0,0,0,0,0,0,0,0,0,0,0,0,0,0,0,0,0,0,0,0,0,0,0,0,0,0,,0,0,TRUE
1298YKBLACK-M,0,0,0,0,0,0,0,0,0,0,0,0,0,0,0,0,0,0,0,0,0,0,0,0,0,0,0,0,0,0,,0,0,TRUE
1298YKBLACK-S,0,0,0,0,0,0,0,0,0,0,0,0,0,0,0,0,0,0,0,0,0,0,0,0,0,0,0,0,0,0,,0,0,TRUE
1298YKBLACK-XL,0,0,0,0,0,0,0,0,0,0,0,0,0,0,0,0,0,0,0,0,0,0,0,0,0,0,0,0,0,0,,0,0,TRUE
1298YKBLACK-XXL,0,0,0,0,0,0,0,0,0,0,0,0,0,0,0,0,0,0,0,0,0,0,0,0,0,0,0,0,0,0,,0,0,TRUE
1299YKBLUE-3XL,0,0,0,0,0,0,0,0,0,0,0,0,0,0,0,0,0,0,0,0,0,0,0,0,0,0,0,0,0,0,,0,0,TRUE
1299YKBLUE-L,0,0,0,0,0,0,0,0,0,0,0,0,0,0,0,0,0,0,0,0,0,0,0,0,0,0,0,0,0,0,,0,0,TRUE
1299YKBLUE-S,0,0,0,0,0,0,0,0,0,0,0,0,0,0,0,0,0,0,0,0,0,0,0,0,0,0,0,0,0,0,,0,0,TRUE
129YK245MROON-XXL,0,0,0,0,0,0,0,0,0,0,0,0,0,0,0,0,0,0,0,0,0,0,0,0,0,0,0,0,0,0,,0,0,TRUE
1300YKORANGE-3XL,31,31,30,30,30,30,30,29,29,30,30,30,30,30,30,30,30,30,30,30,28,28,28,28,27,28,28,28,24,24,,30,30,TRUE
1300YKORANGE-4XL,36,37,37,37,37,37,37,37,33,34,34,34,34,34,34,34,34,34,32,32,32,32,32,31,31,31,31,31,26,26,,30,30,TRUE
1300YKORANGE-5XL,17,16,16,17,17,17,17,17,20,21,21,21,21,21,21,21,21,21,21,21,21,21,21,21,21,15,15,15,12,12,,30,30,TRUE
1300YKORANGE-6XL,11,11,11,11,11,11,11,11,11,11,11,11,11,11,11,11,11,11,11,11,11,10,10,10,9,10,8,8,8,8,,30,30,TRUE
1300YKORANGE-7XL,16,15,15,15,15,12,12,12,10,10,10,9,9,9,9,8,8,8,8,8,8,8,8,9,9,9,9,9,9,9,,30,30,TRUE
1300YKORANGE-8XL,8,8,4,10,10,10,10,10,10,10,10,10,10,10,10,10,10,10,10,10,10,10,10,10,10,10,10,10,10,10,,30,30,TRUE
1300YKORANGE-L,24,24,25,25,25,25,25,25,21,21,17,20,20,20,20,20,20,20,20,20,20,20,20,19,19,19,19,19,19,19,,30,30,TRUE
1300YKORANGE-M,15,15,15,16,16,16,16,16,16,17,17,17,17,17,17,17,17,17,17,17,17,17,17,17,17,17,17,17,13,12,,30,30,TRUE
1300YKORANGE-S,5,5,5,5,5,5,5,5,5,5,5,5,5,5,5,5,5,5,5,5,5,5,5,5,5,5,5,5,5,5,,30,30,TRUE
1300YKORANGE-XL,12,12,11,11,12,12,9,9,9,10,10,10,11,11,11,11,11,11,9,9,9,9,9,9,8,9,9,9,5,5,,30,30,TRUE
1300YKORANGE-XS,25,25,25,25,25,25,25,25,25,25,25,26,26,26,26,26,26,26,26,26,26,26,26,26,26,26,26,26,26,26,,30,30,TRUE
1300YKORANGE-XXL,31,31,31,31,30,30,30,30,30,32,32,32,33,33,33,33,33,33,33,33,33,33,33,33,33,33,33,33,33,33,,30,30,TRUE
1301YKBLUE-5XL,0,0,0,1,1,0,0,0,0,0,0,0,0,0,0,0,0,0,0,0,0,0,0,0,0,0,0,0,0,0,,2,2,TRUE
1301YKBLUE-L,0,0,0,0,0,0,0,0,0,0,0,0,0,0,0,0,0,0,0,0,0,0,0,0,0,0,0,0,0,0,,0,0,TRUE
1301YKBLUE-M,0,0,0,0,0,0,0,0,0,0,0,0,1,1,1,1,1,1,1,1,1,1,1,2,2,2,2,2,2,2,,18,18,TRUE
1301YKBLUE-S,0,0,0,0,0,0,0,0,0,0,0,0,0,0,0,0,0,0,0,0,0,0,0,0,0,0,0,0,0,0,,0,0,TRUE
1301YKBLUE-XL,1,3,3,3,3,3,3,3,3,3,3,3,3,3,3,3,3,3,3,3,3,3,3,3,3,3,3,3,3,3,,30,30,TRUE
1301YKBLUE-XXL,0,0,0,0,0,0,0,0,0,0,0,0,0,0,0,0,0,0,0,0,0,0,0,0,0,0,0,0,0,0,,0,0,TRUE
1302YKMULTI-3XL,0,0,0,0,0,0,0,0,0,0,0,0,0,0,0,0,0,0,0,0,0,0,0,0,0,0,0,0,-1,0,,0,0,TRUE
1302YKMULTI-4XL,0,0,0,0,0,0,0,0,0,0,0,0,0,0,0,0,0,0,0,0,0,0,0,0,0,0,0,0,0,0,,0,0,TRUE
1302YKMULTI-5XL,0,0,0,0,0,0,0,0,0,0,0,0,0,0,0,0,0,0,0,0,0,0,0,0,0,0,0,0,0,0,,0,0,TRUE
1302YKMULTI-L,1,1,1,1,1,1,1,1,1,1,1,1,1,1,1,1,1,1,1,1,1,1,1,1,1,1,1,1,1,1,,30,30,TRUE
1302YKMULTI-M,5,5,5,5,5,5,5,5,5,5,5,5,5,5,5,5,5,5,5,5,5,5,5,4,3,3,3,3,3,3,,30,30,TRUE
1302YKMULTI-S,15,15,15,15,15,15,15,15,15,15,15,15,15,15,15,15,15,15,15,15,15,15,15,15,15,15,15,15,15,15,,30,30,TRUE
1302YKMULTI-XL,0,0,0,0,0,0,0,0,0,0,0,0,0,0,0,0,0,0,0,0,0,0,0,0,0,0,0,0,0,0,,0,0,TRUE
1302YKMULTI-XS,25,25,25,25,25,25,25,25,25,25,25,25,25,25,25,25,25,25,25,25,25,25,25,25,25,25,25,25,25,25,,30,30,TRUE
1302YKMULTI-XXL,0,0,0,0,0,0,0,0,0,0,0,0,0,0,0,0,0,0,0,0,0,0,0,0,0,0,0,0,0,0,,0,0,TRUE
1303YKBLACK-3XL,13,13,13,19,19,19,15,15,15,15,15,15,15,149,149,149,149,149,147,147,137,137,137,137,137,127,127,127,117,117,,30,30,TRUE
1303YKBLACK-4XL,18,18,17,18,18,18,18,18,31,31,31,31,31,39,39,39,39,39,32,32,36,36,36,36,36,30,30,30,30,30,,30,30,TRUE
1303YKBLACK-5XL,17,17,13,14,14,14,14,14,38,43,43,43,43,47,47,47,47,47,44,44,48,48,48,48,47,48,48,48,38,38,,30,30,TRUE
1303YKBLACK-6XL,30,30,30,30,30,26,26,26,21,21,21,21,21,21,21,21,21,21,21,21,21,21,21,21,21,21,21,21,21,21,,30,30,TRUE
1303YKBLACK-7XL,21,21,21,21,21,21,21,21,31,30,29,29,24,33,33,33,33,33,33,33,33,33,33,33,33,33,33,33,33,33,,30,30,TRUE
1303YKBLACK-8XL,39,39,39,39,38,38,38,38,38,38,38,38,38,37,37,37,37,37,37,37,37,37,37,37,37,34,34,34,34,34,,30,30,TRUE
1303YKBLACK-L,17,18,17,17,17,16,14,13,161,218,208,208,208,199,199,198,198,198,169,169,149,154,154,153,152,153,153,153,133,133,,30,30,TRUE
1303YKBLACK-M,21,21,21,22,23,19,10,9,77,152,126,126,126,115,115,115,115,115,94,94,95,95,95,96,96,96,97,97,87,87,,30,30,TRUE
1303YKBLACK-S,11,11,11,12,12,11,11,11,135,184,184,184,184,180,180,180,180,180,173,173,173,173,173,173,172,173,175,175,165,165,,30,30,TRUE
1303YKBLACK-XL,34,34,33,30,29,13,13,13,86,153,153,152,152,136,136,136,137,137,136,136,145,145,145,145,143,131,131,131,120,120,,30,30,TRUE
1303YKBLACK-XS,7,8,8,8,8,8,5,4,0,0,0,0,0,40,40,40,40,40,18,18,83,83,83,83,83,78,78,78,68,68,,25,25,TRUE
1303YKBLACK-XXL,2,2,2,2,2,2,2,2,135,141,121,121,121,103,103,103,103,103,83,83,146,146,146,146,145,146,146,147,127,127,,30,30,TRUE
1304YKKHAKI-3XL,4,4,4,5,5,5,3,2,0,0,0,0,0,0,0,0,0,0,0,0,0,0,0,0,2,0,0,0,0,6,,10,8,FALSE
1304YKKHAKI-4XL,0,0,0,0,0,0,0,0,0,0,0,0,0,0,0,0,0,0,0,0,0,0,0,0,0,0,0,0,0,0,,0,0,TRUE
1304YKKHAKI-5XL,0,0,0,0,0,0,0,0,0,0,0,0,0,0,0,0,0,0,0,0,0,0,0,0,0,0,0,0,0,1,,1,0,FALSE
1304YKKHAKI-L,4,3,2,2,2,1,1,1,1,1,1,1,1,1,1,1,1,1,1,1,1,1,1,2,2,2,2,2,1,1,,30,30,TRUE
1304YKKHAKI-M,2,2,2,5,5,5,5,5,5,5,5,5,7,5,5,5,5,5,3,3,3,3,3,4,4,4,4,3,4,4,,30,30,TRUE
1304YKKHAKI-S,1,1,1,1,1,1,0,0,0,0,0,0,0,0,0,0,0,0,0,0,0,0,0,0,0,0,0,0,0,7,,7,6,FALSE
1304YKKHAKI-XL,1,1,1,3,3,3,2,2,0,0,0,0,0,0,0,0,0,0,0,0,0,0,0,0,8,1,2,2,2,2,,14,14,TRUE
1304YKKHAKI-XS,1,1,1,1,1,1,1,1,1,1,1,1,1,1,1,1,1,1,1,1,1,1,1,1,1,1,1,1,1,1,,30,30,TRUE
1304YKKHAKI-XXL,11,10,10,10,9,8,6,6,6,6,10,10,10,5,5,2,2,2,2,2,2,2,2,2,4,3,3,4,5,4,,30,30,TRUE
1305YKBLUE-3XL,0,0,0,0,0,0,0,0,0,0,0,0,0,0,0,0,0,0,0,0,0,0,0,0,0,0,0,0,0,0,,0,0,TRUE
1305YKBLUE-4XL,0,0,0,0,0,0,0,0,0,0,0,0,0,0,0,0,0,0,0,0,0,0,0,0,0,0,0,0,0,1,,1,0,FALSE
1305YKBLUE-L,2,2,2,2,2,2,2,2,2,2,2,2,2,2,2,2,2,2,2,2,2,2,2,2,2,2,2,2,2,2,,30,30,TRUE
1305YKBLUE-M,0,0,0,0,0,0,0,1,1,1,1,1,1,1,1,1,1,1,1,1,1,1,1,1,1,1,1,1,1,1,,23,23,TRUE
1305YKBLUE-S,0,0,0,0,0,0,0,0,0,0,0,0,0,0,0,0,0,0,0,0,0,0,0,0,0,0,0,0,0,0,,0,0,TRUE
1305YKBLUE-XL,0,0,0,0,0,0,0,0,0,0,0,0,0,0,0,0,0,0,0,0,0,0,0,0,0,0,0,0,0,1,,1,0,FALSE
1305YKBLUE-XXL,0,0,0,0,0,0,0,0,0,0,0,0,0,0,0,0,0,0,0,0,0,0,0,0,0,0,0,0,0,0,,0,0,TRUE
1306YKORANGE-3XL,95,94,94,118,117,115,117,116,117,117,116,116,116,116,116,116,116,116,115,115,114,113,113,113,113,114,114,115,115,115,,30,30,TRUE
1306YKORANGE-4XL,63,61,61,60,61,60,62,62,63,64,64,64,63,60,60,60,60,60,60,60,55,54,54,54,53,53,53,54,56,56,,30,30,TRUE
1306YKORANGE-5XL,126,126,125,126,126,126,127,126,128,130,130,130,129,129,129,129,129,129,129,128,128,127,127,126,125,126,126,126,126,126,,30,30,TRUE
1306YKORANGE-6XL,50,50,50,52,49,46,45,45,49,49,49,49,49,47,47,47,47,47,45,43,41,41,41,41,41,41,41,41,41,41,,30,30,TRUE
1306YKORANGE-7XL,34,34,34,34,34,34,34,34,38,45,45,43,43,43,43,42,42,42,42,42,40,40,40,41,40,41,41,41,38,37,,30,30,TRUE
1306YKORANGE-8XL,58,58,58,58,58,58,59,59,59,59,58,57,57,57,57,57,57,57,55,54,51,51,51,51,51,46,46,46,46,46,,30,30,TRUE
1306YKORANGE-L,35,37,36,80,82,82,81,81,97,129,128,127,122,124,124,122,121,120,121,121,121,119,119,118,118,118,118,119,119,117,,30,30,TRUE
1306YKORANGE-M,92,92,138,139,140,140,140,140,140,140,140,140,140,140,140,139,139,139,139,139,139,139,139,140,140,139,139,137,137,137,,30,30,TRUE
1306YKORANGE-S,93,92,92,92,93,93,93,93,95,93,93,93,93,93,93,93,93,93,93,93,93,93,93,92,92,93,93,93,94,94,,30,30,TRUE
1306YKORANGE-XL,88,88,87,115,114,114,117,116,116,116,115,113,113,109,109,107,107,107,104,104,102,101,101,102,100,100,99,101,100,100,,30,30,TRUE
1306YKORANGE-XS,17,17,33,34,34,34,34,34,34,34,34,34,34,34,34,34,34,34,34,34,33,33,33,33,33,33,33,33,33,33,,30,30,TRUE
1306YKORANGE-XXL,158,157,157,158,157,156,157,156,157,157,157,156,155,155,155,154,154,154,154,154,154,153,153,151,151,150,150,151,150,150,,30,30,TRUE
1307YKBLUE-3XL,8,10,10,29,29,29,27,27,27,27,27,27,26,23,23,17,14,14,14,14,11,11,90,90,90,86,86,86,86,86,,30,30,TRUE
1307YKBLUE-4XL,30,30,30,37,38,37,37,36,31,30,30,30,29,29,29,29,28,28,26,26,26,26,105,105,105,105,104,104,113,113,,30,30,TRUE
1307YKBLUE-5XL,54,53,53,54,54,54,54,54,52,52,52,52,52,49,49,48,48,48,47,47,47,47,151,151,151,151,151,151,154,154,,30,30,TRUE
1307YKBLUE-6XL,34,34,32,32,31,31,31,31,31,31,31,31,31,31,31,31,31,31,29,29,29,29,49,50,50,50,50,50,53,53,,30,30,TRUE
1307YKBLUE-7XL,14,14,14,14,13,13,13,13,13,13,13,13,13,13,13,13,13,13,12,12,12,11,30,29,29,29,29,29,29,29,,30,30,TRUE
1307YKBLUE-8XL,46,46,46,47,47,47,47,45,45,44,44,44,44,44,44,44,44,44,44,40,43,43,43,43,43,43,43,44,46,46,,30,30,TRUE
1307YKBLUE-L,14,14,13,16,16,16,16,16,16,16,16,16,16,16,16,16,16,16,14,14,14,13,74,74,74,74,74,75,72,72,,30,30,TRUE
1307YKBLUE-M,9,9,9,9,9,9,7,7,2,2,2,2,2,2,2,2,2,2,2,2,2,2,62,60,59,42,42,42,44,44,,30,30,TRUE
1307YKBLUE-S,25,24,24,25,25,25,25,25,21,21,21,21,21,21,21,22,22,22,22,22,22,22,62,62,62,62,62,62,65,65,,30,30,TRUE
1307YKBLUE-XL,17,17,17,17,17,12,12,12,2,0,2,2,4,4,4,4,4,4,4,4,4,4,85,85,83,84,84,85,87,87,,29,29,TRUE
1307YKBLUE-XS,16,17,17,17,17,17,17,17,13,13,13,13,13,13,13,13,13,13,13,13,13,13,54,54,54,54,54,54,54,54,,30,30,TRUE
1307YKBLUE-XXL,26,27,27,29,29,28,28,28,20,20,20,20,20,20,20,20,20,20,16,16,16,16,78,78,78,78,78,78,80,80,,30,30,TRUE
1308DPT6MULTI-3XL,14,42,40,37,37,34,23,23,28,27,23,23,23,17,17,16,16,16,14,14,10,14,14,23,23,18,17,16,9,7,,30,30,TRUE
1308DPT6MULTI-4XL,14,38,31,33,33,26,23,23,26,23,23,23,23,17,17,16,16,16,9,9,5,3,4,4,4,0,0,6,9,7,,28,27,FALSE
1308DPT6MULTI-5XL,14,42,40,37,37,34,23,23,28,27,23,23,23,17,17,16,16,16,14,14,10,14,14,23,23,18,17,16,9,7,,30,30,TRUE
1308DPT6MULTI-L,14,42,40,37,37,34,23,23,28,27,23,23,23,17,17,16,16,16,14,14,10,14,14,23,23,18,17,16,9,7,,30,30,TRUE
1308DPT6MULTI-M,14,42,40,37,37,34,23,23,28,27,23,23,23,17,17,16,16,16,14,14,10,14,14,23,23,18,17,16,9,7,,30,30,TRUE
1308DPT6MULTI-S,14,42,40,37,37,34,23,23,28,27,23,23,23,17,17,16,16,16,14,14,10,14,14,23,23,18,17,16,9,7,,30,30,TRUE
1308DPT6MULTI-XL,14,24,19,23,23,18,22,23,22,23,23,23,21,17,17,13,13,13,7,7,7,7,8,8,7,0,2,4,2,1,,29,26,FALSE
1308DPT6MULTI-XS,12,11,11,10,10,10,10,9,10,10,7,7,7,7,7,8,8,8,8,8,6,5,5,5,5,5,5,5,5,5,,30,30,TRUE
1308DPT6MULTI-XXL,14,42,40,37,37,34,23,23,28,27,23,23,23,17,17,16,16,16,14,14,10,14,14,23,21,18,17,16,9,7,,30,30,TRUE
1308YKBLUE-3XL,96,96,96,100,99,98,95,95,92,87,89,89,86,73,73,71,71,71,67,67,59,58,58,57,56,52,52,58,59,59,,30,30,TRUE
1308YKBLUE-4XL,49,49,47,41,44,42,38,37,37,36,36,35,36,33,33,32,32,32,25,25,21,19,20,20,18,15,14,14,17,17,,30,30,TRUE
1308YKBLUE-5XL,111,108,103,110,107,104,102,100,100,100,100,100,100,100,100,98,98,98,87,87,87,86,89,90,89,84,83,83,82,81,,30,30,TRUE
1308YKBLUE-6XL,0,0,0,0,0,0,0,0,0,0,0,0,0,0,0,0,0,0,0,0,0,0,0,0,0,0,0,0,0,1,,1,0,FALSE
1308YKBLUE-L,81,80,79,79,79,79,77,77,76,76,75,75,74,68,68,65,65,65,63,61,46,50,50,50,50,49,48,47,47,47,,30,30,TRUE
1308YKBLUE-M,50,50,50,51,51,44,42,41,41,41,39,40,37,31,31,29,29,29,29,29,29,29,29,30,30,30,30,31,31,30,,30,30,TRUE
1308YKBLUE-S,56,57,57,57,56,55,55,55,54,49,54,54,53,49,49,48,48,48,48,47,45,45,45,45,45,45,45,45,46,47,,30,30,TRUE
1308YKBLUE-XL,35,36,33,40,39,38,37,36,35,31,33,33,29,26,26,21,21,21,15,15,15,15,16,16,12,8,8,10,8,7,,30,30,TRUE
1308YKBLUE-XS,16,15,15,14,14,14,14,14,13,13,11,10,10,10,10,10,11,11,11,11,9,8,8,8,8,8,8,8,8,8,,30,30,TRUE
1308YKBLUE-XXL,91,90,90,91,91,91,89,87,87,86,86,86,88,85,85,81,81,81,79,80,80,78,79,79,77,71,71,74,69,68,,30,30,TRUE
1309YKRED-3XL,0,0,0,4,4,4,4,4,0,0,0,0,0,0,0,0,0,0,0,0,23,18,23,23,23,21,21,21,90,90,,15,15,TRUE
1309YKRED-4XL,9,10,9,8,7,7,6,7,7,7,7,6,6,5,5,7,7,7,7,5,5,5,5,5,6,5,3,4,105,101,,30,30,TRUE
1309YKRED-5XL,3,3,1,4,3,2,2,1,1,2,2,1,1,0,0,0,0,0,0,0,0,0,0,0,2,0,0,0,141,138,,16,15,FALSE
1309YKRED-L,2,2,1,1,1,1,1,1,1,1,1,0,0,0,0,4,4,4,3,3,3,3,3,3,3,3,3,3,15,15,,26,26,TRUE
1309YKRED-M,10,9,9,9,8,8,8,8,8,4,4,4,4,4,4,4,4,4,4,4,4,4,4,4,4,4,4,4,17,17,,30,30,TRUE
1309YKRED-S,22,24,24,23,23,23,23,23,22,22,22,22,22,22,22,22,22,22,22,22,22,22,22,21,21,21,21,21,29,30,,30,30,TRUE
1309YKRED-XL,7,7,7,7,7,7,7,7,1,1,5,5,5,5,5,5,5,5,5,5,5,5,5,4,4,4,4,5,42,42,,30,30,TRUE
1309YKRED-XS,14,14,16,16,16,16,16,16,16,16,16,16,16,16,16,16,16,16,16,16,16,16,16,16,16,14,14,14,20,20,,30,30,TRUE
1309YKRED-XXL,2,3,2,5,4,4,3,2,0,0,0,0,0,0,0,0,1,1,1,1,1,0,0,0,1,0,0,0,69,64,,16,15,FALSE
1310YKBLUE-3XL,8,8,8,7,7,7,4,3,3,3,3,3,3,3,3,3,3,3,3,3,3,3,3,3,4,3,3,3,3,3,,30,30,TRUE
1310YKBLUE-4XL,4,4,4,4,5,5,2,2,0,0,0,0,0,0,0,0,0,0,0,0,0,0,0,0,6,0,0,0,0,0,,9,8,FALSE
1310YKBLUE-5XL,5,5,4,5,6,6,6,6,1,1,1,1,1,1,1,1,1,1,1,1,1,1,2,2,5,2,2,2,1,1,,30,30,TRUE
1310YKBLUE-6XL,3,4,4,4,4,3,3,3,3,3,1,1,1,1,1,0,0,0,0,0,0,0,0,0,0,0,0,1,1,1,,18,17,FALSE
1310YKBLUE-L,4,4,4,4,5,5,5,5,5,5,5,5,5,3,3,3,3,3,3,3,3,3,3,5,5,5,5,5,5,5,,30,30,TRUE
1310YKBLUE-M,17,17,19,19,19,19,19,19,19,18,18,18,18,18,18,18,18,18,18,18,18,18,18,18,18,18,19,19,19,19,,30,30,TRUE
1310YKBLUE-S,10,10,10,10,10,10,10,11,11,11,11,11,11,11,11,11,11,11,11,11,11,11,11,11,11,11,11,11,11,11,,30,30,TRUE
1310YKBLUE-XL,5,5,5,5,5,5,5,5,5,5,5,5,5,5,5,5,5,5,5,5,5,5,5,5,5,4,5,5,5,5,,30,30,TRUE
1310YKBLUE-XS,9,9,9,9,9,9,9,9,9,9,9,9,9,9,9,9,9,9,9,9,9,9,9,9,9,9,9,9,9,9,,30,30,TRUE
1310YKBLUE-XXL,10,10,10,10,8,8,7,7,5,5,5,5,5,5,5,3,3,3,3,2,2,2,2,2,5,3,3,3,3,3,,30,30,TRUE
1311YKMUSTARD-3XL,0,0,0,0,0,0,0,0,0,0,0,0,0,0,0,0,0,0,0,0,0,0,0,0,0,0,0,0,0,0,,0,0,TRUE
1311YKMUSTARD-4XL,0,0,0,0,0,0,0,0,0,0,0,0,0,0,0,0,0,0,0,0,0,0,0,0,0,0,0,0,0,0,,0,0,TRUE
1311YKMUSTARD-5XL,0,0,0,0,0,0,0,0,0,0,0,0,0,0,0,0,0,0,0,0,0,0,0,0,0,0,0,0,0,0,,0,0,TRUE
1311YKMUSTARD-L,0,0,0,0,0,0,0,0,0,0,0,0,0,0,0,0,0,0,0,0,0,0,0,0,0,0,0,0,0,0,,0,0,TRUE
1311YKMUSTARD-M,0,0,0,0,0,0,0,0,0,0,0,0,0,0,0,0,0,0,0,0,0,0,0,0,0,0,0,0,0,0,,0,0,TRUE
1311YKMUSTARD-S,0,0,0,0,0,0,0,0,0,0,0,0,0,0,0,0,0,0,0,0,0,0,0,0,0,0,0,0,0,0,,0,0,TRUE
1311YKMUSTARD-XL,0,0,0,0,0,0,0,0,0,0,0,0,0,0,0,0,0,0,0,0,0,0,0,0,0,0,0,0,0,0,,0,0,TRUE
1311YKMUSTARD-XXL,0,0,0,0,0,0,0,0,0,0,0,0,0,0,0,0,0,0,0,0,0,0,0,0,0,0,0,0,0,0,,0,0,TRUE
1312YKGREEN-L,11,11,11,11,11,11,11,11,11,11,11,11,11,11,11,11,11,11,10,9,9,9,9,8,8,8,8,8,8,8,,30,30,TRUE
1312YKGREEN-M,14,14,14,14,14,14,14,14,13,13,13,13,13,13,13,13,13,13,13,13,13,13,13,13,13,13,13,14,14,14,,30,30,TRUE
1312YKGREEN-S,5,5,5,5,5,5,5,5,5,5,5,5,5,5,5,5,5,5,3,3,3,3,3,3,3,3,3,3,3,3,,30,30,TRUE
1312YKGREEN-XL,4,4,4,4,4,4,4,4,4,4,4,4,4,4,4,4,4,4,3,3,3,3,3,3,3,2,2,3,3,3,,30,30,TRUE
1312YKGREEN-XXL,9,9,9,10,10,10,10,10,10,10,10,10,10,10,10,10,4,4,4,4,4,4,4,4,4,4,4,4,4,4,,30,30,TRUE
1313YKBROWN-5XL,0,0,0,0,0,0,0,0,0,0,0,0,0,0,0,0,0,0,0,0,0,0,0,0,0,0,0,0,0,0,,0,0,TRUE
1313YKBROWN-L,0,0,0,0,0,0,0,0,0,0,0,0,0,0,0,0,0,0,0,0,0,0,0,0,0,0,0,0,0,0,,0,0,TRUE
1313YKBROWN-M,0,0,0,0,0,0,0,0,0,0,0,0,0,0,0,0,0,0,0,0,0,0,0,0,0,0,0,0,0,0,,0,0,TRUE
1313YKBROWN-S,0,0,0,0,0,0,0,0,0,0,0,0,0,0,0,0,0,0,0,0,0,0,0,0,0,0,0,0,0,0,,0,0,TRUE
1313YKBROWN-XL,0,0,0,0,0,0,0,0,0,0,0,0,0,0,0,0,0,0,0,0,0,0,0,0,0,0,0,0,0,0,,0,0,TRUE
1313YKBROWN-XXL,0,0,0,0,0,0,0,0,0,0,0,0,0,0,0,0,0,0,0,0,0,0,0,0,0,0,0,0,0,0,,0,0,TRUE
1314YKWHITE-3XL,0,0,0,0,0,0,0,0,0,0,0,0,0,0,0,0,0,0,0,0,0,0,0,0,0,0,0,0,0,0,,0,0,TRUE
1314YKWHITE-4XL,0,0,0,0,0,0,0,0,0,0,0,0,0,0,0,0,0,0,0,0,0,0,0,0,0,0,0,0,0,0,,0,0,TRUE
1314YKWHITE-5XL,0,0,0,0,0,0,0,0,0,0,0,0,0,0,0,0,0,0,0,0,0,0,0,0,0,0,0,0,0,0,,0,0,TRUE
1314YKWHITE-L,0,0,0,0,0,0,0,0,0,0,0,0,0,0,0,0,0,0,0,0,0,0,0,0,0,0,0,0,0,0,,0,0,TRUE
1314YKWHITE-M,0,0,0,0,0,0,0,0,0,0,0,0,0,0,0,0,0,0,0,0,0,0,0,0,0,0,0,0,0,0,,0,0,TRUE
1314YKWHITE-S,0,0,0,0,0,0,0,0,0,0,0,0,0,0,0,0,0,0,0,0,0,0,0,0,0,0,0,0,0,0,,0,0,TRUE
1314YKWHITE-XL,0,0,0,0,0,0,0,0,0,0,0,0,0,0,0,0,0,0,0,0,0,0,0,0,0,0,0,0,0,1,,1,0,FALSE
1314YKWHITE-XXL,1,1,1,1,1,1,1,1,1,1,1,1,1,1,1,0,0,0,0,0,0,0,0,0,0,0,0,0,0,1,,16,15,FALSE
1315YKRED-4XL,0,0,0,0,0,0,0,0,0,0,0,0,0,0,0,0,0,0,0,0,0,0,0,0,0,0,0,0,0,0,,0,0,TRUE
1315YKRED-5XL,0,0,0,0,0,0,0,0,0,0,0,0,0,0,0,0,0,0,0,0,0,0,0,0,0,0,0,0,0,0,,0,0,TRUE
1315YKRED-L,1,1,1,1,1,1,1,1,1,1,1,1,1,1,1,1,1,1,1,1,1,1,1,1,1,1,1,1,1,1,,30,30,TRUE
1315YKRED-M,1,1,1,1,1,1,1,1,1,1,0,1,2,2,2,3,3,3,3,3,3,3,3,3,3,3,3,3,3,3,,29,29,TRUE
1315YKRED-S,4,4,4,4,4,4,4,4,4,4,2,3,3,3,3,3,3,3,3,3,3,3,3,3,3,3,3,5,5,5,,30,30,TRUE
1315YKRED-XL,0,0,0,0,0,0,0,0,0,0,0,0,0,0,0,0,0,0,0,0,0,0,0,0,0,0,0,0,0,0,,0,0,TRUE
1315YKRED-XXL,1,1,1,1,1,1,1,1,1,1,1,1,1,1,1,1,1,1,1,1,1,1,1,1,1,1,1,1,1,1,,30,30,TRUE
1316YKGREEN-3XL,46,46,46,46,47,46,46,46,44,43,43,43,43,43,43,42,43,43,44,44,44,42,42,41,41,41,41,41,41,40,,30,30,TRUE
1316YKGREEN-4XL,9,9,9,10,9,9,9,9,9,9,4,9,9,9,9,9,9,9,9,9,9,11,11,11,11,10,10,9,9,9,,30,30,TRUE
1316YKGREEN-5XL,8,8,7,7,8,8,5,5,1,1,1,1,1,1,1,2,2,2,2,2,2,2,2,2,5,2,2,2,1,1,,30,30,TRUE
1316YKGREEN-L,115,115,115,115,115,115,115,115,115,115,107,111,111,111,111,111,111,111,109,109,109,109,109,110,110,108,109,109,109,109,,30,30,TRUE
1316YKGREEN-M,227,227,220,219,219,219,219,219,219,225,214,225,225,225,225,225,219,219,218,218,218,218,218,218,218,218,224,224,224,225,,30,30,TRUE
1316YKGREEN-S,175,176,173,175,174,174,174,174,173,175,166,175,175,175,175,175,175,175,175,175,175,175,175,176,176,176,176,176,177,177,,30,30,TRUE
1316YKGREEN-XL,98,98,98,98,98,98,98,98,99,99,102,102,102,102,102,102,102,102,102,102,102,102,102,103,103,96,96,96,96,96,,30,30,TRUE
1316YKGREEN-XS,36,36,36,36,36,36,36,36,36,36,36,36,36,36,36,36,36,36,36,36,36,36,36,36,36,36,36,36,36,36,,30,30,TRUE
1316YKGREEN-XXL,132,132,138,138,138,137,137,137,137,139,139,139,139,139,139,139,139,139,138,138,138,138,139,139,139,139,140,140,140,140,,30,30,TRUE
1317YKBLUE-3XL,18,18,18,18,17,16,15,15,7,7,7,7,5,4,4,2,2,2,2,2,2,2,2,2,14,1,1,1,1,1,,30,30,TRUE
1317YKBLUE-4XL,31,31,26,32,31,31,31,31,31,30,30,29,29,29,29,28,28,28,27,27,23,23,23,23,23,19,19,21,22,22,,30,30,TRUE
1317YKBLUE-5XL,33,32,32,32,32,32,31,31,30,29,27,27,22,27,27,27,27,27,26,26,25,25,26,26,26,26,26,26,26,26,,30,30,TRUE
1317YKBLUE-6XL,22,22,22,21,21,21,21,20,20,20,20,20,20,21,21,21,21,21,17,17,17,17,17,17,17,17,17,18,17,17,,30,30,TRUE
1317YKBLUE-7XL,14,13,8,12,13,13,13,13,13,13,12,11,10,9,9,9,9,9,9,9,9,11,11,12,12,12,12,12,13,12,,30,30,TRUE
1317YKBLUE-8XL,10,9,9,9,11,11,11,11,10,10,10,10,10,8,8,8,8,8,7,7,7,7,7,6,6,6,6,6,6,6,,30,30,TRUE
1317YKBLUE-L,18,18,18,18,18,18,18,18,18,18,16,18,18,18,18,18,18,18,18,17,17,17,17,17,17,17,17,17,17,17,,30,30,TRUE
1317YKBLUE-M,37,37,38,38,38,38,38,39,39,39,39,39,39,39,39,39,39,39,39,39,39,39,39,39,39,35,35,35,38,38,,30,30,TRUE
1317YKBLUE-S,15,16,16,16,16,16,16,16,12,12,10,10,10,10,10,9,9,9,9,9,9,9,9,9,9,9,10,10,8,8,,30,30,TRUE
1317YKBLUE-XL,29,29,29,29,29,29,29,29,30,30,30,30,30,30,30,30,30,30,30,30,30,30,30,30,29,28,28,28,28,28,,30,30,TRUE
1317YKBLUE-XS,11,11,11,11,11,11,11,12,6,6,6,5,5,5,5,5,5,5,5,5,5,5,5,5,9,5,5,5,5,5,,30,30,TRUE
1317YKBLUE-XXL,58,57,57,63,63,63,63,63,62,62,62,62,62,58,58,58,58,58,58,58,58,58,58,58,58,58,58,58,51,51,,30,30,TRUE
1318YKYELLOW-3XL,0,0,0,0,0,0,0,0,0,0,0,0,0,0,0,0,0,0,0,0,0,0,0,0,0,0,0,0,0,0,,0,0,TRUE
1318YKYELLOW-4XL,0,0,0,0,0,0,0,0,0,0,0,0,0,0,0,0,0,0,0,0,0,0,0,0,0,0,0,0,0,0,,0,0,TRUE
1318YKYELLOW-5XL,0,0,0,0,0,0,0,0,0,0,0,0,0,0,0,0,0,0,0,0,0,0,0,0,0,0,0,0,0,0,,0,0,TRUE
1318YKYELLOW-L,0,0,0,0,0,0,0,0,0,0,0,0,0,0,0,0,0,0,0,0,0,0,0,0,0,0,0,0,0,0,,0,0,TRUE
1318YKYELLOW-M,0,0,0,0,0,0,0,0,0,0,0,0,0,0,0,0,0,0,0,0,0,0,0,0,0,0,0,0,0,0,,0,0,TRUE
1318YKYELLOW-S,1,1,1,1,1,1,1,1,1,1,1,1,1,1,1,1,1,1,1,1,0,0,0,0,0,0,0,0,0,1,,21,20,FALSE
1318YKYELLOW-XL,0,0,0,0,0,0,0,0,0,0,0,0,0,0,0,0,0,0,0,0,0,0,0,0,0,0,0,0,0,0,,0,0,TRUE
1318YKYELLOW-XXL,0,0,0,0,0,0,0,0,0,0,0,0,0,0,0,0,0,0,0,0,0,0,0,0,0,0,0,0,0,0,,0,0,TRUE
1319YKMAROON-3XL,0,0,0,0,0,0,0,0,0,0,0,0,0,0,0,0,0,0,0,0,0,0,0,0,0,0,0,0,0,0,,0,0,TRUE
1319YKMAROON-4XL,0,0,0,0,0,0,0,0,0,0,0,0,0,0,0,0,0,0,0,0,0,0,0,0,0,0,0,0,0,0,,0,0,TRUE
1319YKMAROON-5XL,0,0,0,0,0,0,0,0,0,0,0,0,0,0,0,0,0,0,0,0,0,0,0,0,0,0,0,0,0,0,,0,0,TRUE
1319YKMAROON-L,0,0,0,0,0,0,0,0,0,0,0,0,0,0,0,0,0,0,0,0,0,0,0,0,0,0,0,0,0,0,,0,0,TRUE
1319YKMAROON-M,0,0,0,0,0,0,0,0,0,0,0,0,0,0,0,0,0,0,0,0,0,0,0,0,0,0,0,0,0,0,,0,0,TRUE
1319YKMAROON-S,0,0,0,0,0,0,0,0,0,0,0,0,0,0,0,0,0,0,0,0,0,0,0,0,0,0,0,0,0,0,,0,0,TRUE
1319YKMAROON-XL,0,0,0,0,0,0,0,0,0,0,0,0,0,0,0,0,0,0,0,0,0,0,0,0,0,0,0,0,0,0,,0,0,TRUE
1319YKMAROON-XS,0,0,0,0,0,0,0,0,0,0,0,0,0,0,0,0,0,0,0,0,0,0,0,0,0,0,0,0,0,0,,0,0,TRUE
1319YKMAROON-XXL,0,0,0,0,0,0,0,0,0,0,0,0,0,0,0,0,0,0,0,0,0,0,0,0,0,0,0,0,0,0,,0,0,TRUE
131YK257BROWN-L,0,0,0,0,0,0,0,0,0,0,0,0,0,0,0,0,0,0,0,0,0,0,0,0,0,0,0,0,0,0,,0,0,TRUE
131YK257BROWN-M,0,0,0,0,0,0,0,0,0,0,0,0,0,0,0,0,0,0,0,0,0,0,0,0,0,0,0,0,0,0,,0,0,TRUE
131YK257BROWN-XL,0,0,0,0,0,0,0,0,0,0,0,0,0,0,0,0,0,0,0,0,0,0,0,0,0,0,0,0,0,0,,0,0,TRUE
131YK257BROWN-XXL,0,0,0,0,0,0,0,0,0,0,0,0,0,0,0,0,0,0,0,0,0,0,0,0,0,0,0,0,0,0,,0,0,TRUE
1320YKMUSTARD-3XL,13,12,11,12,11,11,11,11,10,6,6,6,2,5,5,5,5,5,5,5,4,5,5,5,15,4,4,4,4,4,,30,30,TRUE
1320YKMUSTARD-4XL,6,7,5,6,7,7,7,6,5,5,5,5,5,5,5,5,5,5,5,5,5,5,5,5,16,5,5,5,5,5,,30,30,TRUE
1320YKMUSTARD-5XL,9,9,9,9,9,9,9,9,9,8,8,8,8,8,8,7,7,7,6,6,6,6,6,6,15,6,6,6,6,6,,30,30,TRUE
1320YKMUSTARD-L,20,20,21,22,22,22,21,21,20,14,14,14,14,14,14,14,14,14,14,14,12,14,14,8,8,8,8,8,8,8,,30,30,TRUE
1320YKMUSTARD-M,7,7,7,7,7,6,6,6,6,6,6,6,6,6,6,6,6,6,6,7,7,7,7,6,6,6,6,6,6,6,,30,30,TRUE
1320YKMUSTARD-S,6,6,6,6,8,8,6,7,1,0,0,0,0,0,0,0,0,0,0,0,0,0,1,1,10,1,1,1,1,1,,17,17,TRUE
1320YKMUSTARD-XL,0,0,0,0,0,0,0,0,0,0,0,0,0,0,0,6,6,6,4,3,3,3,3,3,6,3,3,9,7,4,,15,15,TRUE
1320YKMUSTARD-XS,5,5,5,5,6,6,6,6,2,2,2,2,2,2,2,2,2,2,2,2,2,2,2,2,3,2,2,2,2,2,,30,30,TRUE
1320YKMUSTARD-XXL,1,1,1,2,2,2,2,2,0,0,0,0,0,0,0,4,4,4,2,2,2,1,1,1,3,1,1,1,1,1,,23,23,TRUE
1321YKGREEN-3XL,0,0,0,0,0,0,0,0,0,0,0,0,0,0,0,0,0,0,0,0,0,0,0,0,0,0,0,0,0,0,,0,0,TRUE
1321YKGREEN-4XL,0,0,0,0,0,0,0,0,0,0,0,0,0,0,0,0,0,0,0,0,0,0,0,0,0,0,0,0,0,0,,0,0,TRUE
1321YKGREEN-5XL,0,0,0,0,0,0,0,0,0,0,0,0,0,0,0,0,0,0,0,0,0,0,0,0,0,0,0,0,0,0,,0,0,TRUE
1321YKGREEN-L,0,0,0,0,0,0,0,0,0,0,0,0,0,0,0,0,0,0,0,0,0,0,0,0,0,0,0,0,0,0,,0,0,TRUE
1321YKGREEN-M,0,0,0,0,0,0,0,0,0,0,0,0,0,0,0,0,0,0,0,0,0,0,0,0,0,0,0,0,0,0,,0,0,TRUE
1321YKGREEN-S,0,0,0,0,0,0,0,0,0,0,0,0,0,0,0,0,0,0,0,0,0,0,0,0,0,0,0,0,0,0,,0,0,TRUE
1321YKGREEN-XL,0,0,0,0,0,0,0,0,0,0,0,0,1,1,1,1,1,1,1,1,1,1,1,1,1,1,1,1,1,1,,18,18,TRUE
1321YKGREEN-XXL,0,0,0,0,0,0,0,0,0,0,0,0,0,0,0,0,0,0,0,0,0,0,0,0,0,0,0,0,0,0,,0,0,TRUE
1322YKBLUE-5XL,0,0,0,0,0,0,0,0,0,0,0,0,0,0,0,0,0,0,0,0,0,0,0,0,0,0,0,0,0,0,,0,0,TRUE
1322YKBLUE-L,0,0,0,0,0,0,0,0,0,0,0,0,0,0,0,0,0,0,0,0,0,0,0,0,0,0,0,0,0,0,,0,0,TRUE
1322YKBLUE-M,0,0,0,0,0,0,0,0,0,0,0,0,0,0,0,0,0,0,0,0,0,0,0,0,0,0,0,0,0,0,,0,0,TRUE
1322YKBLUE-S,0,0,0,0,0,0,0,0,0,0,0,0,0,0,0,0,0,0,0,0,0,0,0,0,0,0,0,0,0,0,,0,0,TRUE
1322YKBLUE-XL,0,0,0,0,0,0,0,0,0,0,0,0,0,0,0,0,0,0,0,0,0,0,0,0,0,0,0,0,0,0,,0,0,TRUE
1322YKBLUE-XXL,0,0,0,0,0,0,0,0,0,0,0,0,0,0,0,0,0,0,0,0,0,0,0,0,0,0,0,0,0,0,,0,0,TRUE
1323YKTEAL-3XL,15,14,11,11,11,10,10,9,7,7,6,5,5,22,22,16,16,16,9,8,161,161,161,162,161,161,161,162,165,164,,30,30,TRUE
1323YKTEAL-4XL,16,18,15,16,16,11,10,11,3,6,4,4,106,135,135,127,132,131,130,128,172,172,172,168,168,171,171,170,187,187,,30,30,TRUE
1323YKTEAL-5XL,14,14,12,21,20,16,14,14,8,5,3,3,3,3,3,1,91,85,85,86,165,165,165,165,164,194,193,192,199,198,,30,30,TRUE
1323YKTEAL-6XL,7,7,6,8,8,8,6,5,6,6,5,5,5,5,5,5,5,5,5,5,5,5,5,5,5,5,90,90,90,90,,30,30,TRUE
1323YKTEAL-7XL,10,10,8,8,8,8,5,5,5,5,5,5,5,5,5,5,5,5,5,5,5,5,5,5,5,23,23,23,27,27,,30,30,TRUE
1323YKTEAL-8XL,13,12,12,13,12,12,11,11,11,11,11,11,11,11,11,10,10,10,10,9,9,9,9,10,9,84,84,84,79,79,,30,30,TRUE
1323YKTEAL-L,6,6,6,6,6,6,4,4,1,1,1,1,2,2,2,2,2,2,2,2,2,2,2,3,5,58,59,59,58,55,,30,30,TRUE
1323YKTEAL-M,27,26,26,26,26,26,26,26,21,21,21,21,20,20,20,20,20,20,17,17,17,17,17,17,17,56,56,56,56,56,,30,30,TRUE
1323YKTEAL-S,33,33,33,32,33,33,33,33,35,35,35,34,34,33,33,33,33,33,33,33,33,33,33,33,33,44,60,60,60,60,,30,30,TRUE
1323YKTEAL-XL,20,20,20,23,24,24,24,24,25,25,25,25,25,24,24,21,21,21,17,17,17,17,18,18,18,95,96,96,95,95,,30,30,TRUE
1323YKTEAL-XS,19,19,19,19,19,19,19,19,17,17,17,17,16,16,16,16,16,16,14,14,14,14,14,14,14,14,15,15,15,15,,30,30,TRUE
1323YKTEAL-XXL,90,89,89,91,91,91,91,90,95,95,94,93,93,105,105,105,105,105,100,99,103,108,108,109,109,108,108,108,109,108,,30,30,TRUE
1324YKGREEN-3XL,0,0,0,0,0,0,0,0,0,0,0,0,0,0,0,0,0,0,0,0,0,0,0,0,0,0,0,0,0,0,,0,0,TRUE
1324YKGREEN-4XL,0,0,0,0,0,0,0,0,0,0,0,0,0,0,0,0,0,0,0,0,0,0,0,0,0,0,0,0,0,0,,0,0,TRUE
1324YKGREEN-5XL,0,0,0,0,0,0,0,0,0,0,0,0,0,0,0,0,0,0,0,0,0,0,0,0,0,0,0,0,0,0,,0,0,TRUE
1324YKGREEN-L,0,0,0,0,0,0,0,0,0,0,0,0,0,0,0,0,0,0,0,0,0,0,0,0,0,0,0,0,0,0,,0,0,TRUE
1324YKGREEN-M,0,0,0,0,0,0,0,0,0,0,0,0,0,0,0,0,0,0,0,0,0,0,0,0,0,0,0,0,0,0,,0,0,TRUE
1324YKGREEN-S,0,0,0,0,0,0,0,0,0,0,0,0,0,0,0,0,0,0,0,0,0,0,0,0,0,0,0,0,0,0,,0,0,TRUE
1324YKGREEN-XL,0,0,0,0,0,0,0,0,0,0,0,0,0,0,0,0,0,0,0,0,0,0,0,0,0,0,0,0,0,0,,0,0,TRUE
1324YKGREEN-XXL,0,0,0,0,0,0,0,0,0,0,0,0,0,0,0,0,0,0,0,0,0,0,0,0,0,0,0,0,0,0,,0,0,TRUE
1325YKMULTI-3XL,12,12,14,15,15,9,8,7,0,0,0,0,0,0,0,0,0,0,0,0,0,0,0,1,10,0,0,1,1,19,,13,12,FALSE
1325YKMULTI-4XL,27,28,26,25,25,25,25,25,25,24,23,22,22,24,24,22,21,21,20,20,19,17,17,17,17,17,10,11,12,12,,30,30,TRUE
1325YKMULTI-5XL,6,6,5,5,6,6,6,6,6,6,6,6,7,7,7,5,5,5,5,5,5,5,5,5,18,5,5,5,6,6,,30,30,TRUE
1325YKMULTI-6XL,44,44,44,43,43,43,42,42,41,41,41,41,40,40,40,41,41,41,39,37,35,35,35,34,34,34,34,33,33,27,,30,30,TRUE
1325YKMULTI-7XL,3,3,3,3,3,3,3,3,0,0,0,0,0,0,0,0,0,0,0,0,0,0,0,1,6,1,1,1,1,1,,15,15,TRUE
1325YKMULTI-8XL,20,20,19,19,18,18,17,17,15,16,15,15,15,14,14,12,12,12,11,11,11,11,11,7,6,9,9,10,10,10,,30,30,TRUE
1325YKMULTI-L,41,41,41,41,41,41,41,41,42,42,42,42,43,43,43,41,41,41,41,40,40,40,40,40,40,40,41,40,40,40,,30,30,TRUE
1325YKMULTI-M,37,37,37,37,36,36,36,36,33,34,34,35,35,34,34,34,34,34,34,34,34,34,34,35,35,35,35,35,35,35,,30,30,TRUE
1325YKMULTI-S,22,23,24,24,24,24,24,24,24,24,24,24,24,24,24,24,24,24,24,24,24,24,24,24,24,24,24,24,24,24,,30,30,TRUE
1325YKMULTI-XL,18,18,19,19,19,19,18,16,14,14,13,14,14,13,13,12,12,12,12,12,12,12,12,12,12,11,9,9,10,10,,30,30,TRUE
1325YKMULTI-XS,6,5,5,5,5,5,5,5,5,5,5,5,5,5,5,5,5,5,4,4,4,4,4,4,4,4,4,4,4,4,,30,30,TRUE
1325YKMULTI-XXL,29,30,29,28,27,26,26,26,24,24,24,24,23,23,23,23,23,23,22,22,22,20,22,21,21,21,11,11,12,11,,30,30,TRUE
1326YKBLUE-3XL,0,0,0,0,0,0,0,0,0,0,0,0,0,0,0,0,0,0,0,0,0,0,0,0,0,0,0,0,0,1,,1,0,FALSE
1326YKBLUE-L,1,1,1,1,1,1,1,1,1,1,1,1,1,1,1,1,1,1,1,1,1,1,1,1,1,1,1,1,1,1,,30,30,TRUE
1326YKBLUE-M,0,0,0,0,0,0,0,0,0,0,0,0,0,0,0,0,0,0,0,0,0,0,0,0,0,0,0,0,0,0,,0,0,TRUE
1326YKBLUE-S,0,0,0,0,0,0,0,0,0,0,0,0,0,0,0,0,0,0,0,0,0,0,0,0,0,0,0,0,0,0,,0,0,TRUE
1326YKBLUE-XL,1,1,1,1,1,1,1,1,1,1,1,1,1,1,1,1,1,1,1,1,1,1,1,1,1,1,1,1,1,1,,30,30,TRUE
1326YKBLUE-XXL,0,0,0,0,0,0,0,0,0,0,0,0,0,0,0,0,0,0,0,0,0,0,0,0,0,0,0,0,0,0,,0,0,TRUE
1327YKMULTI-L,26,26,26,26,26,26,26,26,27,27,27,27,27,27,27,27,27,27,27,27,27,27,27,27,27,27,27,27,27,27,,30,30,TRUE
1327YKMULTI-M,14,14,14,14,14,14,14,14,11,11,11,11,11,11,11,11,11,11,11,11,11,11,11,11,11,11,11,11,11,11,,30,30,TRUE
1327YKMULTI-S,7,7,7,7,8,8,8,9,9,9,9,9,9,9,9,9,9,9,9,9,9,9,9,9,9,7,7,7,7,7,,30,30,TRUE
1327YKMULTI-XL,28,28,28,28,28,28,28,28,26,26,26,26,26,26,26,25,25,25,25,25,25,25,25,25,24,24,24,24,24,24,,30,30,TRUE
1327YKMULTI-XS,5,5,5,5,5,5,5,5,3,3,3,3,3,3,3,3,3,3,3,3,3,3,3,3,3,3,3,3,3,3,,30,30,TRUE
1327YKMULTI-XXL,26,26,26,26,26,26,26,26,24,24,24,24,24,23,23,24,24,24,24,24,23,23,23,23,23,23,24,24,24,24,,30,30,TRUE
1328YKBLUE-3XL,0,0,0,0,0,0,0,0,0,0,0,0,0,0,0,0,0,0,0,0,0,0,0,0,0,0,0,0,0,0,,0,0,TRUE
1328YKBLUE-4XL,0,0,0,0,0,0,0,0,0,0,0,0,0,0,0,0,0,0,0,0,0,0,0,0,0,0,0,0,0,0,,0,0,TRUE
1328YKBLUE-5XL,0,0,0,0,0,0,0,0,0,0,0,0,0,0,0,0,0,0,0,0,0,0,0,0,0,0,0,0,0,0,,0,0,TRUE
1328YKBLUE-L,0,0,0,0,0,0,0,0,0,0,0,0,0,0,0,0,0,0,0,0,0,0,0,0,0,0,0,0,0,0,,0,0,TRUE
1328YKBLUE-M,1,1,1,1,0,0,0,0,0,0,0,0,0,0,0,0,0,0,0,0,0,0,0,0,0,0,0,0,0,1,,5,4,FALSE
1328YKBLUE-S,0,0,0,0,0,0,0,0,0,0,0,0,0,0,0,0,0,0,0,0,0,0,0,0,0,0,0,0,0,1,,1,0,FALSE
1328YKBLUE-XL,0,0,0,0,0,0,0,0,0,0,0,0,0,0,0,0,0,0,0,0,0,0,0,0,0,0,0,0,0,0,,0,0,TRUE
1328YKBLUE-XXL,0,0,0,0,0,0,0,0,0,0,0,0,0,0,0,0,0,0,0,0,0,0,0,0,0,0,0,0,0,0,,0,0,TRUE
1329YKYELLOW-L,0,0,0,0,0,0,0,0,0,0,0,0,0,0,0,0,0,0,0,0,0,0,0,0,0,0,0,0,0,0,,0,0,TRUE
1329YKYELLOW-M,0,0,0,0,0,0,0,0,0,0,0,0,0,0,0,0,0,0,0,0,0,0,0,0,0,0,0,0,0,0,,0,0,TRUE
1329YKYELLOW-S,0,0,0,3,3,0,0,0,0,0,0,0,0,0,0,0,0,0,0,0,0,0,0,0,0,0,0,0,0,0,,2,2,TRUE
1329YKYELLOW-XL,0,0,0,0,0,0,0,0,0,0,0,0,0,0,0,0,0,0,0,0,0,0,0,0,0,0,0,0,0,0,,0,0,TRUE
1329YKYELLOW-XXL,0,0,0,0,0,0,0,0,0,0,0,0,0,0,0,0,0,0,0,0,0,0,0,0,0,0,0,0,0,0,,0,0,TRUE
132YK252MUSTARD-L,0,0,0,0,0,0,0,0,0,0,0,0,0,0,0,0,0,0,0,0,0,0,0,0,0,0,0,0,0,0,,0,0,TRUE
132YK252MUSTARD-M,0,0,0,0,0,0,0,0,0,0,0,0,0,0,0,0,0,0,0,0,0,0,0,0,0,0,0,0,0,0,,0,0,TRUE
132YK252MUSTARD-S,1,1,1,1,1,1,1,1,1,1,1,1,1,1,1,1,1,1,1,1,1,1,1,1,1,1,1,1,1,1,,30,30,TRUE
132YK252MUSTARD-XL,0,0,0,0,0,0,0,0,0,0,0,0,0,0,0,0,0,0,0,0,0,0,0,0,0,0,0,0,0,0,,0,0,TRUE
132YK252MUSTARD-XXL,0,0,0,0,0,0,0,0,0,0,0,0,0,0,0,0,0,0,0,0,0,0,0,0,0,0,0,0,0,0,,0,0,TRUE
1330YKBLUE-3XL,5,14,13,14,10,8,1,1,1,1,1,2,1,1,1,1,1,1,0,0,4,0,4,48,45,26,24,24,25,24,,27,26,FALSE
1330YKBLUE-4XL,15,17,16,9,9,9,7,7,5,5,5,4,2,2,2,3,2,2,0,0,9,0,9,99,97,94,79,78,105,104,,27,26,FALSE
1330YKBLUE-5XL,12,12,11,10,9,9,6,6,5,5,5,4,5,4,4,6,6,6,0,0,2,0,2,34,31,24,24,22,20,20,,27,26,FALSE
1330YKBLUE-6XL,19,30,29,28,26,10,10,9,7,3,7,7,6,5,5,4,4,4,3,1,3,1,2,9,14,9,15,14,11,11,,30,30,TRUE
1330YKBLUE-7XL,10,10,10,9,10,10,5,5,4,4,4,4,5,5,5,5,5,5,0,0,8,0,8,36,34,28,23,24,29,28,,27,26,FALSE
1330YKBLUE-8XL,8,8,6,9,9,8,8,7,13,12,12,11,8,10,10,8,8,8,7,2,35,34,35,67,66,66,67,67,67,67,,30,30,TRUE
1330YKBLUE-L,8,8,6,6,5,5,4,1,2,2,1,1,1,1,1,1,1,1,0,0,0,0,1,133,132,111,79,76,78,67,,26,24,FALSE
1330YKBLUE-M,42,47,41,38,36,27,25,23,25,21,26,24,22,18,18,15,15,15,9,8,5,6,6,4,10,3,3,3,8,36,,30,30,TRUE
1330YKBLUE-S,5,7,7,7,9,9,9,7,6,6,6,4,4,4,4,4,4,4,4,4,6,3,6,51,50,51,56,55,57,27,,30,30,TRUE
1330YKBLUE-XL,6,8,6,8,4,3,2,2,2,1,1,1,1,1,1,6,6,6,0,0,8,0,9,55,54,40,39,45,51,49,,27,26,FALSE
1330YKBLUE-XS,10,10,10,11,11,11,11,11,10,10,10,10,9,8,8,8,8,8,6,5,5,5,5,6,6,6,6,6,7,7,,30,30,TRUE
1330YKBLUE-XXL,11,14,11,10,13,12,8,8,5,2,2,2,2,2,2,3,2,2,1,1,48,41,44,105,103,98,98,101,105,103,,30,30,TRUE
1331YKORANGE-L,4,4,4,4,4,4,1,1,1,1,1,1,1,1,1,1,1,1,1,1,1,1,1,1,1,1,1,2,2,2,,30,30,TRUE
1331YKORANGE-M,2,2,2,2,2,2,2,2,2,2,2,2,2,2,2,3,3,3,1,1,1,1,1,1,1,1,1,2,2,3,,30,30,TRUE
1331YKORANGE-S,1,1,1,2,2,2,2,2,1,1,1,1,1,1,1,1,1,1,1,1,1,1,1,1,1,1,1,1,2,2,,30,30,TRUE
1331YKORANGE-XL,0,0,0,0,0,0,0,0,0,0,0,0,3,3,3,3,3,3,3,3,3,2,2,2,4,2,1,1,1,0,,17,17,TRUE
1331YKORANGE-XS,1,1,1,1,1,1,1,1,1,1,1,1,1,1,1,1,1,1,1,1,1,1,1,1,1,1,1,1,1,1,,30,30,TRUE
1331YKORANGE-XXL,1,1,1,1,1,1,0,0,1,1,1,1,1,1,1,1,2,2,2,2,1,1,1,1,1,1,1,1,1,1,,28,28,TRUE
1332YKKHAKI-3XL,1,1,1,2,2,2,1,1,0,0,0,0,1,0,0,0,0,0,0,0,0,0,0,0,0,0,0,1,1,2,,12,12,TRUE
1332YKKHAKI-4XL,1,1,1,1,1,1,1,1,1,1,1,1,1,1,1,1,1,1,1,1,1,1,1,1,1,1,1,1,1,1,,30,30,TRUE
1332YKKHAKI-5XL,1,1,1,2,2,1,1,1,1,2,2,1,1,1,1,3,3,3,2,2,2,2,3,3,10,3,3,3,4,3,,30,30,TRUE
1332YKKHAKI-6XL,4,4,4,6,6,6,6,6,6,4,3,3,3,3,3,3,3,3,3,3,3,3,3,3,12,3,3,3,3,3,,30,30,TRUE
1332YKKHAKI-7XL,10,10,10,11,12,12,10,10,8,7,7,7,7,7,7,7,7,7,7,7,7,7,7,5,5,4,4,4,4,4,,30,30,TRUE
1332YKKHAKI-8XL,2,2,2,3,3,3,3,3,3,3,3,3,3,3,3,3,3,3,2,1,2,2,2,2,2,2,2,2,2,2,,30,30,TRUE
1332YKKHAKI-L,8,7,7,7,7,6,6,6,6,6,6,6,5,5,5,6,6,6,5,5,5,5,5,4,4,4,4,4,4,4,,30,30,TRUE
1332YKKHAKI-M,19,19,19,19,19,19,19,19,18,18,18,18,18,18,18,18,18,18,18,18,18,18,18,17,17,17,17,17,17,17,,30,30,TRUE
1332YKKHAKI-S,9,10,10,10,11,11,11,11,11,11,11,11,11,11,11,11,11,11,9,9,9,9,9,8,8,8,8,7,7,7,,30,30,TRUE
1332YKKHAKI-XL,31,31,31,32,32,32,32,32,31,21,21,21,21,19,19,18,18,18,17,17,17,17,17,16,16,16,17,18,18,13,,30,30,TRUE
1332YKKHAKI-XS,1,1,1,1,1,1,1,1,1,1,0,0,0,0,0,0,0,0,0,0,0,0,0,0,0,0,0,0,0,1,,11,10,FALSE
1332YKKHAKI-XXL,3,4,3,1,1,1,1,1,1,1,1,2,2,2,2,12,12,12,5,5,4,3,5,4,4,4,3,3,3,3,,30,30,TRUE
1333YKBLUE-L,0,0,0,0,0,0,0,0,0,1,0,0,0,0,0,0,0,0,0,0,0,0,0,0,0,0,0,0,0,0,,1,1,TRUE
1333YKBLUE-M,5,5,5,5,5,5,5,5,5,5,5,4,3,3,3,3,3,3,1,1,1,1,1,2,2,2,2,2,2,2,,30,30,TRUE
1333YKBLUE-S,13,13,13,13,13,13,13,13,13,13,13,13,13,13,13,13,13,13,13,13,13,12,12,12,12,12,12,11,11,11,,30,30,TRUE
1333YKBLUE-XL,0,0,0,0,0,0,0,0,0,0,0,0,0,0,0,0,0,0,0,0,0,0,0,0,0,0,0,0,0,0,,0,0,TRUE
1333YKBLUE-XS,0,0,0,0,0,0,0,0,0,0,0,0,0,0,0,0,0,0,0,0,0,0,0,0,0,0,0,0,0,0,,0,0,TRUE
1333YKBLUE-XXL,0,0,0,0,0,0,0,0,0,0,0,0,0,0,0,0,0,0,0,0,0,0,0,0,0,0,0,0,0,0,,0,0,TRUE
1334YKWHITE-3XL,0,0,0,0,0,0,0,0,0,0,0,0,0,0,0,0,0,0,0,0,0,0,0,0,0,0,0,0,0,0,,0,0,TRUE
1334YKWHITE-4XL,0,0,0,0,0,0,0,0,0,0,0,0,0,0,0,0,0,0,0,0,0,0,0,0,0,0,0,0,0,0,,0,0,TRUE
1334YKWHITE-5XL,0,0,0,0,0,0,0,0,0,0,0,0,0,0,0,0,0,0,0,0,0,0,0,0,0,0,0,0,0,0,,0,0,TRUE
1334YKWHITE-L,28,28,28,28,28,28,28,28,28,28,24,28,28,28,28,28,28,28,28,28,27,27,27,26,26,26,26,26,26,26,,30,30,TRUE
1334YKWHITE-M,31,31,31,31,31,31,31,31,31,31,31,31,31,31,31,31,31,31,30,30,30,30,30,30,30,30,30,30,30,30,,30,30,TRUE
1334YKWHITE-S,9,9,9,9,9,9,9,8,8,7,7,7,7,7,7,7,7,7,7,7,7,7,7,7,7,7,7,7,7,7,,30,30,TRUE
1334YKWHITE-XL,11,11,11,11,11,11,11,11,10,10,10,10,10,10,10,8,8,8,9,9,9,9,9,9,9,9,9,9,9,9,,30,30,TRUE
1334YKWHITE-XXL,6,6,6,6,6,6,6,6,6,5,5,5,5,5,5,5,5,5,5,5,5,5,5,5,5,5,5,4,4,4,,30,30,TRUE
1335YKGREEN-3XL,5,5,5,5,5,5,5,5,5,5,5,5,5,5,5,5,5,5,5,5,5,5,5,5,5,5,5,5,5,5,,30,30,TRUE
1335YKGREEN-L,0,0,0,0,0,0,0,0,0,0,0,0,0,0,0,0,0,0,0,0,0,0,0,0,0,0,0,0,0,0,,0,0,TRUE
1335YKGREEN-M,0,0,0,0,0,0,0,0,0,0,0,0,0,0,0,0,0,0,0,0,0,0,0,0,0,0,0,0,0,0,,0,0,TRUE
1335YKGREEN-S,1,1,1,1,1,1,1,1,1,1,1,1,1,1,1,1,1,1,1,1,1,1,1,1,1,1,1,1,1,1,,30,30,TRUE
1335YKGREEN-XL,0,0,0,0,0,0,0,0,0,0,0,0,0,0,0,0,0,0,0,0,0,0,0,0,0,0,0,0,0,0,,0,0,TRUE
1335YKGREEN-XXL,0,0,0,0,0,0,0,0,0,0,0,0,0,0,0,0,0,0,0,0,0,0,0,0,0,0,0,0,0,0,,0,0,TRUE
1336YKBLACK-3XL,12,11,11,11,11,11,11,10,11,13,13,13,14,14,14,15,15,15,15,15,18,18,31,31,31,25,25,24,28,28,,30,30,TRUE
1336YKBLACK-4XL,10,10,10,11,11,9,9,8,8,8,8,7,7,16,16,15,15,15,15,14,14,14,51,51,51,47,47,47,48,48,,30,30,TRUE
1336YKBLACK-5XL,33,33,33,34,34,34,33,33,30,29,29,28,28,30,30,30,30,30,30,30,30,30,30,30,29,30,30,30,30,30,,30,30,TRUE
1336YKBLACK-6XL,23,23,23,24,24,24,24,24,24,27,27,27,27,25,25,25,25,25,23,23,23,23,24,25,24,25,25,25,25,25,,30,30,TRUE
1336YKBLACK-7XL,24,29,29,29,29,29,29,29,28,28,28,28,28,28,28,28,28,28,28,28,28,28,32,32,32,32,32,31,31,31,,30,30,TRUE
1336YKBLACK-8XL,18,18,18,18,18,18,18,18,18,28,28,28,28,26,26,26,26,26,26,26,24,24,41,41,41,41,41,41,41,40,,30,30,TRUE
1336YKBLACK-L,25,26,26,25,26,26,26,26,27,47,47,47,47,47,47,47,47,47,44,44,44,44,86,86,85,76,76,77,79,80,,30,30,TRUE
1336YKBLACK-M,15,15,16,17,17,13,13,13,13,74,74,74,74,68,68,68,68,68,68,68,66,68,80,80,80,80,79,79,79,79,,30,30,TRUE
1336YKBLACK-S,44,43,42,42,42,38,38,39,41,42,42,42,42,39,39,39,39,39,39,39,39,38,39,39,39,40,40,40,41,41,,30,30,TRUE
1336YKBLACK-XL,23,22,23,26,26,26,25,24,25,69,68,70,70,70,70,71,71,71,71,70,70,70,102,102,102,95,95,95,99,99,,30,30,TRUE
1336YKBLACK-XS,4,4,4,4,5,5,5,6,3,3,2,2,3,3,3,2,2,2,1,1,1,1,1,2,4,1,1,1,1,1,,30,30,TRUE
1336YKBLACK-XXL,58,59,57,57,57,57,57,57,56,80,79,79,79,79,79,79,79,79,79,79,79,79,100,100,100,100,100,100,101,101,,30,30,TRUE
1337YKRED-3XL,1,1,1,1,1,1,1,1,0,0,0,0,0,0,0,0,0,0,0,0,0,0,0,0,3,0,0,0,0,0,,9,8,FALSE
1337YKRED-4XL,4,4,4,5,5,4,3,2,0,0,0,0,0,0,0,0,0,0,0,0,0,0,0,0,3,0,0,0,2,2,,11,10,FALSE
1337YKRED-5XL,1,1,1,1,1,1,1,1,1,1,1,1,1,1,1,1,1,1,1,1,1,1,2,2,2,2,2,2,2,2,,30,30,TRUE
1337YKRED-6XL,0,0,0,0,0,0,0,0,0,0,0,0,1,1,1,1,1,1,1,1,1,0,0,0,0,0,0,0,0,0,,9,9,TRUE
1337YKRED-7XL,0,0,0,0,0,0,0,0,0,0,0,0,0,0,0,0,0,0,0,0,0,0,0,0,0,0,0,0,0,0,,0,0,TRUE
1337YKRED-8XL,2,3,3,4,3,3,3,3,1,0,1,1,1,1,1,1,1,1,1,1,1,1,2,2,2,2,1,1,1,1,,29,29,TRUE
1337YKRED-L,3,3,3,3,5,5,5,5,5,5,5,5,5,2,2,2,2,2,1,1,1,1,1,1,1,1,2,2,2,2,,30,30,TRUE
1337YKRED-M,10,10,10,9,9,9,9,9,9,8,8,9,9,9,9,9,9,9,9,9,9,9,9,9,9,9,9,9,9,9,,30,30,TRUE
1337YKRED-S,6,7,7,7,7,7,7,7,7,7,6,6,6,6,6,6,6,6,6,6,6,6,6,6,6,6,6,6,6,6,,30,30,TRUE
1337YKRED-XL,3,3,2,2,1,1,1,1,2,2,2,2,2,2,2,2,2,2,2,2,2,2,3,3,3,2,2,2,2,2,,30,30,TRUE
1337YKRED-XS,7,7,7,7,7,7,7,7,7,7,7,7,7,7,7,7,7,7,7,7,7,7,7,7,7,7,7,6,6,6,,30,30,TRUE
1337YKRED-XXL,2,2,2,2,2,2,2,2,0,0,0,0,0,0,0,0,0,0,0,0,0,0,0,0,3,1,1,0,0,0,,11,11,TRUE
1338DPT9BLACK-3XL,24,24,23,23,23,23,23,23,23,24,24,24,25,23,23,10,10,10,10,17,14,22,22,50,50,45,45,45,44,44,,30,30,TRUE
1338DPT9BLACK-4XL,17,17,17,17,17,15,12,12,10,10,9,9,9,5,5,7,7,7,3,13,13,13,14,50,50,45,45,45,44,44,,30,28,FALSE
1338DPT9BLACK-5XL,20,20,20,20,20,20,20,20,20,20,18,18,19,13,13,6,6,6,6,17,14,22,22,50,50,45,45,45,44,44,,30,30,TRUE
1338DPT9BLACK-6XL,1,2,2,2,2,2,2,2,0,0,0,0,0,0,0,9,9,7,3,17,14,22,22,44,44,35,35,35,36,36,,23,23,TRUE
1338DPT9BLACK-7XL,15,15,15,15,15,7,7,7,7,7,6,6,5,3,3,3,3,3,3,8,8,8,22,45,45,45,45,45,41,41,,30,30,TRUE
1338DPT9BLACK-8XL,11,11,11,13,13,7,7,7,7,7,7,7,7,7,7,7,7,7,7,17,14,17,22,47,47,45,44,44,39,39,,30,30,TRUE
1338DPT9BLACK-L,23,24,24,25,25,25,25,25,25,26,26,26,26,26,26,26,26,26,18,18,14,22,22,22,22,22,22,22,21,21,,30,30,TRUE
1338DPT9BLACK-M,37,35,35,35,35,32,32,30,32,32,29,29,29,29,29,28,28,28,18,18,14,22,22,49,49,45,45,45,44,44,,30,30,TRUE
1338DPT9BLACK-S,5,5,5,5,5,5,5,5,5,5,3,3,3,3,3,3,3,4,4,4,4,4,4,4,4,2,2,2,2,2,,30,30,TRUE
1338DPT9BLACK-XL,10,10,10,9,9,3,7,5,5,5,4,4,4,4,4,1,1,1,1,12,12,12,12,29,29,24,26,27,27,27,,30,30,TRUE
1338DPT9BLACK-XS,2,3,3,3,3,3,3,3,3,3,3,3,3,3,3,2,2,2,2,5,5,5,8,8,8,8,8,8,8,8,,30,30,TRUE
1338DPT9BLACK-XXL,35,35,34,34,34,32,32,30,32,32,29,29,29,29,29,28,28,28,18,18,14,22,22,50,49,45,45,45,44,44,,30,30,TRUE
1338YKBLACK-3XL,32,32,31,31,31,31,31,31,31,32,32,32,33,33,33,20,20,20,20,19,53,53,54,120,120,116,116,116,111,111,,30,30,TRUE
1338YKBLACK-4XL,22,22,22,22,22,20,18,18,16,16,15,15,15,13,13,15,15,15,11,11,21,21,21,89,89,83,83,83,74,74,,30,30,TRUE
1338YKBLACK-5XL,30,30,30,30,30,30,30,30,30,30,28,28,29,23,23,16,16,16,16,14,73,73,74,144,144,135,135,135,143,143,,30,30,TRUE
1338YKBLACK-6XL,2,3,3,3,3,3,3,3,0,0,0,0,0,0,0,12,12,7,6,5,26,25,25,50,50,41,41,41,42,42,,23,23,TRUE
1338YKBLACK-7XL,19,19,19,19,19,11,11,11,11,11,11,10,9,7,7,7,7,7,7,7,12,12,30,49,48,49,49,49,45,45,,30,30,TRUE
1338YKBLACK-8XL,17,17,17,19,19,12,12,12,12,12,12,12,12,12,12,12,12,12,12,12,22,22,37,54,54,52,51,51,46,46,,30,30,TRUE
1338YKBLACK-L,28,28,29,29,30,30,30,30,30,30,30,31,31,31,31,31,31,31,29,29,28,28,27,27,27,27,27,27,27,26,,30,30,TRUE
1338YKBLACK-M,52,52,52,54,54,54,54,54,54,53,53,53,53,53,53,53,53,53,53,53,53,53,53,53,53,55,55,56,56,56,,30,30,TRUE
1338YKBLACK-S,9,9,9,9,9,9,9,9,9,9,7,7,7,7,7,7,7,8,8,8,8,8,8,8,9,6,6,6,6,6,,30,30,TRUE
1338YKBLACK-XL,15,15,15,15,14,13,13,12,11,11,11,10,10,10,10,7,7,7,7,7,18,18,18,35,35,30,30,31,31,31,,30,30,TRUE
1338YKBLACK-XS,5,5,6,6,6,6,6,6,6,6,6,6,6,6,6,5,5,5,5,5,8,8,11,11,11,11,11,11,11,11,,30,30,TRUE
1338YKBLACK-XXL,46,46,45,45,45,45,45,44,44,45,40,45,45,45,45,48,48,48,48,48,58,58,59,92,91,91,91,91,89,89,,30,30,TRUE
1339YKBLUE-L,0,0,0,0,0,0,0,0,0,0,0,0,0,0,0,0,0,0,0,0,0,0,0,0,0,0,0,0,0,0,,0,0,TRUE
1339YKBLUE-M,0,0,0,0,0,0,0,0,0,0,0,0,0,0,0,0,0,0,0,0,0,0,0,0,0,0,0,0,0,0,,0,0,TRUE
1339YKBLUE-S,0,0,0,0,0,0,0,0,0,0,0,0,0,0,0,0,0,0,0,0,0,0,0,0,0,0,0,0,0,0,,0,0,TRUE
1339YKBLUE-XL,0,0,0,0,0,0,0,0,0,0,0,0,0,0,0,0,0,0,0,0,0,0,0,0,0,0,0,0,0,0,,0,0,TRUE
1339YKBLUE-XS,0,0,0,0,0,0,0,0,0,0,0,0,0,0,0,0,0,0,0,0,0,0,0,0,0,0,0,0,0,0,,0,0,TRUE
1339YKBLUE-XXL,0,0,0,0,0,0,0,0,0,0,0,0,0,0,0,0,0,0,0,0,0,0,0,0,0,0,0,0,0,0,,0,0,TRUE
133YK224BLUE-L,0,0,0,0,0,0,0,0,0,0,0,0,0,0,0,0,0,0,0,0,0,0,0,0,0,0,0,0,0,0,,0,0,TRUE
1340YKMULTI-3XL,21,21,30,30,30,30,30,30,30,31,31,31,31,29,29,25,24,24,23,23,20,20,20,20,20,20,20,20,20,20,,30,30,TRUE
1340YKMULTI-4XL,64,64,64,64,64,63,63,63,60,60,59,59,59,57,57,53,53,53,52,52,50,50,50,51,50,51,51,52,51,51,,30,30,TRUE
1340YKMULTI-5XL,4,4,4,6,5,5,5,5,0,0,0,0,0,1,1,1,1,1,1,1,1,1,1,1,15,1,1,1,1,1,,25,25,TRUE
1340YKMULTI-L,66,67,67,67,66,66,66,66,66,66,66,66,66,66,66,62,62,62,62,62,62,62,62,62,62,62,62,63,63,63,,30,30,TRUE
1340YKMULTI-M,33,33,33,33,33,33,33,33,33,33,33,33,33,33,33,33,33,33,31,31,31,31,31,31,31,31,31,31,31,31,,30,30,TRUE
1340YKMULTI-S,42,43,43,43,43,43,43,43,43,43,41,43,43,43,43,43,43,43,42,42,42,42,42,42,42,42,43,43,43,43,,30,30,TRUE
1340YKMULTI-XL,88,88,88,89,89,89,89,89,89,89,89,89,89,89,89,87,87,87,87,87,87,87,87,87,87,87,87,87,87,87,,30,30,TRUE
1340YKMULTI-XS,15,15,15,15,15,15,15,15,15,15,15,15,15,15,15,15,15,15,15,15,15,15,15,15,15,15,15,15,15,15,,30,30,TRUE
1340YKMULTI-XXL,32,32,32,32,32,32,32,32,32,32,31,31,31,31,31,31,31,31,29,29,29,29,29,29,29,29,29,29,29,29,,30,30,TRUE
1341YKGREEN-3XL,47,47,48,49,49,49,48,48,48,48,48,48,48,48,48,40,40,40,40,40,40,40,41,41,41,41,41,41,41,40,,30,30,TRUE
1341YKGREEN-4XL,30,30,30,30,31,31,29,29,29,28,27,27,23,28,28,19,18,18,18,18,17,15,15,15,21,15,15,15,15,15,,30,30,TRUE
1341YKGREEN-5XL,51,51,51,50,49,49,47,47,47,46,46,45,48,47,47,40,40,40,39,39,38,37,37,37,37,37,37,37,37,37,,30,30,TRUE
1341YKGREEN-6XL,30,30,29,29,29,29,29,29,29,29,29,29,30,29,29,20,20,20,20,20,20,20,20,20,20,20,20,20,19,19,,30,30,TRUE
1341YKGREEN-7XL,36,36,36,36,36,36,34,34,34,32,32,32,27,32,32,32,32,32,32,32,32,32,32,32,32,32,32,31,31,31,,30,30,TRUE
1341YKGREEN-8XL,36,36,35,36,36,35,35,35,35,35,35,35,35,35,35,35,35,35,32,32,32,32,32,32,32,32,32,32,32,32,,30,30,TRUE
1341YKGREEN-L,57,57,57,58,58,58,58,58,58,56,56,56,56,56,56,54,54,54,54,54,54,54,54,54,54,54,54,54,55,55,,30,30,TRUE
1341YKGREEN-M,28,28,28,28,28,28,28,28,27,28,23,28,28,28,28,27,27,27,27,26,26,26,26,26,26,27,27,27,27,27,,30,30,TRUE
1341YKGREEN-S,30,30,30,30,30,30,30,30,30,30,29,29,27,27,27,27,27,27,27,27,27,27,27,27,27,27,28,29,30,30,,30,30,TRUE
1341YKGREEN-XL,26,26,26,26,26,26,26,26,26,26,26,26,26,26,26,24,24,24,24,23,23,23,23,23,23,19,21,20,20,20,,30,30,TRUE
1341YKGREEN-XS,26,26,27,27,27,27,27,27,27,27,27,27,27,24,24,24,24,24,22,20,18,18,18,19,19,19,19,19,19,19,,30,30,TRUE
1341YKGREEN-XXL,43,43,43,42,42,40,40,40,40,41,41,40,40,40,40,35,35,35,36,36,36,36,36,36,35,35,35,34,34,34,,30,30,TRUE
1342YKBLUE-3XL,0,0,0,0,0,0,0,0,0,0,0,0,0,0,0,0,0,0,0,0,0,0,0,0,0,0,0,0,0,0,,0,0,TRUE
1342YKBLUE-4XL,0,0,0,0,0,0,0,0,0,0,0,0,0,0,0,0,0,0,0,0,0,0,0,0,0,0,0,0,0,0,,0,0,TRUE
1342YKBLUE-5XL,0,0,0,0,0,0,0,0,0,0,0,0,0,0,0,0,0,0,0,0,0,0,0,0,0,0,0,0,0,0,,0,0,TRUE
1342YKBLUE-L,0,0,0,0,0,0,0,0,0,0,0,0,0,0,0,0,0,0,0,0,0,0,0,0,0,0,0,0,0,0,,0,0,TRUE
1342YKBLUE-M,0,0,0,0,0,0,0,0,0,0,0,0,0,0,0,0,0,0,0,0,0,0,0,0,0,0,0,0,0,0,,0,0,TRUE
1342YKBLUE-S,0,0,0,0,0,0,0,0,0,0,0,0,0,0,0,0,0,0,0,0,0,0,0,0,0,0,0,0,0,0,,0,0,TRUE
1342YKBLUE-XL,0,0,0,0,0,0,0,0,0,0,0,0,0,0,0,0,0,0,0,0,0,0,0,0,0,0,0,0,0,0,,0,0,TRUE
1342YKBLUE-XXL,0,0,0,0,0,0,0,0,0,0,0,0,0,0,0,0,0,0,0,0,0,0,0,0,0,0,0,0,0,0,,0,0,TRUE
1343YKBLUE-3XL,2,2,2,2,2,2,2,2,0,0,0,0,0,0,0,0,0,0,0,0,0,0,0,0,0,0,0,0,0,0,,8,8,TRUE
1343YKBLUE-4XL,4,6,6,6,6,6,4,4,3,3,3,3,3,3,3,3,3,3,3,4,4,3,3,4,4,4,4,4,4,3,,30,30,TRUE
1343YKBLUE-5XL,6,7,7,7,7,5,5,4,4,4,4,4,4,4,4,6,6,6,4,4,4,4,4,4,4,4,4,4,4,4,,30,30,TRUE
1343YKBLUE-6XL,11,9,8,8,8,8,6,6,5,4,4,4,1,1,1,1,1,1,1,1,1,1,1,1,2,1,1,1,1,4,,30,30,TRUE
1343YKBLUE-7XL,15,15,15,16,16,16,16,15,14,14,14,14,14,14,14,13,13,13,13,13,13,13,13,13,13,12,7,7,7,7,,30,30,TRUE
1343YKBLUE-8XL,17,16,15,10,15,13,13,13,11,11,11,11,12,12,12,12,12,12,12,12,12,12,12,12,12,12,12,12,12,12,,30,30,TRUE
1343YKBLUE-L,11,11,11,11,11,11,11,11,11,11,11,11,11,11,11,11,11,11,11,11,11,11,11,12,12,12,12,11,11,4,,30,30,TRUE
1343YKBLUE-M,19,19,20,20,20,20,20,19,17,17,17,17,17,17,17,17,17,17,17,17,16,16,16,16,16,16,16,17,17,17,,30,30,TRUE
1343YKBLUE-S,7,7,11,11,11,11,11,11,11,11,11,11,11,10,10,10,10,10,10,10,10,10,10,10,10,10,10,10,10,10,,30,30,TRUE
1343YKBLUE-XL,12,11,10,11,11,9,6,5,2,0,1,1,2,2,2,3,3,3,3,3,3,3,3,3,4,3,3,1,1,1,,29,29,TRUE
1343YKBLUE-XS,21,21,21,21,21,21,21,21,21,21,21,20,20,20,20,20,20,20,20,20,20,20,20,20,20,20,20,20,20,20,,30,30,TRUE
1343YKBLUE-XXL,7,7,6,5,6,6,4,4,0,0,0,0,0,0,0,0,0,0,0,0,0,0,0,2,7,1,1,1,1,1,,15,15,TRUE
1344YKMAROON-3XL,0,0,0,0,0,0,0,0,0,0,0,0,0,0,0,0,0,0,0,0,0,0,0,0,0,0,0,0,0,0,,0,0,TRUE
1344YKMAROON-4XL,0,0,0,0,0,0,0,0,0,0,0,0,0,0,0,0,0,0,0,0,0,0,0,0,0,0,0,0,0,0,,0,0,TRUE
1344YKMAROON-5XL,0,0,0,0,0,0,0,0,0,0,0,0,0,0,0,0,0,0,0,0,0,0,0,0,0,0,0,0,0,0,,0,0,TRUE
1344YKMAROON-L,0,0,0,0,0,0,0,0,0,0,0,0,0,0,0,0,0,0,0,0,0,0,0,0,0,0,0,0,0,0,,0,0,TRUE
1344YKMAROON-M,0,0,0,0,0,0,0,0,0,0,0,0,0,0,0,0,0,0,0,0,0,0,0,0,0,0,0,0,0,0,,0,0,TRUE
1344YKMAROON-S,3,3,3,3,3,3,3,3,3,3,3,3,4,4,4,3,3,3,3,3,3,3,3,3,3,3,3,3,3,3,,30,30,TRUE
1344YKMAROON-XL,0,0,0,0,0,0,0,0,0,0,0,0,0,0,0,0,0,0,0,0,0,0,0,0,0,0,0,0,0,0,,0,0,TRUE
1344YKMAROON-XXL,0,0,0,0,0,0,0,0,0,0,0,0,0,0,0,0,0,0,0,0,0,0,0,0,0,0,0,0,0,0,,0,0,TRUE
1345YKBLACK-L,0,0,0,0,0,0,0,0,0,0,0,0,0,0,0,0,0,0,0,0,0,0,0,0,0,0,0,0,0,0,,0,0,TRUE
1345YKBLACK-M,0,0,0,0,0,0,0,0,0,0,0,0,0,0,0,0,0,0,0,0,0,0,0,0,0,0,0,0,0,0,,0,0,TRUE
1345YKBLACK-S,0,0,0,0,0,0,0,0,0,0,0,0,0,0,0,0,0,0,0,0,0,0,0,0,0,0,0,0,0,0,,0,0,TRUE
1345YKBLACK-XL,0,0,0,0,0,0,0,0,0,0,0,0,0,0,0,0,0,0,0,0,0,0,0,0,0,0,0,0,0,0,,0,0,TRUE
1347YKPINK-3XL,0,0,0,0,0,0,0,0,0,0,0,0,0,0,0,0,0,0,0,0,0,0,0,0,0,0,0,0,0,0,,0,0,TRUE
1347YKPINK-4XL,0,0,0,0,0,0,0,0,0,0,0,0,0,0,0,0,0,0,0,0,0,0,0,0,0,0,0,0,0,0,,0,0,TRUE
1347YKPINK-5XL,0,0,0,0,0,0,0,0,0,0,0,0,0,0,0,0,0,0,0,0,0,0,0,0,0,0,0,0,0,0,,0,0,TRUE
1347YKPINK-L,1,1,1,1,1,1,1,1,1,1,1,1,1,1,1,1,1,1,1,1,1,1,1,1,1,1,1,1,1,1,,30,30,TRUE
1347YKPINK-M,2,2,2,2,2,2,2,2,2,2,2,2,2,2,2,2,2,2,2,2,2,2,2,2,2,2,2,2,2,2,,30,30,TRUE
1347YKPINK-S,12,12,11,11,11,11,11,12,12,12,12,12,12,12,12,12,12,12,12,12,12,12,12,12,12,12,12,12,12,12,,30,30,TRUE
1347YKPINK-XL,1,1,1,1,1,1,1,1,1,1,1,1,1,1,1,1,1,1,1,1,1,1,1,1,1,1,1,1,1,1,,30,30,TRUE
1347YKPINK-XS,0,0,0,0,0,0,0,0,0,0,0,0,0,0,0,0,0,0,0,0,0,0,0,0,0,0,0,0,0,0,,0,0,TRUE
1347YKPINK-XXL,1,1,1,1,1,1,1,1,1,1,1,1,1,1,1,1,1,1,1,1,1,1,1,1,1,1,1,1,1,1,,30,30,TRUE
1348YKMULTI-3XL,11,11,11,11,11,11,11,11,11,11,11,11,11,11,11,11,11,11,11,11,11,11,11,11,11,11,11,11,11,11,,30,30,TRUE
1348YKMULTI-L,12,13,13,14,15,15,15,15,16,16,16,16,15,15,15,17,17,17,11,11,11,11,11,11,37,10,9,9,9,9,,30,30,TRUE
1348YKMULTI-M,9,10,10,11,12,12,12,12,13,9,9,9,10,10,10,12,12,12,12,12,12,12,12,13,40,9,9,9,9,9,,30,30,TRUE
1348YKMULTI-S,3,3,3,3,3,3,3,3,4,4,4,4,4,4,4,6,7,6,6,6,6,6,6,6,10,6,14,14,7,7,,30,30,TRUE
1348YKMULTI-XL,0,0,0,1,1,1,1,0,0,1,1,2,2,2,2,11,11,11,5,5,5,5,5,5,13,5,5,5,3,33,,25,25,TRUE
1348YKMULTI-XS,2,2,2,2,2,2,1,1,1,1,1,1,1,1,1,1,1,1,0,0,0,0,0,0,0,0,0,0,0,0,,18,16,FALSE
1348YKMULTI-XXL,95,95,95,98,98,98,98,98,98,88,88,88,86,86,86,87,87,87,87,88,88,87,89,89,89,89,71,71,71,71,,30,30,TRUE
1349YKMUSTARD-3XL,1,1,1,0,0,0,0,0,0,0,0,0,0,0,0,0,0,0,0,0,0,0,0,0,0,0,0,0,0,0,,3,3,TRUE
1349YKMUSTARD-4XL,0,0,0,0,0,0,0,0,0,0,0,0,0,0,0,0,0,0,0,0,0,0,0,0,0,0,0,0,0,0,,0,0,TRUE
1349YKMUSTARD-5XL,0,0,0,0,0,0,0,0,0,0,0,0,0,0,0,0,0,0,0,0,0,0,0,0,0,0,0,0,0,0,,0,0,TRUE
1349YKMUSTARD-L,13,13,13,13,13,13,13,13,13,13,13,13,13,12,12,12,12,12,12,12,12,12,12,12,12,12,12,12,12,12,,30,30,TRUE
1349YKMUSTARD-M,29,29,33,33,33,33,33,33,34,34,34,34,34,34,34,34,34,34,28,28,28,28,28,28,28,28,28,28,28,28,,30,30,TRUE
1349YKMUSTARD-S,20,21,21,21,21,21,21,21,21,21,21,21,21,21,21,21,21,21,21,21,21,21,21,21,21,21,21,21,21,21,,30,30,TRUE
1349YKMUSTARD-XL,8,8,8,8,8,7,7,7,7,7,7,7,7,7,7,7,7,7,7,7,6,5,5,5,5,5,5,5,5,5,,30,30,TRUE
1349YKMUSTARD-XS,5,5,5,5,5,5,5,5,5,5,5,5,5,5,5,5,5,5,5,5,5,5,5,5,5,5,5,5,5,5,,30,30,TRUE
1349YKMUSTARD-XXL,1,1,1,1,1,1,1,1,1,1,1,1,1,0,0,0,0,0,0,0,0,0,0,0,0,0,1,1,1,1,,17,17,TRUE
134YK131MULTI-S,0,0,0,0,0,0,0,0,0,0,0,0,0,0,0,0,0,0,0,0,0,0,0,0,0,0,0,0,0,0,,0,0,TRUE
1350YKMUSTARD-3XL,3,3,3,3,2,2,2,2,2,2,2,2,2,2,2,2,2,2,2,2,2,2,2,2,2,2,2,2,2,2,,30,30,TRUE
1350YKMUSTARD-4XL,0,1,1,0,0,0,0,0,0,0,0,0,0,1,1,0,0,0,0,0,0,0,0,0,4,0,0,0,0,0,,5,3,FALSE
1350YKMUSTARD-5XL,6,6,6,6,5,5,5,5,3,3,3,3,3,3,3,3,3,3,3,4,4,4,4,5,4,4,3,3,3,3,,30,30,TRUE
1350YKMUSTARD-L,4,4,4,4,4,4,4,3,1,1,1,1,1,2,2,2,2,2,2,2,2,2,2,3,3,3,3,3,3,3,,30,30,TRUE
1350YKMUSTARD-M,7,6,6,6,6,6,6,6,6,6,6,6,6,6,6,6,6,6,6,6,6,6,6,6,6,5,5,5,5,5,,30,30,TRUE
1350YKMUSTARD-S,14,14,14,14,14,13,13,14,14,14,14,14,14,14,14,14,14,14,14,14,14,14,14,14,14,14,14,14,14,14,,30,30,TRUE
1350YKMUSTARD-XL,0,0,0,0,0,0,0,0,0,0,0,0,0,0,0,0,0,0,0,0,0,0,0,0,0,0,0,0,0,0,,0,0,TRUE
1350YKMUSTARD-XXL,3,3,3,3,3,3,3,3,0,0,0,0,0,0,0,0,0,0,0,0,0,0,0,1,3,1,0,0,0,0,,11,11,TRUE
1351YKBLUE-3XL,7,8,8,9,8,8,8,8,8,8,8,8,8,6,6,6,6,6,6,6,6,6,6,6,6,6,6,6,6,6,,30,30,TRUE
1351YKBLUE-4XL,44,44,44,44,44,44,44,44,44,44,44,44,43,41,41,41,41,41,41,41,41,41,41,41,41,41,41,41,41,41,,30,30,TRUE
1351YKBLUE-5XL,2,2,2,2,2,2,2,2,2,2,2,2,3,3,3,3,3,3,3,3,3,3,3,3,6,3,3,3,3,3,,30,30,TRUE
1351YKBLUE-L,16,16,16,16,16,16,16,16,16,16,15,16,15,12,12,12,12,12,8,8,6,8,9,8,8,6,7,7,6,6,,30,30,TRUE
1351YKBLUE-M,86,87,87,87,87,87,86,86,84,84,82,84,84,84,84,84,84,84,84,84,84,84,84,83,83,78,78,78,78,78,,30,30,TRUE
1351YKBLUE-S,24,25,25,25,26,25,25,25,25,25,24,25,25,25,25,24,24,24,24,24,24,23,23,23,23,23,23,23,23,23,,30,30,TRUE
1351YKBLUE-XL,9,9,9,9,9,9,9,8,8,8,8,8,9,9,9,10,10,10,10,10,10,10,10,11,11,11,11,11,11,11,,30,30,TRUE
1351YKBLUE-XS,7,6,6,7,7,7,7,7,7,7,7,7,7,5,5,5,5,5,5,5,5,5,5,5,4,4,4,4,5,5,,30,30,TRUE
1351YKBLUE-XXL,164,164,164,165,166,166,166,166,166,166,166,166,166,166,166,166,166,166,162,161,161,161,161,160,160,160,163,163,163,163,,30,30,TRUE
1352YKBLUE-L,0,0,0,0,0,0,0,0,0,0,0,0,0,0,0,0,0,0,0,0,0,0,0,0,0,0,0,0,0,0,,0,0,TRUE
1352YKBLUE-M,0,0,0,0,0,0,0,0,0,0,0,0,0,0,0,0,0,0,0,0,0,0,0,0,0,0,0,0,0,0,,0,0,TRUE
1352YKBLUE-S,2,1,1,1,1,1,1,1,1,1,1,1,1,1,1,1,1,1,1,1,1,1,1,1,1,1,1,1,1,1,,30,30,TRUE
1352YKBLUE-XL,0,0,0,0,0,0,0,0,0,0,0,0,0,0,0,0,0,0,0,0,0,0,0,0,0,0,0,0,0,0,,0,0,TRUE
1352YKBLUE-XXL,0,0,0,0,0,0,0,0,0,0,0,0,0,0,0,0,0,0,0,0,0,0,0,0,0,0,0,0,0,0,,0,0,TRUE
1353YKBLACK-3XL,0,0,0,1,1,1,1,1,1,1,1,1,1,1,1,1,1,1,1,1,1,0,0,0,0,0,0,0,0,0,,18,18,TRUE
1353YKBLACK-4XL,0,0,0,0,0,0,0,0,0,0,0,0,0,0,0,0,0,0,0,0,0,0,0,0,0,0,0,0,0,0,,0,0,TRUE
1353YKBLACK-5XL,0,0,0,0,0,0,0,0,0,0,0,0,0,0,0,0,0,0,0,0,0,0,0,0,0,0,0,0,0,0,,0,0,TRUE
1353YKBLACK-L,0,0,0,0,0,0,0,0,0,0,0,0,0,0,0,0,0,0,0,0,0,0,0,0,0,0,0,0,0,0,,0,0,TRUE
1353YKBLACK-M,0,0,0,0,0,0,0,0,0,0,0,0,0,0,0,0,0,0,0,0,0,0,0,0,0,0,0,0,0,0,,0,0,TRUE
1353YKBLACK-S,0,0,0,0,0,0,0,0,0,0,0,0,0,0,0,0,0,0,0,0,0,0,0,0,0,0,0,0,0,0,,0,0,TRUE
1353YKBLACK-XL,0,0,0,0,0,0,0,0,0,0,0,0,0,0,0,0,0,0,0,0,0,0,0,0,0,0,0,0,0,0,,0,0,TRUE
1353YKBLACK-XXL,0,0,0,0,0,0,0,0,0,0,0,0,0,0,0,0,0,0,0,0,0,0,0,0,0,0,0,0,0,0,,0,0,TRUE
1354YKCMUSTARD,0,0,0,0,0,0,0,0,0,0,0,0,0,0,0,0,0,0,0,0,0,0,0,0,0,0,0,0,0,0,,0,#N/A,#N/A
1354YKMUSTARD,0,0,0,0,0,0,0,0,0,0,0,0,0,0,0,0,0,0,0,0,0,0,0,0,0,0,0,0,0,0,,0,#N/A,#N/A
1354YKMUSTARD-3XL,0,0,0,1,1,0,0,0,0,0,0,0,0,0,0,0,0,0,0,0,0,0,0,0,0,0,0,0,0,2,,3,2,FALSE
1354YKMUSTARD-4XL,1,1,1,3,4,4,4,3,1,1,1,1,1,1,1,1,1,1,1,1,1,1,1,1,1,1,1,1,2,2,,30,30,TRUE
1354YKMUSTARD-5XL,2,3,3,3,3,3,3,3,0,0,0,0,0,0,0,0,0,0,0,0,0,0,0,0,3,0,0,0,0,0,,9,8,FALSE
1354YKMUSTARD-6XL,1,2,0,0,0,0,0,0,0,1,1,0,0,0,0,0,0,0,0,0,0,0,0,0,0,0,0,0,0,0,,4,4,TRUE
1354YKMUSTARD-7XL,6,6,5,4,4,4,4,5,1,0,1,1,1,1,1,1,1,1,1,1,1,1,1,1,4,1,1,1,1,1,,29,29,TRUE
1354YKMUSTARD-8XL,2,2,2,2,2,2,2,2,0,0,0,0,0,0,0,0,0,0,0,0,0,0,0,0,4,0,0,0,0,0,,9,8,FALSE
1354YKMUSTARD-L,0,0,0,0,0,0,0,0,0,0,0,0,0,0,0,0,0,0,0,0,0,0,0,0,1,0,0,0,0,0,,1,0,FALSE
1354YKMUSTARD-M,1,1,0,0,0,0,0,0,0,0,0,0,0,0,0,0,0,0,0,0,0,0,0,0,3,0,0,0,0,0,,3,2,FALSE
1354YKMUSTARD-S,2,2,2,3,3,3,3,3,3,2,2,2,2,2,2,2,2,2,2,2,2,2,2,2,2,2,2,2,2,2,,30,30,TRUE
1354YKMUSTARD-XL,1,3,2,2,1,1,1,1,1,1,1,1,1,1,1,1,1,1,1,1,1,1,1,1,1,1,1,1,1,1,,30,30,TRUE
1354YKMUSTARD-XS,13,13,13,13,13,13,13,13,13,13,13,13,12,12,12,12,12,12,12,12,12,12,12,11,11,11,11,11,11,11,,30,30,TRUE
1354YKMUSTARD-XXL,0,0,0,0,1,1,1,1,0,0,0,0,0,0,0,0,0,0,0,0,0,0,0,0,3,0,0,0,0,0,,5,4,FALSE
1355DPT27TEAL-3XL,0,0,0,0,0,0,0,0,0,0,0,0,1,1,1,1,1,1,0,0,0,0,0,0,0,0,0,0,0,0,,6,3,FALSE
1355DPT27TEAL-4XL,0,2,2,2,2,2,2,1,1,1,1,1,2,2,2,2,2,2,1,1,1,1,1,0,0,0,0,0,0,0,,22,22,TRUE
1355DPT27TEAL-5XL,0,0,0,0,0,0,0,0,0,0,0,0,0,0,0,0,0,0,0,0,0,0,0,0,0,0,0,0,1,1,,2,2,TRUE
1355DPT27TEAL-6XL,1,2,2,2,2,2,1,1,0,0,0,0,0,0,0,0,0,0,0,0,0,0,0,0,0,0,0,0,0,0,,8,8,TRUE
1355DPT27TEAL-7XL,0,0,0,0,0,0,0,1,1,1,0,0,0,0,0,0,0,0,0,0,0,0,0,0,0,0,0,0,0,2,,4,2,FALSE
1355DPT27TEAL-8XL,0,0,0,0,0,0,0,0,0,0,0,0,0,0,0,1,1,1,1,1,0,0,0,0,0,0,0,0,0,0,,5,5,TRUE
1355DPT27TEAL-L,0,0,0,0,0,0,0,0,0,0,0,0,1,1,1,5,5,5,2,2,2,2,2,2,2,1,1,1,1,1,,18,18,TRUE
1355DPT27TEAL-M,9,9,9,9,9,9,9,9,9,5,5,5,5,4,4,4,4,4,4,4,4,4,4,4,4,4,4,4,4,4,,30,30,TRUE
1355DPT27TEAL-S,6,6,6,6,6,5,5,5,5,5,5,5,5,5,5,5,5,5,5,5,5,5,6,5,5,3,3,3,3,3,,30,30,TRUE
1355DPT27TEAL-XL,1,1,1,1,1,1,1,1,1,1,1,1,1,1,1,1,1,1,1,1,1,1,1,1,1,1,1,1,0,1,,29,28,FALSE
1355DPT27TEAL-XS,0,0,0,0,0,0,0,0,0,0,0,0,0,0,0,0,0,0,0,0,0,0,0,0,0,0,0,0,0,0,,0,0,TRUE
1355DPT27TEAL-XXL,0,0,0,0,0,0,0,0,0,0,0,0,0,0,0,0,0,0,0,0,0,0,0,0,0,0,0,0,0,0,,0,0,TRUE
1355YKTEAL-3XL,2,2,2,2,2,2,1,1,1,1,1,1,2,2,2,2,2,2,1,1,1,1,1,1,1,1,1,1,1,1,,30,30,TRUE
1355YKTEAL-4XL,0,2,2,2,2,2,2,1,0,1,1,1,2,2,2,2,2,2,1,1,1,1,1,1,1,0,0,0,0,0,,23,22,FALSE
1355YKTEAL-5XL,2,2,2,2,2,1,1,1,1,1,1,1,1,1,1,1,1,1,1,1,0,0,0,0,0,0,0,0,1,1,,22,22,TRUE
1355YKTEAL-6XL,1,2,2,2,2,2,1,1,0,0,0,0,0,0,0,0,0,0,0,0,0,0,0,0,0,0,0,0,0,1,,9,8,FALSE
1355YKTEAL-7XL,0,0,0,0,0,0,0,1,1,1,1,0,0,0,0,0,0,0,0,0,0,0,0,0,0,0,0,0,0,3,,5,4,FALSE
1355YKTEAL-8XL,0,0,0,0,0,0,0,0,0,0,0,0,0,0,0,1,1,1,1,1,0,0,0,0,0,0,0,0,0,0,,5,5,TRUE
1355YKTEAL-L,0,0,0,0,0,0,0,0,0,0,0,0,1,1,1,5,5,5,4,4,4,4,4,4,4,3,3,3,3,3,,18,18,TRUE
1355YKTEAL-M,13,13,13,13,13,13,13,13,13,9,9,9,9,9,9,8,8,8,8,8,8,8,8,8,8,8,8,8,8,8,,30,30,TRUE
1355YKTEAL-S,9,9,9,9,9,8,8,8,8,8,8,8,8,8,8,8,8,8,8,8,8,8,8,9,9,6,6,6,6,6,,30,30,TRUE
1355YKTEAL-XL,2,2,2,2,2,2,2,2,2,2,2,2,2,2,2,2,2,2,2,2,2,2,2,2,2,2,2,2,2,1,,30,30,TRUE
1355YKTEAL-XXL,0,0,0,0,0,0,0,0,0,0,0,0,0,0,0,0,0,0,0,0,0,0,0,0,0,0,0,0,0,1,,1,0,FALSE
1356YKBLACK-L,0,0,0,0,0,0,0,0,0,0,0,0,0,0,0,0,0,0,0,0,0,0,0,0,0,0,0,0,0,0,,0,0,TRUE
1356YKBLACK-M,0,0,0,0,0,0,0,0,0,0,0,0,0,0,0,0,0,0,0,0,0,0,0,0,0,0,0,0,0,0,,0,0,TRUE
1356YKBLACK-S,0,0,0,0,0,0,0,0,0,0,0,0,0,0,0,0,0,0,0,0,0,0,0,0,0,0,0,0,0,0,,0,0,TRUE
1356YKBLACK-XL,0,0,0,0,0,0,0,0,0,0,0,0,0,0,0,0,0,0,0,0,0,0,0,0,0,0,0,0,0,0,,0,0,TRUE
1356YKBLACK-XS,0,0,0,0,0,0,0,0,0,0,0,0,0,0,0,0,0,0,0,0,0,0,0,0,0,0,0,0,0,0,,0,0,TRUE
1356YKBLACK-XXL,0,0,0,0,0,0,0,0,0,0,0,0,0,0,0,0,0,0,0,0,0,0,0,0,0,0,0,0,0,0,,0,0,TRUE
1357YKBLACK-3XL,0,0,0,0,0,0,0,0,0,0,0,0,0,0,0,0,0,0,0,0,0,0,0,0,0,0,0,0,0,0,,0,0,TRUE
1357YKBLACK-4XL,0,0,0,0,0,0,0,0,0,0,0,0,0,0,0,0,0,0,0,0,0,0,0,0,0,0,0,0,0,0,,0,0,TRUE
1357YKBLACK-5XL,0,0,0,0,0,0,0,0,0,0,0,0,0,0,0,0,0,0,0,0,0,0,0,0,0,0,0,0,0,0,,0,0,TRUE
1357YKBLACK-L,0,0,0,0,0,0,0,0,0,0,0,0,0,0,0,0,0,0,0,0,0,0,0,0,0,0,0,0,0,0,,0,0,TRUE
1357YKBLACK-M,1,1,1,1,1,1,1,1,1,1,1,1,1,1,1,1,1,1,1,1,1,1,1,1,1,1,1,1,1,1,,30,30,TRUE
1357YKBLACK-S,0,1,1,1,1,1,1,1,1,1,1,1,1,1,1,1,1,1,1,1,1,1,1,1,1,1,1,1,1,1,,29,29,TRUE
1357YKBLACK-XL,1,1,1,1,1,1,1,1,1,1,1,1,1,1,1,1,1,1,1,1,1,1,1,1,1,1,1,1,1,1,,30,30,TRUE
1357YKBLACK-XXL,0,0,0,0,0,0,0,0,0,0,0,0,0,0,0,0,0,0,0,0,0,0,0,0,0,0,0,0,0,0,,0,0,TRUE
1358YKBLUE-3XL,0,0,0,0,0,0,0,0,0,0,0,0,0,0,0,0,0,0,0,0,0,0,0,0,0,0,0,0,0,0,,0,0,TRUE
1358YKBLUE-4XL,0,0,0,0,0,0,0,0,0,0,0,0,0,0,0,0,0,0,0,0,0,0,0,0,0,0,0,0,0,0,,0,0,TRUE
1358YKBLUE-5XL,0,0,0,0,0,0,0,0,0,0,0,0,0,0,0,0,0,0,0,0,0,0,0,0,0,0,0,0,0,0,,0,0,TRUE
1358YKBLUE-L,0,0,0,0,0,0,0,0,0,0,0,0,0,0,0,0,0,0,0,0,0,0,0,0,0,0,0,0,0,0,,0,0,TRUE
1358YKBLUE-M,1,1,1,1,1,1,1,1,1,1,1,1,1,1,1,1,1,1,1,1,1,1,1,1,1,1,1,1,1,1,,30,30,TRUE
1358YKBLUE-S,1,1,1,1,1,1,1,1,1,1,1,1,1,1,1,1,1,1,1,1,1,1,1,1,1,1,1,1,1,1,,30,30,TRUE
1358YKBLUE-XL,1,1,1,1,1,1,1,1,1,1,1,1,1,1,1,1,1,1,1,1,1,1,1,1,1,1,1,1,1,1,,30,30,TRUE
1358YKBLUE-XXL,0,0,0,0,0,0,0,0,0,0,0,0,0,0,0,0,0,0,0,0,0,0,0,0,0,0,0,0,0,0,,0,0,TRUE
1359YKGREEN-3XL,9,9,12,19,19,19,17,18,15,16,14,14,14,14,14,11,11,11,9,8,8,6,6,4,8,8,8,8,6,5,,30,30,TRUE
1359YKGREEN-4XL,15,15,16,17,15,15,12,12,10,9,8,8,3,8,8,5,5,5,5,5,5,5,5,5,13,6,6,6,6,6,,30,30,TRUE
1359YKGREEN-5XL,32,31,31,30,31,30,32,33,27,27,26,26,26,21,21,18,18,18,16,16,14,8,14,14,12,14,14,13,14,12,,30,30,TRUE
1359YKGREEN-6XL,14,16,19,27,28,22,22,22,26,26,26,26,26,26,26,25,25,25,25,25,25,23,23,22,22,21,21,21,20,18,,30,30,TRUE
1359YKGREEN-7XL,12,12,12,13,13,13,11,10,3,0,2,2,2,1,1,2,2,2,3,3,2,2,2,2,9,1,1,2,2,2,,29,29,TRUE
1359YKGREEN-8XL,5,5,4,4,5,4,4,3,3,3,2,2,2,2,2,2,2,2,3,2,2,2,2,2,4,2,2,2,2,2,,30,30,TRUE
1359YKGREEN-L,25,25,25,25,25,25,25,25,22,21,21,21,21,21,21,22,22,22,22,22,22,22,22,22,22,22,22,22,22,22,,30,30,TRUE
1359YKGREEN-M,26,27,27,26,26,26,26,26,25,25,24,25,24,24,24,24,24,24,24,24,24,24,24,24,24,24,24,24,20,20,,30,30,TRUE
1359YKGREEN-S,10,11,11,11,11,11,10,9,8,8,8,8,8,8,8,8,8,8,8,8,8,8,8,8,8,8,8,7,7,7,,30,30,TRUE
1359YKGREEN-XL,23,23,23,23,23,23,20,20,18,18,18,18,18,18,18,16,16,16,17,17,17,17,17,17,17,17,17,17,17,17,,30,30,TRUE
1359YKGREEN-XS,9,9,9,9,9,9,9,9,9,9,9,9,9,9,9,9,9,9,9,9,9,9,9,9,9,8,8,8,8,8,,30,30,TRUE
1359YKGREEN-XXL,17,20,21,20,19,18,21,20,19,17,18,18,16,19,19,12,12,12,12,12,12,12,12,12,12,12,12,12,12,12,,30,30,TRUE
135YK224BROWN-S,0,0,0,0,0,0,0,0,0,0,0,0,0,0,0,0,0,0,0,0,0,0,0,0,0,0,0,0,0,0,,0,0,TRUE
135YK224BROWN-XL,0,0,0,0,0,0,0,0,0,0,0,0,0,0,0,0,0,0,0,0,0,0,0,1,1,1,1,1,0,1,,6,1,FALSE
1360YKBLUE-3XL,0,0,0,0,0,0,0,0,0,0,0,0,0,0,0,0,0,0,0,0,0,0,0,0,0,0,0,0,0,0,,0,0,TRUE
1360YKBLUE-4XL,0,0,0,0,0,0,0,0,0,0,0,0,0,0,0,0,0,0,0,0,0,0,0,0,0,0,0,0,0,0,,0,0,TRUE
1360YKBLUE-5XL,0,0,0,0,0,0,0,0,0,0,0,0,0,0,0,0,0,0,0,0,0,0,0,0,0,0,0,0,0,0,,0,0,TRUE
1360YKBLUE-L,0,0,0,0,0,0,0,0,0,0,0,0,0,0,0,0,0,0,0,0,0,0,0,0,0,0,0,0,0,1,,1,0,FALSE
1360YKBLUE-M,0,0,0,0,0,0,0,0,0,0,0,0,0,0,0,0,0,0,0,0,0,0,0,0,0,0,0,0,0,0,,0,0,TRUE
1360YKBLUE-S,4,4,4,4,4,4,4,4,4,4,4,4,4,4,4,4,4,4,4,4,4,4,4,4,3,1,1,1,1,1,,30,30,TRUE
1360YKBLUE-XL,0,0,0,0,0,0,0,0,0,0,0,0,0,0,0,0,0,0,0,0,0,0,0,0,0,0,0,0,0,0,,0,0,TRUE
1360YKBLUE-XXL,0,0,0,0,0,0,0,0,0,0,0,0,0,0,0,0,0,0,0,0,0,0,0,0,0,0,0,0,0,0,,0,0,TRUE
1361YKBLUE-3XL,4,4,4,4,4,4,4,3,4,3,3,3,4,4,4,7,7,7,6,5,5,5,5,5,20,5,5,4,4,4,,30,30,TRUE
1361YKBLUE-4XL,25,24,21,20,20,10,10,10,9,5,5,5,5,5,5,5,5,5,5,5,5,5,5,5,12,5,5,5,5,5,,30,30,TRUE
1361YKBLUE-5XL,33,33,33,33,32,21,22,22,22,21,21,21,21,21,21,21,21,21,20,20,20,20,20,20,19,14,14,14,10,10,,30,30,TRUE
1361YKBLUE-L,8,9,9,9,10,10,9,7,7,7,11,11,11,9,9,9,10,10,10,9,9,9,9,9,56,9,9,10,9,9,,30,30,TRUE
1361YKBLUE-M,5,11,11,10,10,9,9,9,10,9,9,9,10,9,9,12,13,13,13,13,13,13,13,13,59,13,12,14,14,14,,30,30,TRUE
1361YKBLUE-S,7,7,8,10,10,10,10,10,11,7,7,7,7,7,7,7,7,7,7,7,7,7,7,7,30,8,8,8,8,8,,30,30,TRUE
1361YKBLUE-XL,4,6,6,5,3,3,3,3,6,6,6,6,8,4,4,4,4,4,4,4,4,4,4,4,14,4,4,4,5,5,,30,30,TRUE
1361YKBLUE-XS,24,24,24,24,24,24,25,25,26,27,26,26,27,26,26,26,26,26,26,26,26,26,26,26,25,20,18,18,21,21,,30,30,TRUE
1361YKBLUE-XXL,3,3,3,3,3,3,3,3,5,5,5,5,5,4,4,4,4,4,4,4,4,4,4,4,29,4,8,8,5,5,,30,30,TRUE
1362YKBLACK-3XL,3,2,2,3,2,2,2,1,1,1,1,1,19,13,13,12,11,16,16,15,11,10,10,8,5,6,5,5,5,5,,30,30,TRUE
1362YKBLACK-4XL,1,1,1,1,1,1,0,0,0,0,0,0,3,1,1,1,1,1,0,1,1,1,1,1,1,0,0,5,3,10,,21,18,FALSE
1362YKBLACK-5XL,0,0,0,0,1,0,0,0,0,0,0,0,30,26,26,26,26,34,32,28,29,23,25,25,24,22,8,10,12,12,,19,19,TRUE
1362YKBLACK-6XL,3,4,15,16,16,15,11,10,5,3,3,3,9,8,8,8,8,8,8,7,2,7,7,8,7,7,7,6,6,6,,30,30,TRUE
1362YKBLACK-7XL,6,6,26,26,27,27,27,25,25,17,14,11,14,17,17,17,17,17,11,6,11,11,11,11,10,10,10,10,10,10,,30,30,TRUE
1362YKBLACK-8XL,2,2,2,4,5,3,3,3,0,0,0,0,0,0,0,8,8,8,4,4,4,4,4,4,6,4,4,4,4,3,,23,23,TRUE
1362YKBLACK-L,0,47,70,76,74,59,59,59,58,48,48,47,54,39,39,39,39,39,36,33,23,23,22,22,24,17,15,21,11,11,,29,29,TRUE
1362YKBLACK-M,2,1,1,1,1,0,0,0,0,0,0,0,0,0,0,10,10,10,2,2,2,2,2,2,5,2,2,2,1,3,,20,20,TRUE
1362YKBLACK-S,1,1,1,2,2,2,2,1,1,1,1,0,0,0,0,0,0,0,0,0,0,0,0,0,0,0,0,0,0,0,,11,11,TRUE
1362YKBLACK-XL,17,33,155,155,154,137,137,137,137,122,122,122,123,103,103,104,104,105,104,103,88,88,89,89,88,88,56,56,45,45,,30,30,TRUE
1362YKBLACK-XS,0,0,0,0,0,0,0,0,0,0,0,0,0,0,0,0,0,0,0,0,0,0,0,0,0,0,0,0,0,0,,0,0,TRUE
1362YKBLACK-XXL,0,2,3,2,2,2,2,1,1,1,1,1,1,0,0,15,15,15,5,5,4,3,3,3,8,2,2,2,2,26,,27,27,TRUE
1363YKBROWN-L,29,30,29,28,29,29,29,29,29,29,28,30,30,30,30,30,30,30,30,30,30,30,30,30,30,30,30,30,30,30,,30,30,TRUE
1363YKBROWN-M,46,46,46,46,46,46,46,47,47,47,47,47,47,47,47,47,47,47,47,47,47,47,47,47,47,47,47,47,47,47,,30,30,TRUE
1363YKBROWN-S,37,36,36,36,36,36,36,36,36,36,31,31,31,31,31,31,31,31,30,30,30,30,30,30,30,30,30,35,35,35,,30,30,TRUE
1363YKBROWN-XL,7,7,7,6,5,5,4,4,4,4,4,4,3,3,3,3,2,2,2,2,2,2,2,2,2,2,2,2,2,2,,30,30,TRUE
1363YKBROWN-XXL,4,4,4,4,4,4,4,4,4,4,4,4,4,4,4,4,4,4,4,4,4,4,4,4,4,4,4,4,4,4,,30,30,TRUE
1364YKBROWN-3XL,1,1,1,1,1,1,1,1,1,1,1,1,1,1,1,1,1,1,1,1,1,1,1,1,1,1,1,1,1,1,,30,30,TRUE
1364YKBROWN-4XL,0,0,0,0,0,0,0,0,0,0,0,0,0,0,0,0,0,0,0,0,0,0,0,0,0,0,0,0,0,0,,0,0,TRUE
1364YKBROWN-5XL,0,0,0,0,0,0,0,0,0,0,0,0,0,0,0,0,0,0,0,0,0,0,0,0,0,0,0,0,0,0,,0,0,TRUE
1364YKBROWN-L,13,13,13,13,13,13,13,13,13,13,13,13,13,13,13,13,5,5,5,5,5,5,5,5,5,5,13,13,13,13,,30,30,TRUE
1364YKBROWN-M,36,36,40,40,40,40,40,40,40,38,38,38,38,38,38,38,38,38,37,37,37,37,37,37,37,37,38,38,38,38,,30,30,TRUE
1364YKBROWN-S,5,5,8,8,8,8,8,8,8,7,7,7,7,7,7,7,7,7,7,7,7,7,7,7,7,7,7,7,7,7,,30,30,TRUE
1364YKBROWN-XL,7,7,7,7,7,7,7,7,7,7,7,7,7,7,7,7,7,7,5,5,5,5,5,5,5,5,5,5,5,5,,30,30,TRUE
1364YKBROWN-XS,5,5,5,5,5,5,5,5,5,5,5,5,5,5,5,5,5,5,5,5,5,5,5,5,5,5,5,5,5,5,,30,30,TRUE
1364YKBROWN-XXL,3,3,3,3,3,3,3,3,3,3,3,3,3,3,3,3,3,3,3,3,3,3,3,3,3,3,3,3,3,3,,30,30,TRUE
1365YKMAROON-L,1,1,1,1,1,1,1,1,1,1,1,1,1,1,1,1,1,1,1,1,1,1,1,1,1,1,1,1,1,1,,30,30,TRUE
1365YKMAROON-M,1,1,1,1,1,1,1,1,1,1,1,1,1,1,1,1,1,1,1,1,1,1,1,1,1,1,1,1,1,1,,30,30,TRUE
1365YKMAROON-S,0,0,0,0,0,0,0,0,0,0,0,0,0,0,0,0,0,0,0,0,0,0,0,0,0,0,0,0,0,0,,0,0,TRUE
1365YKMAROON-XL,0,0,0,0,0,0,0,0,0,0,0,0,0,0,0,0,0,0,0,0,0,0,0,0,0,0,0,0,0,0,,0,0,TRUE
1365YKMAROON-XXL,0,0,0,0,0,0,0,0,0,0,0,0,0,0,0,0,0,0,0,0,0,0,0,0,0,0,0,0,0,0,,0,0,TRUE
1366YKORANGE-3XL,1,1,1,1,1,1,1,1,1,1,1,1,1,1,1,1,1,1,1,1,1,1,1,1,1,1,1,1,0,1,,29,24,FALSE
1366YKORANGE-4XL,0,0,0,0,0,0,0,0,0,0,0,0,0,0,0,0,0,0,0,0,0,0,0,0,0,0,0,0,0,0,,0,0,TRUE
1366YKORANGE-5XL,0,0,0,0,0,0,0,0,0,0,0,0,0,0,0,0,0,0,0,0,0,0,0,0,0,0,0,0,0,0,,0,0,TRUE
1366YKORANGE-L,0,0,0,0,0,0,0,0,0,0,0,0,0,0,0,0,0,0,0,0,0,0,0,0,0,0,0,0,0,1,,1,0,FALSE
1366YKORANGE-M,0,0,0,0,0,0,0,0,0,0,0,0,0,0,0,0,0,0,0,0,0,0,0,0,0,0,0,0,0,0,,0,0,TRUE
1366YKORANGE-S,0,0,0,0,0,0,0,0,0,0,0,0,0,0,0,0,0,0,0,0,0,0,0,0,0,0,0,0,0,0,,0,0,TRUE
1366YKORANGE-XL,0,1,1,1,1,1,1,1,1,1,1,1,1,1,1,1,1,1,1,1,1,1,1,1,1,1,1,1,1,1,,29,29,TRUE
1366YKORANGE-XXL,0,0,0,0,0,0,0,0,0,0,0,0,0,0,0,0,0,0,0,0,0,0,0,0,0,0,0,0,0,0,,0,0,TRUE
1367YKBLUE-3XL,5,5,3,7,7,7,5,5,2,2,2,2,2,1,1,2,2,2,2,2,2,2,2,1,3,1,1,2,2,2,,30,30,TRUE
1367YKBLUE-4XL,7,7,7,7,7,7,6,6,2,2,2,2,2,2,2,2,2,2,2,3,3,3,3,3,4,3,3,3,2,2,,30,30,TRUE
1367YKBLUE-5XL,6,3,3,4,4,3,3,3,0,0,0,0,0,0,0,0,0,0,0,0,0,0,0,0,1,0,0,0,0,2,,10,9,FALSE
1367YKBLUE-6XL,10,9,9,10,10,10,10,9,5,5,4,4,4,4,4,5,5,5,4,4,4,4,4,4,5,4,2,2,2,2,,30,30,TRUE
1367YKBLUE-7XL,6,7,7,7,7,7,3,3,0,0,0,0,0,0,0,0,0,0,0,0,0,0,0,0,2,0,0,1,1,4,,12,11,FALSE
1367YKBLUE-8XL,13,13,13,15,15,11,11,11,7,7,7,7,7,7,7,7,7,7,7,6,6,6,6,6,9,6,3,3,3,3,,30,30,TRUE
1367YKBLUE-L,10,12,11,11,11,11,11,11,7,7,6,6,3,8,8,5,5,5,5,5,5,5,5,5,5,5,5,5,6,6,,30,30,TRUE
1367YKBLUE-M,5,5,5,5,5,5,5,5,5,5,5,5,5,5,5,6,6,6,5,5,5,5,5,5,5,5,5,5,4,4,,30,30,TRUE
1367YKBLUE-S,27,27,30,28,28,28,28,28,28,28,28,28,28,28,28,28,28,28,28,28,28,28,28,28,28,28,28,28,28,28,,30,30,TRUE
1367YKBLUE-XL,5,5,5,7,7,7,7,6,4,4,4,4,4,4,4,2,2,2,2,2,2,2,2,2,5,2,2,2,2,2,,30,30,TRUE
1367YKBLUE-XXL,0,0,0,0,0,0,0,0,0,0,0,0,1,0,0,0,0,0,0,0,0,0,0,0,3,0,0,0,0,0,,2,1,FALSE
1368YKWHITE-3XL,26,26,26,26,26,23,23,23,23,23,23,23,23,21,21,19,20,20,20,20,20,19,19,19,19,19,19,19,19,19,,30,30,TRUE
1368YKWHITE-4XL,31,30,30,30,29,29,29,29,29,30,30,30,30,30,30,27,27,27,27,27,27,27,27,27,27,23,23,23,24,24,,30,30,TRUE
1368YKWHITE-5XL,7,7,7,7,7,7,7,7,7,7,7,7,8,8,8,7,7,7,6,5,4,4,4,3,3,3,3,3,3,3,,30,30,TRUE
1368YKWHITE-6XL,8,8,7,7,6,6,4,4,4,4,3,3,3,3,3,3,3,3,3,3,3,3,4,4,4,4,4,4,4,4,,30,30,TRUE
1368YKWHITE-7XL,7,6,6,5,5,5,5,5,5,5,5,4,4,4,4,4,4,4,3,1,3,3,3,3,3,3,3,4,4,4,,30,30,TRUE
1368YKWHITE-8XL,3,2,2,2,2,1,1,1,1,1,1,1,1,1,1,1,1,1,1,1,1,1,1,1,1,1,1,2,1,1,,30,30,TRUE
1368YKWHITE-L,13,14,14,14,13,13,13,13,13,13,13,13,14,14,14,14,14,14,14,14,13,12,12,13,13,13,13,13,13,13,,30,30,TRUE
1368YKWHITE-M,82,82,82,81,80,79,79,79,78,78,78,78,79,79,79,78,78,78,78,78,78,78,78,78,78,78,78,78,79,79,,30,30,TRUE
1368YKWHITE-S,86,86,86,93,93,93,93,93,93,93,69,94,94,94,94,95,95,95,95,95,95,95,95,95,95,91,91,91,91,91,,30,30,TRUE
1368YKWHITE-XL,115,115,114,114,115,115,114,112,111,110,110,110,110,110,110,110,110,110,108,108,108,108,108,108,108,109,110,110,110,110,,30,30,TRUE
1368YKWHITE-XS,5,5,8,8,8,8,8,8,8,8,8,8,8,8,8,8,8,8,8,8,8,8,8,9,9,9,9,9,9,9,,30,30,TRUE
1368YKWHITE-XXL,50,51,51,52,52,52,52,51,51,51,51,51,50,50,50,49,49,49,49,49,49,49,49,48,48,44,44,44,45,45,,30,30,TRUE
1369YKMAROON-3XL,7,7,7,7,6,6,4,4,4,4,4,4,4,4,4,5,5,5,5,5,5,5,5,5,5,5,5,5,5,5,,30,30,TRUE
1369YKMAROON-4XL,8,8,8,8,8,7,5,5,3,3,3,3,3,3,3,3,3,3,3,3,3,3,3,3,5,3,3,3,3,3,,30,30,TRUE
1369YKMAROON-5XL,14,14,14,16,15,14,12,12,12,12,12,12,12,12,12,12,12,12,12,12,12,12,12,12,12,8,8,8,8,8,,30,30,TRUE
1369YKMAROON-6XL,12,12,12,12,12,12,12,12,8,7,7,7,7,7,7,7,7,7,7,7,7,7,7,7,7,7,7,7,7,7,,30,30,TRUE
1369YKMAROON-7XL,4,4,3,3,3,3,3,3,0,0,0,0,0,0,0,0,0,0,0,0,0,0,0,0,3,0,0,0,0,0,,9,8,FALSE
1369YKMAROON-8XL,8,8,7,6,7,7,7,7,7,7,6,6,1,5,5,5,5,5,5,5,5,5,6,6,6,4,4,4,4,4,,30,30,TRUE
1369YKMAROON-L,6,6,6,7,7,7,5,3,0,0,0,0,0,0,0,0,0,0,0,0,0,0,0,0,3,0,0,0,0,0,,9,8,FALSE
1369YKMAROON-M,5,5,5,5,5,3,3,3,2,2,2,3,3,3,3,3,3,3,3,3,3,3,3,3,3,3,3,3,4,4,,30,30,TRUE
1369YKMAROON-S,5,5,5,7,7,7,5,3,3,3,3,3,3,3,3,3,3,3,3,3,3,3,3,4,3,4,4,4,4,4,,30,30,TRUE
1369YKMAROON-XL,3,3,3,3,3,2,2,2,0,0,0,0,0,0,0,0,0,0,0,0,0,0,0,0,0,0,0,0,0,8,,9,8,FALSE
1369YKMAROON-XXL,2,2,2,1,1,1,1,1,1,1,1,1,1,1,1,1,1,1,1,1,1,1,1,1,1,1,1,1,1,1,,30,30,TRUE
136YK245OFFWHITE-XL,0,0,0,0,0,0,0,0,0,0,0,0,0,0,0,0,0,0,0,0,0,0,0,0,0,0,0,0,0,0,,0,0,TRUE
136YK245OFFWHITE-XXL,0,0,0,0,0,0,0,0,0,0,0,0,0,0,0,0,0,0,0,0,0,0,0,0,0,0,0,0,0,0,,0,0,TRUE
1370YKMAROON-3XL,1,1,1,1,1,1,1,1,1,1,1,1,1,1,1,1,1,1,1,1,1,1,1,1,7,1,1,1,1,1,,30,30,TRUE
1370YKMAROON-4XL,12,12,12,13,12,10,9,9,9,9,8,8,8,8,8,8,8,8,8,8,8,8,8,8,13,8,8,8,8,5,,30,30,TRUE
1370YKMAROON-5XL,5,5,5,6,4,4,4,4,2,2,2,1,1,1,1,2,2,2,1,1,1,1,1,1,5,2,1,1,2,1,,30,30,TRUE
1370YKMAROON-6XL,7,8,8,7,8,7,5,5,1,1,1,1,1,1,1,1,1,1,1,1,1,1,1,1,6,1,1,1,1,1,,30,30,TRUE
1370YKMAROON-7XL,5,5,4,3,5,4,4,3,0,0,0,0,0,0,0,3,3,3,3,3,3,3,3,4,4,3,3,3,3,3,,23,23,TRUE
1370YKMAROON-8XL,13,16,15,15,18,16,14,14,14,14,12,12,12,9,9,9,9,9,9,9,9,9,9,9,9,11,10,11,12,12,,30,30,TRUE
1370YKMAROON-L,7,7,7,6,4,4,4,4,4,4,4,4,4,4,4,5,5,5,5,5,5,5,5,6,8,6,6,7,7,7,,30,30,TRUE
1370YKMAROON-M,10,10,10,10,10,10,10,10,6,5,5,5,5,5,5,5,5,5,5,5,5,5,5,5,5,5,5,5,5,5,,30,30,TRUE
1370YKMAROON-S,16,16,16,16,16,16,16,16,16,16,16,16,16,16,16,16,16,16,16,16,16,16,16,16,16,14,14,14,14,14,,30,30,TRUE
1370YKMAROON-XL,5,6,6,7,7,7,5,5,0,0,0,0,0,0,0,0,1,0,0,0,0,0,0,1,11,1,1,1,1,1,,16,16,TRUE
1370YKMAROON-XS,15,15,15,15,15,13,13,13,13,13,12,13,13,13,13,13,13,13,13,13,13,13,13,13,13,13,13,13,13,13,,30,30,TRUE
1370YKMAROON-XXL,8,8,7,8,8,8,7,7,2,2,2,2,2,2,2,3,3,3,2,2,2,2,2,2,7,2,4,4,4,4,,30,30,TRUE
1371YKMULTI-3XL,0,0,0,0,0,0,0,0,0,0,0,0,0,0,0,0,0,0,0,0,0,0,0,0,0,0,0,0,0,0,,0,0,TRUE
1371YKMULTI-4XL,0,0,0,0,0,0,0,0,0,0,0,0,0,0,0,0,0,0,0,0,0,0,0,0,0,0,0,0,0,0,,0,0,TRUE
1371YKMULTI-5XL,0,0,0,0,0,0,0,0,0,0,0,0,0,0,0,0,0,0,0,0,0,0,0,0,0,0,0,0,0,0,,0,0,TRUE
1371YKMULTI-L,0,0,0,0,0,0,0,0,0,0,0,0,0,0,0,0,0,0,0,0,0,0,0,0,0,0,0,0,0,0,,0,0,TRUE
1371YKMULTI-M,3,3,3,3,3,3,3,3,3,3,3,3,3,3,3,3,3,3,2,2,2,2,2,2,2,2,2,2,2,2,,30,30,TRUE
1371YKMULTI-S,1,1,1,1,1,1,0,0,0,0,0,0,0,0,0,0,0,0,0,0,0,0,0,0,0,0,0,0,0,1,,7,6,FALSE
1371YKMULTI-XL,1,1,1,1,1,1,1,1,1,1,1,1,1,1,1,1,1,1,1,1,1,1,1,1,1,1,1,1,1,1,,30,30,TRUE
1371YKMULTI-XXL,0,0,0,0,0,0,0,0,0,0,0,0,0,0,0,0,0,0,0,0,0,0,0,0,0,0,0,0,0,0,,0,0,TRUE
1372YKBLACK-3XL,0,0,0,0,0,0,0,0,0,0,0,0,0,0,0,0,0,0,0,0,0,0,0,0,0,0,0,0,0,0,,0,0,TRUE
1372YKBLACK-4XL,0,0,0,0,0,0,0,0,0,0,0,0,0,0,0,0,0,0,0,0,0,0,0,0,0,0,0,0,0,0,,0,0,TRUE
1372YKBLACK-5XL,1,1,1,1,1,1,1,1,1,1,1,1,1,1,1,1,1,1,1,1,1,1,1,1,1,1,1,1,1,1,,30,30,TRUE
1372YKBLACK-L,1,1,1,0,1,1,1,1,1,1,1,1,1,1,1,1,1,1,1,1,1,0,0,0,0,0,0,0,0,0,,20,20,TRUE
1372YKBLACK-M,2,2,2,2,2,2,2,2,2,2,2,2,2,2,2,1,1,1,1,1,1,1,1,1,1,1,2,2,2,2,,30,30,TRUE
1372YKBLACK-S,4,4,4,4,4,4,4,4,4,4,4,4,4,4,4,4,4,4,3,3,3,3,3,3,3,3,3,3,3,3,,30,30,TRUE
1372YKBLACK-XL,0,0,0,0,0,0,0,0,0,0,0,0,0,0,0,0,0,0,0,0,0,0,0,0,0,0,0,0,0,0,,0,0,TRUE
1372YKBLACK-XS,4,4,4,4,4,4,4,4,4,4,4,4,4,4,4,4,4,4,4,4,4,4,4,4,4,4,4,4,4,4,,30,30,TRUE
1372YKBLACK-XXL,2,2,2,2,2,2,2,2,2,2,2,2,2,2,2,2,2,2,2,2,2,2,2,2,2,2,2,2,2,2,,30,30,TRUE
1373YKPINK-3XL,204,205,205,205,204,204,203,203,203,203,203,203,204,242,242,243,243,243,242,242,222,222,222,222,222,222,222,222,222,222,,30,30,TRUE
1373YKPINK-4XL,79,81,81,82,81,81,81,81,81,160,160,159,160,160,160,159,159,159,159,159,159,159,159,160,160,160,160,160,154,154,,30,30,TRUE
1373YKPINK-5XL,43,44,44,43,42,40,40,40,40,182,182,182,181,181,181,181,181,181,181,181,181,181,181,179,179,179,179,179,197,197,,30,30,TRUE
1373YKPINK-6XL,10,12,12,12,11,11,11,11,10,10,10,10,10,27,27,27,27,73,73,73,73,73,74,74,74,74,74,74,77,77,,30,30,TRUE
1373YKPINK-7XL,39,38,38,38,39,39,39,39,37,37,37,37,37,37,37,37,37,37,38,38,37,37,37,37,37,37,37,37,36,36,,30,30,TRUE
1373YKPINK-8XL,27,27,36,36,36,33,33,33,32,32,32,32,32,30,30,31,31,31,31,31,31,31,31,31,31,31,31,31,31,31,,30,30,TRUE
1373YKPINK-L,113,117,115,116,116,116,116,116,117,119,119,118,118,197,197,197,197,197,197,195,195,195,195,194,194,194,194,194,195,195,,30,30,TRUE
1373YKPINK-M,87,87,87,88,88,88,88,88,88,129,129,129,129,211,211,211,211,211,211,211,211,211,212,212,210,202,202,203,187,187,,30,30,TRUE
1373YKPINK-S,115,115,115,115,115,115,115,115,115,154,154,154,154,154,154,154,154,154,154,154,149,149,149,148,146,130,130,130,125,125,,30,30,TRUE
1373YKPINK-XL,215,215,215,216,216,215,215,215,215,215,215,215,214,310,310,309,308,308,308,308,307,307,307,308,307,302,302,307,312,312,,30,30,TRUE
1373YKPINK-XS,56,56,56,55,55,55,55,55,55,55,55,55,55,105,105,105,105,105,108,108,108,108,108,108,108,108,108,108,141,141,,30,30,TRUE
1373YKPINK-XXL,204,205,205,205,205,205,205,205,205,244,243,243,243,284,284,284,284,284,283,283,283,283,283,284,283,284,284,284,285,285,,30,30,TRUE
1374YKMULTI-3XL,0,0,0,0,0,0,0,0,0,0,0,0,0,0,0,0,0,0,0,0,0,0,0,0,0,0,0,0,0,0,,0,0,TRUE
1374YKMULTI-4XL,0,0,0,0,0,0,0,0,0,0,0,0,0,0,0,0,0,0,0,0,0,0,0,0,0,0,0,0,0,0,,0,0,TRUE
1374YKMULTI-5XL,0,0,0,0,0,0,0,0,0,0,0,0,0,0,0,0,0,0,0,0,0,0,0,0,0,0,0,0,0,0,,0,0,TRUE
1374YKMULTI-L,0,1,1,1,1,1,1,1,1,1,1,1,1,1,1,1,1,1,1,1,1,1,1,1,1,1,1,1,1,1,,29,29,TRUE
1374YKMULTI-M,2,2,2,2,2,2,2,2,2,2,2,2,2,2,2,2,2,2,2,2,2,2,2,2,2,2,3,4,4,4,,30,30,TRUE
1374YKMULTI-S,3,3,3,3,3,3,3,3,3,3,3,3,3,3,3,3,3,3,3,3,3,3,3,3,3,3,3,3,3,3,,30,30,TRUE
1374YKMULTI-XL,0,0,0,0,0,0,0,0,0,0,0,0,0,0,0,0,0,0,0,0,0,0,0,0,0,0,0,0,0,1,,1,0,FALSE
1374YKMULTI-XS,2,2,2,2,2,2,2,2,2,2,2,2,2,2,2,2,2,2,2,2,2,2,2,2,2,2,2,2,2,2,,30,30,TRUE
1374YKMULTI-XXL,0,0,0,0,0,0,0,0,0,0,0,0,0,0,0,0,0,0,0,0,0,0,0,0,0,0,0,0,0,0,,0,0,TRUE
1375YKMUSTARD-3XL,41,41,43,43,43,43,43,43,43,43,43,43,43,42,42,42,42,42,42,42,42,42,42,42,42,42,42,42,42,42,,30,30,TRUE
1375YKMUSTARD-4XL,15,15,17,33,33,37,37,37,37,37,37,37,37,37,37,36,36,39,39,39,39,39,39,39,39,39,39,39,39,39,,30,30,TRUE
1375YKMUSTARD-5XL,36,41,40,41,41,39,39,39,39,39,39,39,39,39,39,38,38,38,38,38,38,38,38,38,38,38,38,38,39,39,,30,30,TRUE
1375YKMUSTARD-L,47,47,47,95,96,97,97,97,97,97,97,97,97,97,97,96,96,96,96,96,96,96,96,96,96,96,96,96,96,96,,30,30,TRUE
1375YKMUSTARD-M,86,87,85,108,107,102,102,103,103,103,103,104,105,105,105,105,105,106,106,106,106,106,106,106,106,106,106,106,107,107,,30,30,TRUE
1375YKMUSTARD-S,12,12,12,77,78,85,85,85,85,86,86,87,87,87,87,87,87,90,90,90,90,90,90,90,90,90,90,90,90,90,,30,30,TRUE
1375YKMUSTARD-XL,77,78,77,133,132,131,131,132,132,133,133,133,133,133,133,133,133,135,135,135,135,134,133,132,132,133,133,134,134,134,,30,30,TRUE
1375YKMUSTARD-XS,29,29,29,47,47,47,47,47,46,46,46,46,46,46,46,46,46,48,48,48,48,48,48,48,48,48,48,48,49,49,,30,30,TRUE
1375YKMUSTARD-XXL,60,60,59,54,59,60,60,60,60,60,60,60,60,60,60,60,60,61,61,61,61,61,61,61,61,60,60,60,60,60,,30,30,TRUE
1376YKMULTI-3XL,0,0,0,0,2,2,1,1,1,1,1,0,0,0,0,0,0,0,0,0,0,0,0,0,0,0,0,0,0,0,,7,7,TRUE
1376YKMULTI-4XL,2,3,3,5,6,6,4,4,0,0,0,0,1,1,1,0,0,0,0,0,0,0,0,0,5,0,0,0,0,0,,12,11,FALSE
1376YKMULTI-5XL,2,1,1,1,1,1,1,1,1,1,1,1,1,0,0,0,0,0,0,0,0,0,0,0,0,0,0,0,0,3,,14,13,FALSE
1376YKMULTI-6XL,8,9,9,9,8,8,8,7,4,4,3,4,4,4,4,4,4,4,4,4,4,4,4,4,4,4,4,4,4,4,,30,30,TRUE
1376YKMULTI-7XL,13,13,13,14,14,14,13,13,13,13,13,13,13,13,13,13,13,13,13,13,13,12,12,13,13,13,13,13,13,13,,30,30,TRUE
1376YKMULTI-8XL,8,8,8,8,9,9,7,6,6,6,6,6,5,5,5,5,5,5,4,1,4,4,4,4,4,4,4,4,4,4,,30,30,TRUE
1376YKMULTI-L,3,3,3,3,2,2,2,2,0,0,0,0,0,0,0,0,0,0,0,0,0,0,0,0,0,0,0,0,1,1,,10,10,TRUE
1376YKMULTI-M,11,10,10,10,10,10,10,10,8,8,8,8,9,9,9,9,9,9,9,9,9,9,9,9,9,9,9,9,9,9,,30,30,TRUE
1376YKMULTI-S,8,8,8,10,10,10,10,10,8,8,8,8,8,8,8,8,8,8,8,8,8,8,8,8,8,8,8,8,8,8,,30,30,TRUE
1376YKMULTI-XL,3,3,3,3,3,3,3,3,0,0,0,0,0,0,0,0,0,0,0,0,0,0,0,0,3,0,0,0,0,0,,9,8,FALSE
1376YKMULTI-XXL,3,3,3,3,3,3,2,2,2,2,2,1,1,1,1,1,1,1,1,1,1,1,1,3,3,3,3,3,3,3,,30,30,TRUE
1377YKMAROON-3XL,12,12,12,14,14,13,13,13,7,5,5,4,4,4,4,2,2,2,2,2,2,2,1,1,7,1,1,1,1,1,,30,30,TRUE
1377YKMAROON-4XL,50,50,50,61,61,60,60,60,60,60,60,59,59,59,59,56,56,56,56,55,55,55,55,56,56,56,41,41,41,41,,30,30,TRUE
1377YKMAROON-5XL,9,9,9,8,8,7,7,6,5,4,3,3,3,3,3,1,1,1,1,0,0,0,0,0,2,0,0,0,0,15,,21,20,FALSE
1377YKMAROON-L,11,11,11,11,11,11,11,11,6,6,6,6,7,6,6,2,2,2,2,2,2,2,2,2,6,2,2,2,2,2,,30,30,TRUE
1377YKMAROON-M,23,23,25,25,25,25,25,25,22,21,21,21,21,21,21,19,19,19,19,19,19,19,19,19,19,19,19,19,19,19,,30,30,TRUE
1377YKMAROON-S,19,19,19,19,19,19,19,19,16,15,15,15,15,15,15,13,13,13,11,11,11,11,11,9,9,11,11,11,9,9,,30,30,TRUE
1377YKMAROON-XL,11,11,11,11,11,11,11,11,11,11,11,12,13,13,13,11,11,11,11,11,11,11,11,11,10,10,10,10,10,10,,30,30,TRUE
1377YKMAROON-XS,0,0,0,0,0,0,0,0,0,0,0,0,0,0,0,0,0,0,0,0,0,0,0,0,0,0,0,0,0,0,,0,1,FALSE
1377YKMAROON-XXL,20,20,20,20,20,20,20,20,14,14,14,14,14,13,13,12,12,12,12,12,12,12,12,11,11,11,11,11,11,11,,30,30,TRUE
1378YKMULTI-3XL,48,48,48,48,49,49,49,49,49,48,48,48,48,48,48,47,47,47,47,48,48,48,48,49,49,49,49,49,49,49,,30,30,TRUE
1378YKMULTI3XLMULTI,0,0,0,0,0,0,0,0,0,0,0,0,0,0,0,0,0,0,0,0,0,0,0,0,0,0,0,0,0,0,,0,#N/A,#N/A
1378YKMULTI-4XL,13,13,13,13,13,12,12,12,11,68,67,67,33,37,37,38,38,38,36,36,35,34,34,33,33,32,25,25,30,30,,30,30,TRUE
1378YKMULTI4XLMULTI,0,0,0,0,0,0,0,0,0,0,0,0,0,0,0,0,0,0,0,0,0,0,0,0,0,0,0,0,0,0,,0,#N/A,#N/A
1378YKMULTI-5XL,15,15,14,14,14,14,13,12,11,66,66,66,38,38,38,38,38,38,37,36,36,34,34,31,31,23,23,28,28,28,,30,30,TRUE
1378YKMULTI5XLMULTI,0,0,0,0,0,0,0,0,0,0,0,0,0,0,0,0,0,0,0,0,0,0,0,0,0,0,0,0,0,0,,0,#N/A,#N/A
1378YKMULTI-6XL,24,24,24,24,24,24,24,24,18,203,203,203,110,110,110,110,110,110,108,103,108,108,108,108,108,104,104,104,104,103,,30,30,TRUE
1378YKMULTI-7XL,17,17,17,17,17,17,17,17,17,51,51,51,34,31,31,31,31,31,31,31,26,26,26,26,26,26,26,26,26,26,,30,30,TRUE
1378YKMULTI-8XL,11,10,9,9,9,7,7,7,6,234,233,232,118,118,118,117,117,117,117,117,117,116,116,116,116,116,116,116,116,116,,30,30,TRUE
1378YKMULTI-L,50,50,44,49,49,49,49,49,49,49,49,49,49,49,49,49,49,49,49,48,48,48,48,48,48,48,48,48,48,48,,30,30,TRUE
1378YKMULTI-M,63,63,64,64,64,64,64,64,64,64,61,64,64,64,64,64,57,57,57,57,57,57,57,57,57,57,64,64,64,64,,30,30,TRUE
1378YKMULTI-S,63,63,68,68,68,68,68,68,68,67,65,67,67,67,67,67,67,67,67,67,67,67,67,67,67,67,67,67,67,67,,30,30,TRUE
1378YKMULTI-XL,74,74,74,74,74,73,73,73,73,73,73,73,73,73,73,73,73,73,73,73,73,73,73,73,73,73,77,77,77,77,,30,30,TRUE
1378YKMULTI-XS,12,12,17,17,17,17,17,17,17,17,17,17,17,17,17,17,17,17,17,17,17,17,17,17,17,17,17,17,17,17,,30,30,TRUE
1378YKMULTI-XXL,52,54,54,54,54,54,54,54,55,55,55,55,55,55,55,54,54,54,54,54,54,53,53,53,53,53,53,53,53,53,,30,30,TRUE
1378YKMULTIXXLMULTI,0,0,0,0,0,0,0,0,0,0,0,0,0,0,0,0,0,0,0,0,0,0,0,0,0,0,0,0,0,0,,0,#N/A,#N/A
1379YKGREEN-3XL,26,28,37,47,48,47,47,46,54,55,55,53,54,53,53,42,42,42,41,36,31,36,36,26,36,27,26,25,27,25,,30,30,TRUE
1379YKGREEN-4XL,12,12,12,13,13,11,8,7,6,5,4,3,0,2,2,0,0,0,0,0,0,0,1,2,3,1,0,11,10,10,,21,21,TRUE
1379YKGREEN-5XL,12,11,11,14,11,11,9,7,11,11,11,11,10,7,7,7,7,7,6,6,5,5,5,5,8,5,5,5,6,5,,30,30,TRUE
1379YKGREEN-6XL,17,17,22,22,20,18,14,15,9,7,7,7,8,8,8,8,8,8,7,7,7,7,7,7,10,7,4,4,5,5,,30,30,TRUE
1379YKGREEN-7XL,13,13,13,12,11,11,9,9,4,5,4,4,3,3,3,2,2,2,2,2,2,2,2,2,7,2,2,2,3,2,,30,30,TRUE
1379YKGREEN-8XL,22,22,23,23,23,18,18,16,6,5,4,3,1,3,3,1,1,1,1,1,1,1,2,2,15,2,2,2,5,2,,30,30,TRUE
1379YKGREEN-L,8,8,9,12,11,10,8,8,13,13,13,13,13,9,9,15,15,15,9,9,9,9,9,8,25,7,7,8,10,10,,30,30,TRUE
1379YKGREEN-M,36,37,36,39,38,38,38,38,37,28,30,30,31,31,31,17,17,17,17,14,9,14,14,16,28,9,9,9,12,12,,30,30,TRUE
1379YKGREEN-S,13,13,14,14,14,11,11,10,4,5,8,8,7,7,7,4,4,4,4,4,4,4,4,4,9,4,4,4,4,4,,30,30,TRUE
1379YKGREEN-XL,13,13,12,20,21,19,19,18,26,27,27,26,26,26,26,24,24,24,24,24,24,24,25,25,37,24,24,23,25,24,,30,30,TRUE
1379YKGREEN-XS,22,22,22,24,24,22,22,22,22,22,22,22,22,17,17,16,16,16,16,16,12,12,12,13,12,13,12,12,13,13,,30,30,TRUE
1379YKGREEN-XXL,19,17,24,30,30,18,18,19,28,26,26,26,26,16,16,12,13,12,12,11,8,8,8,8,36,8,8,9,9,9,,30,30,TRUE
137YK250BEIGE-M,0,0,0,0,0,0,0,0,0,0,0,0,0,0,0,0,0,0,0,0,0,0,0,0,0,0,0,0,0,0,,0,0,TRUE
1381YKBLACK-L,0,0,0,0,0,0,0,0,0,0,0,0,0,0,0,0,0,0,0,0,0,0,0,0,0,0,0,0,0,0,,0,0,TRUE
1381YKBLACK-M,0,0,0,0,0,0,0,0,0,0,0,0,0,0,0,0,0,0,0,0,0,0,0,0,0,0,0,0,0,0,,0,0,TRUE
1381YKBLACK-S,1,1,1,1,1,1,1,1,1,1,1,1,1,1,1,1,1,1,1,1,1,1,1,1,1,1,1,1,1,1,,30,30,TRUE
1381YKBLACK-XL,0,0,0,0,0,0,0,0,0,0,0,0,0,0,0,0,0,0,0,0,0,0,0,0,0,0,0,0,0,0,,0,0,TRUE
1381YKBLACK-XXL,0,0,0,0,0,0,0,0,0,0,0,0,0,0,0,0,0,0,0,0,0,0,0,0,0,0,0,0,0,0,,0,0,TRUE
1382YKYELLOW-3XL,0,0,0,0,0,0,0,0,0,0,0,0,0,0,0,0,0,0,0,0,0,0,0,0,0,0,0,0,0,0,,0,0,TRUE
1382YKYELLOW-4XL,0,0,0,0,0,0,0,0,0,0,0,0,0,0,0,0,0,0,0,0,0,0,0,0,0,0,0,0,0,0,,0,0,TRUE
1382YKYELLOW-5XL,0,0,0,0,0,0,0,0,0,0,0,0,0,0,0,0,0,0,0,0,0,0,0,0,0,0,0,0,0,0,,0,0,TRUE
1382YKYELLOW-L,0,0,0,0,0,0,0,0,0,0,0,0,0,0,0,0,0,0,0,0,0,0,0,0,0,0,0,0,0,0,,0,0,TRUE
1382YKYELLOW-M,2,2,2,2,2,2,2,1,1,1,2,2,2,2,2,2,2,2,2,1,1,1,1,1,1,2,2,2,2,2,,30,30,TRUE
1382YKYELLOW-S,2,2,2,2,2,2,2,2,2,2,2,2,2,2,2,2,2,2,2,2,2,2,2,2,2,2,2,2,2,2,,30,30,TRUE
1382YKYELLOW-XL,0,0,0,0,0,0,0,0,0,0,0,0,0,0,0,0,0,0,0,0,0,0,0,0,0,0,0,0,0,0,,0,0,TRUE
1382YKYELLOW-XS,1,1,1,1,1,1,1,1,1,1,1,1,1,1,1,1,1,1,1,1,1,1,1,1,1,1,1,1,1,1,,30,30,TRUE
1382YKYELLOW-XXL,0,0,0,0,0,0,0,0,0,0,0,0,0,0,0,0,0,0,0,0,0,0,0,0,0,0,0,0,0,0,,0,0,TRUE
1383YKBLUE-3XL,0,0,0,0,0,0,0,0,0,0,0,0,0,0,0,0,0,0,0,0,0,0,0,0,0,0,0,0,0,0,,0,0,TRUE
1383YKBLUE-4XL,0,0,0,0,0,0,0,0,0,0,0,0,0,0,0,0,0,0,0,0,0,0,0,0,0,0,0,0,0,0,,0,0,TRUE
1383YKBLUE-5XL,0,0,0,0,0,0,0,0,0,0,0,0,0,0,0,0,0,0,0,0,0,0,0,0,0,0,0,0,0,0,,0,0,TRUE
1383YKBLUE-L,2,2,2,2,2,2,2,2,2,2,2,2,2,2,2,2,2,2,2,2,2,2,2,2,2,2,2,2,2,2,,30,30,TRUE
1383YKBLUE-M,1,1,1,1,1,1,1,1,1,1,1,1,1,1,1,1,1,1,1,1,1,1,1,1,1,1,1,1,1,1,,30,30,TRUE
1383YKBLUE-S,12,12,12,12,12,12,12,12,12,12,13,16,16,16,16,16,16,16,13,13,13,13,13,13,13,13,13,13,13,15,,30,30,TRUE
1383YKBLUE-XL,1,1,1,1,1,1,1,1,1,1,1,1,1,1,1,1,1,1,1,1,1,1,1,1,1,1,1,1,1,1,,30,30,TRUE
1383YKBLUE-XXL,1,1,1,1,1,1,1,1,1,1,1,1,1,1,1,1,1,1,1,1,1,1,1,1,1,1,2,2,2,2,,30,30,TRUE
1384YKBLACK-3XL,0,0,0,0,0,0,0,0,0,0,0,0,0,0,0,0,0,0,0,0,0,0,0,0,0,0,0,0,0,0,,0,0,TRUE
1384YKBLACK-4XL,0,0,0,0,0,0,0,0,0,0,0,0,0,0,0,0,0,0,0,0,0,0,0,0,0,0,0,0,0,0,,0,0,TRUE
1384YKBLACK-5XL,0,0,0,0,0,0,0,0,0,0,0,0,0,0,0,0,0,0,0,0,0,0,0,0,0,0,0,0,0,0,,0,0,TRUE
1384YKBLACK-L,3,3,3,3,3,3,3,3,3,3,3,3,3,3,3,3,3,3,3,3,3,3,3,3,3,3,3,3,3,3,,30,30,TRUE
1384YKBLACK-M,3,3,3,3,3,3,3,3,3,3,3,3,3,3,3,3,3,3,3,3,3,3,3,3,3,3,3,3,3,3,,30,30,TRUE
1384YKBLACK-S,14,14,14,14,14,13,13,13,13,13,7,13,13,13,13,13,13,13,13,13,13,13,13,13,13,11,11,11,12,12,,30,30,TRUE
1384YKBLACK-XL,1,1,1,1,1,1,1,1,1,1,1,1,1,1,1,1,1,1,1,1,1,1,1,1,1,1,1,1,1,1,,30,30,TRUE
1384YKBLACK-XXL,0,0,0,0,0,0,0,0,0,0,0,0,0,0,0,0,0,0,0,0,0,0,0,0,0,0,0,0,0,0,,0,0,TRUE
1385YKMULTI-3XL,1,2,1,0,0,0,0,0,0,0,0,0,0,0,0,0,0,0,0,0,0,0,0,0,0,0,0,1,1,1,,6,6,TRUE
1385YKMULTI-4XL,1,0,0,1,0,0,0,0,0,0,0,0,0,0,0,0,0,0,0,0,0,0,0,1,1,1,1,1,0,4,,8,5,FALSE
1385YKMULTI-5XL,0,0,0,0,0,0,0,0,0,0,0,0,0,0,0,0,0,0,0,0,0,0,0,0,0,0,0,0,0,1,,1,0,FALSE
1385YKMULTI-L,3,3,3,3,3,2,2,2,0,0,0,0,0,0,0,0,1,1,1,1,1,1,1,2,2,2,4,4,4,10,,22,22,TRUE
1385YKMULTI-M,20,20,20,20,20,20,20,20,20,20,20,20,20,20,20,20,20,20,20,20,20,20,20,20,20,16,10,10,10,10,,30,30,TRUE
1385YKMULTI-S,35,35,35,36,36,36,36,36,36,36,36,36,36,36,36,36,36,36,36,36,36,36,36,36,35,33,33,33,33,33,,30,30,TRUE
1385YKMULTI-XL,23,24,24,24,24,24,24,24,24,24,24,24,24,22,22,22,22,22,20,20,20,20,20,20,20,20,10,10,10,10,,30,30,TRUE
1385YKMULTI-XXL,0,0,0,2,1,1,1,1,1,1,1,1,1,1,1,1,1,1,0,0,0,0,1,1,1,1,1,1,1,11,,23,22,FALSE
1386YKYELLOW-L,0,0,0,0,0,0,0,0,1,1,1,1,1,1,1,1,1,1,1,1,1,1,1,1,1,1,1,1,1,1,,22,22,TRUE
1386YKYELLOW-M,2,2,2,2,2,2,2,2,2,2,2,2,2,2,2,2,2,2,2,2,2,2,2,2,2,2,2,2,2,2,,30,30,TRUE
1386YKYELLOW-S,1,1,1,1,1,1,1,1,1,1,1,1,1,1,1,1,1,1,1,1,1,1,1,1,1,1,1,1,1,1,,30,30,TRUE
1386YKYELLOW-XL,1,1,1,1,1,1,1,1,1,1,1,1,1,1,1,1,1,1,1,1,1,1,1,1,1,1,1,1,1,1,,30,30,TRUE
1386YKYELLOW-XXL,0,0,0,0,0,0,0,0,0,0,0,0,0,0,0,0,0,0,0,0,0,0,0,0,0,0,0,0,0,0,,0,0,TRUE
1387YKMULTI-3XL,3,3,3,3,3,3,3,3,1,1,1,1,1,1,1,1,1,1,1,1,0,0,0,0,0,0,0,0,0,0,,20,20,TRUE
1387YKMULTI-4XL,1,1,1,1,1,1,1,1,0,0,0,0,0,0,0,0,0,0,0,0,0,0,0,0,0,0,0,0,0,1,,9,8,FALSE
1387YKMULTI-5XL,0,0,0,0,0,0,0,0,0,0,0,0,0,0,0,0,0,0,0,0,0,0,0,0,0,0,0,0,0,0,,0,0,TRUE
1387YKMULTI-L,7,8,13,13,13,13,13,13,13,13,13,13,13,13,13,13,13,13,13,13,13,13,13,7,10,7,7,10,10,5,,30,30,TRUE
1387YKMULTI-M,58,58,60,61,61,61,61,61,61,61,50,57,58,58,58,58,58,58,57,57,57,57,57,57,57,57,57,57,57,57,,30,30,TRUE
1387YKMULTI-S,78,78,78,78,79,79,79,79,79,79,72,83,83,83,83,83,83,83,72,72,72,72,72,72,72,72,74,74,74,75,,30,30,TRUE
1387YKMULTI-XL,2,2,2,2,2,2,2,2,0,0,0,0,0,0,0,0,0,0,0,0,0,0,0,0,0,0,2,2,2,2,,12,12,TRUE
1387YKMULTI-XS,6,6,10,10,10,10,9,9,9,9,9,9,9,9,9,9,9,9,9,9,9,9,9,9,9,7,7,7,7,7,,30,30,TRUE
1387YKMULTI-XXL,8,8,8,8,8,8,8,8,0,0,0,0,0,0,0,0,0,0,0,0,0,0,0,0,16,0,0,0,0,0,,9,8,FALSE
1388YKMAROON-3XL,69,84,78,74,72,66,66,67,64,91,89,89,87,87,87,86,87,86,86,87,87,87,87,163,163,162,161,162,181,180,,30,30,TRUE
1388YKMAROON-4XL,13,13,10,6,6,6,4,4,3,13,12,12,11,8,8,6,6,6,3,3,2,2,2,155,155,156,156,156,185,185,,30,30,TRUE
1388YKMAROON-5XL,67,67,66,64,66,59,58,56,55,60,60,58,53,57,57,57,57,57,55,53,53,53,53,249,249,242,241,245,268,262,,30,30,TRUE
1388YKMAROON-6XL,20,22,22,19,17,16,16,16,16,18,18,18,18,16,16,15,15,15,11,6,6,1,1,59,58,59,59,59,65,65,,30,30,TRUE
1388YKMAROON-7XL,49,51,51,52,52,52,51,51,47,13,13,13,13,13,13,14,14,14,14,14,14,13,14,34,34,34,34,34,61,61,,30,30,TRUE
1388YKMAROON-8XL,8,8,7,9,9,7,5,3,3,3,3,4,4,4,4,3,3,3,3,3,3,3,3,53,53,50,43,44,58,56,,30,30,TRUE
1388YKMAROON-L,30,33,33,32,32,30,30,30,30,33,32,33,33,33,33,33,33,33,33,33,29,29,28,69,69,69,71,71,80,80,,30,30,TRUE
1388YKMAROON-M,61,61,61,61,61,61,61,61,55,19,19,19,19,19,19,19,19,19,18,18,18,18,18,18,18,18,18,18,19,19,,30,30,TRUE
1388YKMAROON-S,24,24,24,24,24,24,24,24,24,24,24,24,24,24,24,24,24,24,24,23,23,23,23,23,23,23,23,23,23,23,,30,30,TRUE
1388YKMAROON-XL,8,7,5,7,7,7,7,7,0,0,0,0,0,0,0,0,0,0,0,0,0,0,0,54,54,41,41,46,51,51,,15,15,TRUE
1388YKMAROON-XS,13,13,13,13,13,13,13,13,13,13,11,13,13,13,13,13,13,13,12,12,12,12,12,31,31,31,31,31,53,53,,30,30,TRUE
1388YKMAROON-XXL,33,33,33,32,31,30,29,29,29,31,31,32,32,32,32,31,31,31,31,32,32,32,32,73,72,74,73,72,81,81,,30,30,TRUE
1389YKBROWN-3XL,26,25,25,25,22,13,18,18,17,13,13,14,13,13,13,67,104,104,104,104,109,107,107,119,119,119,119,118,123,123,,30,30,TRUE
1389YKBROWN-4XL,0,1,0,0,0,0,0,0,1,0,0,0,0,15,15,72,99,95,95,95,100,97,97,108,105,99,98,102,111,112,,19,18,FALSE
1389YKBROWN-5XL,1,1,0,0,0,0,0,0,0,0,0,0,0,62,62,88,117,112,111,108,110,106,105,118,116,111,110,114,116,115,,19,19,TRUE
1389YKBROWN-6XL,27,27,27,26,25,14,15,13,13,7,6,6,6,6,6,6,6,6,6,6,6,6,8,8,20,9,8,8,9,9,,30,30,TRUE
1389YKBROWN-7XL,14,14,13,14,14,13,13,13,12,8,8,8,6,34,34,34,35,35,35,35,35,35,35,41,41,41,41,41,44,43,,30,30,TRUE
1389YKBROWN-8XL,0,0,0,0,0,0,0,0,0,0,0,0,0,16,16,31,51,37,37,37,37,37,37,47,47,47,46,46,47,46,,17,17,TRUE
1389YKBROWN-L,148,148,148,150,150,145,145,145,143,143,138,138,138,143,143,143,143,143,139,139,138,137,137,136,136,136,136,136,131,131,,30,30,TRUE
1389YKBROWN-M,96,96,96,96,96,96,96,96,92,92,90,91,91,97,97,97,97,97,97,97,98,98,98,98,98,98,97,97,97,97,,30,30,TRUE
1389YKBROWN-S,97,97,97,103,103,103,103,103,100,100,100,100,100,100,100,99,99,99,99,99,99,99,100,100,100,101,101,101,101,101,,30,30,TRUE
1389YKBROWN-XL,35,35,32,31,31,30,29,29,29,31,31,31,31,141,141,142,149,149,150,150,152,151,151,154,154,154,154,154,155,155,,30,30,TRUE
1389YKBROWN-XS,26,26,26,26,26,26,26,26,26,26,26,25,25,25,25,25,25,25,25,25,25,25,25,25,25,25,25,25,23,23,,30,30,TRUE
1389YKBROWN-XXL,57,56,56,56,54,49,51,51,51,52,51,50,45,48,48,98,138,138,138,137,143,143,143,159,159,159,160,161,162,161,,30,30,TRUE
138YK254MUSTARD-L,0,0,0,0,0,0,0,0,0,0,0,0,0,0,0,0,0,0,0,0,0,0,0,0,0,0,0,0,0,0,,0,0,TRUE
138YK254MUSTARD-M,1,1,1,1,1,1,1,1,1,1,1,1,1,1,1,1,1,1,1,1,1,1,1,1,1,1,1,1,1,1,,30,30,TRUE
138YK254MUSTARD-S,1,1,1,1,1,1,1,1,1,1,1,1,1,1,1,1,1,1,1,1,1,1,1,1,1,1,1,1,1,1,,30,30,TRUE
1390YKYELLOW-3XL,0,0,0,0,0,0,0,0,0,0,0,0,0,0,0,0,0,0,0,0,0,0,0,0,0,0,0,0,0,0,,0,0,TRUE
1390YKYELLOW-4XL,0,0,0,0,0,0,0,0,0,0,0,0,0,0,0,0,0,0,0,0,0,0,0,0,0,0,0,0,0,0,,0,0,TRUE
1390YKYELLOW-5XL,0,0,0,0,0,0,0,0,0,0,0,0,0,0,0,0,0,0,0,0,0,0,0,0,0,0,0,0,0,0,,0,0,TRUE
1390YKYELLOW-L,29,29,29,29,29,29,29,29,29,29,29,29,29,29,29,29,29,29,29,29,29,29,29,29,29,29,29,29,29,29,,30,30,TRUE
1390YKYELLOW-M,27,27,27,34,34,34,34,34,34,34,34,33,33,33,33,33,33,33,33,33,33,33,33,33,33,33,33,33,26,26,,30,30,TRUE
1390YKYELLOW-S,13,13,13,13,13,13,13,14,14,14,14,13,13,13,13,12,12,12,12,12,12,12,12,12,12,12,12,12,12,12,,30,30,TRUE
1390YKYELLOW-XL,28,28,28,28,28,28,28,28,28,28,22,28,28,28,28,28,28,28,28,28,28,26,28,28,28,28,28,28,28,28,,30,30,TRUE
1390YKYELLOW-XXL,21,22,22,22,22,22,22,22,22,22,22,22,22,22,22,23,23,23,23,23,23,23,24,24,24,24,24,24,24,24,,30,30,TRUE
1391YKBLUE-3XL,37,38,38,73,73,105,105,104,111,113,113,113,113,113,113,113,113,113,112,111,107,107,107,106,106,96,96,96,96,95,,30,30,TRUE
1391YKBLUE-4XL,5,5,5,99,100,120,120,120,131,131,131,131,132,122,122,122,121,121,111,111,105,105,105,105,104,104,104,106,106,105,,30,30,TRUE
1391YKBLUE-5XL,59,58,58,70,70,99,99,99,107,107,106,106,106,106,106,106,106,106,105,105,105,105,105,105,104,95,93,93,96,96,,30,30,TRUE
1391YKBLUE-6XL,36,36,36,59,58,65,65,64,67,67,67,67,67,61,61,62,62,62,61,61,59,61,61,61,61,61,53,53,53,53,,30,30,TRUE
1391YKBLUE-7XL,21,21,30,31,31,31,31,31,31,31,31,31,31,31,31,31,31,31,31,31,31,31,31,32,32,32,32,32,32,32,,30,30,TRUE
1391YKBLUE-8XL,10,11,11,37,37,52,52,52,57,57,57,57,57,54,54,53,53,53,49,49,49,48,48,48,48,46,46,46,46,46,,30,30,TRUE
1391YKBLUE-L,26,26,27,28,28,24,24,24,22,22,21,21,21,25,25,25,25,25,25,25,25,25,26,26,25,26,26,26,26,26,,30,30,TRUE
1391YKBLUE-M,34,34,36,36,36,36,36,36,35,35,35,35,35,33,33,33,34,34,34,34,32,32,32,32,31,32,32,32,32,32,,30,30,TRUE
1391YKBLUE-S,19,19,22,22,22,22,23,23,23,23,21,23,23,22,22,22,22,22,22,22,22,22,22,22,22,22,22,22,22,22,,30,30,TRUE
1391YKBLUE-XL,9,8,17,85,86,119,121,121,129,129,129,129,129,131,131,128,128,128,128,128,127,127,128,128,128,128,128,129,129,129,,30,30,TRUE
1391YKBLUE-XS,18,18,20,20,20,20,21,21,22,22,22,22,22,20,20,20,20,20,20,20,18,18,18,18,18,18,18,18,18,18,,30,30,TRUE
1391YKBLUE-XXL,5,5,5,24,24,74,73,73,84,84,84,84,84,101,101,102,102,102,94,94,94,92,92,93,93,94,94,94,94,94,,30,30,TRUE
1393YKBLUE-3XL,0,0,0,0,0,0,0,0,0,0,0,0,0,0,0,0,0,0,0,0,0,0,0,0,0,0,0,0,0,0,,0,0,TRUE
1393YKBLUE-4XL,0,0,0,0,0,0,0,0,0,0,0,0,0,0,0,0,0,0,0,0,0,0,0,0,0,0,0,0,0,0,,0,0,TRUE
1393YKBLUE-5XL,0,0,0,0,0,0,0,0,0,0,0,0,0,0,0,0,0,0,0,0,0,0,0,0,0,0,0,0,0,0,,0,0,TRUE
1393YKBLUE-L,2,1,1,1,1,1,1,1,1,1,1,1,1,1,1,1,1,1,1,1,1,1,1,1,1,1,1,1,1,1,,30,30,TRUE
1393YKBLUE-M,0,0,0,0,0,0,0,0,0,0,0,0,0,0,0,0,0,0,0,0,0,0,0,0,0,0,0,0,0,0,,0,0,TRUE
1393YKBLUE-S,0,0,0,0,0,0,0,0,0,0,0,0,0,0,0,0,0,0,0,0,0,0,0,0,0,0,0,0,0,0,,0,0,TRUE
1393YKBLUE-XL,0,0,0,0,0,0,0,0,0,0,0,0,0,0,0,0,0,0,0,0,0,0,0,0,0,0,0,0,0,0,,0,0,TRUE
1393YKBLUE-XXL,0,0,0,0,0,0,0,0,0,0,0,0,0,0,0,0,0,0,0,0,0,0,0,0,0,0,0,0,0,0,,0,0,TRUE
1394YKGREEN-3XL,0,0,0,0,0,0,0,0,0,0,0,0,0,0,0,0,0,0,0,0,0,0,0,0,0,0,0,0,0,0,,0,0,TRUE
1394YKGREEN-L,0,0,0,0,0,0,0,0,0,0,0,0,0,0,0,0,0,0,0,0,0,0,0,0,0,0,0,0,0,0,,0,0,TRUE
1394YKGREEN-M,0,0,0,0,0,0,0,0,0,0,0,0,0,0,0,0,0,0,0,0,0,0,0,0,0,0,0,0,0,0,,0,0,TRUE
1394YKGREEN-S,0,0,0,0,0,0,0,0,0,0,0,0,0,0,0,0,0,0,0,0,0,0,0,0,0,0,0,0,0,0,,0,0,TRUE
1394YKGREEN-XL,0,0,0,0,0,0,0,0,0,0,0,0,0,0,0,0,0,0,0,0,0,0,0,0,0,0,0,0,0,0,,0,0,TRUE
1394YKGREEN-XXL,1,1,1,1,1,1,1,1,1,1,1,1,1,1,1,1,1,1,1,1,1,1,1,1,1,1,1,1,1,1,,30,30,TRUE
1395YKBLUE-3XL,3,3,3,4,3,3,3,3,0,0,0,0,0,0,0,0,0,0,0,0,0,0,1,1,4,1,1,1,1,1,,16,16,TRUE
1395YKBLUE-4XL,7,5,5,7,6,6,6,6,3,1,2,2,3,3,3,4,4,4,4,4,4,4,4,4,4,4,4,5,4,3,,30,30,TRUE
1395YKBLUE-5XL,7,6,3,6,6,6,5,4,3,3,3,3,3,3,3,3,3,3,3,3,3,3,3,3,3,3,3,3,3,3,,30,30,TRUE
1395YKBLUE-6XL,5,7,9,9,9,9,7,7,7,7,7,7,7,6,6,5,5,5,5,5,5,5,5,5,5,5,5,4,5,5,,30,30,TRUE
1395YKBLUE-7XL,2,2,2,4,4,3,3,3,0,0,0,0,0,0,0,0,0,0,0,0,0,0,0,0,2,2,2,2,0,11,,13,8,FALSE
1395YKBLUE-8XL,7,7,6,6,5,5,3,3,2,2,2,2,3,3,3,2,2,2,2,2,2,2,2,2,1,2,2,2,2,2,,30,30,TRUE
1395YKBLUE-L,6,5,5,5,5,5,5,5,5,5,5,5,5,3,3,1,1,1,1,1,1,1,1,2,6,2,2,2,2,2,,30,30,TRUE
1395YKBLUE-M,2,2,2,2,2,1,1,1,2,2,2,2,2,2,2,2,2,2,2,2,2,2,2,2,2,2,1,1,2,1,,30,30,TRUE
1395YKBLUE-S,12,12,12,12,12,10,10,10,9,9,9,9,9,9,9,9,9,9,9,9,9,9,9,9,9,9,9,9,9,4,,30,30,TRUE
1395YKBLUE-XL,14,15,15,15,15,15,15,15,15,15,14,14,14,10,10,11,11,11,11,11,9,9,9,9,13,9,9,9,9,9,,30,30,TRUE
1395YKBLUE-XS,10,10,10,11,11,11,9,9,9,10,10,10,10,8,8,8,8,8,8,8,8,8,8,8,8,8,7,7,7,7,,30,30,TRUE
1395YKBLUE-XXL,16,16,15,12,14,14,13,13,13,14,14,14,15,15,15,15,15,15,13,13,13,13,13,13,13,13,13,13,13,8,,30,30,TRUE
1396YKGREY-3XL,0,0,0,0,0,0,0,0,0,0,0,0,0,0,0,0,0,0,0,0,0,0,0,0,0,0,0,0,0,0,,0,0,TRUE
1396YKGREY-4XL,0,0,0,0,0,0,0,0,0,0,0,0,0,0,0,0,0,0,0,0,0,0,0,0,0,0,0,0,0,0,,0,0,TRUE
1396YKGREY-5XL,0,0,0,0,0,0,0,0,0,0,0,0,0,0,0,0,0,0,0,0,0,0,0,0,0,0,0,0,0,0,,0,0,TRUE
1396YKGREY-L,0,0,0,0,0,0,0,0,0,0,0,0,0,0,0,0,0,0,0,0,0,0,0,0,0,0,0,0,0,0,,0,0,TRUE
1396YKGREY-M,0,0,0,0,0,0,0,0,0,0,0,0,0,0,0,0,0,0,0,0,0,0,0,0,0,0,0,0,0,0,,0,0,TRUE
1396YKGREY-S,0,0,0,0,0,0,0,0,0,0,0,0,0,0,0,0,0,0,0,0,0,0,0,0,0,0,0,0,0,0,,0,0,TRUE
1396YKGREY-XL,0,0,0,0,0,0,0,0,0,0,0,0,0,0,0,0,0,0,0,0,0,0,0,0,0,0,0,0,0,0,,0,0,TRUE
1396YKGREY-XXL,0,0,0,0,0,0,0,0,0,0,0,0,0,0,0,0,0,0,0,0,0,0,0,0,0,0,0,0,0,0,,0,0,TRUE
1397YKBLUE-3XL,0,0,0,0,0,0,0,0,0,0,0,0,0,0,0,0,0,0,0,0,0,0,0,0,0,0,0,0,0,0,,0,0,TRUE
1397YKBLUE-4XL,0,0,0,0,0,0,0,0,0,0,0,0,0,0,0,0,0,0,0,0,0,0,0,0,0,0,0,0,0,0,,0,0,TRUE
1397YKBLUE-5XL,0,0,0,0,0,0,0,0,0,0,0,0,0,0,0,0,0,0,0,0,0,0,0,0,0,0,0,0,0,0,,0,0,TRUE
1397YKBLUE-L,0,0,0,0,0,0,0,0,0,0,0,0,0,0,0,0,0,0,0,0,0,0,0,0,0,0,0,0,0,0,,0,0,TRUE
1397YKBLUE-M,0,0,0,0,0,0,0,0,0,0,0,0,0,0,0,0,0,0,0,0,0,0,0,0,0,0,0,0,0,0,,0,0,TRUE
1397YKBLUE-S,0,0,0,0,0,0,0,0,0,0,0,0,0,0,0,0,0,0,0,0,0,0,0,0,0,0,0,0,0,0,,0,0,TRUE
1397YKBLUE-XL,0,0,0,0,0,0,0,0,0,0,0,0,0,0,0,0,0,0,0,0,0,0,0,0,0,0,0,0,0,0,,0,0,TRUE
1397YKBLUE-XXL,0,0,0,0,0,0,0,0,0,0,0,0,0,0,0,0,0,0,0,0,0,0,0,0,0,0,0,0,0,0,,0,0,TRUE
1398YKGREY-3XL,2,2,2,2,2,2,2,2,2,2,2,2,2,2,2,2,2,2,2,2,2,2,2,3,8,3,3,4,4,4,,30,30,TRUE
1398YKGREY-4XL,0,0,0,1,1,0,0,0,0,0,0,0,0,0,0,0,0,0,0,0,0,0,0,0,0,0,0,0,0,5,,3,2,FALSE
1398YKGREY-5XL,0,0,0,0,1,1,1,1,1,1,1,0,0,0,0,0,0,0,0,0,0,0,0,0,0,0,0,0,0,3,,8,7,FALSE
1398YKGREY-6XL,2,2,2,2,2,2,2,2,2,2,2,1,2,2,2,1,1,1,1,0,0,0,0,0,0,0,0,0,0,2,,20,19,FALSE
1398YKGREY-7XL,0,0,0,0,0,0,0,0,0,0,0,0,0,0,0,0,0,0,0,0,0,0,0,0,0,0,0,0,0,0,,0,0,TRUE
1398YKGREY-8XL,0,0,0,0,0,0,0,0,0,0,0,0,0,0,0,0,0,0,0,0,0,0,0,0,0,0,0,0,0,0,,0,0,TRUE
1398YKGREY-L,3,3,2,2,2,2,2,2,0,0,0,0,0,0,0,0,2,2,2,2,2,2,2,2,2,2,2,2,2,2,,22,22,TRUE
1398YKGREY-M,20,20,19,19,19,19,18,18,18,18,18,18,18,18,18,18,18,18,18,18,18,18,18,19,19,18,18,18,18,18,,30,30,TRUE
1398YKGREY-S,20,20,22,24,24,24,24,24,24,22,22,22,22,22,22,22,22,22,22,22,22,22,22,22,22,22,22,22,22,22,,30,30,TRUE
1398YKGREY-XL,3,3,3,2,2,2,1,1,1,1,1,2,2,1,1,0,0,0,0,0,0,0,0,0,0,0,0,1,1,1,,18,18,TRUE
1398YKGREY-XS,3,3,7,7,7,7,7,7,7,8,8,8,8,8,8,8,8,8,8,8,8,8,8,8,8,8,8,8,8,8,,30,30,TRUE
1398YKGREY-XXL,4,4,4,3,3,3,3,2,0,0,0,0,1,1,1,0,0,0,0,0,0,0,0,0,2,0,0,0,0,0,,12,11,FALSE
1399YKBLUE-3XL,11,11,11,10,10,10,10,10,10,11,11,11,11,11,11,11,11,11,8,6,1,7,7,7,7,7,7,7,7,7,,30,30,TRUE
1399YKBLUE-4XL,7,7,7,7,6,5,5,5,3,3,3,3,4,4,4,4,4,4,4,4,3,2,2,3,3,2,2,2,5,3,,30,30,TRUE
1399YKBLUE-5XL,4,4,4,4,4,4,4,4,3,3,3,3,4,4,4,3,3,3,3,3,3,3,3,3,2,3,3,3,3,3,,30,30,TRUE
1399YKBLUE-L,42,42,42,42,42,42,42,42,42,42,40,42,42,42,42,42,42,42,41,41,41,40,40,40,40,40,40,40,40,40,,30,30,TRUE
1399YKBLUE-M,22,22,22,22,22,22,22,22,22,22,22,22,22,22,22,22,22,22,22,22,22,22,22,22,22,22,22,22,22,22,,30,30,TRUE
1399YKBLUE-S,40,40,41,45,45,45,45,45,46,46,46,46,46,46,46,46,46,46,46,46,46,46,46,46,46,46,46,46,46,46,,30,30,TRUE
1399YKBLUE-XL,36,36,38,38,38,38,38,38,38,38,38,38,38,38,38,38,38,38,38,38,38,38,38,38,38,39,39,39,39,39,,30,30,TRUE
1399YKBLUE-XS,34,34,39,39,39,39,39,39,39,39,39,39,39,39,39,39,39,39,39,39,39,39,39,39,39,39,39,39,39,39,,30,30,TRUE
1399YKBLUE-XXL,21,21,21,21,21,21,21,21,21,21,21,21,21,19,19,18,18,18,17,17,17,17,17,17,17,17,17,17,17,17,,30,30,TRUE
139YK256BLUE-S,0,0,0,0,0,0,0,0,0,0,0,0,0,0,0,0,0,0,0,0,0,0,0,0,0,0,0,0,0,0,,0,0,TRUE
1400YKMULTI-3XL,0,0,0,0,0,0,0,0,0,0,0,0,0,0,0,0,0,0,0,0,0,0,0,0,0,0,0,0,0,0,,0,0,TRUE
1400YKMULTI-4XL,0,0,0,0,0,0,0,0,0,0,0,0,0,0,0,0,0,0,0,0,0,0,0,0,0,0,0,0,0,0,,0,0,TRUE
1400YKMULTI-5XL,0,0,0,0,0,0,0,0,0,0,0,0,0,0,0,0,0,0,0,0,0,0,0,0,0,0,0,0,0,0,,0,0,TRUE
1400YKMULTI-L,15,15,15,15,15,15,15,15,16,16,15,16,16,16,16,16,17,17,17,17,16,16,17,17,17,17,18,18,18,18,,30,30,TRUE
1400YKMULTI-M,37,37,39,39,39,39,39,39,39,39,34,39,39,39,39,39,39,39,35,35,35,35,36,36,36,36,38,38,38,38,,30,30,TRUE
1400YKMULTI-S,19,19,19,19,19,19,19,19,19,19,17,19,19,19,19,19,19,19,19,19,19,19,19,19,19,19,19,19,19,19,,30,30,TRUE
1400YKMULTI-XL,6,6,5,4,4,3,3,3,3,2,2,2,2,2,2,1,1,1,1,1,1,1,1,1,1,2,2,1,1,1,,30,30,TRUE
1400YKMULTI-XS,6,6,6,6,6,6,6,6,6,6,6,6,6,5,5,5,5,5,5,5,5,5,5,5,5,5,5,5,5,5,,30,30,TRUE
1400YKMULTI-XXL,0,0,0,0,0,0,0,0,0,0,0,0,0,0,0,0,0,0,0,0,0,0,0,0,0,0,0,0,0,0,,0,0,TRUE
1401YKMAROON-3XL,1,1,1,1,1,1,1,0,0,0,0,0,0,0,0,0,0,0,0,0,0,0,0,0,0,0,0,0,1,1,,9,9,TRUE
1401YKMAROON-4XL,0,0,0,0,0,0,0,0,0,0,0,0,0,0,0,0,0,0,0,0,0,0,0,0,0,0,0,0,0,0,,0,0,TRUE
1401YKMAROON-5XL,0,0,0,0,0,0,0,0,0,0,0,0,0,0,0,0,0,0,0,0,0,0,0,0,0,0,0,0,0,0,,0,0,TRUE
1401YKMAROON-L,0,0,0,0,0,0,0,0,0,0,0,0,0,0,0,0,0,0,0,0,0,0,0,0,0,0,0,0,0,0,,0,0,TRUE
1401YKMAROON-M,0,0,0,0,0,0,0,0,0,0,0,0,0,0,0,0,0,0,0,0,0,0,0,0,0,0,0,0,0,0,,0,0,TRUE
1401YKMAROON-S,0,0,0,0,0,0,0,0,0,0,0,0,0,0,0,0,0,0,0,0,0,0,0,0,0,0,0,0,0,0,,0,0,TRUE
1401YKMAROON-XL,0,0,0,0,0,0,0,0,0,0,0,0,0,0,0,0,0,0,0,0,0,0,0,0,0,0,0,0,0,0,,0,0,TRUE
1401YKMAROON-XS,0,0,0,0,0,0,0,0,0,0,0,0,0,0,0,0,0,0,0,0,0,0,0,0,0,0,0,0,0,0,,0,0,TRUE
1401YKMAROON-XXL,1,1,1,1,1,1,1,1,2,2,2,2,2,2,2,2,2,2,2,2,2,2,2,1,1,1,1,1,1,1,,30,30,TRUE
1402YKGREY-3XL,0,0,0,0,0,0,0,0,0,0,0,0,0,0,0,0,0,0,0,0,0,0,0,0,0,0,0,0,0,0,,0,0,TRUE
1402YKGREY-4XL,0,0,0,0,0,0,0,0,0,0,0,0,0,0,0,0,0,0,0,0,0,0,0,0,0,0,0,0,0,0,,0,0,TRUE
1402YKGREY-5XL,0,0,0,0,0,0,0,0,0,0,0,0,0,0,0,0,0,0,0,0,0,0,0,0,0,0,0,0,0,0,,0,0,TRUE
1402YKGREY-XXL,5,5,5,5,5,5,5,5,5,5,6,6,6,6,6,6,6,6,6,6,6,6,6,6,6,6,6,6,6,6,,30,30,TRUE
1403YKGREY-3XL,0,0,0,0,0,0,0,0,0,0,0,0,0,0,0,0,0,0,0,0,0,0,0,0,0,0,0,0,0,0,,0,0,TRUE
1403YKGREY-4XL,0,0,0,0,0,0,0,0,0,0,0,0,0,0,0,0,0,0,0,0,0,0,0,0,0,0,0,0,0,0,,0,0,TRUE
1403YKGREY-5XL,0,0,0,0,0,0,0,0,0,0,0,0,0,0,0,0,0,0,0,0,0,0,0,0,0,0,0,0,0,0,,0,0,TRUE
1403YKGREY-L,0,0,0,0,0,0,0,0,0,0,0,0,0,0,0,0,0,0,0,0,0,0,0,0,0,0,0,0,0,0,,0,0,TRUE
1403YKGREY-M,0,0,0,0,0,0,0,0,0,0,0,0,0,0,0,0,0,0,0,0,0,0,0,0,0,0,0,0,0,0,,0,0,TRUE
1403YKGREY-S,1,1,1,1,1,1,1,1,1,1,1,1,1,1,1,1,1,1,1,1,1,1,1,1,1,1,1,1,1,1,,30,30,TRUE
1403YKGREY-XL,3,3,8,8,8,8,8,8,8,7,7,7,7,7,7,7,7,7,7,7,7,7,7,7,7,7,7,7,7,7,,30,30,TRUE
1403YKGREY-XXL,3,4,4,3,3,3,3,3,3,3,2,3,3,3,3,3,3,3,3,3,3,3,3,3,2,2,2,2,2,2,,30,30,TRUE
1404YKMAROON-3XL,0,0,0,0,0,0,0,0,0,0,0,0,0,0,0,0,0,0,0,0,0,0,0,0,0,0,0,0,0,0,,0,0,TRUE
1404YKMAROON-4XL,0,0,0,0,0,0,0,0,0,0,0,0,0,0,0,0,0,0,0,0,0,0,0,0,0,0,0,0,0,0,,0,0,TRUE
1404YKMAROON-5XL,0,0,0,0,0,0,0,0,0,0,0,0,0,0,0,0,0,0,0,0,0,0,0,0,0,0,0,0,0,0,,0,0,TRUE
1404YKMAROON-L,0,0,0,0,0,0,0,0,0,0,0,0,0,0,0,0,0,0,0,0,0,0,0,0,0,0,0,0,0,0,,0,0,TRUE
1404YKMAROON-M,0,0,0,0,0,0,0,0,0,0,0,0,0,0,0,0,0,0,0,0,0,0,0,0,0,0,0,0,0,0,,0,0,TRUE
1404YKMAROON-S,0,0,0,0,0,0,0,0,0,0,0,0,0,0,0,0,0,0,0,0,0,0,0,0,0,0,0,0,0,0,,0,0,TRUE
1404YKMAROON-XL,0,0,0,0,0,0,0,0,0,0,0,0,0,0,0,0,0,0,0,0,0,0,0,0,0,0,0,0,0,0,,0,0,TRUE
1404YKMAROON-XXL,0,0,0,0,0,0,0,0,0,0,0,0,0,0,0,0,0,0,0,0,0,0,0,0,0,0,0,0,0,0,,0,0,TRUE
1405YKMAROON-3XL,0,0,0,0,0,0,0,0,0,0,0,0,0,0,0,0,0,0,0,0,0,0,0,0,0,0,0,0,0,0,,0,0,TRUE
1405YKMAROON-4XL,0,0,0,0,0,0,0,0,0,0,0,0,0,0,0,0,0,0,0,0,0,0,0,0,0,0,0,0,0,0,,0,0,TRUE
1405YKMAROON-5XL,0,0,0,0,0,0,0,0,0,0,0,0,0,0,0,0,0,0,0,0,0,0,0,0,0,0,0,0,0,0,,0,0,TRUE
1405YKMAROON-L,0,0,0,0,0,0,0,0,0,0,0,0,0,0,0,0,0,0,0,0,0,0,0,0,0,0,0,0,0,0,,0,0,TRUE
1405YKMAROON-M,0,0,0,0,0,0,0,0,0,0,0,0,0,0,0,0,0,0,0,0,0,0,0,0,0,0,0,0,0,0,,0,0,TRUE
1405YKMAROON-S,0,0,0,0,0,0,0,0,0,0,0,0,0,0,0,0,0,0,0,0,0,0,0,0,0,0,0,0,0,0,,0,0,TRUE
1405YKMAROON-XL,0,0,0,0,0,0,0,0,0,0,0,0,0,0,0,0,0,0,0,0,0,0,0,0,0,0,0,0,0,0,,0,0,TRUE
1405YKMAROON-XS,0,0,0,0,0,0,0,0,0,0,0,0,0,0,0,0,0,0,0,0,0,0,0,0,0,0,0,0,0,0,,0,0,TRUE
1405YKMAROON-XXL,0,0,0,0,0,0,0,0,0,0,0,0,0,0,0,0,0,0,0,0,0,0,0,0,0,0,0,0,0,0,,0,0,TRUE
1406YKMAROON-3XL,4,4,4,3,3,3,3,3,3,3,3,3,3,3,3,4,4,4,3,3,3,3,4,3,2,2,2,2,2,2,,30,30,TRUE
1406YKMAROON-4XL,0,0,0,0,0,0,0,0,0,0,0,0,0,0,0,0,0,0,0,0,0,0,0,0,0,0,0,0,0,0,,0,0,TRUE
1406YKMAROON-L,0,0,0,0,0,0,0,0,0,0,0,0,0,0,0,0,0,0,0,0,0,0,0,0,0,0,0,0,0,0,,0,0,TRUE
1406YKMAROON-M,0,0,0,0,0,0,0,0,0,0,0,0,0,0,0,0,0,0,0,0,0,0,0,0,0,0,0,0,0,0,,0,0,TRUE
1406YKMAROON-S,0,0,0,0,0,0,0,0,0,0,0,0,0,0,0,0,0,0,0,0,0,0,0,0,0,0,0,0,0,0,,0,0,TRUE
1406YKMAROON-XL,0,0,0,0,0,0,0,0,0,0,0,1,1,1,1,0,0,0,0,0,0,0,0,0,0,0,0,0,0,0,,4,4,TRUE
1406YKMAROON-XXL,3,3,3,3,3,3,3,3,3,3,3,3,3,2,2,2,2,2,2,2,2,2,2,2,2,2,2,2,2,2,,30,30,TRUE
1407YKMULTI-3XL,38,38,38,39,39,39,39,39,39,38,38,37,37,36,36,37,37,38,38,38,38,37,37,37,37,32,32,32,32,32,,30,30,TRUE
1407YKMULTI-4XL,34,34,34,33,33,30,29,29,26,26,26,26,26,26,26,26,27,26,26,26,26,26,26,23,23,23,23,22,23,22,,30,30,TRUE
1407YKMULTI-5XL,32,33,32,33,34,34,34,33,31,31,31,31,32,27,27,27,27,27,26,25,21,21,21,20,19,20,19,19,19,19,,30,30,TRUE
1407YKMULTI-6XL,23,23,23,51,51,53,53,53,53,51,50,50,50,50,50,48,48,48,48,47,46,46,47,45,44,45,45,45,46,44,,30,30,TRUE
1407YKMULTI-7XL,60,60,58,58,58,58,57,56,54,54,53,53,54,52,52,52,52,52,52,50,45,50,50,48,47,47,47,48,48,47,,30,30,TRUE
1407YKMULTI-8XL,2,2,2,57,57,70,70,70,69,64,68,68,69,69,69,68,68,68,66,65,60,64,64,61,61,58,58,59,59,59,,30,30,TRUE
1407YKMULTI-XXL,43,43,43,43,43,42,42,41,41,41,41,41,39,39,39,38,39,39,39,40,40,40,40,39,39,32,32,37,38,38,,30,30,TRUE
1408YKBLUE-3XL,0,0,0,0,0,0,0,0,0,0,0,0,0,0,0,0,0,0,0,0,0,0,0,0,0,0,0,0,0,0,,0,0,TRUE
1408YKBLUE-4XL,0,0,0,0,0,0,0,0,0,0,0,0,0,0,0,0,0,0,0,0,0,0,0,0,0,0,0,0,0,0,,0,0,TRUE
1408YKBLUE-5XL,0,0,0,0,0,0,0,0,0,0,0,0,0,0,0,0,0,0,0,0,0,0,0,0,0,0,0,0,0,0,,0,0,TRUE
1408YKBLUE-XXL,0,0,0,0,0,0,0,0,0,0,0,0,0,0,0,0,0,0,0,0,0,0,0,0,0,0,0,0,0,0,,0,0,TRUE
1409YKBROWN-3XL,0,0,0,0,0,0,0,0,0,0,0,0,0,0,0,0,0,0,0,0,0,0,0,0,0,0,0,0,0,0,,0,0,TRUE
1409YKBROWN-4XL,0,0,0,0,0,0,0,0,0,0,0,0,0,0,0,0,0,0,0,0,0,0,0,0,0,0,0,0,0,0,,0,0,TRUE
1409YKBROWN-5XL,0,0,0,0,0,0,0,0,0,0,0,0,0,0,0,0,0,0,0,0,0,0,0,0,0,0,0,0,0,0,,0,0,TRUE
1409YKBROWN-L,0,0,0,0,0,0,0,0,0,0,0,0,0,0,0,0,0,0,0,0,0,0,0,0,0,0,0,0,0,0,,0,0,TRUE
1409YKBROWN-M,0,0,0,0,0,0,0,0,0,0,0,0,0,0,0,0,0,0,0,0,0,0,0,0,0,0,0,0,0,0,,0,0,TRUE
1409YKBROWN-S,0,0,0,0,0,0,0,0,0,0,0,0,0,0,0,0,0,0,0,0,0,0,0,0,0,0,0,0,0,0,,0,0,TRUE
1409YKBROWN-XL,0,0,0,0,0,0,0,0,0,0,0,0,0,0,0,0,0,0,0,0,0,0,0,0,0,0,0,0,0,0,,0,0,TRUE
1409YKBROWN-XXL,0,0,0,0,0,0,0,0,0,0,0,0,0,0,0,0,0,0,0,0,0,0,0,0,0,0,0,0,0,0,,0,0,TRUE
140YK253MAROON-L,0,0,0,0,0,0,0,0,0,0,0,0,0,0,0,0,0,0,0,0,0,0,0,0,0,0,0,0,0,0,,0,0,TRUE
140YK253MAROON-M,0,0,0,0,0,0,0,0,0,0,0,0,0,0,0,0,0,0,0,0,0,0,0,0,0,0,0,0,0,0,,0,0,TRUE
140YK253MAROON-S,0,0,0,0,0,0,0,0,0,0,0,0,0,0,0,0,0,0,0,0,0,0,0,0,0,0,0,0,0,0,,0,0,TRUE
1410YKBLACK-3XL,0,0,0,0,0,0,0,0,0,0,0,0,0,0,0,0,0,0,0,0,0,0,0,0,0,0,0,0,0,0,,0,0,TRUE
1410YKBLACK-4XL,0,0,0,0,0,0,0,0,0,0,0,0,0,0,0,0,0,0,0,0,0,0,0,0,0,0,0,0,0,0,,0,0,TRUE
1410YKBLACK-5XL,0,0,0,0,0,0,0,0,0,0,0,0,0,0,0,0,0,0,0,0,0,0,0,0,0,0,0,0,0,0,,0,0,TRUE
1410YKBLACK-L,0,0,0,0,0,0,0,0,0,0,0,0,0,0,0,0,0,0,0,0,0,0,0,0,0,0,0,0,0,0,,0,0,TRUE
1410YKBLACK-M,7,7,7,7,7,7,7,7,7,7,7,7,7,7,7,5,0,0,0,0,0,0,0,0,0,0,7,6,6,6,,20,20,TRUE
1410YKBLACK-S,21,21,21,21,21,21,21,21,21,21,21,21,21,21,21,21,21,21,21,21,21,21,22,22,22,21,21,21,21,21,,30,30,TRUE
1410YKBLACK-XL,0,0,0,0,0,0,0,0,0,0,0,0,0,0,0,0,0,0,0,0,0,0,0,0,0,0,0,0,0,0,,0,0,TRUE
1410YKBLACK-XXL,0,0,0,0,0,0,0,0,0,0,0,0,0,0,0,0,0,0,0,0,0,0,0,0,0,0,0,0,0,0,,0,0,TRUE
1412YKMULTI-3XL,59,60,53,53,53,53,53,54,54,59,58,57,57,57,57,56,56,56,50,50,50,50,50,50,50,40,40,40,25,24,,30,30,TRUE
1412YKMULTI-4XL,14,15,13,12,12,12,12,12,12,13,12,11,14,12,12,10,10,10,10,10,7,7,7,7,9,7,8,9,9,9,,30,30,TRUE
1412YKMULTI-5XL,28,33,32,33,33,33,35,33,33,33,33,33,32,22,22,22,22,22,21,21,15,14,14,14,22,13,14,14,8,8,,30,30,TRUE
1412YKMULTI-6XL,11,11,11,11,11,11,7,6,6,6,5,4,4,4,4,4,4,4,4,4,4,4,4,3,3,3,3,3,3,3,,30,30,TRUE
1412YKMULTI-7XL,10,10,10,10,10,10,10,10,9,9,9,9,9,7,7,7,7,7,6,6,6,6,6,6,6,4,4,4,4,4,,30,30,TRUE
1412YKMULTI-8XL,36,36,36,35,34,33,30,30,30,30,30,30,30,30,30,31,31,31,31,31,31,31,31,31,31,28,28,28,18,18,,30,30,TRUE
1412YKMULTI-L,55,57,58,63,64,54,55,55,53,53,53,53,53,39,39,40,40,40,39,39,39,39,39,40,46,39,38,38,38,38,,30,30,TRUE
1412YKMULTI-M,28,29,27,28,28,27,30,30,30,30,30,30,30,30,30,30,30,30,29,29,29,29,29,30,28,22,22,22,19,19,,30,30,TRUE
1412YKMULTI-S,19,18,18,17,17,14,14,13,12,10,11,11,11,9,9,9,9,9,7,7,7,7,7,8,8,9,9,9,7,7,,30,30,TRUE
1412YKMULTI-XL,74,76,72,73,73,72,73,72,72,75,75,75,76,66,66,65,65,65,65,64,49,48,47,47,47,46,47,47,27,27,,30,30,TRUE
1412YKMULTI-XXL,26,25,25,25,25,25,29,28,28,28,26,25,22,27,27,27,26,26,24,24,24,23,24,24,23,14,13,13,13,13,,30,30,TRUE
1413YKBROWN-3XL,0,0,0,0,0,0,0,0,0,0,0,0,0,0,0,0,0,0,0,0,0,0,0,0,0,0,0,0,0,0,,0,0,TRUE
1413YKBROWN-4XL,0,0,0,0,0,0,0,0,0,0,0,0,0,0,0,0,0,0,0,0,0,0,0,0,0,0,0,0,0,0,,0,0,TRUE
1413YKBROWN-5XL,0,0,0,0,0,0,0,0,0,0,0,0,0,0,0,0,0,0,0,0,0,0,0,0,0,0,0,0,0,0,,0,0,TRUE
1413YKBROWN-L,0,0,0,0,0,0,0,0,0,0,0,0,0,0,0,0,0,0,0,0,0,0,0,0,0,0,0,0,0,0,,0,0,TRUE
1413YKBROWN-M,0,0,0,0,0,0,0,0,0,0,0,0,0,0,0,0,0,0,0,0,0,0,0,0,0,0,0,0,0,0,,0,0,TRUE
1413YKBROWN-S,0,0,0,0,0,0,0,0,0,0,0,0,0,0,0,0,0,0,0,0,0,0,0,0,0,0,0,0,0,0,,0,0,TRUE
1413YKBROWN-XL,8,8,8,8,8,8,8,8,8,8,8,8,8,8,8,8,8,8,8,8,8,8,8,8,8,8,8,8,8,8,,30,30,TRUE
1413YKBROWN-XS,0,0,0,0,0,0,0,0,0,0,0,0,0,0,0,0,0,0,0,0,0,0,0,0,0,0,0,0,0,0,,0,0,TRUE
1413YKBROWN-XXL,3,3,3,3,2,2,2,2,2,2,2,2,2,2,2,2,2,2,2,2,2,2,2,2,2,2,2,2,2,2,,30,30,TRUE
1414YKGREY-3XL,2,2,2,2,3,3,2,2,1,1,1,1,1,27,27,24,24,24,20,19,17,19,19,18,18,18,15,15,14,14,,30,30,TRUE
1414YKGREY-4XL,12,14,14,15,17,17,17,18,18,18,17,17,19,42,42,42,42,42,42,41,39,39,39,39,38,38,38,38,39,39,,30,30,TRUE
1414YKGREY-5XL,5,4,4,4,4,3,3,3,0,0,0,0,2,22,22,22,22,22,15,14,9,14,14,13,13,12,12,12,11,10,,26,26,TRUE
1414YKGREY-6XL,2,3,3,3,2,2,2,2,1,1,1,1,1,18,18,17,17,17,15,14,14,14,14,13,13,13,10,10,13,13,,30,30,TRUE
1414YKGREY-7XL,0,1,0,1,1,1,1,1,2,2,2,2,2,12,12,12,12,12,10,10,10,10,10,10,10,3,3,8,11,10,,28,28,TRUE
1414YKGREY-8XL,0,1,1,1,1,1,1,0,0,0,0,0,0,11,11,12,12,12,11,10,10,10,11,11,11,10,10,10,13,13,,23,23,TRUE
1414YKGREY-XXL,16,15,14,15,14,14,14,12,7,7,7,7,5,7,7,7,7,7,7,7,7,7,9,10,10,10,10,10,10,11,,30,30,TRUE
1415YKBALCK-6XL,1,1,1,1,1,1,1,1,1,1,1,1,1,1,1,1,1,1,1,1,1,1,1,1,1,1,1,2,2,2,,30,30,TRUE
1415YKBALCK-7XL,9,9,9,9,9,9,9,9,9,9,9,9,9,9,9,9,9,9,9,9,9,9,9,9,9,9,9,9,9,9,,30,30,TRUE
1415YKBALCK-8XL,4,4,6,6,6,6,6,6,6,6,6,6,6,6,6,6,6,6,6,6,6,6,6,7,7,7,7,7,7,7,,30,30,TRUE
1415YKBLACK-3XL,2,2,2,2,2,2,2,2,0,0,0,0,0,0,0,0,0,0,0,0,0,0,0,0,0,0,0,0,0,0,,8,8,TRUE
1415YKBLACK-4XL,2,2,2,2,3,3,3,3,0,0,0,0,0,0,0,0,0,0,0,0,0,0,0,0,0,0,0,0,1,1,,10,10,TRUE
1415YKBLACK-5XL,1,1,1,1,1,1,1,1,2,2,2,1,1,1,1,0,0,0,0,0,0,0,0,0,0,0,0,0,0,0,,15,14,FALSE
1415YKBLACK-6XL,0,0,0,0,0,0,0,0,0,0,0,0,0,0,0,0,0,0,0,0,0,0,0,0,0,0,0,0,0,0,,0,0,TRUE
1415YKBLACK-7XL,21,20,15,20,19,17,16,16,17,17,17,17,17,16,16,16,16,16,16,16,16,16,16,16,16,16,16,16,16,16,,30,30,TRUE
1415YKBLACK-8XL,3,3,2,2,2,2,2,2,2,2,2,2,2,2,2,2,2,2,2,2,2,2,2,2,2,2,2,1,1,1,,30,30,TRUE
1415YKBLACK-XXL,14,14,14,12,12,10,10,10,6,6,6,6,6,6,6,6,6,6,6,6,6,6,6,7,8,7,10,10,10,10,,30,30,TRUE
1416YKBLACK-3XL,0,0,0,0,0,0,0,0,0,0,0,0,0,0,0,0,0,0,0,0,0,0,0,0,0,0,0,0,0,0,,0,0,TRUE
1417YKBLACK-3XL,41,41,131,131,132,131,131,131,130,130,130,129,200,198,198,199,199,199,193,193,193,193,194,194,194,189,189,189,189,189,,30,30,TRUE
1417YKBLACK-4XL,92,92,131,131,130,130,129,128,128,129,129,128,134,135,135,134,134,134,134,135,134,134,134,133,131,120,120,119,120,119,,30,30,TRUE
1417YKBLACK-5XL,26,26,54,54,54,54,53,52,52,53,52,51,130,130,130,128,128,128,127,126,126,126,127,127,124,120,115,115,120,119,,30,30,TRUE
1417YKBLACK-6XL,30,31,50,49,47,47,47,47,47,47,47,47,74,71,71,71,71,71,68,67,67,67,67,69,69,69,68,68,68,68,,30,30,TRUE
1417YKBLACK-7XL,53,53,53,53,54,54,54,54,53,51,51,50,75,74,74,73,73,73,73,73,73,73,73,72,72,72,72,73,73,73,,30,30,TRUE
1417YKBLACK-8XL,33,33,33,40,42,41,41,41,41,40,37,37,52,52,52,54,54,54,52,51,46,48,48,48,48,44,44,45,44,44,,30,30,TRUE
1417YKBLACK-L,20,20,60,61,61,61,61,61,62,62,60,62,68,68,68,68,68,68,68,68,68,68,68,67,67,66,66,66,66,66,,30,30,TRUE
1417YKBLACK-M,76,76,75,75,76,76,76,76,71,72,72,72,72,72,72,72,72,72,72,72,72,72,72,72,72,72,72,72,72,72,,30,30,TRUE
1417YKBLACK-S,28,28,48,48,47,47,47,47,47,47,46,46,51,51,51,51,51,51,51,51,51,51,51,51,51,51,51,51,51,51,,30,30,TRUE
1417YKBLACK-XL,36,36,116,116,118,118,118,118,118,118,118,118,179,179,179,179,179,179,178,178,178,178,178,178,178,176,176,176,176,176,,30,30,TRUE
1417YKBLACK-XS,26,26,26,26,26,26,26,26,26,26,26,26,39,39,39,39,39,40,40,40,40,40,40,40,40,40,40,40,40,40,,30,30,TRUE
1417YKBLACK-XXL,42,42,93,93,93,93,93,93,92,92,92,91,112,112,112,112,112,112,112,112,109,109,110,110,109,110,110,110,110,112,,30,30,TRUE
1418YKRED-3XL,7,7,7,7,7,7,7,7,7,7,7,7,7,7,7,7,7,7,7,7,7,7,7,7,7,7,7,7,7,7,,30,30,TRUE
1418YKRED-4XL,6,6,6,6,6,6,6,6,6,6,3,6,6,6,6,6,6,6,6,6,6,6,6,6,6,6,6,6,6,6,,30,30,TRUE
1418YKRED-5XL,0,0,0,0,0,0,0,0,0,0,0,0,0,0,0,0,0,0,0,0,0,0,0,0,0,0,0,0,0,0,,0,0,TRUE
1418YKRED-XXL,12,12,12,12,12,12,12,12,12,12,12,12,12,12,12,12,12,12,12,12,12,12,12,12,12,12,12,12,12,12,,30,30,TRUE
1419YKBLACK-3XL,0,0,0,0,0,0,0,0,0,0,0,0,0,0,0,0,0,0,0,0,0,0,0,0,0,0,0,0,0,0,,0,0,TRUE
1419YKBLACK-4XL,0,0,0,0,0,0,0,0,0,0,0,0,0,0,0,0,0,0,0,0,0,0,0,0,0,0,0,0,0,0,,0,0,TRUE
1419YKBLACK-5XL,0,0,0,0,0,0,0,0,0,0,0,0,0,0,0,0,0,0,0,0,0,0,0,0,0,0,0,0,0,0,,0,0,TRUE
1419YKBLACK-XXL,0,0,0,0,0,0,0,0,0,0,0,0,0,0,0,0,0,0,0,0,0,0,0,0,0,0,0,0,0,0,,0,0,TRUE
141YK251PINK-3XL,23,21,19,19,18,16,15,15,15,14,14,14,10,12,12,10,10,10,9,9,7,7,7,7,7,4,4,6,4,5,,30,30,TRUE
141YK251PINK-4XL,32,32,30,31,33,32,31,32,29,28,28,28,28,28,28,24,24,24,24,23,23,21,21,19,19,21,21,21,20,20,,30,30,TRUE
141YK251PINK-5XL,11,16,16,14,14,12,11,10,8,7,5,5,6,6,6,4,4,4,5,3,3,3,3,3,11,3,3,3,5,3,,30,30,TRUE
141YK251PINK-6XL,16,15,17,17,16,13,13,13,11,11,11,10,10,10,10,10,10,10,9,9,9,9,9,9,9,9,9,9,9,9,,30,30,TRUE
141YK251PINK-7XL,16,17,17,17,18,18,18,18,15,15,15,14,14,13,13,13,13,13,13,13,13,13,14,14,14,14,14,14,14,14,,30,30,TRUE
141YK251PINK-8XL,11,11,11,11,11,11,11,10,10,10,10,10,10,8,8,8,8,8,7,6,6,6,6,6,6,6,6,6,6,6,,30,30,TRUE
141YK251PINK-L,55,53,51,46,49,48,48,48,46,46,44,43,40,42,42,42,42,42,41,41,36,41,41,40,39,41,42,43,43,43,,30,30,TRUE
141YK251PINK-M,40,39,38,38,38,38,38,38,38,38,38,38,38,38,38,33,33,33,33,33,33,33,33,31,31,31,31,31,32,32,,30,30,TRUE
141YK251PINK-S,3,3,3,3,3,3,3,3,0,0,0,0,0,0,0,1,2,2,2,2,2,2,2,1,3,1,1,1,0,0,,21,21,TRUE
141YK251PINK-XL,51,51,51,49,49,49,49,48,45,45,43,44,44,44,44,43,43,43,42,41,40,40,40,40,40,40,40,40,40,40,,30,30,TRUE
141YK251PINK-XS,5,4,4,5,5,5,5,4,0,0,0,0,0,0,0,0,1,4,4,1,1,1,1,1,6,1,1,1,2,2,,22,22,TRUE
141YK251PINK-XXL,49,48,48,46,44,41,40,39,39,38,37,36,36,34,34,32,32,32,33,33,29,29,29,30,30,31,31,34,34,19,,30,30,TRUE
1420YKPINK-3XL,8,8,8,8,8,8,8,8,8,8,8,8,8,8,8,8,8,8,8,8,8,8,8,8,8,8,8,8,8,8,,30,30,TRUE
1420YKPINK-4XL,3,3,3,3,3,2,2,2,2,2,2,2,2,2,2,2,2,2,2,2,2,2,2,2,2,2,2,3,3,3,,30,30,TRUE
1420YKPINK-5XL,1,1,1,1,0,0,0,0,0,0,0,0,0,0,0,0,0,0,0,0,0,0,0,0,0,0,0,0,0,1,,5,4,FALSE
1420YKPINK-XXL,8,8,8,8,8,8,8,8,8,8,8,8,8,8,8,5,5,5,5,5,5,2,2,2,2,2,4,4,4,4,,30,29,FALSE
1421YKPINK-3XL,53,53,53,53,53,53,53,53,53,53,52,52,52,52,52,52,52,52,51,51,51,51,51,50,50,50,50,50,51,51,,30,30,TRUE
1421YKPINK-4XL,40,40,40,40,40,40,40,40,40,40,40,40,40,40,40,40,40,40,40,40,40,40,40,40,40,40,40,40,40,40,,30,30,TRUE
1421YKPINK-5XL,4,4,4,4,4,4,4,4,4,3,3,3,3,3,3,3,3,3,3,3,3,3,3,3,3,3,3,3,3,3,,30,30,TRUE
1421YKPINK-L,32,32,32,32,32,32,32,32,32,32,24,32,32,32,32,32,32,32,32,32,32,32,32,32,32,32,32,32,32,32,,30,30,TRUE
1421YKPINK-M,56,56,56,56,56,56,56,56,56,56,56,56,56,56,56,56,56,56,56,56,56,56,56,56,56,56,57,57,57,57,,30,30,TRUE
1421YKPINK-S,56,56,56,56,56,56,56,56,56,56,56,56,56,56,56,56,56,56,52,52,52,52,52,52,52,52,52,52,52,52,,30,30,TRUE
1421YKPINK-XL,28,28,28,28,28,28,28,28,28,28,24,28,28,28,28,28,28,28,28,28,28,28,28,28,28,28,29,30,30,30,,30,30,TRUE
1421YKPINK-XS,9,9,9,9,9,9,9,9,9,9,9,9,9,9,9,9,9,9,9,9,9,9,9,9,9,9,9,9,9,9,,30,30,TRUE
1421YKPINK-XXL,56,56,56,56,56,56,56,56,56,56,56,56,56,56,56,54,54,54,54,54,54,54,54,54,54,54,54,54,54,54,,30,30,TRUE
1422YKOFFWHITE-L,0,0,0,0,0,0,0,0,0,0,0,0,0,0,0,0,0,0,0,0,0,0,0,0,0,0,0,0,0,0,,0,0,TRUE
1422YKOFFWHITE-M,0,0,0,0,0,0,0,0,0,0,0,0,0,0,0,0,0,0,0,0,0,0,0,0,0,0,0,0,0,0,,0,0,TRUE
1422YKOFFWHITE-S,0,0,0,0,0,0,0,0,0,0,0,0,0,0,0,0,0,0,0,0,0,0,0,0,0,0,0,0,0,0,,0,0,TRUE
1422YKOFFWHITE-XL,0,0,0,0,0,0,0,0,0,0,0,0,0,0,0,0,0,0,0,0,0,0,0,0,0,0,0,0,0,0,,0,0,TRUE
1423YKMAROON-3XL,0,0,0,0,0,0,0,0,0,0,0,0,0,0,0,0,0,0,0,0,0,0,0,0,0,0,0,0,0,0,,0,0,TRUE
1423YKMAROON-4XL,0,0,0,0,0,0,0,0,0,0,0,0,0,0,0,0,0,0,0,0,0,0,0,0,0,0,0,0,0,0,,0,0,TRUE
1423YKMAROON-5XL,0,0,0,0,0,0,0,0,0,0,0,0,0,0,0,0,0,0,0,0,0,0,0,0,0,0,0,0,0,0,,0,0,TRUE
1423YKMAROON-L,5,5,10,10,10,10,10,10,10,8,8,8,8,8,8,8,8,8,8,8,8,8,8,8,8,8,8,8,8,8,,30,30,TRUE
1423YKMAROON-M,6,6,6,6,6,6,6,6,6,6,6,6,6,6,6,6,6,6,6,6,6,6,6,6,6,6,6,6,6,6,,30,30,TRUE
1423YKMAROON-S,22,22,27,27,27,27,27,27,27,27,27,27,27,27,27,25,25,25,25,25,25,25,25,25,25,25,25,25,25,25,,30,30,TRUE
1423YKMAROON-XL,1,1,1,1,1,1,1,1,1,1,1,1,1,1,1,1,1,1,1,1,1,1,1,1,1,1,1,1,1,1,,30,30,TRUE
1423YKMAROON-XXL,0,0,0,0,0,0,0,0,0,0,0,0,0,0,0,0,0,0,0,0,0,0,0,0,0,0,0,0,0,0,,0,0,TRUE
1424YKPINK-3XL,0,0,0,0,0,0,0,0,0,0,0,0,0,0,0,0,0,0,0,0,0,0,0,0,0,0,0,0,0,0,,0,0,TRUE
1424YKPINK-4XL,0,0,0,0,0,0,0,0,0,0,0,0,0,0,0,0,0,0,0,0,0,0,0,0,0,0,0,0,0,0,,0,0,TRUE
1424YKPINK-5XL,0,0,0,0,0,0,0,0,0,0,0,0,0,0,0,0,0,0,0,0,0,0,0,0,0,0,0,0,0,0,,0,0,TRUE
1424YKPINK-L,0,0,0,0,0,0,0,0,0,0,0,0,0,0,0,0,0,0,0,0,0,0,0,0,0,0,0,0,0,0,,0,0,TRUE
1424YKPINK-M,0,0,0,0,0,0,0,0,0,0,0,0,0,0,0,0,0,0,0,0,0,0,0,0,0,0,0,0,0,0,,0,0,TRUE
1424YKPINK-S,0,0,0,0,0,0,0,0,0,0,0,0,0,0,0,0,0,0,0,0,0,0,0,0,0,0,0,0,0,0,,0,0,TRUE
1424YKPINK-XL,0,0,0,0,0,0,0,0,0,0,0,0,0,0,0,0,0,0,0,0,0,0,0,0,0,0,0,0,0,0,,0,0,TRUE
1424YKPINK-XXL,0,0,0,0,0,0,0,0,0,0,0,0,0,0,0,0,0,0,0,0,0,0,0,0,0,0,0,0,0,0,,0,0,TRUE
1427YKPEACH-3XL,0,0,0,0,0,0,0,0,0,0,0,0,0,0,0,0,0,0,0,0,0,0,0,0,0,0,0,0,0,0,,0,0,TRUE
1427YKPEACH-4XL,0,0,0,0,0,0,0,0,0,0,0,0,0,0,0,0,0,0,0,0,0,0,0,0,0,0,0,0,0,0,,0,0,TRUE
1427YKPEACH-5XL,0,0,0,0,0,0,0,0,0,0,0,0,0,0,0,0,0,0,0,0,0,0,0,0,0,0,0,0,0,0,,0,0,TRUE
1427YKPEACH-L,0,0,0,0,0,0,0,0,0,0,0,0,0,0,0,0,0,0,0,0,0,0,0,0,0,0,0,0,0,0,,0,0,TRUE
1427YKPEACH-M,0,0,0,0,0,0,0,0,0,0,0,0,0,0,0,0,0,0,0,0,0,0,0,0,0,0,0,0,0,0,,0,0,TRUE
1427YKPEACH-S,0,0,0,0,0,0,0,0,0,0,0,0,0,0,0,0,0,0,0,0,0,0,0,0,0,0,0,0,0,0,,0,0,TRUE
1427YKPEACH-XL,0,0,0,0,0,0,0,0,0,0,0,0,0,0,0,0,0,0,0,0,0,0,0,0,0,0,0,0,0,0,,0,0,TRUE
1427YKPEACH-XXL,0,0,0,0,0,0,0,0,0,0,0,0,0,0,0,0,0,0,0,0,0,0,0,0,0,0,0,0,0,0,,0,0,TRUE
1428YKGREEN-3XL,1,1,1,1,1,1,1,1,1,2,2,2,2,1,1,1,1,1,1,1,1,1,1,1,1,1,1,1,1,1,,30,30,TRUE
1428YKGREEN-4XL,8,8,8,7,7,7,7,7,7,7,7,6,6,5,5,5,5,5,4,5,5,6,6,6,6,6,6,6,6,5,,30,30,TRUE
1428YKGREEN-5XL,1,1,1,1,1,1,1,1,1,1,1,1,2,2,2,2,2,2,2,2,2,1,1,1,1,1,1,1,1,1,,30,30,TRUE
1428YKGREEN-L,0,0,0,0,0,0,0,0,0,0,0,0,0,0,0,0,0,0,0,0,0,0,0,0,0,0,0,0,0,0,,0,0,TRUE
1428YKGREEN-M,0,0,0,0,0,0,0,0,0,0,0,0,0,0,0,0,0,0,0,0,0,0,0,0,0,0,0,0,0,0,,0,0,TRUE
1428YKGREEN-S,0,0,0,0,0,0,0,0,0,0,0,0,0,0,0,0,0,0,0,0,0,0,0,0,0,0,0,0,0,0,,0,0,TRUE
1428YKGREEN-XL,0,0,0,0,0,0,0,0,0,0,0,0,0,0,0,0,0,0,0,0,0,0,0,0,0,0,0,0,0,0,,0,0,TRUE
1428YKGREEN-XXL,11,11,11,12,12,12,12,12,12,12,12,12,13,13,13,13,13,13,13,13,13,13,13,13,13,13,13,13,13,12,,30,30,TRUE
1429YKBLACK-3XL,6,6,6,6,6,6,6,6,6,6,5,5,5,5,5,5,5,5,5,5,5,5,5,5,5,5,5,5,6,6,,30,30,TRUE
1429YKBLACK-4XL,0,0,0,0,0,0,0,0,0,0,0,0,0,0,0,0,0,0,0,0,0,0,0,0,0,0,0,0,0,0,,0,0,TRUE
1429YKBLACK-5XL,0,0,0,0,0,0,0,0,0,0,0,0,0,0,0,0,0,0,0,0,0,0,0,0,0,0,0,0,0,0,,0,0,TRUE
1429YKBLACK-XXL,17,17,17,17,17,17,17,17,17,17,17,17,18,18,18,18,18,18,18,18,18,18,18,18,18,18,18,18,18,18,,30,30,TRUE
142YK258BROWN-L,0,0,0,0,0,0,0,0,0,0,0,0,0,0,0,0,0,0,0,0,0,0,0,0,0,0,0,0,0,0,,0,0,TRUE
142YK258BROWN-M,0,0,0,1,1,0,0,0,0,0,0,0,0,0,0,0,0,0,0,0,0,0,0,0,0,0,0,0,0,0,,2,2,TRUE
142YK258BROWN-S,1,1,1,1,1,1,1,1,1,1,1,1,1,1,1,1,1,1,1,1,0,0,0,0,0,0,0,0,0,0,,20,20,TRUE
142YK258BROWN-XL,0,0,0,0,0,0,0,0,0,0,0,0,0,0,0,0,0,0,0,0,0,0,0,0,0,0,0,0,0,0,,0,0,TRUE
142YK258BROWN-XXL,0,0,0,0,0,0,0,0,0,0,0,0,0,0,0,0,0,0,0,0,0,0,0,0,0,0,0,0,0,0,,0,0,TRUE
1430YKGREEN-3XL,0,0,0,0,0,0,0,0,0,0,0,0,0,0,0,0,0,0,0,0,0,0,0,0,0,0,0,0,0,0,,0,0,TRUE
1430YKGREEN-4XL,0,0,0,0,0,0,0,0,0,0,0,0,0,0,0,0,0,0,0,0,0,0,0,0,0,0,0,0,0,0,,0,0,TRUE
1430YKGREEN-5XL,0,0,0,0,0,0,0,0,0,0,0,0,0,0,0,0,0,0,0,0,0,0,0,0,0,0,0,0,0,0,,0,0,TRUE
1430YKGREEN-L,11,11,11,11,11,11,11,10,10,9,9,9,9,9,9,9,9,9,9,8,8,8,8,8,8,8,8,8,8,8,,30,30,TRUE
1430YKGREEN-M,12,12,12,12,12,12,12,12,12,12,12,12,12,12,12,12,12,12,12,12,12,12,12,12,12,12,12,12,12,12,,30,30,TRUE
1430YKGREEN-S,30,30,30,30,30,30,30,30,30,30,30,30,30,30,30,30,30,30,30,30,30,30,30,30,30,30,30,30,30,30,,30,30,TRUE
1430YKGREEN-XL,0,0,0,0,0,0,0,0,0,0,0,0,0,0,0,0,0,0,0,0,0,0,0,0,0,0,0,0,0,0,,0,0,TRUE
1430YKGREEN-XS,5,5,5,5,5,5,5,5,5,5,5,5,5,5,5,5,5,5,5,5,5,5,5,5,5,5,5,5,5,5,,30,30,TRUE
1430YKGREEN-XXL,0,0,0,0,0,0,0,0,0,0,0,0,0,0,0,0,0,0,0,0,0,0,0,0,0,0,0,0,0,0,,0,0,TRUE
1431YKGREEN-3XL,0,0,0,0,0,0,0,0,0,0,0,0,0,0,0,0,0,0,0,0,0,0,0,0,0,0,0,0,0,0,,0,0,TRUE
1431YKGREEN-4XL,0,0,0,0,0,0,0,0,0,0,0,0,0,0,0,0,0,0,0,0,0,0,0,0,0,0,0,0,0,0,,0,0,TRUE
1431YKGREEN-5XL,0,0,0,0,0,0,0,0,0,0,0,0,0,0,0,0,0,0,0,0,0,0,0,0,0,0,0,0,0,0,,0,0,TRUE
1431YKGREEN-L,25,25,25,25,24,23,23,24,24,24,24,24,24,24,24,24,24,24,23,23,23,22,22,21,21,21,22,21,21,21,,30,30,TRUE
1431YKGREEN-M,22,23,23,23,23,23,23,23,23,23,17,23,23,23,23,23,23,23,23,23,23,23,23,23,23,23,23,23,22,22,,30,30,TRUE
1431YKGREEN-S,6,6,5,5,5,5,5,5,5,5,5,5,5,5,5,5,5,5,5,5,5,5,5,5,5,5,5,5,5,5,,30,30,TRUE
1431YKGREEN-XL,6,7,7,8,7,7,7,7,7,7,7,7,7,7,7,7,7,7,7,7,7,7,7,7,7,7,8,8,8,8,,30,30,TRUE
1431YKGREEN-XS,2,2,2,4,4,4,4,4,4,4,4,3,3,2,2,2,2,2,2,2,2,2,2,2,2,2,2,2,2,2,,30,30,TRUE
1431YKGREEN-XXL,0,0,0,0,0,0,0,0,0,0,0,0,0,0,0,0,0,0,0,0,0,0,0,0,0,0,0,0,0,1,,1,0,FALSE
1432YKPINK-3XL,0,0,0,0,0,0,0,0,0,0,0,0,0,0,0,0,0,0,0,0,0,0,0,0,0,0,0,0,0,0,,0,0,TRUE
1432YKPINK-4XL,0,0,0,0,0,0,0,0,0,0,0,0,0,0,0,0,0,0,0,0,0,0,0,0,0,0,0,0,0,0,,0,0,TRUE
1432YKPINK-5XL,0,0,0,0,0,0,0,0,0,0,0,0,0,0,0,0,0,0,0,0,0,0,0,0,0,0,0,0,0,0,,0,0,TRUE
1432YKPINK-L,0,0,0,0,0,0,0,0,0,0,0,0,0,0,0,0,0,0,0,0,0,0,0,0,0,0,0,0,0,0,,0,0,TRUE
1432YKPINK-M,0,0,0,0,0,0,0,0,0,0,0,0,0,0,0,0,0,0,0,0,0,0,0,0,0,0,0,0,0,0,,0,0,TRUE
1432YKPINK-S,0,0,0,0,0,0,0,0,0,0,0,0,0,0,0,0,0,0,0,0,0,0,0,0,0,0,0,0,0,0,,0,0,TRUE
1432YKPINK-XL,0,0,0,0,0,0,0,0,0,0,0,0,0,0,0,0,0,0,0,0,0,0,0,0,0,0,0,0,0,0,,0,0,TRUE
1432YKPINK-XXL,0,0,0,0,0,0,0,0,0,0,0,0,0,0,0,0,0,0,0,0,0,0,0,0,0,0,0,0,0,0,,0,0,TRUE
1433YKYELLOW-3XL,0,0,0,0,0,0,0,0,0,0,0,0,0,0,0,0,0,0,0,0,0,0,0,0,0,0,0,0,0,0,,0,0,TRUE
1433YKYELLOW-4XL,0,0,0,0,0,0,0,0,0,0,0,0,0,0,0,0,0,0,0,0,0,0,0,0,0,0,0,0,0,0,,0,0,TRUE
1433YKYELLOW-5XL,0,0,0,0,0,0,0,0,0,0,0,0,0,0,0,0,0,0,0,0,0,0,0,0,0,0,0,0,0,0,,0,0,TRUE
1433YKYELLOW-L,0,0,0,0,0,0,0,0,0,0,0,0,0,0,0,0,0,0,0,0,0,0,0,0,0,0,0,0,0,0,,0,0,TRUE
1433YKYELLOW-M,0,0,0,0,0,0,0,0,0,0,0,0,0,0,0,0,0,0,0,0,0,0,0,0,0,0,0,0,0,0,,0,0,TRUE
1433YKYELLOW-S,0,0,0,0,0,0,0,0,0,0,0,0,0,0,0,0,0,0,0,0,0,0,0,0,0,0,0,0,0,0,,0,0,TRUE
1433YKYELLOW-XL,0,0,0,0,0,0,0,0,0,0,0,0,0,0,0,0,0,0,0,0,0,0,0,0,0,0,0,0,0,0,,0,0,TRUE
1433YKYELLOW-XXL,0,0,0,0,0,0,0,0,0,0,0,0,0,0,0,0,0,0,0,0,0,0,0,0,0,0,0,0,0,0,,0,0,TRUE
1434YKRED-3XL,0,0,0,0,0,0,0,0,0,0,0,0,0,0,0,0,0,0,0,0,0,0,0,0,0,0,0,0,0,0,,0,0,TRUE
1434YKRED-4XL,0,0,0,0,0,0,0,0,0,0,0,0,0,0,0,0,0,0,0,0,0,0,0,0,0,0,0,0,0,0,,0,0,TRUE
1434YKRED-5XL,0,0,0,0,0,0,0,0,0,0,0,0,0,0,0,0,0,0,0,0,0,0,0,0,0,0,0,0,0,0,,0,0,TRUE
1434YKRED-L,2,2,2,2,2,2,2,2,2,2,2,2,2,2,2,2,2,2,2,2,2,2,2,2,2,2,2,2,2,2,,30,30,TRUE
1434YKRED-M,3,3,3,3,3,3,3,3,3,3,3,3,3,3,3,3,3,3,3,3,3,3,3,3,3,3,3,3,3,3,,30,30,TRUE
1434YKRED-S,2,2,2,2,2,2,2,2,2,2,4,4,4,4,4,4,4,4,4,4,4,4,4,4,4,4,4,4,4,5,,30,30,TRUE
1434YKRED-XL,3,3,3,3,3,3,3,3,3,3,3,3,3,3,3,3,3,3,3,3,3,3,3,3,3,3,3,3,3,3,,30,30,TRUE
1434YKRED-XXL,0,0,0,0,0,0,0,0,0,0,0,0,0,0,0,0,0,0,0,0,0,0,0,0,0,0,0,0,0,0,,0,0,TRUE
1436YKPEACH-3XL,0,0,0,0,0,0,0,0,0,0,0,0,0,0,0,0,0,0,0,0,0,0,0,0,0,0,0,0,0,0,,0,0,TRUE
1436YKPEACH-4XL,0,0,0,0,0,0,0,0,0,0,0,0,0,0,0,0,0,0,0,0,0,0,0,0,0,0,0,0,0,0,,0,0,TRUE
1436YKPEACH-5XL,0,0,0,0,0,0,0,0,0,0,0,0,0,0,0,0,0,0,0,0,0,0,0,0,0,0,0,0,0,0,,0,0,TRUE
1436YKPEACH-L,0,0,0,0,0,0,0,0,0,0,0,0,0,0,0,0,0,0,0,0,0,0,0,0,0,0,0,0,0,0,,0,0,TRUE
1436YKPEACH-M,0,0,0,0,0,0,0,0,0,0,0,0,0,0,0,0,0,0,0,0,0,0,0,0,0,0,0,0,0,0,,0,0,TRUE
1436YKPEACH-S,0,0,0,0,0,0,0,0,0,0,0,0,0,0,0,0,0,0,0,0,0,0,0,0,0,0,0,0,0,0,,0,0,TRUE
1436YKPEACH-XL,0,0,0,0,0,0,0,0,0,0,0,0,0,0,0,0,0,0,0,0,0,0,0,0,0,0,0,0,0,0,,0,0,TRUE
1436YKPEACH-XXL,0,0,0,0,0,0,0,0,0,0,0,0,0,0,0,0,0,0,0,0,0,0,0,0,0,0,0,0,0,0,,0,0,TRUE
1437YKWHITE-3XL,3,3,3,3,3,3,3,3,3,3,3,3,3,2,2,2,2,2,2,2,2,2,2,2,2,2,2,2,3,3,,30,30,TRUE
1437YKWHITE-4XL,0,0,0,0,0,0,0,0,0,0,0,0,0,0,0,0,0,0,0,0,0,0,0,0,0,0,0,0,0,0,,0,0,TRUE
1437YKWHITE-5XL,2,2,2,2,2,2,2,2,0,0,0,0,0,0,0,0,0,0,0,0,0,0,0,0,1,0,0,0,0,2,,10,8,FALSE
1437YKWHITE-6XL,1,1,1,1,1,1,1,1,1,1,1,1,1,1,1,1,1,1,1,1,1,1,1,1,1,1,1,1,1,1,,30,30,TRUE
1437YKWHITE-7XL,0,0,0,0,0,0,0,0,0,0,0,0,0,0,0,0,0,0,0,0,0,0,0,0,0,0,0,0,0,0,,0,0,TRUE
1437YKWHITE-8XL,0,0,0,0,0,0,0,0,0,0,0,0,0,0,0,0,0,0,0,0,0,0,0,0,0,0,0,0,0,0,,0,0,TRUE
1437YKWHITE-L,4,4,4,4,4,3,3,3,0,0,0,0,0,0,0,0,0,0,0,0,0,0,0,0,3,0,0,0,0,0,,9,8,FALSE
1437YKWHITE-M,10,9,9,9,9,8,6,6,6,6,5,4,4,4,4,4,4,4,3,3,3,3,3,4,4,3,3,3,3,3,,30,30,TRUE
1437YKWHITE-S,9,9,9,9,9,9,9,9,9,9,9,9,9,9,9,9,9,9,9,9,8,8,9,9,9,9,9,9,9,9,,30,30,TRUE
1437YKWHITE-XL,5,5,5,5,5,5,3,3,0,0,0,0,0,0,0,1,1,1,1,1,1,1,2,2,2,2,2,3,3,3,,23,23,TRUE
1437YKWHITE-XS,1,1,1,1,1,1,1,1,1,1,1,1,1,1,1,1,1,1,1,1,1,1,1,1,1,1,1,1,1,1,,30,30,TRUE
1437YKWHITE-XXL,4,4,3,3,3,3,3,3,0,1,0,0,0,0,0,0,0,0,0,0,0,0,0,0,2,0,0,0,0,0,,10,9,FALSE
1439YKBLUE-3XL,0,1,1,1,0,0,0,0,0,0,0,0,0,0,0,0,0,0,0,0,0,0,0,0,0,0,0,0,0,1,,4,3,FALSE
1439YKBLUE-4XL,3,2,2,2,2,2,0,0,0,0,0,0,0,0,0,4,4,4,3,2,2,2,2,2,2,2,2,2,2,2,,21,21,TRUE
1439YKBLUE-5XL,10,10,9,9,11,11,11,11,8,4,3,3,4,4,4,3,3,3,3,3,3,3,3,3,5,3,2,2,3,2,,30,30,TRUE
1439YKBLUE-6XL,3,3,3,3,4,4,3,3,0,0,0,0,0,0,0,0,0,0,0,0,0,0,2,3,4,3,2,2,2,1,,16,16,TRUE
1439YKBLUE-7XL,2,2,2,3,3,3,3,3,1,1,1,1,1,1,1,1,1,1,1,1,1,2,2,2,2,1,1,1,1,1,,30,30,TRUE
1439YKBLUE-8XL,1,1,1,3,2,2,2,2,2,2,2,2,2,2,2,2,2,2,2,2,2,2,2,2,2,2,1,2,2,2,,30,30,TRUE
1439YKBLUE-L,1,1,1,1,1,1,1,1,1,1,1,1,1,1,1,1,1,1,1,1,1,1,1,1,1,1,1,1,1,1,,30,30,TRUE
1439YKBLUE-M,4,5,5,5,5,5,3,2,0,1,1,1,1,1,1,1,1,1,1,1,0,0,1,2,5,2,2,2,2,2,,27,27,TRUE
1439YKBLUE-S,4,5,5,6,6,6,6,6,4,4,4,4,4,4,4,4,4,4,4,4,4,4,4,4,4,4,4,4,4,4,,30,30,TRUE
1439YKBLUE-XL,1,1,1,1,1,1,1,1,1,1,1,1,1,1,1,1,1,1,1,1,1,1,1,1,1,1,1,1,1,1,,30,30,TRUE
1439YKBLUE-XS,4,4,7,7,7,7,7,7,7,7,7,7,7,7,7,7,7,7,7,7,7,7,7,7,7,7,7,7,7,7,,30,30,TRUE
1439YKBLUE-XXL,3,3,2,2,2,2,2,2,1,1,1,1,2,2,2,2,2,2,2,2,2,2,2,3,4,2,2,2,1,1,,30,30,TRUE
1441YKBLUE-3XL,9,9,9,9,9,9,9,9,9,9,9,9,10,9,9,9,9,9,4,4,4,4,4,2,4,2,2,2,2,2,,30,30,TRUE
1441YKBLUE-4XL,8,7,7,7,7,6,5,5,4,1,4,4,4,4,4,3,2,2,1,1,1,1,1,1,1,1,1,4,2,2,,30,30,TRUE
1441YKBLUE-5XL,0,0,0,1,1,1,1,1,1,1,1,1,1,0,0,0,0,0,0,0,0,0,0,0,0,0,0,0,0,0,,10,10,TRUE
1441YKBLUE-6XL,1,1,1,2,2,2,2,2,2,2,1,1,1,1,1,1,1,1,1,1,1,1,1,1,1,1,1,1,1,1,,30,30,TRUE
1441YKBLUE-7XL,2,2,2,3,3,2,1,1,1,1,1,1,1,1,1,1,1,1,1,1,1,1,1,1,1,2,2,1,1,1,,30,30,TRUE
1441YKBLUE-8XL,1,1,1,1,1,1,1,1,1,1,1,1,1,1,1,1,1,1,1,1,1,1,1,1,1,1,1,1,1,1,,30,30,TRUE
1441YKBLUE-L,5,5,8,8,8,8,6,6,6,6,6,6,6,6,6,6,6,6,6,6,6,5,5,5,5,5,5,5,5,5,,30,30,TRUE
1441YKBLUE-M,8,8,10,10,10,10,9,9,7,7,7,7,7,7,7,6,6,6,6,6,6,6,6,6,6,6,6,6,6,6,,30,30,TRUE
1441YKBLUE-S,9,9,12,12,12,12,12,12,12,12,12,12,12,12,12,12,12,12,12,12,12,12,12,12,12,12,12,12,12,12,,30,30,TRUE
1441YKBLUE-XL,12,12,11,13,13,13,13,13,13,13,13,13,13,13,13,10,10,10,10,10,10,9,9,9,9,7,7,7,7,7,,30,30,TRUE
1441YKBLUE-XS,3,3,3,4,4,3,3,3,3,3,3,3,3,3,3,3,3,3,2,2,2,2,2,2,2,2,2,2,2,2,,30,30,TRUE
1441YKBLUE-XXL,11,11,10,5,10,10,10,10,8,8,8,8,8,8,8,8,8,8,8,8,8,8,8,8,8,8,9,9,10,10,,30,30,TRUE
1443YKTEAL-L,14,14,14,14,14,14,14,14,12,11,7,11,11,11,11,11,11,11,9,9,9,9,9,10,10,8,8,8,8,8,,30,30,TRUE
1443YKTEAL-M,9,9,9,9,9,9,6,6,4,4,4,4,4,4,4,4,4,4,4,4,4,4,4,4,4,4,4,4,4,4,,30,30,TRUE
1443YKTEAL-S,16,16,16,16,16,16,16,16,16,16,16,16,16,16,16,16,16,16,15,15,13,13,15,15,15,15,19,19,19,19,,30,30,TRUE
1443YKTEAL-XL,5,5,5,5,5,5,4,4,2,1,2,2,2,2,2,2,2,2,2,2,2,2,2,2,2,2,2,2,2,2,,30,30,TRUE
1443YKTEAL-XS,3,3,3,3,3,3,3,3,3,3,3,3,3,3,3,3,3,3,3,3,3,3,3,3,3,3,3,3,3,3,,30,30,TRUE
1443YKTEAL-XXL,1,1,1,2,2,2,2,2,0,0,0,0,0,0,0,0,0,0,0,0,0,0,0,0,2,0,0,0,0,0,,9,8,FALSE
1444YKWHITE-3XL,4,4,4,4,4,4,3,3,3,3,2,2,2,2,2,3,3,3,2,2,2,2,2,2,2,2,1,2,2,2,,30,30,TRUE
1444YKWHITE-4XL,11,11,11,13,13,13,13,13,13,13,9,12,13,13,13,13,13,13,10,10,10,10,10,11,11,11,11,11,11,11,,30,30,TRUE
1444YKWHITE-5XL,2,2,2,2,2,2,2,2,0,0,0,0,1,1,1,1,1,1,0,0,0,0,1,1,2,1,0,0,0,0,,18,17,FALSE
1444YKWHITE-L,12,12,12,12,12,12,12,12,12,12,11,12,12,12,12,12,12,12,11,11,11,11,11,11,11,11,11,11,11,11,,30,30,TRUE
1444YKWHITE-M,24,24,24,24,24,24,24,24,24,24,24,24,24,24,24,24,24,24,24,24,24,24,24,24,24,25,26,26,26,26,,30,30,TRUE
1444YKWHITE-S,3,4,4,4,4,4,4,4,4,4,4,4,4,4,4,4,4,4,4,4,4,4,4,3,3,3,3,3,3,4,,30,30,TRUE
1444YKWHITE-XL,1,1,1,1,2,2,2,2,2,2,2,2,3,2,2,3,3,3,3,3,3,3,3,3,3,3,3,3,3,3,,30,30,TRUE
1444YKWHITE-XS,2,2,2,2,2,2,2,2,2,2,2,2,2,2,2,2,2,2,2,2,2,2,2,2,2,2,2,2,2,2,,30,30,TRUE
1444YKWHITE-XXL,0,0,0,0,0,0,0,0,0,0,0,0,0,0,0,0,0,0,0,0,0,0,0,0,0,0,0,0,0,0,,0,0,TRUE
1445YKBLACK-4XL,0,0,0,0,0,0,0,0,0,0,0,0,0,0,0,0,0,0,0,0,0,0,0,0,0,0,0,0,0,1,,1,0,FALSE
1445YKBLACK-L,1,1,1,1,1,1,0,0,0,0,0,0,0,0,0,0,0,0,0,0,0,0,0,0,0,0,0,0,0,0,,6,6,TRUE
1445YKBLACK-M,2,3,3,3,3,3,3,3,3,3,3,3,3,3,3,3,3,3,3,3,3,3,3,3,3,3,3,3,3,3,,30,30,TRUE
1445YKBLACK-S,6,6,6,6,6,6,6,6,6,6,6,6,6,6,6,6,6,6,6,6,6,6,6,6,6,6,7,7,7,7,,30,30,TRUE
1445YKBLACK-XL,0,0,0,0,0,0,0,0,0,0,0,0,0,0,0,0,0,0,0,0,0,0,0,0,0,0,0,0,1,1,,2,2,TRUE
1445YKBLACK-XS,19,19,19,19,19,19,19,19,19,19,14,19,19,19,19,19,19,19,19,19,19,19,19,19,19,19,19,19,19,19,,30,30,TRUE
1446YKPINK-L,25,25,25,25,25,25,25,25,25,25,25,24,24,24,24,24,24,24,24,24,24,24,24,24,24,24,24,24,24,24,,30,30,TRUE
1446YKPINK-M,52,52,52,52,52,52,51,51,51,51,49,51,51,51,51,51,51,51,51,51,51,51,51,51,51,51,51,51,51,51,,30,30,TRUE
1446YKPINK-S,14,15,15,15,15,15,15,15,15,15,13,14,14,14,14,14,14,14,14,14,14,13,14,14,14,14,14,14,14,14,,30,30,TRUE
1446YKPINK-XL,25,25,27,27,27,27,27,27,27,27,26,27,28,28,28,29,29,29,29,29,29,29,29,30,30,30,30,30,30,30,,30,30,TRUE
1446YKPINK-XS,6,6,6,6,6,6,6,6,6,6,6,5,5,5,5,5,5,5,5,5,5,5,5,5,5,5,5,5,5,5,,30,30,TRUE
1446YKPINK-XXL,11,11,11,10,10,10,10,10,10,10,10,10,10,10,10,10,10,10,10,10,10,8,9,9,9,9,9,9,9,9,,30,30,TRUE
1447YKBLACK-XXL,0,0,0,0,0,0,0,0,0,0,0,0,0,0,0,0,0,0,0,0,0,0,0,0,0,0,0,0,0,0,,0,1,FALSE
1447YKBLUE-5XL,0,0,0,0,0,0,0,0,0,0,0,0,0,0,0,0,0,0,0,0,0,0,0,0,0,0,0,0,0,0,,0,0,TRUE
1447YKBLUE-XL,0,0,0,0,0,0,0,0,0,0,0,0,0,0,0,0,0,0,0,0,0,0,0,0,0,0,0,0,0,0,,0,0,TRUE
1447YKBLUE-XXL,0,0,0,0,0,0,0,0,0,0,0,0,0,0,0,0,0,0,0,0,0,0,0,0,0,0,0,0,0,0,,0,0,TRUE
1448YKMUSTARD-M,0,0,0,0,0,0,0,0,0,0,0,0,0,0,0,0,0,0,0,0,0,0,0,0,0,0,0,0,0,2,,1,0,FALSE
1448YKMUSTARD-XXL,0,0,0,0,0,0,0,0,0,0,0,0,0,0,0,0,0,0,0,0,0,0,0,0,0,0,0,0,0,0,,0,0,TRUE
1449YKGREY-3XL,0,0,0,0,0,0,0,0,0,0,0,0,0,0,0,0,0,0,0,0,0,0,0,0,0,0,0,0,0,0,,0,0,TRUE
1449YKGREY-4XL,0,0,0,0,0,0,0,0,0,0,0,0,0,0,0,0,0,0,0,0,0,0,0,0,0,0,0,0,0,0,,0,0,TRUE
1449YKGREY-5XL,0,0,0,0,0,0,0,0,0,0,0,0,0,0,0,0,0,0,0,0,0,0,0,0,0,0,0,0,0,0,,0,0,TRUE
1449YKGREY-L,6,7,7,7,7,7,7,7,6,6,5,5,5,5,5,4,4,4,4,4,4,4,4,4,4,4,4,4,5,5,,30,30,TRUE
1449YKGREY-M,3,3,3,3,3,3,3,4,3,3,3,3,3,3,3,3,3,3,3,3,3,3,3,3,3,3,3,3,4,5,,30,30,TRUE
1449YKGREY-S,4,4,4,4,4,4,4,4,4,4,4,4,5,5,5,5,5,5,3,3,3,3,3,3,3,3,3,3,3,4,,30,30,TRUE
1449YKGREY-XL,1,1,1,2,2,2,2,2,1,1,1,1,1,1,1,2,2,2,1,1,1,1,1,1,1,1,1,2,2,2,,30,30,TRUE
1449YKGREY-XXL,11,11,10,11,11,11,11,11,11,11,11,11,11,11,11,11,11,11,7,7,7,7,7,7,7,6,11,11,11,11,,30,30,TRUE
144YK270MUSTARD-3XL,0,0,0,0,0,0,0,0,0,0,0,0,0,0,0,0,0,0,0,0,0,0,0,0,0,0,0,0,0,0,,0,0,TRUE
144YK270MUSTARD-4XL,0,0,0,0,0,0,0,0,0,0,0,0,0,0,0,0,0,0,0,0,0,0,0,0,0,0,0,0,0,0,,0,0,TRUE
144YK270MUSTARD-5XL,0,0,0,0,0,0,0,0,0,0,0,0,0,0,0,0,0,0,0,0,0,0,0,0,0,0,0,0,0,0,,0,0,TRUE
144YK270MUSTARD-L,0,0,0,0,0,0,0,0,0,0,0,0,0,0,0,0,0,0,0,0,0,0,0,0,0,0,0,0,0,0,,0,0,TRUE
144YK270MUSTARD-M,0,0,0,0,0,0,0,0,0,0,0,0,0,0,0,0,0,0,0,0,0,0,0,0,0,0,0,0,0,0,,0,0,TRUE
144YK270MUSTARD-S,0,0,0,0,0,0,0,0,0,0,0,0,0,0,0,0,0,0,0,0,0,0,0,0,0,0,0,0,0,0,,0,0,TRUE
144YK270MUSTARD-XL,0,0,0,0,0,0,0,0,0,0,0,0,0,0,0,0,0,0,0,0,0,0,0,0,0,0,0,0,0,0,,0,0,TRUE
144YK270MUSTARD-XS,1,1,1,1,1,1,1,1,1,0,0,0,0,0,0,0,0,0,0,0,0,0,0,0,0,0,0,0,0,1,,10,9,FALSE
144YK270MUSTARD-XXL,0,0,0,0,0,0,0,0,0,0,0,0,0,0,0,0,0,0,0,0,0,0,0,0,0,0,0,0,0,0,,0,0,TRUE
1450YKPINK-3XL,0,0,0,0,0,0,0,0,0,0,0,0,0,0,0,0,0,0,0,0,0,0,0,0,0,0,0,0,0,0,,0,0,TRUE
1450YKPINK-4XL,0,0,0,0,0,0,0,0,0,0,0,0,0,0,0,0,0,0,0,0,0,0,0,0,0,0,0,0,0,0,,0,0,TRUE
1450YKPINK-5XL,0,0,0,0,0,0,0,0,0,0,0,0,0,0,0,0,0,0,0,0,0,0,0,0,0,0,0,0,0,0,,0,0,TRUE
1450YKPINK-L,0,0,0,0,0,0,0,0,0,0,0,0,0,0,0,0,0,0,0,0,0,0,0,0,0,0,0,0,0,0,,0,0,TRUE
1450YKPINK-M,0,0,0,0,0,0,0,0,0,0,0,0,0,0,0,0,0,0,0,0,0,0,0,0,0,0,0,0,0,0,,0,0,TRUE
1450YKPINK-S,0,0,0,0,0,0,0,0,0,0,0,0,0,0,0,0,0,0,0,0,0,0,0,0,0,0,0,0,0,0,,0,0,TRUE
1450YKPINK-XL,0,0,0,0,0,0,0,0,0,0,0,0,0,0,0,1,1,1,1,1,1,0,0,0,0,0,0,0,0,0,,6,6,TRUE
1450YKPINK-XXL,1,0,0,0,0,0,0,0,0,0,0,0,0,0,0,0,0,0,0,0,0,0,1,1,1,1,1,1,1,1,,9,9,TRUE
1451YKSKYBLUE-3XL,0,0,0,0,0,0,0,0,0,0,0,0,0,0,0,0,0,0,0,0,0,0,0,0,0,0,0,0,0,0,,0,0,TRUE
1451YKSKYBLUE-4XL,0,0,0,0,0,0,0,0,0,0,0,0,0,0,0,0,0,0,0,0,0,0,0,0,0,0,0,0,0,0,,0,0,TRUE
1451YKSKYBLUE-5XL,0,0,0,0,0,0,0,0,0,0,0,0,0,0,0,0,0,0,0,0,0,0,0,0,0,0,0,0,0,0,,0,0,TRUE
1451YKSKYBLUE-L,0,0,0,0,0,0,0,0,0,0,0,0,0,0,0,0,0,0,0,0,0,0,0,0,0,0,0,0,0,0,,0,0,TRUE
1451YKSKYBLUE-M,0,0,0,0,0,0,0,0,0,0,0,0,0,0,0,0,0,0,0,0,0,0,0,0,0,0,1,1,2,2,,4,4,TRUE
1451YKSKYBLUE-S,0,0,0,0,0,0,0,0,0,0,0,0,0,0,0,0,0,0,0,0,0,0,0,0,0,0,0,0,0,0,,0,0,TRUE
1451YKSKYBLUE-XL,0,0,0,0,0,0,0,0,0,0,0,0,0,0,0,0,0,0,0,0,0,0,0,0,0,0,0,0,0,0,,0,0,TRUE
1451YKSKYBLUE-XS,1,1,1,1,1,1,1,1,1,1,1,1,1,1,1,1,1,1,1,1,1,1,1,1,1,1,1,1,1,1,,30,30,TRUE
1451YKSKYBLUE-XXL,0,0,0,0,0,0,0,0,0,0,0,0,0,0,0,0,0,0,0,0,0,0,0,0,0,0,0,0,0,0,,0,0,TRUE
1452YKPURPLE-3XL,0,0,0,0,0,0,0,0,0,0,0,0,0,0,0,0,0,0,0,0,0,0,0,0,0,0,0,0,0,0,,0,0,TRUE
1452YKPURPLE-4XL,0,0,0,0,0,0,0,0,0,0,0,0,0,0,0,0,0,0,0,0,0,0,0,0,0,0,0,0,0,0,,0,0,TRUE
1452YKPURPLE-5XL,0,0,0,0,0,0,0,0,0,0,0,0,0,0,0,0,0,0,0,0,0,0,0,0,0,0,0,0,0,0,,0,0,TRUE
1452YKPURPLE-L,0,0,0,0,0,0,0,0,0,0,0,0,0,0,0,0,0,0,0,0,0,0,0,0,0,0,0,0,0,0,,0,0,TRUE
1452YKPURPLE-M,0,0,0,0,0,0,0,0,0,0,0,0,0,0,0,0,0,0,0,0,0,0,0,0,0,0,0,0,0,0,,0,0,TRUE
1452YKPURPLE-S,0,0,0,0,0,0,0,0,0,0,0,0,0,0,0,0,0,0,0,0,0,0,0,0,0,0,0,0,0,0,,0,0,TRUE
1452YKPURPLE-XL,0,0,0,0,0,0,0,0,0,0,0,0,0,0,0,0,0,0,0,0,0,0,0,0,0,0,0,0,0,0,,0,0,TRUE
1452YKPURPLE-XXL,0,0,0,0,0,0,0,0,0,0,0,0,0,0,0,0,0,0,0,0,0,0,0,0,0,0,0,0,0,0,,0,0,TRUE
1453YKBLACK-L,13,13,14,13,13,13,13,13,13,13,12,13,12,13,13,13,13,13,10,10,10,10,10,10,10,10,10,10,10,10,,30,30,TRUE
1453YKBLACK-M,14,14,14,14,14,14,14,14,14,14,14,14,16,16,16,16,16,16,15,15,15,15,15,15,15,15,16,16,17,16,,30,30,TRUE
1453YKBLACK-S,9,9,9,8,8,8,8,8,8,8,8,8,8,8,8,8,8,8,4,4,4,4,4,4,4,4,6,6,6,6,,30,30,TRUE
1453YKBLACK-XL,7,5,5,5,5,5,3,3,3,3,3,3,3,3,3,3,3,3,3,3,3,3,3,3,3,3,3,4,4,4,,30,30,TRUE
1453YKBLACK-XS,11,11,11,11,11,11,11,11,11,11,10,11,11,11,11,11,11,11,7,7,7,7,7,7,7,7,7,7,8,8,,30,30,TRUE
1454YKPINK-L,12,12,11,11,11,11,11,11,11,12,12,11,11,11,11,11,11,11,9,9,9,9,8,8,8,8,8,8,8,8,,30,30,TRUE
1454YKPINK-M,13,13,12,12,13,13,13,12,12,12,12,12,12,12,12,11,11,11,11,10,10,10,10,9,8,9,9,9,9,9,,30,30,TRUE
1454YKPINK-S,7,7,7,7,7,6,6,6,3,3,3,3,3,3,3,3,3,3,3,3,3,3,3,3,5,4,4,4,4,4,,30,30,TRUE
1454YKPINK-XL,4,4,4,4,4,4,4,3,3,3,3,3,4,4,4,4,4,4,4,4,4,4,4,4,4,4,4,4,4,4,,30,30,TRUE
1454YKPINK-XS,9,9,9,9,9,9,9,9,9,9,9,9,9,9,9,9,9,9,9,9,9,9,9,8,8,8,8,8,8,8,,30,30,TRUE
1454YKPINK-XXL,2,2,2,2,2,2,2,2,2,2,2,2,2,2,2,2,1,1,1,1,1,1,1,1,1,1,1,1,1,1,,30,30,TRUE
1455YKBLUE-5XL,0,0,0,0,0,0,0,0,0,0,0,0,0,0,0,0,0,0,0,0,0,0,0,0,0,0,0,0,0,1,,1,0,FALSE
1455YKBLUE-L,30,30,30,30,30,30,30,30,30,30,30,29,29,29,29,29,29,29,29,29,29,29,29,29,29,27,27,27,27,27,,30,30,TRUE
1455YKBLUE-M,40,40,40,41,41,41,41,41,41,41,37,41,41,41,41,40,40,40,38,38,37,37,37,37,37,38,38,38,39,39,,30,30,TRUE
1455YKBLUE-S,14,14,14,14,14,14,14,14,14,14,14,14,14,14,14,14,14,14,14,14,14,14,14,14,14,14,14,14,14,14,,30,30,TRUE
1455YKBLUE-XL,6,6,6,6,5,5,5,5,3,3,3,3,1,1,1,1,2,2,2,2,2,2,2,2,4,2,2,3,3,3,,30,30,TRUE
1455YKBLUE-XXL,0,0,0,0,0,0,0,0,0,0,0,0,0,0,0,0,0,0,0,0,0,0,0,0,0,0,1,1,0,1,,3,2,FALSE
1456YKBLACK-3XL,0,0,0,0,0,0,0,0,0,0,0,0,0,0,0,0,0,0,0,0,0,0,0,0,0,0,0,0,0,0,,0,0,TRUE
1456YKBLACK-4XL,0,0,0,0,0,0,0,0,0,0,0,0,0,0,0,0,0,0,0,0,0,0,0,0,0,0,0,0,0,0,,0,0,TRUE
1456YKBLACK-5XL,0,0,0,0,0,0,0,0,0,0,0,0,0,0,0,0,0,0,0,0,0,0,0,0,0,0,0,0,0,0,,0,0,TRUE
1456YKBLACK-6XL,0,0,0,0,0,0,0,0,0,0,0,0,0,0,0,0,0,0,0,0,0,0,0,0,0,0,0,0,0,0,,0,0,TRUE
1456YKBLACK-7XL,0,0,0,0,0,0,0,0,0,0,0,0,0,0,0,0,0,0,0,0,0,0,0,0,0,0,0,0,0,0,,0,0,TRUE
1456YKBLACK-8XL,0,0,0,0,0,0,0,0,0,0,0,0,0,0,0,0,0,0,0,0,0,0,0,0,0,0,0,0,0,0,,0,0,TRUE
1456YKBLACK-L,0,0,0,0,0,0,0,0,0,0,0,0,0,0,0,0,0,0,0,0,0,0,0,0,0,0,0,0,0,0,,0,0,TRUE
1456YKBLACK-M,1,1,0,0,0,0,0,0,0,0,0,0,0,0,0,0,0,0,0,0,0,0,0,0,0,0,0,0,0,0,,2,2,TRUE
1456YKBLACK-S,5,5,5,5,5,5,5,5,5,5,5,4,4,4,4,4,4,4,4,4,4,4,4,4,4,4,4,4,4,5,,30,30,TRUE
1456YKBLACK-XL,0,0,0,0,0,0,0,0,0,0,0,0,0,0,0,0,0,0,0,0,0,0,0,0,0,0,0,0,0,0,,0,0,TRUE
1456YKBLACK-XXL,0,0,0,0,0,0,0,0,0,0,0,0,0,0,0,0,0,0,0,0,0,0,0,0,0,0,0,0,0,0,,0,0,TRUE
1457YKPINK-3XL,3,4,4,8,8,8,8,5,4,3,3,3,3,3,3,3,3,3,3,3,3,3,8,8,7,9,9,9,9,5,,30,30,TRUE
1457YKPINK-4XL,0,0,0,1,2,2,2,2,2,2,1,1,2,2,2,0,0,0,0,0,0,0,0,0,0,0,0,0,1,1,,14,15,FALSE
1457YKPINK-5XL,0,0,0,0,0,0,0,0,0,0,0,0,0,0,0,0,0,0,0,0,0,0,0,0,0,0,0,0,0,1,,1,0,FALSE
1457YKPINK-L,0,0,0,0,0,0,0,0,0,0,0,0,1,0,0,0,0,0,0,0,0,0,0,0,0,0,0,0,0,3,,2,1,FALSE
1457YKPINK-M,1,1,1,1,1,1,1,1,1,1,1,1,2,1,1,3,3,3,1,1,1,1,1,1,1,1,1,5,5,5,,30,30,TRUE
1457YKPINK-S,13,13,18,18,17,16,16,15,15,14,13,14,14,14,14,15,15,15,15,15,14,14,14,8,8,8,7,7,8,8,,30,30,TRUE
1457YKPINK-XL,1,1,1,1,1,1,1,1,1,1,1,1,2,2,2,1,1,1,1,1,1,1,1,1,1,1,1,1,1,1,,30,30,TRUE
1457YKPINK-XS,39,38,38,38,38,38,38,38,38,38,38,38,38,38,38,38,38,38,38,38,38,38,38,38,38,38,38,38,38,38,,30,30,TRUE
1457YKPINK-XXL,0,1,0,0,0,0,0,0,0,0,0,0,2,1,1,0,1,0,0,0,0,0,0,2,8,1,1,1,1,0,,11,11,TRUE
1458YKPINK-3XL,3,3,3,2,2,2,2,2,2,2,2,2,1,1,1,1,1,1,1,1,1,1,0,0,0,0,0,0,0,3,,23,22,FALSE
1458YKPINK-4XL,0,0,0,0,0,0,0,0,0,0,0,0,0,0,0,0,0,0,0,0,0,0,0,0,0,0,0,0,0,1,,1,0,FALSE
1458YKPINK-5XL,0,0,0,0,0,0,0,0,0,0,0,0,0,0,0,1,1,1,0,0,0,0,0,0,0,0,0,0,0,2,,4,2,FALSE
1458YKPINK-L,7,7,7,7,7,7,7,7,7,7,7,7,7,7,7,7,7,7,7,7,7,7,7,7,7,7,7,7,7,7,,30,30,TRUE
1458YKPINK-M,23,23,23,23,23,23,23,23,23,23,22,23,22,22,22,20,20,20,19,19,19,19,19,19,19,19,21,21,21,21,,30,30,TRUE
1458YKPINK-S,16,16,18,18,18,18,17,17,17,16,16,16,16,16,16,16,16,16,16,16,16,16,16,16,16,16,16,16,16,16,,30,30,TRUE
1458YKPINK-XL,8,8,8,8,8,7,5,5,5,5,5,5,5,5,5,5,5,5,5,5,5,5,5,5,5,5,5,5,5,5,,30,30,TRUE
1458YKPINK-XS,0,0,0,0,0,0,0,0,0,0,0,0,0,0,0,0,0,0,0,0,0,0,0,0,0,0,0,0,0,0,,0,0,TRUE
1458YKPINK-XXL,1,1,1,1,1,1,1,1,1,1,1,1,1,1,1,2,2,2,2,2,2,2,2,2,2,2,2,2,2,2,,30,30,TRUE
145YK268BLACK-S,0,0,0,0,0,0,0,0,0,0,0,0,0,0,0,0,0,0,0,0,0,0,0,0,0,0,0,0,0,0,,0,0,TRUE
1461YKGREEN-3XL,1,1,1,1,1,1,1,1,1,1,1,1,1,1,1,1,1,1,1,1,1,20,20,43,43,39,39,39,41,41,,30,30,TRUE
1461YKGREEN-4XL,3,3,3,3,3,3,3,3,3,3,3,3,3,3,3,3,2,2,2,2,2,35,35,55,55,51,51,51,53,53,,30,30,TRUE
1461YKGREEN-5XL,0,0,0,0,0,0,0,0,0,0,0,0,0,0,0,0,0,0,0,0,0,28,28,37,37,33,33,33,33,33,,9,9,TRUE
1461YKGREEN-L,0,0,1,0,1,1,1,1,1,1,1,1,1,0,0,0,0,0,0,0,0,21,21,28,28,24,24,24,24,24,,19,19,TRUE
1461YKGREEN-M,0,0,0,0,0,0,0,0,0,0,0,0,0,0,0,1,1,1,1,1,1,9,9,17,17,13,13,13,15,15,,15,15,TRUE
1461YKGREEN-S,2,2,2,2,2,2,2,2,2,2,2,2,2,2,2,2,2,2,2,2,2,18,18,27,27,23,23,23,25,25,,30,30,TRUE
1461YKGREEN-XL,0,0,0,0,0,0,0,0,0,0,0,0,0,0,0,0,0,0,0,0,0,17,17,25,25,21,21,21,22,22,,9,9,TRUE
1461YKGREEN-XXL,0,0,0,0,0,0,0,0,0,0,0,0,0,0,0,0,0,0,0,0,0,17,17,27,27,23,23,23,24,24,,9,9,TRUE
1462YKMULTI-3XL,13,13,13,15,15,15,15,15,15,15,15,15,15,14,14,14,15,15,15,15,15,15,15,15,14,14,14,14,14,14,,30,30,TRUE
1462YKMULTI-4XL,17,17,17,18,19,19,19,19,19,19,9,19,19,19,19,19,19,19,19,19,19,19,19,19,19,19,19,19,18,18,,30,30,TRUE
1462YKMULTI-5XL,8,8,8,10,10,10,7,6,5,5,5,5,3,3,3,2,2,2,1,1,1,0,0,1,4,1,1,1,2,2,,28,28,TRUE
1462YKMULTI-L,15,15,15,15,15,15,15,15,14,14,14,13,13,13,13,13,13,13,12,12,12,12,12,12,12,12,13,13,13,12,,30,30,TRUE
1462YKMULTI-M,20,20,21,21,21,20,20,20,20,20,20,20,21,21,21,21,21,21,20,20,20,20,20,20,20,20,20,20,20,20,,30,30,TRUE
1462YKMULTI-S,3,3,3,3,3,3,3,3,1,1,1,1,1,1,1,1,1,1,1,1,1,1,1,1,2,1,1,1,1,1,,30,30,TRUE
1462YKMULTI-XL,43,43,43,43,43,43,43,43,43,42,41,41,40,38,38,37,37,37,37,37,37,37,37,36,36,36,36,36,37,37,,30,30,TRUE
1462YKMULTI-XS,8,8,10,10,10,10,10,10,10,10,10,10,10,10,10,10,10,10,10,10,10,10,10,10,10,9,9,9,9,9,,30,30,TRUE
1462YKMULTI-XXL,40,39,40,40,40,40,40,40,40,40,40,40,39,39,39,39,32,32,32,32,32,32,32,32,32,32,34,34,34,34,,30,30,TRUE
1463YKPINK-L,0,0,0,0,0,0,0,0,0,0,0,0,0,0,0,0,0,0,0,0,0,0,0,0,0,0,0,0,0,0,,0,0,TRUE
1463YKPINK-M,0,0,0,0,0,0,0,0,0,0,0,0,0,0,0,0,0,0,0,0,0,0,0,0,0,0,0,0,0,0,,0,0,TRUE
1463YKPINK-S,3,3,3,3,3,3,3,3,3,3,3,3,3,3,3,3,3,3,3,3,3,3,3,3,3,2,2,2,2,2,,30,30,TRUE
1463YKPINK-XL,0,0,0,0,0,0,0,0,0,0,0,0,0,0,0,0,0,0,0,0,0,0,0,0,0,0,0,0,0,0,,0,0,TRUE
1463YKPINK-XS,3,3,3,3,3,3,3,3,3,3,3,3,3,3,3,3,3,3,3,3,3,3,3,3,3,3,3,3,3,3,,30,30,TRUE
1463YKPINK-XXL,0,0,0,0,0,0,0,0,0,0,0,0,0,0,0,0,0,0,0,0,0,0,0,0,0,0,0,0,0,0,,0,0,TRUE
1464YKMULTI-3XL,1,1,3,1,2,1,1,1,1,1,1,1,1,1,1,5,5,5,5,5,4,4,4,4,4,4,4,4,3,3,,30,30,TRUE
1464YKMULTI-4XL,1,1,1,1,2,2,1,1,1,1,1,1,1,3,3,3,2,2,2,2,2,2,2,1,1,0,0,0,0,5,,26,26,TRUE
1464YKMULTI-5XL,6,6,6,5,6,6,4,3,2,2,2,2,3,2,2,2,2,2,2,2,2,2,2,2,3,2,2,2,2,2,,30,30,TRUE
1464YKMULTI-6XL,1,1,1,1,1,1,0,0,0,0,0,0,0,0,0,1,1,1,1,1,1,1,1,1,1,1,1,1,1,1,,21,21,TRUE
1464YKMULTI-7XL,0,0,0,0,0,0,0,0,0,0,0,0,0,0,0,0,0,0,0,0,0,0,0,0,0,0,0,0,0,1,,1,0,FALSE
1464YKMULTI-8XL,1,1,1,1,1,1,1,1,1,1,1,1,1,1,1,1,1,1,1,1,1,1,1,1,1,1,1,1,1,1,,30,30,TRUE
1464YKMULTI-L,7,7,7,7,7,7,5,5,5,4,3,3,3,2,2,2,2,2,2,2,2,2,2,3,3,4,4,4,4,4,,30,30,TRUE
1464YKMULTI-M,7,7,7,7,8,7,7,7,6,5,5,5,6,6,6,6,7,6,5,5,5,5,4,4,4,5,5,5,6,6,,30,30,TRUE
1464YKMULTI-S,17,17,17,17,17,17,17,17,18,13,13,14,14,14,14,14,15,15,15,15,15,15,15,15,14,14,14,14,14,14,,30,30,TRUE
1464YKMULTI-XL,7,7,7,7,7,7,5,5,5,4,3,3,3,3,3,5,5,5,5,5,4,4,4,4,4,4,4,3,4,4,,30,30,TRUE
1464YKMULTI-XS,15,15,15,15,15,15,15,15,15,15,15,16,16,16,16,16,16,16,16,16,16,15,16,15,15,15,15,15,16,16,,30,30,TRUE
1464YKMULTI-XXL,24,24,23,25,25,24,23,23,23,18,18,17,20,20,20,18,18,18,16,15,10,14,14,12,12,12,12,13,13,13,,30,30,TRUE
1465YKBLUE-L,69,69,73,73,73,73,73,73,73,70,70,69,69,68,68,68,68,68,68,68,68,68,68,68,68,68,68,68,68,68,,30,30,TRUE
1465YKBLUE-M,85,85,88,88,88,88,88,88,88,88,88,88,87,87,87,87,87,87,87,87,87,87,87,87,87,87,87,87,87,87,,30,30,TRUE
1465YKBLUE-S,63,63,63,68,68,68,68,68,68,68,68,68,68,68,68,68,68,68,68,68,68,68,68,68,68,68,68,68,68,68,,30,30,TRUE
1465YKBLUE-XL,69,69,73,73,73,73,73,73,73,73,66,72,72,72,72,72,72,72,72,72,72,72,72,72,72,72,72,72,72,72,,30,30,TRUE
1465YKBLUE-XS,15,15,15,15,15,15,15,15,15,15,15,15,15,15,15,15,15,15,15,15,15,15,15,15,15,15,15,15,15,15,,30,30,TRUE
1465YKBLUE-XXL,79,79,79,79,79,79,79,79,79,79,79,79,79,79,79,79,79,79,79,79,79,79,79,79,79,79,79,79,79,79,,30,30,TRUE
1466YKYELLOW-3XL,35,34,34,34,34,34,34,34,33,33,33,33,33,33,33,34,33,33,32,31,31,28,30,30,30,30,30,30,30,30,,30,30,TRUE
1466YKYELLOW-4XL,3,5,5,6,6,6,6,6,6,6,6,6,7,7,7,7,7,7,6,6,6,6,6,6,11,6,6,6,6,6,,30,30,TRUE
1466YKYELLOW-5XL,0,0,0,0,0,0,0,0,0,0,0,0,0,0,0,0,0,0,0,0,0,0,0,0,0,0,0,0,0,0,,0,0,TRUE
1466YKYELLOW-L,17,18,18,18,18,18,18,18,18,18,18,18,18,17,17,17,17,17,17,17,17,17,17,17,17,17,17,17,17,17,,30,30,TRUE
1466YKYELLOW-M,32,32,32,32,32,32,32,32,32,32,32,32,32,32,32,32,32,32,32,31,31,31,31,31,31,29,29,29,29,29,,30,30,TRUE
1466YKYELLOW-S,9,9,9,9,9,9,9,9,9,9,9,9,9,8,8,8,8,8,8,8,8,8,8,8,8,8,8,8,8,8,,30,30,TRUE
1466YKYELLOW-XL,2,2,2,3,3,3,3,3,3,3,3,3,3,3,3,3,3,3,3,3,3,3,3,3,3,3,3,3,3,3,,30,30,TRUE
1466YKYELLOW-XS,10,10,10,10,10,10,10,10,10,10,10,10,10,10,10,10,10,10,10,10,10,10,10,10,10,10,10,10,10,10,,30,30,TRUE
1466YKYELLOW-XXL,22,22,22,22,22,22,22,22,22,22,21,22,22,22,22,20,20,20,18,18,18,18,18,18,18,17,18,18,18,18,,30,30,TRUE
1467YKGREY-3XL,11,10,10,10,10,10,10,10,10,10,10,10,10,10,10,10,10,10,9,4,9,9,10,9,9,9,9,9,9,9,,30,30,TRUE
1467YKGREY-4XL,16,16,10,22,21,21,21,22,22,22,22,22,23,23,23,23,23,23,23,23,19,18,18,18,18,17,15,15,17,17,,30,30,TRUE
1467YKGREY-5XL,1,1,1,4,3,3,3,1,1,1,1,1,1,1,1,2,2,2,1,1,1,1,1,1,0,1,1,1,2,2,,29,30,FALSE
1467YKGREY-L,0,0,0,0,0,0,0,0,0,0,0,0,0,0,0,0,0,0,0,0,0,0,0,0,0,0,0,0,0,0,,0,0,TRUE
1467YKGREY-M,1,1,1,1,1,1,1,1,1,1,1,1,1,1,1,1,1,1,1,1,1,1,1,1,1,1,1,1,1,1,,30,30,TRUE
1467YKGREY-XL,13,13,13,13,13,12,12,12,12,12,12,12,12,12,12,12,12,12,12,12,12,11,11,11,11,11,11,11,11,11,,30,30,TRUE
1467YKGREY-XXL,5,5,4,3,3,3,3,3,3,3,3,3,4,4,4,4,4,4,4,4,4,4,4,3,4,3,3,3,3,3,,30,30,TRUE
1468YKYELLOW-3XL,8,9,9,12,12,10,10,10,10,10,10,9,9,7,7,7,7,7,7,7,7,7,7,3,4,3,3,3,3,3,,30,30,TRUE
1468YKYELLOW-4XL,15,15,18,18,18,18,18,18,18,18,18,18,18,18,18,18,18,18,18,17,15,15,15,16,16,16,16,14,14,6,,30,30,TRUE
1468YKYELLOW-5XL,18,18,18,18,18,18,18,18,13,13,13,13,12,12,12,12,12,12,12,12,12,12,12,13,13,13,13,13,13,13,,30,30,TRUE
1468YKYELLOW-L,2,3,4,4,5,5,5,4,0,0,0,0,0,0,0,1,2,2,1,1,1,1,1,2,4,2,2,3,3,2,,23,23,TRUE
1468YKYELLOW-M,11,12,12,12,11,11,6,5,2,2,2,2,2,2,2,2,2,2,2,2,1,1,1,1,2,1,1,1,1,1,,30,30,TRUE
1468YKYELLOW-S,8,7,7,7,7,7,5,4,1,1,2,2,2,2,2,2,2,2,1,1,1,1,1,1,2,1,1,1,1,1,,30,30,TRUE
1468YKYELLOW-XL,5,6,13,13,13,12,12,11,11,11,11,10,10,4,4,4,5,5,3,2,2,2,3,4,3,3,3,4,4,4,,30,30,TRUE
1468YKYELLOW-XXL,3,3,3,4,4,4,4,4,0,0,0,0,0,0,0,0,0,0,0,0,0,0,0,0,2,0,0,4,3,3,,12,11,FALSE
1469YKPURPLE-L,16,17,19,19,20,19,19,19,19,18,18,18,18,18,18,19,19,19,17,17,17,17,17,17,17,17,19,20,20,20,,30,30,TRUE
1469YKPURPLE-M,91,91,91,91,91,91,91,91,91,92,93,93,92,92,92,93,93,93,91,91,91,91,91,91,91,91,93,93,93,93,,30,30,TRUE
1469YKPURPLE-S,36,37,37,37,36,36,35,35,32,32,32,32,32,32,32,32,32,32,31,31,31,19,19,19,19,19,19,19,20,20,,30,30,TRUE
1469YKPURPLE-XL,24,24,24,24,24,24,24,24,24,24,11,20,21,21,21,22,22,22,22,22,22,22,22,22,22,21,21,21,21,21,,30,30,TRUE
1469YKPURPLE-XS,9,9,9,9,9,9,7,7,7,7,7,7,7,7,7,7,7,7,7,7,7,7,8,8,8,8,8,8,8,8,,30,30,TRUE
146YK148AZKBLU-3XL,189,214,216,217,214,212,210,206,205,201,206,206,203,200,200,198,198,198,195,193,186,187,187,189,189,189,189,190,194,194,,30,30,TRUE
146YK148AZKBLU-4XL,130,157,158,159,160,157,156,156,155,196,195,193,196,224,224,224,224,224,223,221,214,219,219,219,218,209,209,213,208,208,,30,30,TRUE
146YK148AZKBLU-5XL,249,267,272,271,273,272,267,267,265,302,299,295,286,295,295,294,293,293,289,286,273,279,279,277,276,269,268,273,291,288,,30,30,TRUE
146YK148AZKBLU-6XL,48,58,56,56,58,57,57,58,58,56,55,52,47,46,46,45,46,45,43,38,43,43,43,44,43,44,43,43,44,43,,30,30,TRUE
146YK148AZKBLU-7XL,39,44,43,36,39,39,39,38,37,36,36,36,35,39,39,43,43,43,41,41,41,40,41,42,42,46,45,44,44,44,,30,30,TRUE
146YK148AZKBLU-8XL,64,70,69,71,71,71,69,69,67,67,67,68,68,68,68,67,67,67,67,67,65,66,67,67,66,66,66,65,67,67,,30,30,TRUE
146YK148AZKBLU-L,63,68,69,68,68,63,63,63,62,62,62,62,62,60,60,59,59,59,59,59,59,58,58,58,58,59,53,53,58,58,,30,30,TRUE
146YK148AZKBLU-M,51,56,56,56,55,55,55,54,55,55,54,56,56,53,53,51,51,51,49,49,49,49,49,49,49,54,54,54,48,47,,30,30,TRUE
146YK148AZKBLU-S,39,39,39,38,38,38,38,38,38,38,35,35,35,34,34,33,32,32,32,32,32,32,32,32,32,32,32,32,32,32,,30,30,TRUE
146YK148AZKBLU-XL,73,78,78,78,78,78,78,78,77,78,78,78,79,79,79,79,79,79,75,75,75,75,76,77,77,70,69,69,62,61,,30,30,TRUE
146YK148AZKBLU-XS,3,3,3,3,3,2,2,2,0,0,0,0,0,0,0,0,0,0,0,0,0,0,0,0,2,0,0,0,1,1,,11,10,FALSE
146YK148AZKBLU-XXL,201,235,237,236,236,235,233,233,233,235,233,234,233,267,267,264,264,264,264,261,261,260,260,259,258,259,252,254,258,256,,30,30,TRUE
1470YKBLUE-L,278,279,279,280,280,269,269,269,269,279,278,278,276,266,266,268,267,267,267,267,266,265,266,267,267,267,267,267,247,247,,30,30,TRUE
1470YKBLUE-M,330,330,328,328,328,313,311,308,301,306,306,306,305,295,295,295,295,295,295,295,295,295,296,297,296,297,297,297,267,267,,30,30,TRUE
1470YKBLUE-S,130,130,129,131,129,129,129,130,130,131,131,130,130,130,130,131,131,131,131,131,131,131,132,133,132,127,127,127,118,117,,30,30,TRUE
1470YKBLUE-XL,327,327,324,326,326,326,326,326,326,341,341,341,339,329,329,328,329,328,319,319,318,317,318,318,317,318,318,318,298,298,,30,30,TRUE
1470YKBLUE-XS,68,69,69,67,67,67,67,68,68,68,68,68,68,68,68,68,68,68,64,64,64,64,64,64,64,64,64,64,59,59,,30,30,TRUE
1471YKWHITE-3XL,8,8,8,8,8,7,3,3,1,0,1,1,1,1,1,1,2,2,2,1,1,1,1,2,2,2,2,2,2,2,,29,29,TRUE
1471YKWHITE-4XL,7,7,7,7,8,7,5,5,3,3,3,2,3,3,3,2,2,2,2,2,2,2,2,2,4,2,2,2,3,3,,30,30,TRUE
1471YKWHITE-5XL,4,4,4,4,4,4,4,4,2,2,2,2,3,2,2,2,2,2,2,2,2,2,2,2,2,2,2,2,2,2,,30,30,TRUE
1471YKWHITE-6XL,1,1,1,1,1,1,1,1,1,1,1,1,1,1,1,1,1,1,1,1,1,1,1,1,1,1,1,1,1,1,,30,30,TRUE
1471YKWHITE-7XL,2,2,2,2,1,1,1,1,1,1,1,1,1,1,1,1,1,1,1,1,1,1,1,1,1,1,1,1,1,1,,30,30,TRUE
1471YKWHITE-8XL,0,0,0,0,0,0,0,0,0,0,0,0,0,0,0,0,0,0,0,0,0,0,0,0,0,0,0,0,0,0,,0,0,TRUE
1471YKWHITE-L,26,26,29,29,29,29,29,29,29,29,26,29,30,30,30,30,30,30,30,30,30,30,30,30,30,30,30,30,30,30,,30,30,TRUE
1471YKWHITE-M,26,26,27,27,27,27,26,26,26,25,25,25,25,24,24,24,24,24,23,23,23,23,23,23,23,23,23,25,25,25,,30,30,TRUE
1471YKWHITE-S,19,19,19,19,19,19,19,19,19,19,15,19,19,19,19,19,19,19,17,17,17,17,17,17,17,18,20,20,22,22,,30,30,TRUE
1471YKWHITE-XL,21,20,20,20,20,20,19,19,18,18,11,14,14,14,14,14,14,14,9,9,9,9,9,10,10,10,18,18,16,15,,30,30,TRUE
1471YKWHITE-XS,8,8,8,8,8,8,8,8,8,7,7,7,7,7,7,7,7,7,7,7,7,7,7,8,8,8,8,8,8,8,,30,30,TRUE
1471YKWHITE-XXL,2,2,2,2,2,2,2,2,2,2,2,2,2,2,2,2,2,2,2,2,2,1,1,2,2,2,2,2,2,2,,30,30,TRUE
1472YKGREEN-3XL,138,138,137,136,136,136,134,134,133,104,104,103,103,103,103,102,102,102,99,93,98,97,97,97,96,96,91,89,94,93,,30,30,TRUE
1472YKGREEN-4XL,20,20,18,17,16,15,15,16,5,2,6,6,8,8,8,8,8,8,6,6,6,5,5,5,34,5,5,4,5,4,,30,30,TRUE
1472YKGREEN-5XL,29,29,29,28,28,28,27,26,15,13,13,13,13,13,13,15,15,15,13,14,14,13,16,15,48,16,16,15,16,16,,30,30,TRUE
1472YKGREEN-6XL,63,63,61,62,60,60,60,60,60,60,60,59,58,54,54,54,54,54,53,53,53,52,52,52,48,51,50,50,40,39,,30,30,TRUE
1472YKGREEN-7XL,38,39,39,40,40,39,39,39,39,38,37,37,38,38,38,37,37,37,36,31,35,35,35,35,35,26,26,24,24,24,,30,30,TRUE
1472YKGREEN-8XL,40,40,40,42,41,41,40,40,40,39,39,38,37,36,36,35,35,35,37,37,32,32,32,30,30,16,16,20,20,20,,30,30,TRUE
1472YKGREEN-L,83,84,82,82,82,82,81,80,81,11,11,12,12,12,12,12,12,12,10,10,9,9,9,9,26,8,8,8,9,8,,30,30,TRUE
1472YKGREEN-M,19,22,22,22,22,22,20,18,17,13,17,17,17,17,17,17,17,17,12,12,12,12,12,14,14,13,13,13,10,10,,30,30,TRUE
1472YKGREEN-S,42,42,42,42,42,42,42,42,42,42,39,42,42,42,42,41,41,41,41,40,40,38,38,38,37,38,38,39,39,39,,30,30,TRUE
1472YKGREEN-XL,2,2,2,3,4,4,4,4,4,6,6,5,5,4,4,18,18,18,6,6,6,6,6,7,35,7,7,12,6,6,,30,30,TRUE
1472YKGREEN-XS,21,21,21,22,22,22,22,21,21,21,18,16,12,14,14,13,13,13,13,13,9,9,8,7,7,7,7,7,7,6,,30,30,TRUE
1472YKGREEN-XXL,40,38,37,37,36,35,34,33,33,24,28,27,27,27,27,28,28,28,20,18,13,13,13,5,24,8,8,9,9,9,,30,30,TRUE
1473YKWHITE-3XL,7,7,6,4,4,4,4,2,0,0,0,0,1,65,65,65,65,65,59,59,59,59,59,59,58,49,49,49,49,49,,26,26,TRUE
1473YKWHITE-4XL,6,6,6,6,6,6,3,3,0,0,0,0,1,1,1,2,2,2,2,1,1,1,1,54,52,42,40,40,42,42,,26,26,TRUE
1473YKWHITE-5XL,10,11,11,11,10,10,7,6,2,1,2,2,3,3,3,3,3,3,3,3,3,3,3,43,43,38,38,37,34,32,,30,30,TRUE
1473YKWHITE-L,1,1,2,2,2,1,1,1,1,1,1,1,1,85,85,87,87,87,51,51,41,41,41,117,117,107,107,108,108,108,,30,30,TRUE
1473YKWHITE-M,1,1,1,2,2,1,1,1,1,1,1,1,1,86,86,106,106,106,54,52,41,38,38,94,94,83,83,83,83,83,,30,30,TRUE
1473YKWHITE-S,47,47,49,49,50,50,50,51,40,24,24,24,23,23,23,26,26,26,26,26,25,25,27,64,63,64,64,64,64,64,,30,30,TRUE
1473YKWHITE-XL,10,10,9,9,9,9,7,7,1,1,1,1,2,82,82,81,81,81,51,51,51,51,52,51,48,51,51,51,51,48,,30,30,TRUE
1473YKWHITE-XS,29,29,29,30,30,30,30,30,26,26,25,26,26,26,26,26,26,26,24,24,24,24,24,46,46,46,46,46,47,47,,30,30,TRUE
1473YKWHITE-XXL,2,1,5,1,5,4,4,4,0,0,0,0,1,1,1,1,1,1,1,1,1,1,1,110,108,79,79,79,80,80,,26,26,TRUE
1475YKBLUE-L,12,12,12,12,12,12,12,12,12,12,4,12,12,12,12,12,12,12,12,12,12,12,12,12,12,12,12,12,12,12,,30,30,TRUE
1475YKBLUE-M,26,26,26,26,26,26,26,26,26,26,25,26,26,26,26,24,24,24,24,24,24,24,24,24,23,24,26,26,24,24,,30,30,TRUE
1475YKBLUE-S,24,24,24,24,24,24,24,24,24,24,23,24,24,24,24,24,24,24,24,24,24,24,24,24,24,25,25,24,24,24,,30,30,TRUE
1475YKBLUE-XL,3,3,3,3,3,3,3,3,3,3,3,3,3,3,3,3,3,3,3,3,3,3,3,3,3,3,3,3,3,3,,30,30,TRUE
1475YKBLUE-XS,14,14,14,14,14,14,14,14,14,14,14,14,14,14,14,14,14,14,14,14,14,14,14,14,14,14,14,14,14,14,,30,30,TRUE
1475YKBLUE-XXL,0,0,0,0,0,0,0,0,0,0,0,0,0,0,0,0,0,0,0,0,0,0,0,0,0,0,0,0,0,0,,0,0,TRUE
1476YKPINK-3XL,3,4,4,3,3,3,3,3,0,0,0,0,0,0,0,5,5,5,4,4,4,4,4,4,4,4,4,4,4,4,,23,23,TRUE
1476YKPINK-4XL,10,11,11,12,12,12,9,9,8,7,7,7,8,6,6,6,6,6,6,6,6,6,6,4,4,4,4,4,5,5,,30,30,TRUE
1476YKPINK-5XL,3,2,2,2,2,2,2,2,2,2,2,2,2,2,2,2,2,2,2,2,2,2,2,2,2,2,2,5,4,4,,30,30,TRUE
1476YKPINK-6XL,0,0,1,0,1,1,1,0,0,0,0,0,0,0,0,0,0,0,0,0,0,0,0,1,1,1,1,1,0,1,,10,8,FALSE
1476YKPINK-7XL,0,0,0,0,0,0,0,0,0,0,0,0,0,0,0,0,0,0,0,0,0,1,1,1,1,1,1,1,0,0,,7,6,FALSE
1476YKPINK-8XL,0,0,1,0,2,2,2,2,1,1,1,2,2,2,2,2,2,2,1,1,1,1,1,0,1,1,1,1,1,1,,26,25,FALSE
1476YKPINK-L,18,18,18,18,18,18,18,18,18,18,18,18,18,18,18,18,15,15,15,15,15,15,15,15,15,15,18,18,18,18,,30,30,TRUE
1476YKPINK-M,26,26,26,26,26,26,26,26,26,26,26,26,26,26,26,26,26,26,26,26,26,26,26,26,26,26,26,26,26,26,,30,30,TRUE
1476YKPINK-S,18,18,18,18,18,18,18,19,19,19,18,19,19,19,19,19,19,19,19,19,19,19,19,19,19,19,19,19,19,19,,30,30,TRUE
1476YKPINK-XL,35,35,37,37,37,37,37,37,37,37,37,37,37,37,37,37,37,37,37,37,37,37,37,37,37,35,35,34,34,34,,30,30,TRUE
1476YKPINK-XXL,32,32,32,32,32,32,32,31,31,26,26,26,26,26,26,26,26,26,25,25,25,25,25,25,25,25,25,25,25,25,,30,30,TRUE
1477YKBLUE-3XL,4,4,4,5,5,5,5,4,4,4,4,4,4,4,4,4,4,4,4,4,4,4,5,5,5,5,5,5,5,5,,30,30,TRUE
1477YKBLUE-4XL,3,3,3,5,5,3,3,2,0,0,0,0,0,0,0,0,0,0,0,0,0,0,0,0,1,0,0,1,1,1,,12,11,FALSE
1477YKBLUE-5XL,0,0,0,0,0,0,0,0,0,0,0,0,0,0,0,0,0,0,0,0,0,0,0,0,0,0,0,0,0,0,,0,0,TRUE
1477YKBLUE-L,15,15,14,14,13,13,13,13,14,14,14,15,14,14,14,14,14,14,14,14,14,14,14,14,14,14,14,14,14,14,,30,30,TRUE
1477YKBLUE-M,13,13,15,15,15,14,14,13,13,14,14,14,14,12,12,12,12,12,12,12,12,12,12,12,12,12,12,12,12,12,,30,30,TRUE
1477YKBLUE-S,22,22,24,24,24,24,24,24,24,24,23,24,24,24,24,24,24,24,24,24,24,24,24,22,22,20,20,20,20,20,,30,30,TRUE
1477YKBLUE-XL,3,3,3,3,3,3,3,3,1,1,1,1,1,1,1,1,1,1,1,1,1,1,1,1,1,1,1,1,1,1,,30,30,TRUE
1477YKBLUE-XXL,1,4,4,4,4,4,4,4,4,4,4,4,4,4,4,4,5,5,5,5,5,5,5,5,5,5,5,5,5,5,,30,30,TRUE
1479YKPINK-3XL,1,1,1,1,1,1,1,1,1,1,1,1,1,1,1,1,1,1,1,1,1,1,1,1,1,1,1,1,1,1,,30,30,TRUE
1479YKPINK-4XL,0,0,0,0,0,0,0,0,0,0,0,0,0,0,0,0,0,0,0,0,0,0,0,0,0,0,0,0,0,0,,0,0,TRUE
1479YKPINK-5XL,3,3,3,3,3,3,3,2,2,2,2,2,2,2,2,2,2,2,2,2,2,2,2,2,2,2,2,2,3,3,,30,30,TRUE
1479YKPINK-L,1,1,1,1,1,1,1,1,1,1,1,1,1,1,1,1,1,1,1,1,1,1,1,1,1,1,1,1,1,1,,30,30,TRUE
1479YKPINK-M,0,0,0,0,0,0,0,0,0,0,0,0,0,0,0,0,0,0,0,0,0,0,0,0,0,0,0,0,0,0,,0,0,TRUE
1479YKPINK-S,5,6,8,8,8,8,6,7,7,7,7,7,7,5,5,5,5,5,5,5,5,5,5,5,5,5,5,5,5,5,,30,30,TRUE
1479YKPINK-XL,1,1,1,1,1,1,1,1,1,1,1,1,1,1,1,1,1,1,1,1,1,1,1,1,1,1,1,2,2,2,,30,30,TRUE
1479YKPINK-XXL,1,1,1,1,1,1,1,1,1,1,1,1,1,1,1,1,1,1,1,1,1,1,1,1,1,1,1,1,1,1,,30,30,TRUE
147YK261BLUE-3XL,0,0,0,0,0,0,0,0,0,0,0,0,0,0,0,0,0,0,0,0,0,0,0,0,0,0,0,0,0,0,,0,0,TRUE
147YK261BLUE-4XL,0,0,0,0,0,0,0,0,0,0,0,0,0,0,0,0,0,0,0,0,0,0,0,0,0,0,0,0,0,0,,0,0,TRUE
147YK261BLUE-5XL,0,0,0,0,0,0,0,0,0,0,0,0,0,0,0,0,0,0,0,0,0,0,0,0,0,0,0,0,0,0,,0,0,TRUE
147YK261BLUE-L,0,0,0,0,0,0,0,0,0,0,0,0,0,0,0,0,0,0,0,0,0,0,0,0,0,0,0,0,0,0,,0,0,TRUE
147YK261BLUE-M,0,0,0,0,0,0,0,0,0,0,0,0,0,0,0,0,0,0,0,0,0,0,0,0,0,0,0,0,0,0,,0,0,TRUE
147YK261BLUE-S,0,0,0,0,0,0,0,0,0,0,0,0,0,0,0,0,0,0,0,0,0,0,0,0,0,0,0,0,0,0,,0,0,TRUE
147YK261BLUE-XL,0,0,0,0,0,0,0,0,0,0,0,0,0,0,0,0,0,0,0,0,0,0,0,0,0,0,0,0,0,0,,0,0,TRUE
147YK261BLUE-XXL,0,0,0,0,0,0,0,0,0,0,0,0,0,0,0,0,0,0,0,0,0,0,0,0,0,0,0,0,0,0,,0,0,TRUE
1481YKORANGE-L,3,4,4,5,5,5,5,5,5,5,5,5,5,5,5,5,5,5,5,5,5,5,5,4,21,3,5,5,5,5,,30,30,TRUE
1481YKORANGE-M,17,18,19,19,19,18,18,18,17,17,17,17,17,17,17,16,16,16,16,16,16,16,16,16,16,12,12,12,12,12,,30,30,TRUE
1481YKORANGE-S,18,18,17,16,18,18,18,19,19,19,19,19,19,19,19,19,19,19,18,18,18,18,18,18,18,18,18,18,17,17,,30,30,TRUE
1481YKORANGE-XL,4,4,4,4,4,4,4,4,4,4,4,4,5,5,5,5,5,5,5,5,5,5,5,4,17,3,3,3,3,3,,30,30,TRUE
1481YKORANGE-XS,12,12,12,14,13,13,13,13,11,10,9,9,9,8,8,8,8,8,8,8,8,8,8,8,8,8,8,8,8,8,,30,30,TRUE
1482YKGREEN-3XL,1,1,1,3,2,2,2,2,0,0,0,0,0,0,0,0,0,0,0,0,0,0,0,0,0,0,0,0,0,3,,9,8,FALSE
1482YKGREEN-4XL,5,4,4,5,4,3,3,3,0,0,0,0,2,2,2,2,2,2,2,1,1,1,1,0,1,1,1,1,0,4,,24,19,FALSE
1482YKGREEN-5XL,1,1,1,0,0,0,0,0,0,0,0,0,1,1,1,1,1,1,0,0,0,0,1,1,1,1,1,1,0,0,,15,13,FALSE
1482YKGREEN-L,0,0,0,3,3,3,2,2,0,0,0,0,0,0,0,1,1,1,1,1,1,1,1,1,2,1,0,0,0,0,,16,16,TRUE
1482YKGREEN-M,1,1,1,1,1,1,1,2,2,2,2,2,2,2,2,1,1,1,1,1,1,1,1,2,2,2,2,2,1,1,,30,30,TRUE
1482YKGREEN-S,3,3,2,2,2,2,2,2,0,0,0,0,0,0,0,0,0,0,0,0,0,0,0,0,0,0,0,0,0,5,,9,8,FALSE
1482YKGREEN-XL,0,0,0,0,0,0,0,0,0,0,0,0,0,0,0,0,0,0,0,0,0,0,0,0,4,0,0,0,1,1,,3,2,FALSE
1482YKGREEN-XS,0,0,0,0,0,0,0,0,0,0,0,0,0,0,0,0,0,0,0,0,0,0,0,0,0,0,0,0,0,0,,0,0,TRUE
1482YKGREEN-XXL,2,2,2,1,1,1,1,1,1,1,1,1,2,2,2,2,2,2,1,1,1,1,1,1,1,1,1,1,1,1,,30,30,TRUE
1484YKYELLOW-3XL,3,3,3,6,6,6,3,3,3,3,3,3,3,3,3,8,8,8,4,4,4,3,3,3,6,3,3,3,3,3,,30,30,TRUE
1484YKYELLOW-4XL,0,0,0,1,2,2,2,2,0,0,0,0,0,0,0,0,0,0,0,0,0,0,0,0,1,1,1,1,0,5,,10,5,FALSE
1484YKYELLOW-5XL,1,1,1,1,1,1,1,1,1,1,1,1,0,0,0,0,0,0,0,0,0,0,0,0,0,0,0,0,0,0,,12,12,TRUE
1484YKYELLOW-6XL,0,0,0,1,1,1,1,1,1,0,0,0,0,0,0,0,0,0,0,0,0,0,0,0,0,0,0,0,0,0,,6,6,TRUE
1484YKYELLOW-7XL,0,0,0,1,1,1,1,1,1,1,1,1,1,1,1,1,1,1,0,0,0,0,0,0,4,0,0,0,0,0,,16,13,FALSE
1484YKYELLOW-8XL,1,1,1,0,0,0,0,0,0,0,0,0,0,0,0,0,0,0,0,0,0,0,0,1,1,1,1,1,1,1,,10,10,TRUE
1484YKYELLOW-L,9,8,10,10,10,10,8,8,8,8,8,8,8,8,8,9,9,9,9,9,9,8,9,9,9,9,9,9,9,8,,30,30,TRUE
1484YKYELLOW-M,15,15,15,15,15,15,15,15,15,15,15,15,15,15,15,17,17,17,17,17,16,16,16,16,16,16,16,16,16,16,,30,30,TRUE
1484YKYELLOW-S,17,17,19,19,19,19,19,19,19,19,19,19,19,19,19,20,20,20,17,17,17,17,17,17,17,15,15,15,15,15,,30,30,TRUE
1484YKYELLOW-XL,9,9,9,9,9,9,8,7,7,7,6,6,6,6,6,6,6,6,6,6,6,6,7,7,7,7,8,9,7,7,,30,30,TRUE
1484YKYELLOW-XS,3,3,8,8,8,8,8,8,8,8,8,8,7,7,7,7,7,7,7,7,7,7,7,7,6,1,1,6,6,6,,30,30,TRUE
1484YKYELLOW-XXL,27,27,27,27,27,27,27,27,27,21,21,21,21,21,21,21,21,21,21,21,21,21,21,21,21,17,17,17,17,17,,30,30,TRUE
1485YKMUSTARD-3XL,51,51,50,49,49,44,43,43,42,42,42,42,43,38,38,38,38,38,37,37,36,34,36,37,37,37,37,37,32,32,,30,30,TRUE
1485YKMUSTARD-4XL,49,49,49,49,49,49,52,52,52,52,52,52,52,52,52,52,52,52,53,53,53,53,53,53,53,51,51,51,51,51,,30,30,TRUE
1485YKMUSTARD-5XL,125,124,124,123,123,123,125,125,125,125,125,125,126,125,125,125,125,125,122,122,122,122,122,122,122,118,117,118,118,118,,30,30,TRUE
1485YKMUSTARD-6XL,19,19,19,19,18,18,19,19,19,18,18,18,18,14,14,14,14,14,14,13,10,10,10,11,10,12,15,15,15,15,,30,30,TRUE
1485YKMUSTARD-7XL,22,22,22,22,20,15,15,15,10,10,10,10,9,9,9,8,8,8,8,8,8,8,8,8,12,7,6,6,6,6,,30,30,TRUE
1485YKMUSTARD-8XL,27,27,27,27,26,26,29,29,29,29,29,28,28,28,28,29,29,29,29,29,29,29,29,29,28,29,27,27,27,27,,30,30,TRUE
1485YKMUSTARD-L,22,21,20,20,20,19,18,17,15,15,14,14,11,12,12,11,11,11,11,10,8,10,10,10,10,10,10,10,10,10,,30,30,TRUE
1485YKMUSTARD-M,31,30,30,30,31,29,30,30,30,29,29,29,31,31,31,32,32,32,31,31,31,31,31,31,31,32,32,32,32,32,,30,30,TRUE
1485YKMUSTARD-S,26,26,26,26,26,26,26,26,26,26,26,26,26,26,26,26,26,26,24,24,24,24,24,24,24,24,24,24,24,25,,30,30,TRUE
1485YKMUSTARD-XL,30,30,30,30,30,24,22,22,21,21,20,20,20,15,15,15,16,16,17,17,17,17,17,17,17,17,17,16,15,15,,30,30,TRUE
1485YKMUSTARD-XS,13,13,13,13,13,13,13,14,14,14,12,12,12,12,12,12,12,12,12,12,12,12,12,12,12,12,12,12,12,12,,30,30,TRUE
1485YKMUSTARD-XXL,34,36,36,36,35,35,37,37,37,37,37,37,37,32,32,32,32,32,31,30,25,25,25,25,25,25,25,25,25,25,,30,30,TRUE
1486YKPURPLE-3XL,24,24,23,22,21,21,21,21,19,19,18,17,17,17,17,17,17,17,17,17,16,16,16,16,16,16,16,16,16,16,,30,30,TRUE
1486YKPURPLE-4XL,1,1,1,1,1,1,0,0,0,0,0,0,0,0,0,0,0,0,0,0,0,0,0,0,0,0,0,0,0,0,,6,6,TRUE
1486YKPURPLE-5XL,1,1,1,1,1,1,1,1,1,1,1,0,0,0,0,0,0,0,0,0,0,0,0,0,0,0,0,0,0,1,,12,11,FALSE
1486YKPURPLE-6XL,1,1,1,2,2,2,2,1,1,1,1,1,1,0,0,0,0,0,0,0,0,0,0,0,1,1,1,1,0,5,,18,13,FALSE
1486YKPURPLE-7XL,10,10,10,10,10,10,10,10,9,8,8,8,8,8,8,7,7,7,7,6,1,6,6,6,6,6,6,5,5,5,,30,30,TRUE
1486YKPURPLE-8XL,3,3,3,3,3,2,2,2,0,0,0,0,0,0,0,1,1,1,1,0,0,0,0,1,1,1,1,1,1,1,,19,19,TRUE
1486YKPURPLE-L,6,6,6,5,5,5,5,5,3,3,2,3,3,3,3,3,3,3,3,3,3,3,3,3,3,3,3,3,3,3,,30,30,TRUE
1486YKPURPLE-M,10,10,10,10,11,10,10,10,10,10,7,10,10,10,10,10,9,9,9,9,9,9,9,8,8,8,8,8,8,8,,30,30,TRUE
1486YKPURPLE-S,8,8,8,8,8,8,8,8,8,8,8,8,8,8,8,8,8,8,8,8,8,8,8,8,8,8,8,8,8,8,,30,30,TRUE
1486YKPURPLE-XL,2,2,2,2,2,2,2,2,0,0,0,0,0,0,0,0,0,0,0,0,0,0,0,0,1,0,0,0,0,0,,9,8,FALSE
1486YKPURPLE-XS,12,12,16,16,16,16,16,16,16,16,16,16,16,16,16,16,16,16,16,16,16,16,16,16,16,16,16,16,16,16,,30,30,TRUE
1486YKPURPLE-XXL,12,12,12,12,11,10,10,10,8,7,7,6,7,7,7,7,7,7,7,7,7,7,7,7,7,7,7,7,8,8,,30,30,TRUE
1488YKWHITE-3XL,20,20,12,16,16,15,15,15,15,22,22,22,24,24,24,39,39,39,37,37,36,34,34,35,110,32,23,25,25,25,,30,30,TRUE
1488YKWHITE-3XL-4XL,0,1,0,2,0,0,0,0,1,0,0,0,0,0,0,0,0,20,19,18,17,16,16,15,15,4,3,2,1,0,,15,15,TRUE
1488YKWHITE-4XL,14,14,14,17,17,17,17,17,17,17,17,17,20,20,20,20,21,21,21,21,21,21,21,27,59,29,29,21,20,18,,30,30,TRUE
1488YKWHITE-5XL,6,8,8,12,13,12,12,12,12,12,12,12,15,15,15,17,17,17,17,17,17,17,17,16,72,16,16,17,17,17,,30,30,TRUE
1488YKWHITE-5XL-6XL,14,22,20,22,26,25,25,24,28,28,27,26,27,27,27,26,26,26,24,23,21,16,16,12,12,10,9,8,6,5,,30,30,TRUE
1488YKWHITE-6XL,5,6,6,6,6,6,6,6,6,6,6,6,11,11,11,16,20,20,20,21,21,21,21,26,28,27,27,27,29,29,,30,30,TRUE
1488YKWHITE-7XL,7,8,8,9,13,13,13,13,13,13,13,13,15,15,15,17,17,17,17,16,15,14,14,15,30,15,15,15,15,15,,30,30,TRUE
1488YKWHITE-7XL-8XL,36,36,35,34,34,34,34,36,31,30,30,30,29,29,29,28,28,29,28,28,28,26,26,24,24,23,23,25,24,24,,30,30,TRUE
1488YKWHITE-8XL,12,12,12,12,12,12,12,12,12,12,11,12,12,12,12,14,14,14,14,14,14,12,13,15,25,15,15,15,15,15,,30,30,TRUE
1488YKWHITE-L,211,216,213,219,220,220,220,220,226,229,223,232,235,235,235,236,237,236,236,236,235,235,236,243,242,242,243,245,247,248,,30,30,TRUE
1488YKWHITE-M,265,267,264,264,264,264,264,264,264,265,258,266,266,266,266,266,266,266,265,265,264,264,264,266,266,266,266,266,268,268,,30,30,TRUE
1488YKWHITE-M-L,551,548,546,550,550,547,546,545,542,541,538,537,528,534,534,533,533,533,517,516,516,514,514,515,515,503,503,502,472,473,,30,30,TRUE
1488YKWHITE-S,88,89,84,87,88,88,88,91,91,96,96,96,97,97,97,98,98,98,98,98,98,97,99,101,101,101,101,101,105,105,,30,30,TRUE
1488YKWHITE-XL,98,101,92,100,101,101,101,101,101,110,110,111,114,114,114,114,114,114,114,114,114,114,114,114,114,116,119,120,120,120,,30,30,TRUE
1488YKWHITE-XL-XXL,593,602,600,603,599,599,599,600,598,597,595,593,585,579,579,577,577,577,572,572,530,529,528,529,529,512,517,522,501,498,,30,30,TRUE
1488YKWHITE-XS,17,17,17,18,18,18,18,18,18,18,17,18,17,17,17,17,17,17,17,17,17,17,17,18,18,18,19,19,19,19,,30,30,TRUE
1488YKWHITE-XS-S,413,412,412,412,412,412,411,411,410,408,408,407,406,404,404,404,404,404,403,403,397,397,397,397,397,397,400,400,400,400,,30,30,TRUE
1488YKWHITE-XXL,107,107,103,113,113,113,113,113,113,102,96,105,111,112,112,117,118,117,115,115,115,116,117,127,126,128,128,130,130,130,,30,30,TRUE
1491YKMAROON-3XL,32,33,33,36,36,36,36,36,35,35,35,35,35,35,35,35,35,35,36,35,35,35,35,37,37,80,80,85,88,87,,30,30,TRUE
1491YKMAROON-4XL,26,25,23,26,25,21,21,21,21,19,19,19,18,19,19,19,19,19,18,18,16,18,18,28,28,88,86,86,88,88,,30,30,TRUE
1491YKMAROON-5XL,22,22,22,22,22,20,20,20,18,16,16,16,13,16,16,17,17,17,17,17,16,15,15,63,63,96,96,96,101,101,,30,30,TRUE
1491YKMAROON-6XL,4,5,4,4,5,4,4,4,3,3,3,3,3,3,3,3,3,3,3,3,3,3,3,3,6,3,3,3,4,4,,30,30,TRUE
1491YKMAROON-7XL,3,3,3,3,3,3,3,3,3,3,3,3,3,3,3,3,3,3,3,3,3,3,3,22,22,116,116,118,120,120,,30,30,TRUE
1491YKMAROON-8XL,2,5,5,5,5,5,5,4,3,3,3,3,3,3,3,2,2,2,2,2,2,2,2,2,4,11,9,13,15,13,,30,30,TRUE
1491YKMAROON-L,18,18,18,18,18,18,18,18,16,16,16,16,16,16,16,16,16,16,16,16,16,16,16,36,36,36,36,36,36,36,,30,30,TRUE
1491YKMAROON-M,15,15,15,15,15,15,15,15,15,15,15,15,15,15,15,15,15,15,15,15,15,15,15,37,37,37,37,37,37,37,,30,30,TRUE
1491YKMAROON-S,26,26,26,26,26,26,26,26,24,24,24,24,24,24,24,24,24,24,24,24,24,24,24,44,44,44,44,44,44,44,,30,30,TRUE
1491YKMAROON-XL,19,19,19,19,19,19,19,19,17,17,17,17,17,17,17,17,17,17,17,17,17,17,17,34,34,34,34,34,34,34,,30,30,TRUE
1491YKMAROON-XXL,89,91,91,92,92,92,92,92,93,93,93,94,94,94,94,94,94,94,94,94,94,94,94,95,95,117,117,117,119,118,,30,30,TRUE
1492YKINDIGO-L,1,1,1,1,1,1,1,1,1,1,1,1,1,1,1,1,1,1,1,1,1,1,1,1,1,1,1,1,1,1,,30,30,TRUE
1492YKINDIGO-M,0,0,0,1,1,1,1,1,0,0,0,0,0,0,0,0,0,0,0,0,0,0,0,0,1,0,0,2,2,2,,9,8,FALSE
1492YKINDIGO-S,7,8,8,8,8,8,7,7,7,7,6,6,6,6,6,6,6,6,6,6,6,6,6,4,4,3,3,3,3,3,,30,30,TRUE
1492YKINDIGO-XL,0,1,1,0,0,0,0,0,0,0,0,0,0,0,0,0,0,0,0,0,0,0,0,0,0,0,0,0,0,0,,2,2,TRUE
1492YKINDIGO-XXL,0,0,0,0,0,0,0,0,0,0,0,0,1,1,1,1,1,1,1,1,1,1,1,1,1,1,1,1,1,1,,18,18,TRUE
1493YKMAROON-L,30,31,31,31,31,30,30,30,30,30,30,30,29,29,29,29,29,29,29,29,29,29,29,29,29,29,30,30,30,30,,30,30,TRUE
1493YKMAROON-M,43,44,45,45,45,45,45,45,45,45,45,45,45,45,45,44,44,44,44,44,44,44,45,45,45,45,46,46,47,47,,30,30,TRUE
1493YKMAROON-S,10,9,9,9,9,9,9,9,8,8,8,9,8,7,7,9,9,9,9,9,9,9,9,9,9,9,11,12,12,12,,30,30,TRUE
1493YKMAROON-XL,32,32,32,32,32,32,32,32,32,32,32,32,32,32,32,32,32,32,32,32,32,32,32,32,31,32,32,32,32,32,,30,30,TRUE
1494YKGREY-3XL,11,11,11,10,10,9,9,9,9,9,9,9,9,9,9,9,9,9,7,1,7,7,7,7,7,7,7,7,7,7,,30,30,TRUE
1494YKGREY-4XL,9,9,9,9,9,9,9,9,9,9,9,9,9,8,8,8,8,8,8,7,7,7,7,7,7,7,7,7,7,7,,30,30,TRUE
1494YKGREY-5XL,0,0,0,0,0,0,0,0,0,0,0,0,0,0,0,0,0,0,0,0,0,0,0,0,0,0,0,0,0,0,,0,0,TRUE
1494YKGREY-6XL,0,0,0,0,0,0,0,0,0,0,0,0,0,0,0,0,0,0,0,0,0,0,0,0,0,0,0,0,0,0,,0,0,TRUE
1494YKGREY-L,24,24,24,24,24,24,24,24,23,23,21,23,23,23,23,23,23,23,23,23,23,23,23,23,23,24,24,24,24,24,,30,30,TRUE
1494YKGREY-M,28,28,28,28,28,28,28,28,28,17,15,17,17,17,17,17,17,17,15,15,15,15,15,15,15,15,16,16,16,16,,30,30,TRUE
1494YKGREY-S,20,21,21,21,21,21,21,21,21,21,21,21,21,21,21,21,21,21,21,21,21,21,21,21,21,21,21,21,21,21,,30,30,TRUE
1494YKGREY-XL,2,2,2,2,2,2,2,2,2,2,2,2,3,3,3,3,3,3,3,3,3,2,2,2,2,2,2,2,2,2,,30,30,TRUE
1494YKGREY-XXL,26,26,26,36,36,36,36,36,36,36,36,36,36,36,36,36,36,36,36,36,36,36,36,36,36,36,36,36,27,27,,30,30,TRUE
1495YKGREEN-3XL,4,4,4,4,4,4,4,4,4,4,4,4,4,4,4,4,4,4,4,4,4,4,4,4,4,4,4,4,4,4,,30,30,TRUE
1495YKGREEN-4XL,1,1,1,1,1,1,1,1,1,1,1,1,1,1,1,1,1,1,1,1,1,1,1,1,1,1,1,1,1,1,,30,30,TRUE
1495YKGREEN-L,2,2,2,2,2,2,2,2,2,2,2,2,2,2,2,3,3,3,3,2,2,2,2,2,2,2,2,2,2,2,,30,30,TRUE
1495YKGREEN-M,1,1,1,1,1,1,1,1,1,1,1,1,1,1,1,1,1,1,1,1,1,1,1,1,1,1,1,1,1,1,,30,30,TRUE
1495YKGREEN-S,4,4,4,4,4,4,4,4,4,4,3,4,4,4,4,4,4,4,4,4,4,4,4,4,4,4,4,3,3,3,,30,30,TRUE
1495YKGREEN-XL,6,6,6,6,6,6,6,6,6,6,6,6,6,6,6,6,6,6,5,5,5,5,5,5,5,5,5,5,5,5,,30,30,TRUE
1495YKGREEN-XXL,5,5,5,5,5,5,5,5,5,5,5,5,7,7,7,6,6,6,6,6,6,7,7,7,7,7,8,8,8,8,,30,30,TRUE
1496YKPINK-L,36,36,36,36,36,36,36,36,36,36,36,36,36,36,36,36,36,36,36,36,36,36,36,36,36,36,36,36,36,36,,30,30,TRUE
1496YKPINK-M,32,32,32,32,32,32,32,32,32,32,32,32,32,32,32,32,32,32,31,30,30,30,30,30,30,30,31,31,30,30,,30,30,TRUE
1496YKPINK-S,11,11,11,11,12,12,12,12,12,12,9,12,12,12,12,12,12,12,12,12,12,12,12,12,12,12,12,12,12,12,,30,30,TRUE
1496YKPINK-XL,18,18,17,16,16,16,16,16,16,16,16,16,13,13,13,13,13,13,13,13,13,13,13,13,13,13,19,19,19,19,,30,30,TRUE
1496YKPINK-XS,0,0,0,0,0,0,0,0,0,0,0,0,0,0,0,0,0,0,0,0,0,0,0,0,0,0,0,0,0,1,,1,0,FALSE
1497YKWHITE-L,0,0,0,0,0,0,0,0,0,0,0,0,0,0,0,0,0,0,0,0,0,0,0,0,0,0,0,0,0,0,,0,0,TRUE
1497YKWHITE-M,0,0,0,0,0,0,0,0,0,0,0,0,0,0,0,0,0,0,0,0,0,0,0,0,0,0,0,0,0,0,,0,0,TRUE
1497YKWHITE-S,0,0,0,0,0,0,0,0,0,0,0,0,0,0,0,0,0,0,0,0,0,0,0,0,0,0,0,0,0,0,,0,0,TRUE
1497YKWHITE-XL,0,0,0,0,0,0,0,0,0,0,0,0,0,0,0,0,0,0,0,0,0,0,0,0,0,0,0,0,0,0,,0,0,TRUE
1497YKWHITE-XXL,0,0,0,0,0,0,0,0,0,0,0,0,0,0,0,0,0,0,0,0,0,0,0,0,0,0,0,0,0,0,,0,0,TRUE
1498YKGREEN-3XL,44,42,41,41,41,37,37,36,36,38,38,38,39,34,34,34,34,34,34,34,31,31,31,32,32,31,31,31,31,31,,30,30,TRUE
1498YKGREEN-4XL,63,63,62,62,62,62,61,61,60,62,62,61,63,63,63,63,62,62,57,57,56,56,56,56,56,56,56,55,54,52,,30,30,TRUE
1498YKGREEN-5XL,60,60,60,60,60,60,60,60,59,62,62,61,60,56,56,55,55,55,55,55,51,50,51,51,51,47,47,47,46,46,,30,30,TRUE
1498YKGREEN-6XL,22,23,23,23,23,21,21,21,21,23,23,22,22,20,20,20,20,20,19,19,19,18,18,16,15,17,17,17,17,17,,30,30,TRUE
1498YKGREEN-7XL,19,19,19,19,19,18,18,18,12,12,11,11,11,11,11,10,10,10,10,10,10,9,9,7,8,9,9,9,9,9,,30,30,TRUE
1498YKGREEN-8XL,17,16,16,16,16,13,13,13,13,15,15,15,14,14,14,14,14,14,14,14,14,14,14,14,14,14,14,14,13,13,,30,30,TRUE
1498YKGREEN-L,31,31,31,31,31,30,30,30,28,31,31,31,31,31,31,31,31,31,31,31,31,31,31,31,30,30,30,30,30,30,,30,30,TRUE
1498YKGREEN-M,47,47,50,50,50,50,50,50,50,50,50,50,50,48,48,48,48,48,47,47,47,47,47,47,47,47,47,47,47,47,,30,30,TRUE
1498YKGREEN-S,14,14,19,19,19,19,19,19,18,17,17,17,17,17,17,17,17,17,17,17,17,17,17,17,17,17,17,17,18,18,,30,30,TRUE
1498YKGREEN-XL,20,20,22,22,22,22,22,22,20,20,18,20,20,20,20,20,20,20,20,20,20,19,20,20,20,20,20,20,19,19,,30,30,TRUE
1498YKGREEN-XS,12,12,16,16,16,16,16,16,16,16,16,16,16,16,16,16,16,16,16,16,16,16,16,16,16,16,16,16,16,16,,30,30,TRUE
1498YKGREEN-XXL,33,33,33,34,32,32,32,32,33,41,41,41,40,40,40,40,40,40,40,40,39,39,39,39,39,39,39,39,39,39,,30,30,TRUE
1499YKGREEN-3XL,12,12,9,11,11,11,8,7,7,6,5,3,3,2,2,2,2,2,2,2,2,2,4,5,5,3,3,6,6,6,,30,30,TRUE
1499YKGREEN-4XL,21,25,25,26,26,24,23,23,22,22,22,22,22,21,21,21,22,21,18,18,17,15,17,18,17,17,16,17,15,15,,30,30,TRUE
1499YKGREEN-5XL,24,24,24,23,24,25,25,24,24,24,24,24,24,24,24,23,24,24,23,23,23,23,23,23,23,23,23,23,24,24,,30,30,TRUE
1499YKGREEN-L,37,37,37,37,37,37,37,37,37,37,37,37,38,36,36,36,35,35,33,31,29,29,29,29,29,29,29,30,26,26,,30,30,TRUE
1499YKGREEN-M,48,49,49,50,50,50,50,50,47,46,46,46,46,46,46,46,46,46,46,46,46,46,46,46,46,46,46,46,46,46,,30,30,TRUE
1499YKGREEN-S,38,38,39,39,39,39,39,39,38,38,38,38,38,38,38,38,38,38,38,38,38,38,38,38,38,38,38,38,38,38,,30,30,TRUE
1499YKGREEN-XL,34,34,35,35,35,35,35,34,25,23,23,23,23,23,23,22,22,22,22,22,21,21,21,22,22,21,21,20,20,20,,30,30,TRUE
1499YKGREEN-XS,12,12,12,12,12,12,12,12,12,12,12,12,12,12,12,12,12,12,12,12,11,11,11,12,12,12,13,13,13,13,,30,30,TRUE
1499YKGREEN-XXL,8,8,8,9,9,7,7,7,6,6,6,6,7,7,7,7,7,7,7,7,7,7,7,7,7,6,6,6,6,6,,30,30,TRUE
149YK148RED-3XL,0,0,0,0,0,0,0,0,0,0,0,0,0,0,0,0,0,0,0,0,0,0,0,0,0,0,0,0,0,0,,0,0,TRUE
149YK148RED-4XL,0,0,0,0,0,0,0,0,0,0,0,0,0,0,0,0,0,0,0,0,0,0,0,0,0,0,0,0,0,0,,0,0,TRUE
149YK148RED-5XL,0,0,0,0,0,0,0,0,0,0,0,0,0,0,0,0,0,0,0,0,0,0,0,0,0,0,0,0,-1,0,,0,0,TRUE
149YK148RED-L,0,0,0,0,0,0,0,0,0,0,0,0,0,0,0,0,0,0,0,0,0,0,0,0,0,0,0,0,0,0,,0,0,TRUE
149YK148RED-M,0,0,0,0,0,0,0,0,0,0,0,0,0,0,0,0,0,0,0,0,0,0,0,0,0,0,0,0,0,0,,0,0,TRUE
149YK148RED-S,1,1,1,1,1,1,1,1,0,0,0,0,0,0,0,0,0,0,0,0,0,0,0,0,0,0,0,0,0,1,,9,8,FALSE
149YK148RED-XL,0,0,0,0,0,0,0,0,0,0,0,0,0,0,0,0,0,0,0,0,0,0,0,0,0,0,0,0,0,0,,0,0,TRUE
149YK148RED-XS,0,0,0,0,0,0,0,0,0,0,0,0,0,0,0,0,0,0,0,0,0,0,0,0,0,0,0,0,0,0,,0,0,TRUE
149YK148RED-XXL,0,0,0,0,0,0,0,0,0,0,0,0,0,0,0,0,0,0,0,0,0,0,0,0,0,0,0,0,0,0,,0,0,TRUE
1500YKMAROON-3XL,5,5,5,10,8,7,7,7,3,2,2,3,4,4,4,5,5,5,2,2,1,0,1,4,19,1,1,1,1,1,,29,29,TRUE
1500YKMAROON-4XL,22,23,21,20,18,12,10,12,11,12,12,12,14,11,11,12,12,12,12,10,10,11,11,12,11,5,4,4,5,4,,30,30,TRUE
1500YKMAROON-5XL,39,39,38,37,35,32,32,29,18,8,7,7,9,9,9,12,12,12,9,8,7,7,9,9,16,8,8,9,11,11,,30,30,TRUE
1500YKMAROON-6XL,6,7,6,5,5,4,4,4,4,4,4,3,4,4,4,8,8,8,6,6,6,6,6,6,4,4,4,4,4,2,,30,30,TRUE
1500YKMAROON-7XL,9,9,9,9,9,9,9,9,8,8,8,8,9,9,9,9,9,9,9,8,8,8,8,8,8,7,7,7,7,7,,30,30,TRUE
1500YKMAROON-8XL,7,7,7,7,7,7,4,2,3,3,3,2,2,2,2,2,2,2,2,2,1,1,1,1,1,1,1,1,1,1,,30,30,TRUE
1500YKMAROON-L,21,21,24,24,25,14,14,14,13,8,8,8,8,9,9,8,8,8,7,7,7,6,6,6,8,6,6,6,6,6,,30,30,TRUE
1500YKMAROON-M,2,2,1,3,4,4,4,4,3,3,3,3,3,3,3,3,3,3,3,3,3,3,3,3,12,2,2,3,3,3,,30,30,TRUE
1500YKMAROON-S,12,12,12,12,12,12,12,12,12,12,14,14,14,14,14,14,14,14,12,12,12,12,12,12,12,12,12,12,12,14,,30,30,TRUE
1500YKMAROON-XL,2,3,2,6,6,6,6,6,1,1,1,1,2,2,2,6,6,6,6,6,6,6,6,6,11,7,7,7,7,6,,30,30,TRUE
1500YKMAROON-XS,14,15,15,15,15,15,15,17,17,17,15,17,17,17,17,17,17,17,17,17,17,17,17,17,17,17,17,17,17,17,,30,30,TRUE
1500YKMAROON-XXL,2,1,1,2,1,0,0,1,0,0,0,0,2,2,2,1,1,1,0,0,0,0,0,1,0,0,0,1,1,0,,15,15,TRUE
1501YKDENIM-L,0,0,0,0,0,0,0,0,0,0,0,0,0,0,0,0,0,0,0,0,0,0,0,0,0,0,0,0,0,0,,0,0,TRUE
1501YKDENIM-M,0,0,0,0,0,0,0,0,0,0,0,0,0,0,0,0,0,0,0,0,0,0,0,0,0,0,0,0,0,0,,0,0,TRUE
1501YKDENIM-S,0,0,0,0,0,0,0,0,0,0,0,0,0,0,0,0,0,0,0,0,0,0,0,0,0,0,0,0,0,0,,0,0,TRUE
1501YKDENIM-XL,0,0,0,0,0,0,0,0,0,0,0,0,0,0,0,0,0,0,0,0,0,0,0,0,0,0,0,0,0,0,,0,0,TRUE
1504YKBLUE-L,5,5,5,5,5,5,3,3,3,3,2,3,3,3,3,3,3,3,3,3,3,3,3,3,3,3,3,3,3,3,,30,30,TRUE
1504YKBLUE-M,26,26,26,26,26,26,26,26,26,26,26,26,26,26,26,26,26,26,26,26,26,26,26,25,25,25,25,25,25,25,,30,30,TRUE
1504YKBLUE-S,22,22,22,22,22,22,22,22,22,21,21,21,21,21,21,21,21,21,20,20,20,20,20,20,20,20,21,21,21,21,,30,30,TRUE
1504YKBLUE-XL,2,2,2,2,2,2,2,2,2,2,2,2,3,3,3,3,3,3,3,3,3,3,3,3,3,3,3,3,3,3,,30,30,TRUE
1504YKBLUE-XXL,1,1,1,1,1,1,1,1,1,1,1,1,1,0,0,0,0,0,0,0,0,0,1,1,1,1,1,1,1,1,,21,21,TRUE
1505YKORANGE-L,24,24,24,24,24,24,24,24,24,22,22,22,22,22,22,22,22,22,22,21,21,21,21,21,21,21,24,24,24,25,,30,30,TRUE
1505YKORANGE-M,19,19,19,19,19,17,17,17,16,10,15,15,15,13,13,13,13,13,12,12,12,11,11,10,10,10,10,10,10,10,,30,30,TRUE
1505YKORANGE-S,3,3,3,3,3,3,3,3,3,3,3,3,3,3,3,3,3,3,3,3,3,3,3,3,3,3,3,3,3,3,,30,30,TRUE
1505YKORANGE-XL,10,10,9,9,9,9,8,8,6,5,5,5,4,3,3,2,2,2,2,2,2,2,2,2,4,2,6,6,6,6,,30,30,TRUE
1506YKINDIGO-3XL,0,0,0,0,0,0,0,0,0,0,0,0,0,0,0,0,0,0,0,0,0,0,0,0,0,0,0,0,0,0,,0,0,TRUE
1506YKINDIGO-4XL,1,1,1,1,1,1,1,1,1,1,1,1,1,1,1,1,1,1,1,0,0,0,0,0,1,0,0,0,0,0,,20,19,FALSE
1506YKINDIGO-5XL,0,0,0,0,0,0,0,0,0,0,0,0,0,0,0,0,0,0,0,0,0,0,0,0,0,0,0,0,0,0,,0,0,TRUE
1506YKINDIGO-L,0,1,1,1,1,1,0,0,0,0,0,0,0,0,0,0,0,0,0,0,0,0,0,0,0,0,0,0,0,2,,6,5,FALSE
1506YKINDIGO-M,3,3,3,3,3,2,2,2,0,0,0,0,0,0,0,1,0,1,1,1,0,0,0,0,2,0,0,0,0,0,,13,12,FALSE
1506YKINDIGO-S,3,3,3,3,3,3,3,3,3,3,3,2,2,2,2,2,2,2,2,2,2,1,1,1,1,1,1,1,1,1,,30,30,TRUE
1506YKINDIGO-XL,0,0,0,0,0,0,0,0,0,0,0,0,0,0,0,0,0,0,0,0,0,0,0,0,0,0,0,0,0,0,,0,0,TRUE
1506YKINDIGO-XS,4,3,2,2,2,2,2,2,2,2,2,2,2,2,2,2,2,2,2,2,2,2,2,2,2,2,2,2,2,2,,30,30,TRUE
1506YKINDIGO-XXL,1,1,1,1,1,1,1,1,1,1,1,1,2,1,1,1,1,1,1,1,1,1,1,1,1,2,2,2,2,1,,30,30,TRUE
1507YKPINK-3XL,106,124,122,123,120,119,121,121,125,125,124,122,122,121,121,97,99,98,96,95,90,95,95,94,94,95,95,96,96,96,,30,30,TRUE
1507YKPINK-4XL,108,111,110,109,110,109,110,110,112,110,110,110,109,108,108,86,86,86,82,75,79,79,79,78,78,71,71,71,70,69,,30,30,TRUE
1507YKPINK-5XL,143,147,145,145,146,146,148,146,151,152,151,148,148,144,144,124,124,124,121,121,111,110,110,107,107,102,102,102,103,103,,30,30,TRUE
1507YKPINK-6XL,23,23,21,21,18,18,18,19,18,19,19,18,16,18,18,17,20,20,20,20,20,20,20,21,28,20,20,20,20,20,,30,30,TRUE
1507YKPINK-7XL,56,57,57,57,57,57,58,58,60,60,60,60,60,60,60,55,55,55,54,54,54,54,54,55,55,55,54,54,54,54,,30,30,TRUE
1507YKPINK-8XL,56,56,56,55,54,54,55,55,56,55,55,55,53,55,55,48,48,48,47,47,47,47,47,47,47,38,38,36,36,36,,30,30,TRUE
1507YKPINK-L,53,54,52,52,54,54,54,50,51,53,53,53,52,52,52,44,44,44,40,40,40,40,40,40,40,41,41,40,40,40,,30,30,TRUE
1507YKPINK-M,4,4,5,5,4,3,3,3,3,3,3,3,3,3,3,3,3,3,3,3,3,3,3,3,5,3,3,3,4,4,,30,30,TRUE
1507YKPINK-S,15,16,14,13,12,10,9,9,7,9,9,9,9,9,9,9,9,9,8,9,9,9,9,8,8,8,8,8,8,8,,30,30,TRUE
1507YKPINK-XL,36,36,36,34,32,32,31,30,30,29,29,28,28,28,28,28,27,27,27,27,27,27,27,26,25,26,26,26,26,25,,30,30,TRUE
1507YKPINK-XS,4,4,4,4,4,3,3,3,0,0,0,0,0,0,0,0,0,0,0,0,0,0,0,0,3,0,0,0,2,1,,11,10,FALSE
1507YKPINK-XXL,102,103,103,103,103,103,103,101,103,103,103,102,103,103,103,81,81,81,78,78,78,78,78,78,78,78,78,78,78,78,,30,30,TRUE
1508YKBLACK-3XL,2,2,2,2,2,2,2,1,1,1,1,1,1,1,1,2,2,2,1,1,1,1,1,1,1,1,0,0,0,0,,26,26,TRUE
1508YKBLACK-4XL,2,2,2,2,2,2,2,2,0,0,0,0,0,0,0,0,0,0,0,0,0,0,0,0,0,0,0,0,0,1,,9,8,FALSE
1508YKBLACK-5XL,2,2,2,2,2,2,2,2,0,0,0,0,0,0,0,0,1,1,1,1,1,1,1,1,1,1,1,1,1,1,,22,22,TRUE
1508YKBLACK-6XL,1,2,2,2,2,2,2,2,2,2,2,2,2,2,2,2,2,2,2,2,2,2,2,2,2,2,2,2,2,2,,30,30,TRUE
1508YKBLACK-7XL,3,3,3,3,4,4,4,4,0,0,0,0,1,3,3,3,3,3,2,2,2,2,2,2,3,2,2,2,2,2,,26,26,TRUE
1508YKBLACK-8XL,1,1,1,1,1,1,1,1,1,1,1,1,1,1,1,1,1,1,1,1,1,1,1,1,1,1,1,1,1,1,,30,30,TRUE
1508YKBLACK-L,1,1,1,1,1,1,1,1,1,1,1,1,1,9,9,9,9,9,7,7,7,7,7,3,3,2,2,2,2,3,,30,30,TRUE
1508YKBLACK-M,5,5,5,5,5,5,3,3,3,3,3,4,4,4,4,4,4,4,4,4,4,4,5,5,5,5,5,5,5,5,,30,30,TRUE
1508YKBLACK-S,11,11,11,11,11,11,9,9,9,9,9,9,9,9,9,9,9,9,9,9,9,9,9,9,9,9,9,9,10,10,,30,30,TRUE
1508YKBLACK-XL,0,0,0,1,1,1,1,1,1,1,1,1,1,1,1,1,2,2,2,2,2,2,2,2,2,2,2,5,3,3,,27,27,TRUE
1508YKBLACK-XXL,5,5,6,6,6,6,4,3,3,2,2,2,2,2,2,2,2,2,2,2,2,2,2,2,1,1,1,1,1,1,,30,30,TRUE
1509YKPINK-3XL,1,1,1,1,1,0,0,0,0,0,0,0,0,0,0,0,0,0,0,0,0,15,15,15,15,8,8,8,9,9,,14,14,TRUE
1509YKPINK-4XL,0,0,0,1,1,1,0,0,0,0,0,0,0,0,0,10,10,10,6,6,6,10,11,11,11,11,11,11,6,5,,18,18,TRUE
1509YKPINK-5XL,77,82,82,78,78,48,47,46,45,38,38,36,32,27,27,25,25,25,23,24,24,26,26,26,34,23,19,21,23,22,,30,30,TRUE
1509YKPINK-6XL,9,9,9,9,9,9,9,9,9,9,9,9,9,9,9,9,9,9,9,9,9,9,9,9,9,9,9,9,9,9,,30,30,TRUE
1509YKPINK-L,1,1,1,1,1,1,1,1,1,2,1,1,1,1,1,4,4,4,4,4,4,14,14,14,14,11,11,9,9,9,,30,30,TRUE
1509YKPINK-M,6,6,8,8,8,8,8,8,8,5,5,5,5,5,5,5,5,5,5,5,3,11,11,11,10,11,11,10,7,7,,30,30,TRUE
1509YKPINK-S,13,13,13,14,14,14,13,14,14,13,13,13,14,14,14,14,14,14,13,13,13,13,13,12,12,12,12,12,13,13,,30,30,TRUE
1509YKPINK-XL,1,2,2,4,4,4,3,3,1,1,1,0,0,0,0,0,0,0,0,0,0,7,7,7,5,4,5,5,2,2,,20,19,FALSE
1509YKPINK-XXL,7,7,7,6,6,6,4,4,0,0,0,0,0,0,0,0,0,0,1,1,1,4,4,4,4,5,5,5,4,4,,20,20,TRUE
150YK262BLUE-3XL,0,0,0,0,0,0,0,0,0,0,0,0,0,0,0,0,0,0,0,0,0,0,0,0,0,0,0,0,0,0,,0,0,TRUE
150YK262BLUE-4XL,0,0,0,0,0,0,0,0,0,0,0,0,0,0,0,0,0,0,0,0,0,0,0,0,0,0,0,0,0,0,,0,0,TRUE
150YK262BLUE-5XL,0,0,0,0,0,0,0,0,0,0,0,0,0,0,0,0,0,0,0,0,0,0,0,0,0,0,0,0,0,0,,0,0,TRUE
150YK262BLUE-L,0,0,0,0,0,0,0,0,0,0,0,0,0,0,0,0,0,0,0,0,0,0,0,0,0,0,0,0,0,0,,0,0,TRUE
150YK262BLUE-M,2,2,2,2,2,2,2,2,2,2,2,2,2,2,2,2,2,2,2,2,2,2,2,2,2,2,2,2,2,2,,30,30,TRUE
150YK262BLUE-S,6,6,6,7,7,7,7,7,7,7,7,7,7,7,7,7,7,7,7,7,7,7,7,7,7,7,7,7,7,7,,30,30,TRUE
150YK262BLUE-XL,0,0,0,0,0,0,0,0,0,0,0,0,0,0,0,0,0,0,0,0,0,0,0,1,1,1,1,1,2,2,,7,7,TRUE
150YK262BLUE-XXL,2,2,2,2,2,2,2,2,2,2,2,2,2,2,2,2,2,2,2,2,2,2,2,2,2,2,2,2,2,2,,30,30,TRUE
1510YKGREEN-3XL,0,0,0,0,0,0,0,0,0,0,0,0,0,0,0,0,0,0,0,0,0,0,0,0,0,0,0,0,0,0,,0,0,TRUE
1510YKGREEN-4XL,0,0,0,0,0,0,0,0,0,0,0,0,0,0,0,0,0,0,0,0,0,0,0,0,0,0,0,0,0,0,,0,0,TRUE
1510YKGREEN-5XL,0,0,0,0,0,0,0,0,0,0,0,0,0,0,0,0,0,0,0,0,0,0,0,0,0,0,0,0,0,0,,0,0,TRUE
1510YKGREEN-L,0,0,0,0,0,0,0,0,0,0,0,0,0,0,0,0,0,0,0,0,0,0,0,0,0,0,0,0,0,0,,0,0,TRUE
1510YKGREEN-M,0,0,0,0,0,0,0,0,0,0,0,0,0,0,0,0,0,0,0,0,0,0,0,0,0,0,0,0,0,0,,0,0,TRUE
1510YKGREEN-S,0,0,0,0,0,0,0,0,0,0,0,0,0,0,0,0,0,0,0,0,0,0,0,0,0,0,0,0,0,0,,0,0,TRUE
1510YKGREEN-XL,1,1,1,1,1,1,1,1,1,0,0,0,0,0,0,0,0,0,0,0,0,0,0,0,0,0,0,0,0,0,,9,9,TRUE
1510YKGREEN-XXL,0,0,0,0,0,0,0,0,0,0,0,0,0,0,0,0,0,0,0,0,0,0,0,0,0,0,0,0,0,1,,1,0,FALSE
1511YKBLACK-L,0,0,0,0,0,0,0,0,0,0,0,0,0,0,0,0,0,0,0,0,0,0,1,1,1,1,1,1,1,1,,8,8,TRUE
1511YKBLACK-M,3,3,3,3,3,3,3,3,3,3,3,3,3,3,3,3,3,3,3,3,3,3,3,3,3,3,3,3,3,3,,30,30,TRUE
1511YKBLACK-S,12,12,12,12,12,12,12,12,12,12,12,12,12,12,12,12,12,12,12,12,12,12,12,12,12,12,15,15,15,15,,30,30,TRUE
1511YKBLACK-XL,1,1,1,1,1,1,1,1,1,1,1,1,1,1,1,1,1,1,1,1,1,1,1,1,1,1,1,1,1,1,,30,30,TRUE
1511YKBLACK-XXL,0,0,0,0,0,0,0,0,0,0,0,0,0,0,0,0,1,1,1,1,1,1,1,1,1,1,1,1,1,1,,14,14,TRUE
1512YKBLACK-L,5,5,5,5,4,4,4,3,1,1,1,1,1,1,1,1,1,1,1,1,1,1,1,1,1,1,1,1,1,1,,30,30,TRUE
1512YKBLACK-M,13,13,13,13,13,13,13,13,13,8,8,7,7,7,7,7,7,7,7,7,7,7,7,7,7,7,7,7,7,7,,30,30,TRUE
1512YKBLACK-S,16,16,16,16,14,14,14,14,14,14,14,14,14,14,14,14,14,14,14,14,14,14,14,14,14,14,14,14,14,14,,30,30,TRUE
1512YKBLACK-XL,0,1,1,1,0,0,0,0,0,0,0,0,0,0,0,0,0,0,0,0,0,0,0,0,0,0,0,0,1,1,,5,5,TRUE
1513YKTEAL-3XL,2,2,2,2,2,2,2,1,1,1,1,1,1,1,1,2,2,2,2,2,2,2,2,2,2,2,2,2,2,2,,30,30,TRUE
1513YKTEAL-4XL,1,2,2,2,2,2,1,1,1,2,2,2,2,2,2,3,3,3,2,2,2,2,2,2,2,2,2,2,3,2,,30,30,TRUE
1513YKTEAL-5XL,1,4,4,5,5,5,3,3,0,0,0,0,0,0,0,0,0,0,0,0,0,0,0,1,1,0,0,0,0,2,,11,11,TRUE
1513YKTEAL-6XL,10,10,11,11,11,10,8,8,8,8,8,8,8,8,8,8,8,8,6,6,6,6,6,7,6,7,3,3,3,3,,30,30,TRUE
1513YKTEAL-7XL,13,13,13,13,12,10,9,9,7,7,7,7,7,7,7,7,7,7,7,7,7,7,7,7,6,0,0,2,2,2,,28,29,FALSE
1513YKTEAL-8XL,7,7,9,8,8,8,5,5,4,4,4,4,4,4,4,5,5,5,5,5,5,5,5,5,5,5,5,5,5,5,,30,30,TRUE
1513YKTEAL-L,2,2,2,3,3,2,2,2,2,2,2,2,2,2,2,2,2,2,1,1,1,1,1,1,1,1,1,1,1,1,,30,30,TRUE
1513YKTEAL-M,8,8,8,8,8,8,6,6,4,5,5,5,6,5,5,5,5,5,4,3,3,2,3,3,5,3,3,3,3,3,,30,30,TRUE
1513YKTEAL-S,8,8,8,7,6,6,5,5,3,3,3,3,3,3,3,4,4,4,4,4,4,4,4,4,4,4,4,4,4,4,,30,30,TRUE
1513YKTEAL-XL,5,5,5,6,6,6,6,6,0,0,0,0,0,0,0,0,0,0,0,0,0,0,0,0,6,1,1,1,1,1,,14,14,TRUE
1513YKTEAL-XXL,6,6,6,7,7,7,5,5,0,0,0,0,0,0,0,0,0,0,0,0,0,0,0,0,6,0,0,0,0,0,,9,8,FALSE
1514YKBLUE-L,4,3,3,3,3,2,2,2,0,0,0,0,1,1,1,1,1,1,1,1,1,1,1,1,3,1,1,1,1,1,,26,26,TRUE
1514YKBLUE-M,1,1,1,1,1,1,1,1,1,1,1,1,1,1,1,1,1,2,2,2,2,2,3,2,2,1,1,1,1,1,,30,30,TRUE
1514YKBLUE-S,1,1,1,1,1,1,1,1,1,1,1,1,1,1,1,1,1,1,1,1,1,1,1,1,1,1,1,1,2,2,,30,30,TRUE
1514YKBLUE-XL,4,4,4,4,4,4,4,4,0,0,0,0,1,1,1,1,1,1,1,1,1,1,2,2,4,2,2,2,2,2,,26,26,TRUE
1515YKBLACK-3XL,16,16,15,15,15,28,26,26,25,25,25,24,23,23,23,23,23,23,23,23,22,22,22,19,19,21,21,21,21,22,,30,30,TRUE
1515YKBLACK-4XL,8,7,1,8,8,41,41,41,41,41,41,41,41,41,41,41,41,41,39,39,39,38,38,38,38,38,38,38,38,38,,30,30,TRUE
1515YKBLACK-5XL,9,9,9,8,8,33,31,31,31,31,31,31,31,28,28,28,28,28,28,28,28,28,29,28,28,28,28,27,27,27,,30,30,TRUE
1515YKBLACK-6XL,9,9,9,8,8,25,25,25,24,24,24,24,24,24,24,24,24,24,24,24,24,24,24,23,23,23,23,23,23,23,,30,30,TRUE
1515YKBLACK-7XL,31,31,30,30,30,30,30,30,28,28,28,28,28,27,27,27,27,27,27,27,27,27,27,27,27,27,27,27,27,27,,30,30,TRUE
1515YKBLACK-8XL,22,22,22,22,22,27,27,27,25,25,25,25,25,25,25,25,25,25,25,25,25,25,25,25,25,25,25,25,25,25,,30,30,TRUE
1515YKBLACK-L,16,16,16,16,16,23,23,23,21,21,21,21,21,21,21,21,21,21,21,21,21,21,21,21,21,21,21,21,21,21,,30,30,TRUE
1515YKBLACK-M,36,36,36,36,36,36,36,36,34,34,34,34,34,34,34,35,35,35,35,35,35,35,35,35,35,35,35,35,35,35,,30,30,TRUE
1515YKBLACK-S,20,20,20,20,21,20,20,20,20,20,20,20,20,20,20,20,20,20,20,20,20,20,20,20,20,20,20,20,20,20,,30,30,TRUE
1515YKBLACK-XL,19,19,19,20,20,44,44,44,44,44,44,44,44,44,44,44,44,44,44,44,44,44,44,44,44,44,44,44,44,44,,30,30,TRUE
1515YKBLACK-XS,7,7,7,7,7,14,14,14,14,14,14,14,14,14,14,14,14,14,14,14,14,14,14,15,15,15,15,15,15,15,,30,30,TRUE
1515YKBLACK-XXL,16,16,16,16,16,33,33,32,32,32,32,32,32,32,32,32,32,32,32,32,32,32,32,32,32,32,32,32,32,32,,30,30,TRUE
1516YKRED-3XL,54,64,64,64,64,64,65,65,65,65,65,65,65,65,65,65,65,65,65,65,65,65,65,65,65,64,64,64,64,64,,30,30,TRUE
1516YKRED-4XL,14,15,15,15,15,15,14,14,15,15,15,14,13,13,13,11,11,11,10,9,9,8,8,7,7,6,2,2,6,6,,30,30,TRUE
1516YKRED-5XL,3,4,4,4,3,3,4,3,4,4,4,4,3,3,3,2,2,2,2,2,2,2,4,4,18,2,2,2,2,2,,30,30,TRUE
1516YKRED-6XL,9,9,9,9,9,9,7,7,10,10,10,10,10,8,8,8,8,8,8,8,7,7,7,5,5,6,5,5,5,5,,30,30,TRUE
1516YKRED-7XL,12,12,12,12,10,9,7,6,5,4,4,4,4,4,4,3,3,3,2,2,2,1,1,1,2,1,1,1,1,1,,30,30,TRUE
1516YKRED-8XL,6,6,5,5,5,5,3,3,0,0,0,0,0,0,0,2,2,2,2,0,0,0,0,0,4,0,0,0,-1,0,,13,12,FALSE
1516YKRED-L,61,61,61,61,60,60,60,59,59,59,59,59,59,59,59,59,59,59,59,59,59,59,59,60,59,59,59,59,59,59,,30,30,TRUE
1516YKRED-M,39,39,40,40,40,40,40,40,39,39,39,39,39,39,39,40,40,40,40,40,40,40,40,40,40,40,40,40,39,39,,30,30,TRUE
1516YKRED-S,33,33,33,34,34,34,34,34,31,31,31,31,31,31,31,31,31,31,31,31,31,31,31,31,31,31,31,31,31,31,,30,30,TRUE
1516YKRED-XL,73,84,84,84,83,82,83,84,86,87,87,87,87,87,87,87,87,87,87,87,87,87,87,87,87,81,80,79,79,79,,30,30,TRUE
1516YKRED-XS,6,6,6,6,6,6,6,6,5,5,5,5,5,5,5,5,5,5,5,5,5,5,5,5,4,5,5,5,5,5,,30,30,TRUE
1516YKRED-XXL,106,110,110,110,110,109,110,110,112,112,112,113,114,114,114,113,114,114,114,113,113,113,113,113,113,113,113,113,111,111,,30,30,TRUE
1517YKBLACK-3XL,2,1,1,1,1,1,1,1,1,1,1,1,1,1,1,1,1,1,1,1,1,1,1,1,1,1,1,1,1,1,,30,30,TRUE
1517YKBLACK-4XL,3,4,4,3,2,2,2,2,0,0,0,0,0,0,0,0,0,0,0,0,0,0,0,1,1,0,0,0,0,0,,10,9,FALSE
1517YKBLACK-5XL,0,0,0,0,0,0,0,0,0,0,0,0,0,0,0,0,0,0,0,0,0,0,0,0,0,0,0,0,0,0,,0,0,TRUE
1517YKBLACK-L,28,27,24,26,26,26,26,26,27,27,27,27,27,27,27,27,27,27,25,23,23,20,22,22,22,23,23,23,23,22,,30,30,TRUE
1517YKBLACK-M,30,30,30,32,32,32,32,32,32,32,31,31,31,31,31,30,30,30,26,26,24,19,24,24,24,24,24,24,23,21,,30,30,TRUE
1517YKBLACK-S,35,35,38,38,38,37,37,37,37,36,36,37,37,36,36,36,36,36,36,36,36,36,36,36,36,36,36,36,35,35,,30,30,TRUE
1517YKBLACK-XL,20,20,20,21,21,21,21,21,21,21,18,17,17,17,17,17,17,17,13,8,13,13,13,13,13,13,13,11,10,7,,30,30,TRUE
1517YKBLACK-XXL,28,28,27,27,27,24,24,24,22,21,21,21,21,21,21,21,21,21,21,21,21,21,21,21,21,22,21,21,22,22,,30,30,TRUE
1518YKPINK-3XL,0,0,0,0,0,0,0,0,0,0,0,0,0,0,0,0,0,0,0,0,0,0,0,0,0,0,0,0,0,0,,0,0,TRUE
1518YKPINK-4XL,0,0,0,0,0,0,0,0,0,0,0,0,0,0,0,0,0,0,0,0,0,0,0,0,0,0,0,0,0,0,,0,0,TRUE
1518YKPINK-5XL,0,0,0,0,0,0,0,0,0,0,0,0,0,0,0,0,0,0,0,0,0,0,0,0,0,0,0,0,0,0,,0,0,TRUE
1518YKPINK-L,0,0,0,0,0,0,0,0,0,0,0,0,0,0,0,0,0,0,0,0,0,0,0,0,0,0,0,0,0,0,,0,0,TRUE
1518YKPINK-M,0,0,0,0,0,0,0,0,0,0,0,0,0,0,0,0,0,0,0,0,0,0,0,0,0,0,0,0,0,0,,0,0,TRUE
1518YKPINK-XL,0,0,0,0,0,0,0,0,0,0,0,0,0,0,0,0,0,0,0,0,0,0,0,0,0,0,0,0,0,0,,0,0,TRUE
1518YKPINK-XXL,0,0,0,0,0,0,0,0,0,0,0,0,0,0,0,0,0,0,0,0,0,0,0,0,0,0,0,0,0,0,,0,0,TRUE
1519YKBLACK-3XL,0,0,0,0,0,0,0,0,0,0,0,0,0,0,0,0,0,0,0,0,0,0,0,0,0,0,0,0,0,0,,0,0,TRUE
1519YKBLACK-5XL,1,1,1,1,1,1,1,1,1,1,1,1,1,1,1,1,1,1,1,1,1,0,0,0,0,0,0,0,0,0,,21,21,TRUE
1519YKBLACK-L,2,2,2,2,2,2,1,1,1,1,1,1,1,1,1,1,1,1,1,1,1,1,3,52,52,29,29,26,26,24,,30,30,TRUE
1519YKBLACK-M,6,6,6,7,8,7,5,5,5,4,4,4,4,4,4,4,5,5,5,5,3,3,9,74,73,38,37,36,34,29,,30,30,TRUE
1519YKBLACK-S,8,9,9,10,10,10,10,10,10,10,10,10,10,6,6,6,6,6,6,6,6,6,6,64,64,55,57,57,58,59,,30,30,TRUE
1519YKBLACK-XL,5,5,5,5,6,4,4,3,2,2,1,1,1,1,1,1,2,2,2,2,2,39,39,67,66,40,40,39,39,39,,30,30,TRUE
1519YKBLACK-XS,11,11,10,10,10,10,9,9,5,5,4,4,1,4,4,4,4,4,4,4,4,4,4,4,4,4,4,4,4,4,,30,30,TRUE
1519YKBLACK-XXL,6,11,11,11,11,9,6,6,0,0,0,0,0,0,0,0,0,0,0,0,0,0,0,53,52,23,22,22,22,22,,15,15,TRUE
1520YKSKYBLUE-3XL,16,16,16,19,20,20,19,19,9,7,7,7,8,8,8,9,9,9,9,9,9,9,9,11,17,11,11,11,11,11,,30,30,TRUE
1520YKSKYBLUE-4XL,21,21,15,16,16,16,16,16,15,21,16,21,22,18,18,15,15,15,14,14,9,10,10,3,8,3,3,3,3,3,,30,30,TRUE
1520YKSKYBLUE-5XL,4,4,4,4,5,5,4,4,4,5,3,2,2,1,1,1,2,1,1,1,1,1,1,1,1,1,1,1,3,2,,30,30,TRUE
1520YKSKYBLUE-6XL,0,1,1,2,3,3,3,3,3,3,3,3,3,3,3,3,3,3,3,3,3,3,3,4,4,2,1,1,1,1,,29,29,TRUE
1520YKSKYBLUE-7XL,10,10,10,12,12,12,12,12,10,10,8,7,7,7,7,6,6,6,5,5,5,5,5,6,6,5,5,4,3,3,,30,30,TRUE
1520YKSKYBLUE-8XL,3,3,3,3,3,3,3,3,3,3,3,3,3,3,3,3,2,2,4,3,3,3,3,3,2,2,1,1,1,1,,30,30,TRUE
1520YKSKYBLUE-L,20,20,20,20,20,20,20,20,20,20,20,20,21,21,21,21,21,21,21,21,21,20,20,20,20,20,20,20,20,20,,30,30,TRUE
1520YKSKYBLUE-M,2,2,2,2,2,2,2,2,2,2,2,2,2,2,2,2,2,2,2,2,2,2,2,2,2,2,2,2,2,2,,30,30,TRUE
1520YKSKYBLUE-XL,1,2,2,2,2,1,1,1,1,1,1,1,1,1,1,1,1,1,1,1,1,1,1,2,2,2,2,2,2,3,,30,30,TRUE
1520YKSKYBLUE-XXL,17,17,17,17,17,17,17,17,17,17,17,17,17,17,17,17,17,17,17,17,17,17,17,16,16,16,18,18,18,17,,30,30,TRUE
1522YKMUSTARD-3XL,17,17,17,17,17,16,9,9,9,9,9,9,8,8,8,7,7,7,7,6,2,6,6,6,7,6,6,6,7,7,,30,30,TRUE
1522YKMUSTARD-4XL,20,20,20,20,20,18,18,18,18,18,18,18,18,18,18,18,18,18,18,18,18,18,18,18,18,18,18,18,18,18,,30,30,TRUE
1522YKMUSTARD-5XL,5,5,5,5,5,5,5,4,2,2,2,2,2,2,2,1,1,1,1,1,1,1,1,1,3,1,1,1,2,2,,30,30,TRUE
1522YKMUSTARD-6XL,2,2,2,2,2,2,2,2,2,2,2,2,2,2,2,2,2,2,2,2,2,2,2,2,2,2,2,2,2,2,,30,30,TRUE
1522YKMUSTARD-7XL,27,27,26,25,24,24,24,23,23,24,23,22,22,19,19,18,18,18,17,17,15,15,15,15,15,15,15,15,15,15,,30,30,TRUE
1522YKMUSTARD-8XL,1,0,0,0,0,0,0,0,0,0,0,0,0,0,0,0,0,0,0,0,0,0,1,1,1,1,1,1,1,1,,9,9,TRUE
1522YKMUSTARD-L,6,6,6,6,6,6,6,6,6,6,6,6,7,7,7,6,6,6,6,6,6,6,6,6,6,4,4,4,4,4,,30,30,TRUE
1522YKMUSTARD-M,16,16,18,18,18,18,18,18,18,18,18,18,18,15,15,15,15,15,15,15,15,15,15,15,15,15,15,15,15,15,,30,30,TRUE
1522YKMUSTARD-S,18,18,18,18,18,18,18,18,18,18,18,18,18,18,18,18,18,18,18,18,18,18,18,18,18,18,18,18,18,18,,30,30,TRUE
1522YKMUSTARD-XL,7,7,7,7,7,7,7,7,7,7,7,7,8,8,8,8,8,8,8,8,8,8,8,7,7,5,5,5,4,4,,30,30,TRUE
1522YKMUSTARD-XS,0,0,0,0,0,0,0,0,0,0,0,0,0,0,0,0,0,0,0,0,0,0,0,0,0,0,0,0,0,0,,0,0,TRUE
1522YKMUSTARD-XXL,8,8,8,8,8,7,4,4,2,1,2,2,2,1,1,1,1,1,1,1,1,1,1,1,4,1,1,1,2,2,,30,30,TRUE
1523YKGREEN-3XL,0,0,0,0,0,0,0,0,0,0,0,0,0,0,0,0,0,0,0,0,0,0,0,0,0,0,0,0,0,2,,1,0,FALSE
1523YKGREEN-4XL,1,1,1,1,1,1,1,0,0,0,0,0,0,0,0,0,0,0,0,0,0,0,0,0,0,0,0,0,1,1,,9,9,TRUE
1523YKGREEN-5XL,4,3,3,4,4,4,4,4,0,0,0,0,0,0,0,0,0,0,0,0,0,0,0,0,1,0,0,0,0,0,,9,8,FALSE
1523YKGREEN-L,4,4,4,5,5,5,3,3,0,0,0,0,0,0,0,1,1,1,1,1,0,0,1,1,2,0,0,0,0,0,,16,16,TRUE
1523YKGREEN-M,9,9,9,9,9,9,8,8,4,4,4,4,4,4,4,4,4,4,4,4,4,4,4,4,6,4,4,4,4,4,,30,30,TRUE
1523YKGREEN-S,7,7,7,5,5,5,3,3,1,1,1,1,0,0,0,0,0,0,0,0,0,0,0,0,4,0,0,0,1,1,,15,14,FALSE
1523YKGREEN-XL,4,4,3,3,3,2,2,2,0,0,0,0,0,0,0,0,0,0,0,0,0,0,0,0,2,0,0,0,0,0,,9,8,FALSE
1523YKGREEN-XS,0,0,0,0,0,0,0,0,0,0,0,0,0,0,0,0,0,0,0,0,0,0,0,0,0,0,0,0,0,0,,0,0,TRUE
1523YKGREEN-XXL,1,1,1,6,6,6,4,4,0,0,0,0,0,0,0,0,0,0,0,0,0,0,0,0,5,0,0,0,0,0,,9,8,FALSE
1523YKYELLOW-L,0,0,0,0,0,0,0,0,0,0,0,0,0,0,0,0,0,0,0,0,0,0,0,0,0,0,0,0,0,0,,0,0,TRUE
1523YKYELLOW-M,0,0,0,0,0,0,0,0,0,0,0,0,0,0,0,0,0,0,0,0,0,0,0,0,0,0,0,0,0,0,,0,0,TRUE
1523YKYELLOW-XL,0,0,0,0,0,0,0,0,0,0,0,0,0,0,0,0,0,0,0,0,0,0,0,0,0,0,0,0,0,0,,0,0,TRUE
1523YKYELLOW-XXL,0,0,0,0,0,0,0,0,0,0,0,0,0,0,0,0,0,0,0,0,0,0,0,0,0,0,0,0,0,0,,0,0,TRUE
1524YKMAROON-3XL,0,0,0,0,0,0,0,0,0,0,0,0,0,0,0,1,1,1,0,0,0,0,0,0,0,0,0,0,0,0,,3,2,FALSE
1524YKMAROON-4XL,2,2,2,2,2,1,1,1,1,1,1,1,1,1,1,1,1,1,1,1,1,1,1,1,1,0,0,0,0,0,,25,24,FALSE
1524YKMAROON-5XL,1,1,1,1,1,1,1,1,1,1,1,1,1,1,1,1,1,1,1,1,1,1,1,1,1,1,1,1,1,1,,30,30,TRUE
1524YKMAROON-6XL,0,0,0,0,0,0,0,0,0,0,0,0,0,0,0,0,0,0,0,0,0,0,0,0,0,0,0,0,0,0,,0,0,TRUE
1524YKMAROON-7XL,0,0,0,0,0,0,0,0,0,0,0,0,0,0,0,0,0,0,0,0,0,0,0,0,0,0,0,0,0,0,,0,0,TRUE
1524YKMAROON-8XL,0,0,0,1,1,1,1,0,0,0,0,0,0,0,0,0,0,0,0,0,0,0,0,0,0,0,0,0,0,1,,5,4,FALSE
1524YKMAROON-L,1,1,1,1,0,0,0,0,0,0,0,0,0,0,0,0,1,1,1,1,0,0,0,0,0,0,0,0,0,1,,9,8,FALSE
1524YKMAROON-M,4,4,4,4,4,4,4,4,4,4,4,4,4,4,4,4,4,4,3,3,3,3,5,5,5,5,5,5,5,5,,30,30,TRUE
1524YKMAROON-S,8,8,8,8,8,8,8,8,6,6,6,6,6,6,6,6,6,6,6,6,6,6,6,6,6,6,5,5,5,5,,30,30,TRUE
1524YKMAROON-XL,2,2,2,1,1,1,1,1,1,1,1,1,1,1,1,1,1,1,1,1,1,1,1,1,0,0,1,1,1,1,,28,29,FALSE
1524YKMAROON-XS,1,1,1,1,1,1,1,1,1,1,1,1,1,1,1,1,1,1,1,1,1,1,1,1,1,1,1,1,1,1,,30,30,TRUE
1524YKMAROON-XXL,6,6,6,6,4,4,4,4,0,0,0,0,0,0,0,0,0,0,0,0,0,1,3,3,4,3,4,4,4,4,,17,17,TRUE
1525YKGREEN-3XL,0,0,0,0,0,0,0,0,0,0,0,0,0,0,0,0,0,0,0,0,0,0,0,0,0,0,0,0,0,0,,0,0,TRUE
1525YKGREEN-4XL,0,0,0,0,0,0,0,0,0,0,0,0,0,0,0,0,0,0,0,0,0,0,0,0,0,0,0,0,0,0,,0,0,TRUE
1525YKGREEN-5XL,0,1,1,1,1,1,1,1,1,0,0,0,0,0,0,0,0,0,0,0,0,0,0,0,0,0,0,0,0,0,,8,8,TRUE
1525YKGREEN-L,15,15,15,15,15,15,15,15,15,15,15,15,15,15,15,15,15,15,15,15,14,14,14,14,14,14,15,15,15,15,,30,30,TRUE
1525YKGREEN-S,0,0,0,0,0,0,0,0,0,0,0,0,0,0,0,0,0,0,0,0,0,0,0,0,0,0,0,0,0,0,,0,0,TRUE
1525YKGREEN-XL,3,3,3,3,3,3,3,3,3,2,2,2,3,1,1,1,1,1,0,0,0,0,0,0,1,0,0,0,0,0,,19,18,FALSE
1525YKGREEN-XXL,0,1,1,2,2,2,2,2,2,1,1,1,2,2,2,1,1,1,0,0,0,0,1,1,1,1,2,2,2,2,,25,25,TRUE
1526YKMAROON-3XL,0,0,0,0,0,0,0,0,0,0,0,0,0,0,0,0,0,0,0,0,0,0,0,0,0,0,0,0,0,0,,0,0,TRUE
1526YKMAROON-L,0,0,0,0,0,0,0,0,0,0,0,0,0,0,0,0,0,0,0,0,0,0,0,0,0,0,0,0,0,0,,0,0,TRUE
1526YKMAROON-M,0,0,0,0,0,0,0,0,0,0,0,0,0,0,0,0,0,0,0,0,0,0,0,0,0,0,0,0,0,0,,0,0,TRUE
1526YKMAROON-S,0,0,0,0,0,0,0,0,0,0,0,0,0,0,0,0,0,0,0,0,0,0,0,0,0,0,0,0,0,0,,0,0,TRUE
1526YKMAROON-XL,0,0,0,0,0,0,0,0,0,0,0,0,0,0,0,0,0,0,0,0,0,0,0,0,0,0,0,0,0,0,,0,0,TRUE
1526YKMAROON-XXL,0,0,0,0,0,0,0,0,0,0,0,0,0,0,0,0,0,0,0,0,0,0,0,0,0,0,0,0,0,0,,0,0,TRUE
1527YKBLUE-3XL,0,0,0,0,0,0,0,0,0,0,0,0,0,0,0,0,0,0,0,0,0,0,0,0,0,0,0,0,1,1,,2,2,TRUE
1527YKBLUE-4XL,0,0,0,0,0,0,0,0,0,0,0,0,0,0,0,0,0,0,0,0,0,0,0,0,0,0,0,0,0,0,,0,0,TRUE
1527YKBLUE-5XL,0,0,0,0,0,0,0,0,0,0,0,0,0,0,0,0,0,0,0,0,0,0,0,0,0,0,0,0,0,0,,0,0,TRUE
1527YKBLUE-L,30,30,30,30,30,30,30,30,30,29,29,29,29,29,29,29,29,29,29,29,29,29,29,29,29,29,29,29,29,29,,30,30,TRUE
1527YKBLUE-M,14,14,16,16,16,16,16,16,16,16,16,16,16,16,16,16,16,16,14,14,14,14,14,14,14,14,13,13,13,13,,30,30,TRUE
1527YKBLUE-S,7,7,7,7,7,7,7,7,7,7,7,7,7,7,7,7,7,7,7,7,7,7,7,7,7,7,7,7,7,7,,30,30,TRUE
1527YKBLUE-XL,10,10,12,12,12,12,12,12,12,11,11,11,11,11,11,11,11,11,11,11,11,11,11,11,11,11,14,14,14,14,,30,30,TRUE
1527YKBLUE-XXL,4,4,4,4,4,4,4,4,4,3,3,3,3,3,3,3,3,3,3,3,3,3,3,3,3,3,3,3,3,3,,30,30,TRUE
1528YKMULTI-3XL,4,6,6,7,8,8,8,8,8,8,8,7,7,7,7,7,7,7,5,5,4,3,3,3,3,5,5,5,5,6,,30,30,TRUE
1528YKMULTI-4XL,3,3,3,3,3,3,2,2,0,0,0,0,2,2,2,1,1,1,1,1,1,1,2,2,3,2,2,3,2,2,,26,26,TRUE
1528YKMULTI-5XL,8,8,8,8,5,5,5,6,4,3,3,3,5,5,5,6,6,6,3,2,3,3,6,6,6,6,6,5,6,6,,30,30,TRUE
1528YKMULTI-6XL,5,5,5,6,8,7,5,5,1,1,1,1,2,2,2,2,2,2,3,3,3,3,3,3,7,3,3,3,3,3,,30,30,TRUE
1528YKMULTI-7XL,1,1,2,2,4,4,4,4,1,1,1,1,2,2,2,3,3,3,2,2,2,3,3,3,6,3,3,3,3,3,,30,30,TRUE
1528YKMULTI-8XL,4,4,4,4,4,4,4,4,0,0,0,0,0,0,0,2,2,2,2,2,2,2,2,2,8,2,2,2,2,2,,23,23,TRUE
1528YKMULTI-L,17,17,17,18,18,18,18,18,11,11,11,11,11,11,11,11,11,11,10,10,10,10,10,10,14,10,10,10,10,10,,30,30,TRUE
1528YKMULTI-M,10,10,10,10,11,9,7,7,3,1,2,2,2,2,2,2,3,3,3,3,3,3,4,4,5,4,4,4,5,5,,30,30,TRUE
1528YKMULTI-S,10,10,10,11,11,11,9,8,6,6,6,6,6,6,6,6,6,6,6,6,6,6,6,6,6,6,6,6,6,6,,30,30,TRUE
1528YKMULTI-XL,11,12,12,11,11,11,9,9,6,6,6,6,7,7,7,6,7,7,7,7,7,7,7,7,7,5,5,5,5,5,,30,30,TRUE
1528YKMULTI-XXL,17,17,17,17,18,18,18,18,15,15,15,15,16,16,16,16,16,16,16,16,16,16,17,17,16,17,17,17,17,17,,30,30,TRUE
1529DPT11WINE-3XL,151,152,151,151,151,151,151,151,151,151,151,151,150,150,150,141,141,141,135,122,111,120,120,121,120,122,122,122,120,120,,30,30,TRUE
1529DPT11WINE-4XL,108,109,109,108,108,107,107,106,101,101,101,101,102,100,100,87,87,87,87,87,77,74,74,75,75,69,69,69,67,65,,30,30,TRUE
1529DPT11WINE-5XL,134,137,136,129,129,135,132,131,120,129,129,129,129,128,128,107,107,107,103,102,82,82,82,83,83,83,187,187,175,175,,30,30,TRUE
1529DPT11WINE-6XL,23,28,28,25,25,24,20,20,20,21,19,20,20,15,15,15,15,15,14,14,9,9,9,9,9,9,99,100,100,100,,30,30,TRUE
1529DPT11WINE-7XL,56,57,57,56,56,56,56,56,56,56,55,55,56,56,56,56,56,56,56,56,51,51,51,51,50,51,57,57,56,56,,30,30,TRUE
1529DPT11WINE-8XL,23,28,27,28,28,28,26,24,25,25,25,25,25,23,23,23,23,23,20,20,14,14,14,14,14,14,89,89,86,86,,30,30,TRUE
1529DPT11WINE-L,100,101,100,98,98,96,96,101,101,101,101,101,99,102,102,101,101,101,101,101,101,101,101,100,100,99,99,99,99,99,,30,30,TRUE
1529DPT11WINE-M,89,92,92,91,91,87,87,87,77,76,75,75,75,75,75,75,75,75,75,76,76,76,76,75,75,75,78,78,79,79,,30,30,TRUE
1529DPT11WINE-S,46,48,48,46,46,46,46,46,39,39,38,38,38,39,39,39,39,39,39,39,39,38,38,38,38,36,36,36,38,38,,30,30,TRUE
1529DPT11WINE-XL,114,115,114,115,115,113,113,113,113,120,119,119,119,116,116,108,108,108,106,105,103,101,102,103,103,103,103,103,93,93,,30,30,TRUE
1529DPT11WINE-XS,17,17,17,17,17,17,17,17,18,18,17,17,17,17,17,17,17,17,17,17,17,16,16,15,15,15,39,39,39,39,,30,30,TRUE
1529DPT11WINE-XXL,111,112,106,106,106,106,106,106,105,111,107,107,105,88,88,83,83,83,82,82,69,69,69,70,70,70,171,171,170,170,,30,30,TRUE
1529KDWINE-11-12,8,11,26,25,24,30,30,30,49,49,51,49,48,24,24,24,24,24,22,22,11,10,10,9,18,9,9,9,1,0,,29,29,TRUE
1529KDWINE-13-14,4,11,20,37,36,66,65,65,81,82,81,80,79,27,27,26,25,25,24,24,19,19,19,19,32,14,14,19,20,20,,30,30,TRUE
1529KDWINE-7-8,4,12,29,29,29,59,59,58,73,73,73,73,75,76,76,46,46,46,46,46,40,40,40,40,40,40,40,40,41,41,,30,30,TRUE
1529KDWINE-9-10,15,28,69,69,69,89,127,127,145,145,145,145,146,146,146,127,129,129,129,129,129,129,130,130,127,130,130,130,130,130,,30,30,TRUE
1529YKWINE-3XL,157,157,157,157,157,157,157,157,156,157,157,157,158,158,158,149,149,149,144,140,119,128,128,129,128,130,130,130,128,128,,30,30,TRUE
1529YKWINE-4XL,113,114,114,113,113,113,112,112,109,109,109,109,110,110,110,95,95,95,95,95,85,82,82,84,84,77,77,77,75,73,,30,30,TRUE
1529YKWINE-5XL,142,145,145,143,143,142,139,138,137,127,136,136,136,136,136,114,114,114,110,109,89,89,89,91,89,90,194,194,182,182,,30,30,TRUE
1529YKWINE-6XL,31,31,31,31,28,27,28,28,28,29,29,28,28,28,28,23,23,23,22,22,17,17,17,17,22,17,107,108,108,108,,30,30,TRUE
1529YKWINE-7XL,60,61,61,61,60,60,60,60,60,60,60,59,60,60,60,60,60,60,60,60,55,55,55,55,54,55,61,61,60,60,,30,30,TRUE
1529YKWINE-8XL,37,37,37,36,37,37,35,34,33,33,33,33,33,33,33,31,31,31,28,28,22,22,22,22,22,22,97,97,94,94,,30,30,TRUE
1529YKWINE-L,111,112,111,111,109,107,107,107,107,107,107,107,107,107,107,109,109,109,109,109,109,109,109,109,109,108,108,108,108,108,,30,30,TRUE
1529YKWINE-M,94,97,97,97,97,94,93,93,83,82,82,81,81,81,81,81,81,81,81,82,82,82,82,81,81,81,84,84,85,85,,30,30,TRUE
1529YKWINE-S,50,52,52,51,51,50,50,50,43,43,42,42,42,42,42,43,43,43,43,43,43,43,42,42,41,40,40,40,42,42,,30,30,TRUE
1529YKWINE-XL,121,122,121,121,122,120,120,120,120,127,126,126,126,124,124,115,115,115,113,112,110,110,110,112,111,112,112,112,102,102,,30,30,TRUE
1529YKWINE-XS,21,21,21,22,21,21,21,21,21,22,22,21,21,21,21,21,21,21,21,21,21,20,20,19,19,19,43,43,43,43,,30,30,TRUE
1529YKWINE-XXL,116,117,111,112,112,111,111,111,110,116,115,114,114,112,112,92,92,92,91,91,78,78,78,79,79,79,178,178,177,177,,30,30,TRUE
152YK263BROWN-L,0,0,0,0,0,0,0,0,0,0,0,0,0,0,0,0,0,0,0,0,0,0,0,0,0,0,0,0,0,0,,0,0,TRUE
152YK263BROWN-S,0,0,0,0,0,0,0,0,0,0,0,0,0,0,0,0,0,0,0,0,0,0,0,0,0,0,0,0,0,0,,0,0,TRUE
1530YKWINE-3XL,2,2,2,82,81,108,107,107,117,116,116,116,115,120,120,120,120,120,120,120,119,119,119,119,119,119,119,119,116,111,,30,30,TRUE
1530YKWINE-4XL,1,1,1,60,60,86,82,83,80,80,78,78,72,85,85,85,85,85,84,84,84,84,84,80,79,75,75,78,78,78,,30,30,TRUE
1530YKWINE-5XL,0,0,0,34,34,60,57,55,58,58,58,58,57,57,57,56,56,56,52,47,50,49,49,48,48,45,45,47,47,47,,27,27,TRUE
1530YKWINE-L,61,61,59,102,102,106,106,106,107,106,105,105,105,106,106,106,106,106,106,106,106,106,107,107,107,106,106,106,106,106,,30,30,TRUE
1530YKWINE-M,120,120,119,119,119,119,119,118,111,111,111,111,110,110,110,115,115,115,115,115,115,115,115,115,115,114,114,114,116,116,,30,30,TRUE
1530YKWINE-S,43,43,43,43,43,43,43,43,43,43,43,43,43,43,43,43,43,43,42,42,42,42,42,42,42,42,43,43,43,43,,30,30,TRUE
1530YKWINE-XL,27,28,28,88,87,95,95,95,95,95,94,94,92,100,100,100,100,100,100,99,99,99,100,101,101,101,101,101,101,101,,30,30,TRUE
1530YKWINE-XS,12,13,13,38,37,40,40,40,40,40,36,40,40,41,41,41,41,41,41,41,41,40,40,40,40,40,40,40,39,39,,30,30,TRUE
1530YKWINE-XXL,63,63,63,81,81,89,88,88,88,88,88,88,88,93,93,94,94,94,93,93,93,93,94,94,94,90,90,90,90,90,,30,30,TRUE
1531KBLUE-L,0,0,0,0,0,0,0,0,0,0,0,0,0,0,0,0,0,0,0,0,0,0,0,0,0,0,0,0,0,0,,0,1,FALSE
1531KBLUE-S,0,0,0,0,0,0,0,0,0,0,0,0,0,0,0,0,0,0,0,0,0,0,0,0,0,0,0,0,0,0,,0,1,FALSE
1531YKBLUE-5XL,0,0,0,0,0,0,0,0,0,0,0,0,0,0,0,0,0,0,0,0,0,0,0,0,0,0,0,0,0,1,,1,0,FALSE
1531YKBLUE-L,2,3,3,3,2,2,2,2,2,2,2,2,2,2,2,2,2,2,2,2,2,2,2,2,2,2,2,2,2,2,,30,30,TRUE
1531YKBLUE-M,1,1,1,5,5,5,4,4,4,4,4,4,3,1,1,1,1,1,1,1,1,1,1,1,1,1,1,1,1,1,,30,30,TRUE
1531YKBLUE-S,20,20,20,20,20,20,20,20,20,20,20,20,20,18,18,17,17,17,17,17,17,17,17,17,17,17,18,18,18,18,,30,30,TRUE
1531YKBLUE-XL,0,0,0,0,0,0,0,0,0,0,0,0,0,0,0,0,0,0,0,0,0,0,0,0,0,0,0,0,0,0,,0,0,TRUE
1531YKBLUE-XXL,0,0,0,0,0,0,0,0,0,0,0,0,0,0,0,0,0,0,0,0,0,0,0,0,0,0,0,0,0,0,,0,0,TRUE
1532YKBLUE-3XL,1,1,0,2,3,3,2,1,0,0,0,0,0,53,53,59,59,59,31,31,30,30,35,34,34,33,31,33,19,19,,24,24,TRUE
1532YKBLUE-4XL,11,11,10,15,15,15,15,15,15,15,14,13,14,15,15,15,15,15,8,8,8,8,8,8,28,8,7,7,8,8,,30,30,TRUE
1532YKBLUE-5XL,4,5,5,5,5,5,5,6,1,1,1,1,1,22,22,36,36,36,36,36,21,21,22,22,21,18,18,18,11,10,,30,30,TRUE
1532YKBLUE-6XL,26,26,26,26,27,27,27,27,27,11,11,11,11,10,10,10,10,10,10,10,10,10,10,9,13,9,9,9,9,9,,30,30,TRUE
1532YKBLUE-7XL,23,23,23,24,24,24,24,24,23,21,21,21,21,21,21,21,21,21,19,19,19,19,19,19,19,19,19,19,19,19,,30,30,TRUE
1532YKBLUE-8XL,51,51,51,51,50,50,50,50,50,49,48,48,48,63,63,62,62,62,59,59,56,56,56,57,57,57,57,59,56,56,,30,30,TRUE
1532YKBLUE-L,40,40,39,39,40,40,40,40,41,42,42,41,42,42,42,42,44,44,44,44,44,44,44,45,45,45,45,45,42,42,,30,30,TRUE
1532YKBLUE-M,20,20,19,20,20,20,20,20,20,21,21,21,21,20,20,18,17,17,17,17,16,16,16,15,24,15,15,15,15,15,,30,30,TRUE
1532YKBLUE-S,15,15,16,18,18,14,14,14,14,14,14,14,14,14,14,10,11,11,11,11,11,11,12,12,11,12,12,12,12,12,,30,30,TRUE
1532YKBLUE-XL,47,47,45,47,46,46,46,46,46,36,36,37,38,38,38,38,38,38,38,38,28,28,28,29,36,20,20,21,21,21,,30,30,TRUE
1532YKBLUE-XS,6,6,6,6,6,6,6,6,6,6,6,6,6,6,6,6,6,6,6,6,6,6,6,6,8,6,6,6,6,6,,30,30,TRUE
1532YKBLUE-XXL,20,20,19,21,21,21,19,19,18,12,12,10,9,9,9,19,19,19,18,17,17,17,17,17,34,17,17,17,12,11,,30,30,TRUE
1533YKBLUE-3XL,0,0,0,0,1,1,1,1,1,1,1,1,1,1,1,1,1,1,1,1,1,0,0,0,0,0,0,0,0,0,,17,17,TRUE
1533YKBLUE-L,1,1,1,1,1,1,1,1,1,1,1,1,1,1,1,1,1,1,1,1,1,1,1,1,2,1,1,1,1,1,,30,30,TRUE
1533YKBLUE-M,0,0,0,0,0,0,0,0,0,0,0,0,0,0,0,0,0,0,0,0,0,0,0,0,1,0,1,1,1,2,,5,4,FALSE
1533YKBLUE-S,3,3,3,3,3,3,3,3,3,3,3,3,3,3,3,3,3,3,3,3,3,3,3,3,3,3,3,3,3,3,,30,30,TRUE
1533YKBLUE-XL,1,1,1,1,1,1,1,1,0,0,0,0,1,1,1,1,1,1,1,1,1,1,1,1,1,1,1,1,1,1,,26,26,TRUE
1533YKBLUE-XS,14,14,14,14,14,14,14,14,14,14,14,14,14,14,14,14,14,14,14,14,14,13,13,14,14,14,14,14,14,14,,30,30,TRUE
1533YKBLUE-XXL,5,5,5,5,5,5,3,3,0,0,0,0,0,0,0,0,0,0,0,0,0,0,0,0,6,0,0,0,0,1,,10,9,FALSE
1535YKMULTI-3XL,1,2,2,3,3,3,2,2,0,0,0,0,0,0,0,0,0,0,0,0,0,0,0,0,0,0,0,1,1,4,,11,10,FALSE
1535YKMULTI-4XL,0,0,0,0,0,0,0,0,0,0,0,0,0,0,0,0,0,0,0,0,0,0,0,0,0,0,0,0,0,0,,0,0,TRUE
1535YKMULTI-5XL,0,0,0,0,0,0,0,0,0,0,0,0,0,0,0,0,0,0,0,0,0,0,0,0,0,0,0,0,0,0,,0,0,TRUE
1535YKMULTI-6XL,1,0,0,0,1,0,0,0,0,0,0,0,1,1,1,1,3,3,3,3,3,3,3,3,3,3,3,3,3,3,,20,20,TRUE
1535YKMULTI-7XL,0,0,0,0,0,0,0,0,0,0,0,0,0,0,0,0,0,0,0,0,0,0,0,0,0,0,0,0,0,2,,1,0,FALSE
1535YKMULTI-8XL,0,0,0,0,0,0,0,0,0,0,0,0,0,0,0,0,0,0,0,0,0,0,0,0,0,0,0,0,0,2,,1,0,FALSE
1535YKMULTI-L,3,3,3,3,3,2,2,2,1,1,1,2,2,2,2,2,2,2,1,1,1,1,1,1,1,1,1,1,1,1,,30,30,TRUE
1535YKMULTI-M,12,14,14,14,13,10,7,7,4,4,4,4,4,4,4,4,4,4,4,4,4,4,4,4,5,4,4,4,4,4,,30,30,TRUE
1535YKMULTI-S,24,24,24,27,27,27,26,26,26,26,26,26,26,26,26,26,26,26,25,25,25,25,25,25,25,25,26,26,23,23,,30,30,TRUE
1535YKMULTI-XL,11,11,11,11,11,11,8,8,4,4,4,4,4,4,4,4,4,4,4,4,3,3,3,3,7,3,3,3,3,3,,30,30,TRUE
1535YKMULTI-XXL,0,0,0,1,1,1,1,1,1,0,0,0,1,1,1,1,1,1,0,0,0,0,2,1,1,2,1,1,0,0,,18,17,FALSE
1536YKBLACK-3XL,0,0,0,0,0,0,0,0,0,0,0,0,0,0,0,0,0,0,0,0,0,0,0,0,3,0,0,0,0,0,,1,0,FALSE
1536YKBLACK-4XL,2,2,2,2,2,2,2,2,2,2,2,2,3,3,3,3,3,3,3,1,1,1,1,1,1,1,1,1,1,1,,30,30,TRUE
1536YKBLACK-5XL,12,12,12,11,10,9,8,7,5,3,5,4,4,3,3,4,4,4,3,3,3,3,3,3,3,2,2,1,2,2,,30,30,TRUE
1536YKBLACK-6XL,7,7,6,6,6,5,5,4,2,2,2,2,3,3,3,3,3,3,2,2,2,1,2,2,4,2,1,2,2,2,,30,30,TRUE
1536YKBLACK-7XL,4,4,8,9,8,7,4,3,3,3,3,2,3,3,3,2,2,2,1,1,1,1,1,1,1,1,1,2,2,2,,30,30,TRUE
1536YKBLACK-8XL,7,7,6,5,5,4,3,3,3,3,3,2,2,2,2,1,1,1,2,2,1,1,1,1,0,0,0,0,0,1,,25,25,TRUE
1536YKBLACK-L,0,1,0,0,0,0,0,0,0,0,0,0,0,0,0,0,0,0,0,0,0,0,0,0,0,0,0,0,0,0,,1,1,TRUE
1536YKBLACK-M,10,9,9,9,9,8,7,6,6,6,5,5,5,5,5,5,5,5,6,6,6,6,6,7,7,6,6,7,7,7,,30,30,TRUE
1536YKBLACK-S,6,7,7,7,7,7,7,8,8,8,8,8,8,8,8,8,8,8,8,8,8,8,8,8,8,8,8,8,8,8,,30,30,TRUE
1536YKBLACK-XL,0,0,0,0,0,0,0,0,0,0,0,0,0,0,0,0,0,0,0,0,0,0,0,0,0,0,0,0,0,3,,1,0,FALSE
1536YKBLACK-XXL,0,0,0,0,0,0,0,0,0,0,0,0,0,0,0,0,0,0,0,0,0,0,0,0,5,0,0,0,0,0,,1,0,FALSE
1537YKRED-3XL,3,3,3,3,4,4,4,4,2,1,1,1,18,18,18,27,27,27,26,26,22,22,22,22,21,22,22,22,17,17,,30,30,TRUE
1537YKRED-4XL,3,3,2,2,1,1,1,1,1,1,1,1,39,39,39,37,37,37,38,38,31,31,32,32,31,31,31,31,30,28,,30,30,TRUE
1537YKRED-5XL,0,0,0,0,1,0,0,0,1,0,0,0,18,18,18,22,22,22,15,15,15,15,15,14,14,7,7,9,7,7,,20,20,TRUE
1537YKRED-6XL,3,3,3,3,2,2,1,1,1,1,1,1,26,26,26,26,26,26,22,22,22,21,21,21,20,18,18,17,17,16,,30,30,TRUE
1537YKRED-7XL,1,1,1,2,2,2,2,2,2,2,2,2,22,22,22,24,24,24,22,22,22,22,22,22,22,22,22,22,20,20,,30,30,TRUE
1537YKRED-8XL,2,2,2,1,1,1,1,1,1,1,1,1,16,16,16,21,21,21,17,17,17,17,17,17,17,17,17,17,12,12,,30,30,TRUE
1537YKRED-L,11,11,11,11,11,11,9,9,7,7,7,7,41,41,41,43,43,43,43,43,43,43,43,42,42,42,42,42,42,42,,30,30,TRUE
1537YKRED-M,28,28,29,29,29,29,29,29,29,29,28,29,29,29,29,29,29,29,29,28,28,28,28,28,28,28,29,29,29,29,,30,30,TRUE
1537YKRED-S,18,18,18,18,19,19,19,19,19,19,19,19,19,18,18,17,16,16,16,16,16,16,16,17,17,17,17,17,17,17,,30,30,TRUE
1537YKRED-XL,34,36,36,36,37,36,36,36,36,36,36,36,36,36,36,33,33,33,31,31,31,31,31,31,31,31,31,30,30,30,,30,30,TRUE
1537YKRED-XXL,14,14,14,14,14,14,14,14,14,9,9,9,28,28,28,29,29,29,25,25,25,25,25,25,25,25,25,25,21,21,,30,30,TRUE
1538YKGREY-3XL,0,0,0,0,0,0,0,0,0,0,0,0,0,0,0,0,0,0,0,0,0,0,0,0,0,0,0,0,0,0,,0,0,TRUE
1538YKGREY-4XL,0,0,0,0,0,0,0,0,0,0,0,0,0,0,0,0,0,0,0,0,0,0,0,0,0,0,0,0,0,0,,0,0,TRUE
1538YKGREY-5XL,0,0,0,0,0,0,0,0,0,0,0,0,0,0,0,0,0,0,0,0,0,0,0,0,0,0,0,0,0,0,,0,0,TRUE
1538YKGREY-L,4,4,4,3,3,3,3,3,3,3,3,3,3,3,3,3,3,3,3,3,3,3,3,3,3,3,2,2,2,2,,30,30,TRUE
1538YKGREY-M,0,0,0,0,0,0,0,0,0,0,0,0,0,0,0,0,0,0,0,0,0,0,0,0,0,0,0,0,0,0,,0,0,TRUE
1538YKGREY-XL,3,3,3,3,2,2,2,2,2,2,2,2,2,2,2,2,2,2,2,2,2,2,2,2,2,2,2,2,2,2,,30,30,TRUE
1538YKGREY-XXL,0,0,0,0,0,0,0,0,0,0,0,0,0,0,0,0,0,0,0,0,0,0,0,0,0,0,0,0,0,0,,0,0,TRUE
1539YKBLACK-L,5,5,5,5,5,5,5,5,5,5,5,5,5,5,5,3,3,3,3,2,2,2,2,2,2,2,2,2,1,1,,30,30,TRUE
1539YKBLACK-M,4,4,7,7,7,7,7,7,7,7,7,7,7,7,7,5,5,5,5,5,5,5,5,5,5,5,5,5,5,5,,30,30,TRUE
1539YKBLACK-S,5,5,5,5,5,5,5,5,5,5,5,5,5,5,5,5,5,5,5,5,5,5,5,5,4,5,5,5,5,5,,30,30,TRUE
1539YKBLACK-XL,4,4,4,4,4,4,4,4,4,4,4,4,5,5,5,4,4,4,4,4,4,4,4,4,4,3,3,3,3,3,,30,30,TRUE
1539YKBLACK-XXL,2,2,2,2,2,2,2,2,2,2,2,2,2,2,2,1,1,1,1,1,1,1,1,1,1,1,1,1,1,1,,30,30,TRUE
153YK267TURQ-S,1,1,1,1,1,1,1,1,1,1,1,1,1,1,1,1,1,1,1,1,1,1,1,1,1,1,1,1,1,1,,30,30,TRUE
1540YKGREEN-3XL,86,86,86,87,87,87,87,87,87,87,86,86,86,86,86,80,80,80,80,78,78,78,78,77,77,77,77,76,76,76,,30,30,TRUE
1540YKGREEN-4XL,77,77,77,78,78,78,78,78,73,73,72,72,71,69,69,66,66,66,64,65,65,64,64,63,63,63,63,63,65,65,,30,30,TRUE
1540YKGREEN-5XL,121,121,121,120,117,117,117,116,115,116,116,115,118,118,118,105,105,105,105,106,106,105,105,104,101,104,104,104,104,104,,30,30,TRUE
1540YKGREEN-6XL,85,85,85,84,84,84,84,84,84,84,83,84,85,85,85,77,77,77,74,74,74,74,74,74,71,73,71,70,71,71,,30,30,TRUE
1540YKGREEN-7XL,40,40,40,39,41,41,41,41,41,41,41,41,41,41,41,33,33,33,33,33,32,32,32,32,32,32,31,31,31,30,,30,30,TRUE
1540YKGREEN-8XL,35,37,35,36,36,36,36,36,36,36,36,35,35,35,35,27,27,27,27,27,26,26,26,25,25,25,23,23,25,25,,30,30,TRUE
1540YKGREEN-L,25,28,28,28,28,28,27,27,22,22,22,22,23,23,23,21,21,21,21,19,19,17,19,20,20,20,19,18,18,18,,30,30,TRUE
1540YKGREEN-M,52,51,51,51,51,51,51,51,48,47,47,47,47,47,47,46,46,46,45,45,45,45,45,44,44,44,44,44,44,40,,30,30,TRUE
1540YKGREEN-S,29,29,29,29,29,29,29,29,29,29,28,29,29,29,29,27,27,27,27,27,27,27,27,28,28,28,28,28,28,27,,30,30,TRUE
1540YKGREEN-XL,45,44,44,44,42,39,39,39,37,37,37,37,37,37,37,27,27,27,26,26,26,26,26,27,27,27,27,25,25,23,,30,30,TRUE
1540YKGREEN-XS,8,8,8,8,9,9,9,9,7,7,7,7,7,7,7,7,7,7,7,7,7,7,7,7,7,7,7,7,8,8,,30,30,TRUE
1540YKGREEN-XXL,50,54,54,54,54,54,53,53,47,47,47,47,48,48,48,43,43,43,43,43,43,43,43,43,43,44,44,44,44,44,,30,30,TRUE
1541YKBLUE-3XL,6,6,6,8,8,8,8,7,7,7,7,7,7,7,7,7,7,8,8,8,5,5,5,5,5,5,5,4,5,4,,30,30,TRUE
1541YKBLUE-4XL,1,1,1,1,1,0,0,0,0,0,0,0,0,0,0,0,0,0,0,0,0,0,0,0,0,0,0,0,0,2,,6,5,FALSE
1541YKBLUE-5XL,1,1,1,2,2,2,2,2,2,1,1,1,1,1,1,1,1,1,1,1,1,1,1,1,1,1,1,2,2,2,,30,30,TRUE
1541YKBLUE-L,11,11,11,11,11,11,11,11,8,8,8,8,8,9,9,9,9,9,8,8,8,8,8,8,8,8,8,9,9,9,,30,30,TRUE
1541YKBLUE-M,2,2,5,5,5,5,5,5,5,5,4,5,5,5,5,4,3,3,3,2,2,2,2,2,2,2,2,2,2,2,,30,30,TRUE
1541YKBLUE-S,3,3,3,3,3,3,3,4,4,4,4,4,4,4,4,4,4,4,4,4,3,3,3,3,3,3,2,2,2,2,,30,30,TRUE
1541YKBLUE-XL,33,33,33,33,34,32,32,32,32,32,30,32,32,32,32,30,30,30,29,29,29,29,29,29,29,28,18,18,18,18,,30,30,TRUE
1541YKBLUE-XXL,4,4,4,4,4,4,4,3,0,0,0,0,0,0,0,0,0,0,0,0,0,0,0,0,2,0,0,0,0,10,,10,9,FALSE
1542YKBLUE-L,15,15,15,15,15,15,15,15,15,15,15,15,15,15,15,15,15,15,13,13,13,13,13,13,13,13,14,14,14,14,,30,30,TRUE
1542YKBLUE-M,17,17,17,17,17,17,17,17,17,17,17,17,17,17,17,17,17,17,17,17,17,14,14,14,14,14,14,14,14,14,,30,30,TRUE
1542YKBLUE-S,21,21,21,21,21,21,21,21,21,21,21,21,21,21,21,21,21,21,21,21,21,21,21,21,21,21,21,21,21,21,,30,30,TRUE
1542YKBLUE-XL,23,23,23,23,23,23,23,23,23,23,23,23,23,23,23,23,23,23,22,22,22,22,22,22,22,22,23,23,23,23,,30,30,TRUE
1543YKBLUE-3XL,5,5,5,5,6,6,5,5,0,0,0,0,0,0,0,0,0,0,0,0,0,0,0,0,7,0,0,0,0,0,,9,8,FALSE
1543YKBLUE-4XL,7,7,7,7,6,6,6,6,0,0,0,0,0,0,0,0,0,0,0,0,0,0,2,2,7,2,2,2,2,2,,16,16,TRUE
1543YKBLUE-5XL,1,1,1,1,1,1,1,1,1,1,1,1,1,1,1,1,1,1,1,1,1,1,1,1,1,1,1,1,1,1,,30,30,TRUE
1543YKBLUE-L,1,1,1,2,2,2,2,2,2,2,2,2,2,2,2,2,2,2,2,2,2,2,3,3,3,3,3,3,3,3,,30,30,TRUE
1543YKBLUE-M,8,8,8,14,14,14,14,14,13,13,13,13,13,13,13,12,12,12,12,12,12,12,12,12,12,12,12,13,13,13,,30,30,TRUE
1543YKBLUE-S,3,3,3,3,3,3,3,3,3,3,3,3,3,3,3,3,3,3,3,3,3,3,3,3,3,3,3,3,3,3,,30,30,TRUE
1543YKBLUE-XL,1,1,1,1,1,1,1,1,1,1,1,1,1,1,1,1,1,1,1,1,1,1,1,1,1,1,1,1,1,1,,30,30,TRUE
1543YKBLUE-XS,8,8,10,10,10,10,10,10,6,6,6,6,6,6,6,6,6,6,6,6,6,6,6,6,6,6,6,6,6,6,,30,30,TRUE
1543YKBLUE-XXL,1,1,1,1,1,1,1,1,1,1,1,1,0,0,0,0,0,0,0,0,0,0,0,0,0,0,1,1,1,1,,16,16,TRUE
1545YKBLACK-3XL,0,0,0,1,0,0,0,0,0,0,0,0,0,0,0,0,0,0,0,0,0,0,0,0,0,0,0,0,0,0,,1,1,TRUE
1545YKBLACK-4XL,0,0,0,0,0,0,0,0,0,0,0,0,0,0,0,0,0,0,0,0,0,0,0,0,0,0,0,0,0,2,,1,0,FALSE
1545YKBLACK-5XL,1,1,1,1,1,1,1,1,1,1,1,1,1,1,1,1,1,1,1,1,1,1,1,1,1,1,1,1,1,1,,30,30,TRUE
1545YKBLACK-6XL,3,3,3,3,3,3,3,3,0,0,0,0,0,0,0,0,0,0,0,0,0,0,0,0,4,0,0,0,0,0,,9,8,FALSE
1545YKBLACK-7XL,6,6,4,4,4,4,4,4,4,4,4,4,4,4,4,5,5,5,5,5,5,5,5,5,5,5,5,5,5,5,,30,30,TRUE
1545YKBLACK-8XL,7,7,7,7,7,7,7,7,5,5,5,5,5,5,5,5,5,5,5,5,5,5,5,5,5,5,5,5,5,5,,30,30,TRUE
1545YKBLACK-L,44,44,44,44,44,44,44,44,44,44,43,44,44,44,44,44,44,44,44,44,44,44,44,44,44,44,44,44,44,44,,30,30,TRUE
1545YKBLACK-M,58,58,58,58,58,58,58,58,57,57,52,57,57,57,57,57,58,58,58,58,58,57,58,58,58,58,58,58,59,59,,30,30,TRUE
1545YKBLACK-S,37,37,37,37,37,37,37,37,37,34,31,34,34,34,34,34,34,34,34,34,34,34,34,34,34,34,37,37,37,37,,30,30,TRUE
1545YKBLACK-XL,20,20,20,21,21,21,21,21,21,21,17,21,21,21,21,21,22,22,22,21,21,20,20,20,20,20,22,22,22,22,,30,30,TRUE
1545YKBLACK-XXL,13,13,13,12,12,11,9,9,5,5,5,5,5,5,5,3,3,3,3,3,3,3,3,2,5,2,2,2,2,2,,30,30,TRUE
1547YKBLACK-L,5,5,4,5,4,3,3,3,0,0,0,0,0,0,0,0,0,0,0,0,0,0,0,0,0,0,0,0,0,0,,8,8,TRUE
1547YKBLACK-M,6,6,6,6,6,5,5,5,5,5,4,5,5,4,4,4,4,4,3,3,3,3,3,3,2,2,1,0,0,0,,27,28,FALSE
1547YKBLACK-S,6,6,6,6,6,6,6,6,6,6,5,6,6,5,5,5,5,5,4,1,4,4,4,4,3,3,3,3,3,2,,30,30,TRUE
1547YKBLACK-XL,2,2,2,2,2,3,3,3,0,0,0,0,1,1,1,1,1,1,1,1,1,0,1,1,1,0,0,0,0,0,,20,19,FALSE
1547YKBLACK-XXL,2,2,2,2,2,1,0,0,0,0,0,1,2,2,2,1,1,1,1,1,1,0,0,0,0,0,0,0,0,1,,17,17,TRUE
1548YKPINK-3XL,14,16,11,14,12,8,5,4,0,3,3,1,3,1,1,2,2,2,1,1,1,1,1,1,7,1,1,1,1,1,,29,29,TRUE
1548YKPINK-4XL,3,5,2,7,10,8,5,4,1,3,2,1,5,1,1,1,1,1,1,3,2,1,1,4,1,4,2,2,3,2,,30,30,TRUE
1548YKPINK-5XL,14,16,15,15,14,11,8,7,5,5,2,2,10,8,8,2,2,2,2,2,2,2,3,3,11,2,2,2,3,2,,30,30,TRUE
1548YKPINK-6XL,0,0,0,0,0,0,0,0,1,0,0,0,0,0,0,0,0,0,0,0,0,0,0,1,0,0,0,0,0,0,,2,3,FALSE
1548YKPINK-7XL,0,1,0,0,1,0,0,0,1,0,0,0,0,0,0,0,0,0,0,0,0,0,0,0,0,0,0,0,1,1,,5,4,FALSE
1548YKPINK-8XL,2,2,1,1,1,0,0,0,0,0,0,0,1,1,1,0,0,0,0,0,0,0,0,0,1,0,0,0,0,0,,9,7,FALSE
1548YKPINK-L,13,25,24,22,25,25,24,23,17,12,12,12,11,11,11,12,12,12,10,10,10,10,10,11,9,10,10,11,12,6,,30,30,TRUE
1548YKPINK-M,4,4,4,2,3,3,3,3,4,4,4,3,4,4,4,7,7,7,7,7,7,7,7,7,7,7,7,7,9,9,,30,30,TRUE
1548YKPINK-S,13,13,13,11,11,11,11,11,8,6,6,6,6,5,5,6,6,6,7,7,7,7,7,8,8,8,8,8,11,11,,30,30,TRUE
1548YKPINK-XL,2,4,3,3,2,2,2,2,2,2,2,2,3,3,3,10,10,10,2,1,1,1,1,1,1,2,1,1,1,1,,30,30,TRUE
1548YKPINK-XS,10,10,11,12,12,12,12,12,12,12,12,12,12,12,12,12,12,12,12,12,12,12,12,12,12,12,12,12,12,11,,30,30,TRUE
1548YKPINK-XXL,2,2,2,3,2,2,2,2,0,0,0,0,1,1,1,0,0,0,0,0,0,0,0,1,2,0,0,0,1,1,,15,14,FALSE
1549YKWINE-L,5,5,5,5,5,5,5,5,5,5,5,5,5,5,5,5,5,5,5,5,5,5,5,5,5,5,5,5,6,6,,30,30,TRUE
1549YKWINE-M,3,3,4,4,4,4,4,4,4,4,4,4,4,4,4,4,4,4,4,2,2,2,2,1,1,1,1,1,1,1,,30,30,TRUE
1549YKWINE-S,17,17,17,17,17,17,17,17,17,17,17,17,17,17,17,15,15,15,15,14,13,8,13,14,14,14,14,14,10,10,,30,30,TRUE
1549YKWINE-XL,3,3,3,3,3,3,3,3,3,3,2,3,3,3,3,3,3,3,3,3,3,3,3,3,3,3,1,1,1,1,,30,30,TRUE
1549YKWINE-XXL,9,9,9,9,9,9,9,9,9,9,9,9,9,9,9,9,9,9,7,7,7,7,7,7,7,7,7,7,7,7,,30,30,TRUE
1550YKGREEN-3XL,17,17,17,17,17,17,17,17,16,16,16,15,15,14,14,14,15,15,15,15,15,15,16,16,16,14,14,14,14,14,,30,30,TRUE
1550YKGREEN-4XL,24,24,24,25,25,25,24,24,24,23,23,23,23,23,23,21,21,21,20,18,13,19,19,19,19,19,19,19,15,15,,30,30,TRUE
1550YKGREEN-5XL,4,3,3,3,3,3,3,3,3,3,3,3,4,4,4,3,3,3,3,3,3,3,4,4,7,4,4,4,4,4,,30,30,TRUE
1550YKGREEN-6XL,24,25,24,24,23,23,22,22,20,21,23,22,22,22,22,22,22,22,22,21,21,20,20,20,20,20,20,20,21,21,,30,30,TRUE
1550YKGREEN-7XL,11,12,12,12,13,12,12,12,12,12,12,11,11,11,11,11,11,11,11,11,11,11,11,11,11,11,11,10,10,10,,30,30,TRUE
1550YKGREEN-8XL,8,10,10,10,10,10,10,10,10,10,10,10,10,10,10,10,10,10,9,9,5,5,6,6,6,6,6,6,6,6,,30,30,TRUE
1550YKGREEN-L,30,30,30,30,30,30,30,30,30,30,30,30,30,30,30,30,30,30,29,29,29,29,29,29,28,29,29,29,27,27,,30,30,TRUE
1550YKGREEN-M,24,24,24,23,23,23,23,23,23,23,23,23,23,23,23,23,23,23,23,23,23,23,23,23,23,23,23,24,24,24,,30,30,TRUE
1550YKGREEN-S,25,25,30,30,30,30,30,30,30,29,29,29,29,29,29,29,29,29,29,29,29,29,29,29,29,29,29,29,29,29,,30,30,TRUE
1550YKGREEN-XL,4,4,4,4,4,4,4,4,2,1,1,1,1,1,1,1,1,1,1,1,1,1,1,1,2,1,1,2,2,2,,30,30,TRUE
1550YKGREEN-XXL,25,25,25,25,25,25,25,25,25,25,25,25,25,25,25,24,24,24,24,23,23,22,22,22,22,22,22,23,23,23,,30,30,TRUE
1551YKGREEN-5XL,0,0,0,0,0,0,0,0,0,0,0,0,0,0,0,0,0,0,0,0,0,0,0,0,0,0,0,0,0,0,,0,0,TRUE
1551YKGREEN-L,2,2,2,2,2,2,2,2,3,3,3,3,3,3,3,3,3,3,3,3,3,3,3,2,2,2,2,2,2,2,,30,30,TRUE
1551YKGREEN-M,10,10,11,11,11,11,11,11,11,10,10,10,10,10,10,10,10,10,10,10,10,10,10,10,10,10,10,10,10,10,,30,30,TRUE
1551YKGREEN-S,7,7,6,6,6,6,6,6,7,7,7,7,6,6,6,6,6,6,6,6,6,6,7,7,7,7,7,7,7,7,,30,30,TRUE
1551YKGREEN-XL,4,4,4,4,4,4,4,4,3,3,3,3,3,3,3,3,3,3,2,2,2,2,2,1,1,1,1,2,1,1,,30,30,TRUE
1551YKGREEN-XXL,1,1,1,1,1,1,1,1,1,1,1,1,1,1,1,1,1,1,1,1,1,1,1,1,1,1,1,1,0,2,,29,27,FALSE
1552YKRED-3XL,1,2,2,4,4,4,4,4,0,0,0,0,0,0,0,4,4,4,3,3,3,2,2,2,2,2,2,2,2,2,,23,23,TRUE
1552YKRED-4XL,1,1,1,2,2,2,2,1,1,1,1,1,1,1,1,1,1,1,1,1,1,1,1,1,1,1,1,1,1,1,,30,30,TRUE
1552YKRED-5XL,0,0,0,0,0,0,0,0,0,0,0,0,1,1,1,2,2,2,1,1,1,1,1,0,0,0,0,0,0,6,,12,10,FALSE
1552YKRED-6XL,1,1,1,1,1,1,1,1,1,1,1,1,1,1,1,1,1,1,1,1,1,1,1,2,2,2,2,2,2,2,,30,30,TRUE
1552YKRED-7XL,2,2,2,3,3,3,3,3,3,3,3,3,3,3,3,3,3,3,3,3,3,3,3,4,4,4,4,3,3,3,,30,30,TRUE
1552YKRED-8XL,2,4,4,4,4,4,4,4,3,3,3,3,3,3,3,3,3,3,3,3,3,3,3,3,3,3,3,3,3,3,,30,30,TRUE
1552YKRED-L,9,8,7,7,7,7,5,5,0,0,0,0,0,0,0,6,6,6,6,6,6,6,7,7,7,6,6,6,5,5,,23,23,TRUE
1552YKRED-M,19,19,19,19,19,19,19,19,16,9,9,9,9,9,9,5,1,1,1,1,1,0,1,1,3,0,10,10,10,10,,28,28,TRUE
1552YKRED-S,10,10,10,10,10,10,10,10,8,8,8,8,8,8,8,8,8,8,8,8,8,8,8,8,8,8,8,8,8,8,,30,30,TRUE
1552YKRED-XL,10,10,9,9,9,9,6,6,0,0,0,0,0,0,0,1,1,1,1,1,1,1,1,1,8,0,0,0,0,0,,18,18,TRUE
1552YKRED-XXL,22,22,22,21,21,21,21,21,10,7,7,7,7,7,7,7,7,7,7,7,7,7,7,7,23,7,7,7,7,7,,30,30,TRUE
1553YKBLUE-L,3,3,3,3,3,3,3,3,3,3,3,2,2,2,2,1,1,1,1,1,0,0,0,0,0,0,0,0,0,2,,21,20,FALSE
1553YKBLUE-M,12,12,12,12,12,12,12,12,10,9,9,9,8,8,8,8,8,8,8,8,8,8,9,9,8,8,8,9,9,8,,30,30,TRUE
1553YKBLUE-S,5,5,5,5,5,5,5,5,6,6,6,7,7,7,7,7,7,7,6,5,4,4,4,4,4,4,4,4,4,4,,30,30,TRUE
1553YKBLUE-XL,0,0,0,0,0,0,0,0,0,0,0,1,1,1,1,1,1,1,1,1,0,0,1,1,0,0,0,0,0,8,,12,11,FALSE
1553YKBLUE-XXL,4,4,4,3,3,3,3,3,2,0,0,0,0,0,0,0,0,0,0,0,0,0,0,0,0,0,1,1,1,2,,13,13,TRUE
1554YKBLUE-5XL,0,0,0,0,0,0,0,0,0,0,0,0,0,0,0,0,0,0,0,0,0,0,0,0,0,0,0,0,0,0,,0,0,TRUE
1554YKBLUE-L,37,37,36,34,32,31,31,31,29,29,27,28,26,23,23,21,21,21,20,20,20,20,20,21,26,21,25,26,27,27,,30,30,TRUE
1554YKBLUE-M,62,62,62,63,62,62,62,62,59,59,59,62,61,59,59,60,60,60,60,60,60,59,59,59,58,59,60,60,60,60,,30,30,TRUE
1554YKBLUE-S,73,73,74,74,74,74,73,74,74,74,73,73,73,72,72,70,70,70,68,65,63,58,60,58,57,59,60,62,62,62,,30,30,TRUE
1554YKBLUE-XL,21,21,21,21,20,20,20,19,15,13,10,10,10,10,10,10,10,10,10,10,10,10,10,11,23,11,10,10,10,10,,30,30,TRUE
1555YKGREEN-L,99,99,99,100,101,101,100,100,92,90,70,90,90,90,90,90,90,90,90,90,90,90,90,90,90,90,92,92,92,92,,30,30,TRUE
1555YKGREEN-M,81,81,81,82,82,82,82,82,82,81,81,81,81,81,81,81,81,81,81,81,81,81,81,81,81,81,81,81,82,82,,30,30,TRUE
1555YKGREEN-S,37,37,37,37,37,37,37,36,36,36,35,36,36,36,36,36,36,36,35,35,35,35,35,35,35,35,35,35,35,35,,30,30,TRUE
1555YKGREEN-XL,71,71,71,71,71,71,71,71,71,71,71,71,71,71,71,71,71,71,69,69,69,69,69,69,69,69,69,69,69,69,,30,30,TRUE
1555YKGREEN-XS,6,6,11,11,10,10,10,10,10,10,9,10,10,10,10,10,10,10,10,10,10,10,10,10,10,10,10,10,10,10,,30,30,TRUE
1555YKGREEN-XXL,57,57,57,57,57,57,57,57,51,51,51,51,51,51,51,51,51,51,50,50,50,50,50,50,50,50,50,50,50,50,,30,30,TRUE
1556YKGREEN-3XL,255,254,244,236,242,240,238,236,239,242,241,241,253,252,252,242,241,240,218,219,198,197,198,203,198,200,198,199,216,214,,30,30,TRUE
1556YKGREEN-4XL,100,102,95,94,91,90,87,85,82,51,54,53,49,58,58,39,39,39,29,29,28,30,27,28,40,20,19,22,68,67,,30,30,TRUE
1556YKGREEN-5XL,22,21,10,11,10,11,10,10,3,10,9,8,12,13,13,42,42,42,20,21,20,18,18,18,35,10,10,10,146,134,,30,30,TRUE
1556YKGREEN-6XL,33,34,30,21,28,29,29,30,31,29,27,26,26,26,26,24,26,24,13,13,13,11,13,15,20,13,11,11,20,19,,30,30,TRUE
1556YKGREEN-7XL,52,53,53,53,55,54,53,52,48,48,47,47,48,48,48,47,48,48,48,48,48,46,46,45,44,43,43,42,64,64,,30,30,TRUE
1556YKGREEN-8XL,84,84,83,83,84,84,84,84,82,82,82,82,82,82,82,82,82,82,80,80,80,80,80,77,76,71,71,72,69,68,,30,30,TRUE
1556YKGREEN-L,69,69,66,66,66,66,64,64,63,66,50,50,50,49,49,47,47,47,27,26,26,25,25,22,77,22,22,22,41,41,,30,30,TRUE
1556YKGREEN-M,204,204,204,206,206,206,206,206,204,204,204,205,204,204,204,183,184,183,172,172,151,151,151,154,152,152,152,152,144,144,,30,30,TRUE
1556YKGREEN-S,86,87,84,84,84,84,84,84,84,87,87,87,87,87,87,87,87,87,74,74,74,74,75,76,76,75,76,76,85,85,,30,30,TRUE
1556YKGREEN-XL,166,164,160,158,158,156,153,151,150,143,143,143,144,144,144,146,146,146,124,124,124,122,124,124,124,85,85,86,118,117,,30,30,TRUE
1556YKGREEN-XS,88,90,90,90,90,90,90,89,88,88,87,87,87,87,87,88,88,88,89,89,79,79,79,80,80,79,79,79,79,79,,30,30,TRUE
1556YKGREEN-XXL,224,230,228,230,229,226,221,220,221,220,220,221,226,225,225,217,216,216,188,186,183,180,180,183,181,162,160,161,223,224,,30,30,TRUE
1557YKRED-3XL,18,25,13,119,115,111,103,98,94,73,84,84,78,85,85,82,84,83,81,80,78,77,77,73,71,62,62,62,65,49,,30,30,TRUE
1557YKRED-4XL,51,51,51,49,50,47,41,36,31,22,29,27,26,25,25,21,21,20,21,21,20,18,18,15,12,12,10,8,9,36,,30,30,TRUE
1557YKRED-5XL,87,86,82,82,86,84,84,81,78,72,75,71,64,72,72,71,72,71,69,68,54,63,64,65,62,61,30,30,32,27,,30,30,TRUE
1557YKRED-6XL,33,33,33,33,34,34,34,34,28,28,28,27,26,23,23,25,25,25,23,22,21,19,21,23,22,23,23,22,21,21,,30,30,TRUE
1557YKRED-7XL,5,6,5,16,17,17,15,15,14,10,10,8,6,8,8,10,10,10,6,5,5,6,7,9,8,5,5,4,4,4,,30,30,TRUE
1557YKRED-8XL,29,31,31,31,28,28,30,30,28,26,23,22,18,23,23,24,24,24,22,22,19,14,19,20,20,20,19,20,21,21,,30,30,TRUE
1557YKRED-L,48,49,49,60,61,55,54,54,54,51,48,47,43,45,45,29,30,30,29,26,16,21,21,21,21,13,13,18,17,16,,30,30,TRUE
1557YKRED-M,38,38,38,39,41,37,36,36,30,29,29,31,32,32,32,33,33,33,33,32,32,32,33,36,36,36,36,36,35,35,,30,30,TRUE
1557YKRED-S,4,4,4,15,15,13,13,13,9,9,9,10,10,10,10,10,10,11,11,11,11,11,12,12,12,12,14,14,14,14,,30,30,TRUE
1557YKRED-XL,6,6,6,35,36,36,36,37,37,36,34,34,36,36,36,34,34,34,33,33,33,33,33,32,32,26,26,23,24,22,,30,30,TRUE
1557YKRED-XS,12,12,15,15,15,11,11,11,11,11,11,11,11,11,11,9,9,9,9,9,9,9,9,9,9,9,9,9,9,9,,30,30,TRUE
1557YKRED-XXL,94,92,85,184,187,170,165,164,159,158,152,152,146,151,151,151,151,151,147,147,146,145,145,144,142,140,139,138,139,136,,30,30,TRUE
1558YKWINE-3XL,0,0,0,0,0,0,0,0,0,0,0,0,0,0,0,0,0,0,0,0,0,0,0,0,0,0,0,0,0,0,,0,0,TRUE
1558YKWINE-4XL,0,0,0,0,0,0,0,0,0,0,0,0,0,0,0,0,0,0,0,0,0,0,0,0,0,0,0,0,0,0,,0,0,TRUE
1558YKWINE-L,1,1,1,1,1,1,1,1,1,1,1,1,1,1,1,1,1,1,1,1,1,1,1,1,1,1,1,1,1,1,,30,30,TRUE
1558YKWINE-M,5,5,5,5,5,5,5,5,5,5,5,5,5,5,5,5,5,5,5,5,5,5,5,5,5,5,5,5,5,5,,30,30,TRUE
1558YKWINE-S,11,11,12,12,12,12,12,12,12,12,12,12,12,12,12,12,12,12,11,11,11,11,11,11,11,11,11,11,11,11,,30,30,TRUE
1558YKWINE-XL,1,2,2,2,2,2,2,2,2,2,2,2,2,1,1,1,1,1,1,1,1,1,1,1,1,1,1,1,1,1,,30,30,TRUE
1558YKWINE-XXL,0,0,0,0,0,0,0,0,0,0,0,0,0,0,0,0,0,0,0,0,0,0,0,0,0,0,0,0,0,0,,0,0,TRUE
155YK264BLUE-M,0,0,0,0,0,0,0,0,0,0,0,0,0,0,0,0,0,0,0,0,0,0,0,0,0,0,0,0,0,0,,0,0,TRUE
155YK264BLUE-S,0,0,0,0,0,0,0,0,0,0,0,0,0,0,0,0,0,0,0,0,0,0,0,0,0,0,0,0,0,0,,0,0,TRUE
155YK264BLUE-XXL,0,0,0,0,0,0,0,0,0,0,0,0,0,0,0,0,0,0,0,0,0,0,0,0,0,0,0,0,0,0,,0,0,TRUE
1561YKWHITE-L,17,17,20,20,20,20,20,20,20,19,19,19,19,20,20,20,20,20,20,20,20,20,20,20,20,20,20,20,20,20,,30,30,TRUE
1561YKWHITE-M,18,18,17,17,17,17,17,17,17,17,14,14,14,14,14,14,14,14,14,14,14,14,14,14,14,14,14,14,14,14,,30,30,TRUE
1561YKWHITE-S,22,22,22,22,21,21,21,21,21,21,18,21,21,21,21,21,21,21,21,21,20,20,20,20,20,20,20,20,21,21,,30,30,TRUE
1561YKWHITE-XL,29,29,29,44,44,44,44,44,44,44,44,44,44,44,44,44,44,44,44,44,44,44,44,44,44,44,44,43,43,43,,30,30,TRUE
1561YKWHITE-XXL,29,29,29,29,29,29,29,29,29,29,26,29,29,29,29,29,29,29,29,29,29,29,29,29,29,29,29,29,29,29,,30,30,TRUE
1562YKGREEN-3XL,5,5,5,53,51,70,70,70,68,68,68,68,71,73,73,73,73,73,72,72,72,72,72,72,72,72,72,73,74,74,,30,30,TRUE
1562YKGREEN-4XL,4,3,3,69,69,70,68,68,68,68,68,67,67,66,66,66,66,66,65,65,63,63,63,63,63,63,63,63,64,63,,30,30,TRUE
1562YKGREEN-5XL,0,0,1,53,53,72,69,68,64,63,63,63,61,60,60,60,60,60,60,60,60,60,64,64,64,56,56,56,56,56,,28,28,TRUE
1562YKGREEN-L,9,10,10,38,38,61,61,61,61,60,60,60,60,60,60,58,58,58,58,58,58,58,58,58,58,58,58,58,58,58,,30,30,TRUE
1562YKGREEN-M,15,15,17,30,29,37,37,38,38,38,38,37,37,37,37,37,37,37,36,36,36,36,36,36,36,36,36,36,36,36,,30,30,TRUE
1562YKGREEN-S,5,4,1,21,21,25,23,23,17,17,17,17,17,16,16,17,17,17,17,17,17,17,17,18,18,18,21,21,21,22,,30,30,TRUE
1562YKGREEN-XL,10,10,9,22,22,36,36,36,35,35,33,37,37,37,37,36,36,36,32,32,32,32,32,32,31,32,32,31,26,27,,30,30,TRUE
1562YKGREEN-XS,5,5,5,19,19,19,19,19,19,19,19,19,19,19,19,19,19,19,19,19,19,19,19,19,19,19,19,19,19,19,,30,30,TRUE
1562YKGREEN-XXL,28,29,30,43,43,47,47,47,47,47,47,47,47,52,52,52,52,52,52,52,52,52,52,52,51,48,48,48,48,48,,30,30,TRUE
1563YKWHITE-L,0,0,0,0,0,0,0,0,0,0,0,0,0,0,0,0,0,0,0,0,0,0,0,0,0,0,0,0,0,1,,1,0,FALSE
1563YKWHITE-M,0,0,0,0,0,0,0,0,0,0,0,0,0,0,0,0,0,0,0,0,0,0,0,0,0,0,0,0,0,1,,1,0,FALSE
1563YKWHITE-S,12,12,12,12,12,12,12,12,12,13,9,13,13,13,13,13,13,13,11,11,9,9,9,9,9,9,10,11,11,11,,30,30,TRUE
1563YKWHITE-XL,0,0,0,0,0,0,0,0,0,0,0,0,0,0,0,0,0,0,0,0,0,0,1,2,2,1,1,1,1,1,,8,8,TRUE
1563YKWHITE-XXL,0,0,0,0,0,0,0,0,0,0,0,0,0,0,0,0,0,0,0,0,0,0,0,0,0,0,0,0,0,0,,0,0,TRUE
1564YKMULTI-3XL,1,1,1,1,1,1,1,1,1,1,1,1,1,1,1,1,1,1,1,1,1,1,1,1,1,1,1,1,1,1,,30,30,TRUE
1564YKMULTI-L,0,0,0,0,0,0,0,0,0,0,0,0,0,0,0,0,0,0,0,0,0,0,0,0,0,0,0,0,0,0,,0,0,TRUE
1564YKMULTI-M,0,0,0,0,0,0,0,0,0,0,0,0,0,0,0,0,0,0,0,0,0,0,0,0,0,0,0,0,0,0,,0,0,TRUE
1564YKMULTI-S,0,0,0,0,0,0,0,0,0,0,0,0,0,0,0,0,0,0,0,0,0,0,0,0,0,0,0,0,0,0,,0,0,TRUE
1564YKMULTI-XL,1,1,1,1,1,1,1,1,1,1,1,1,1,1,1,1,1,1,1,1,1,1,1,1,1,1,1,1,1,1,,30,30,TRUE
1564YKMULTI-XXL,0,0,0,0,0,0,0,0,0,0,0,0,0,0,0,0,0,0,0,0,0,0,0,0,0,0,0,0,0,0,,0,0,TRUE
1564YKWHITE-L,0,0,0,0,0,0,0,0,0,0,0,0,0,0,0,0,0,0,0,0,0,0,0,0,0,0,0,0,0,0,,0,0,TRUE
1564YKWHITE-M,0,0,0,0,0,0,0,0,0,0,0,0,0,0,0,0,0,0,0,0,0,0,0,0,0,0,0,0,0,0,,0,0,TRUE
1564YKWHITE-S,0,0,0,0,0,0,0,0,0,0,0,0,0,0,0,0,0,0,0,0,0,0,0,0,0,0,0,0,0,0,,0,0,TRUE
1564YKWHITE-XL,0,0,0,0,0,0,0,0,0,0,0,0,0,0,0,0,0,0,0,0,0,0,0,0,0,0,0,0,0,0,,0,0,TRUE
1564YKWHITE-XXL,0,0,0,0,0,0,0,0,0,0,0,0,0,0,0,0,0,0,0,0,0,0,0,0,0,0,0,0,0,0,,0,0,TRUE
1565KDBLUE-11-12,42,42,43,43,43,43,43,43,43,43,40,43,43,43,43,42,42,42,42,42,42,42,42,42,42,42,42,42,42,42,,30,30,TRUE
1565KDBLUE-13-14,34,34,34,34,35,35,35,35,35,35,35,35,38,41,41,41,41,41,41,41,41,41,41,41,41,41,41,41,41,41,,30,30,TRUE
1565KDBLUE-7-8,31,31,35,35,35,35,35,35,35,35,35,35,35,41,41,41,41,41,38,38,38,38,38,38,38,38,38,38,39,39,,30,30,TRUE
1565KDBLUE-9-10,28,28,31,31,31,31,31,31,31,31,31,31,32,36,36,36,36,36,36,36,36,31,31,31,31,31,31,31,31,31,,30,30,TRUE
1565YKBLUE-L,0,0,0,0,0,0,0,0,0,0,0,0,0,0,0,0,0,0,0,0,0,0,0,0,0,0,0,0,0,0,,0,0,TRUE
1565YKBLUE-M,4,4,4,4,4,4,4,4,4,4,4,4,4,4,4,4,4,4,3,3,3,2,2,2,1,1,1,1,1,1,,30,30,TRUE
1565YKBLUE-S,14,14,14,14,14,14,14,15,14,13,13,13,13,13,13,14,14,14,14,14,14,14,14,14,14,14,14,14,15,15,,30,30,TRUE
1565YKBLUE-XL,0,0,0,0,0,0,0,0,0,0,0,0,0,0,0,0,0,0,0,0,0,0,0,0,0,0,1,1,1,1,,4,4,TRUE
1565YKBLUE-XS,0,0,0,0,0,0,0,0,0,0,0,0,0,0,0,0,0,0,0,0,0,0,0,0,0,0,0,0,0,0,,0,0,TRUE
1565YKBLUE-XXL,2,2,2,2,2,2,2,2,2,2,2,2,2,1,1,1,1,1,1,1,1,1,1,1,1,1,2,2,2,2,,30,30,TRUE
1566YKGREEN-3XL,0,0,0,0,0,0,0,0,0,0,0,0,0,0,0,0,0,0,0,0,0,0,0,0,0,0,0,0,0,0,,0,0,TRUE
1566YKGREEN-4XL,1,1,1,1,0,0,0,0,0,0,0,0,0,1,1,1,1,1,0,0,0,0,0,0,0,0,0,1,0,0,,10,10,TRUE
1566YKGREEN-5XL,1,0,0,0,0,0,0,0,0,0,0,0,0,0,0,1,1,1,0,0,0,0,0,0,0,0,0,0,0,0,,4,4,TRUE
1566YKGREEN-L,4,4,4,4,4,4,4,4,4,4,4,4,4,4,4,5,5,5,4,4,4,4,4,4,4,4,3,3,3,3,,30,30,TRUE
1566YKGREEN-M,5,5,5,5,5,5,4,4,4,4,4,5,4,4,4,4,4,4,4,4,4,4,4,4,11,4,4,4,4,4,,30,30,TRUE
1566YKGREEN-S,6,6,6,6,6,6,6,6,6,6,6,6,6,6,6,6,6,6,6,6,6,5,5,4,9,4,4,4,4,4,,30,30,TRUE
1566YKGREEN-XL,0,0,0,4,3,3,2,2,0,0,0,0,1,1,1,2,2,2,0,0,0,0,1,1,1,0,0,0,0,1,,15,13,FALSE
1566YKGREEN-XXL,1,1,1,1,1,1,1,1,1,1,1,1,1,1,1,1,1,1,1,1,1,1,1,1,1,1,1,1,1,1,,30,30,TRUE
1568YKORANGE-L,2,2,2,3,3,3,3,3,2,2,2,2,2,2,2,1,1,1,1,1,1,1,1,0,0,0,0,0,1,1,,25,25,TRUE
1568YKORANGE-M,2,3,3,3,3,3,3,3,3,3,3,3,3,3,3,3,3,3,3,3,3,3,3,3,3,3,3,3,2,2,,30,30,TRUE
1568YKORANGE-S,3,3,3,4,4,4,4,4,4,4,4,4,4,4,4,4,4,4,3,3,3,3,3,3,3,3,4,4,4,4,,30,30,TRUE
1568YKORANGE-XL,1,1,1,1,1,1,1,1,1,1,5,5,5,4,4,4,4,4,4,4,4,4,4,0,0,0,0,0,0,1,,24,24,TRUE
1568YKORANGE-XXL,0,0,0,0,0,0,0,0,0,0,0,0,0,0,0,0,0,0,0,0,0,0,0,0,0,0,0,0,0,1,,1,0,FALSE
1569YKBLUE-3XL,1,2,1,2,1,0,0,0,0,0,0,0,0,0,0,0,0,0,0,0,0,0,0,0,1,0,0,0,0,0,,6,5,FALSE
1569YKBLUE-4XL,1,10,4,9,8,6,5,5,2,2,2,2,2,2,2,3,3,3,2,2,2,1,1,1,3,1,1,1,2,2,,30,30,TRUE
1569YKBLUE-5XL,0,22,17,22,21,13,13,13,11,7,6,6,6,6,6,4,4,4,4,4,3,3,3,3,2,2,2,2,2,2,,29,29,TRUE
1569YKBLUE-6XL,2,3,3,3,3,3,3,4,0,0,0,0,0,0,0,1,1,1,0,0,0,0,0,1,1,1,1,1,1,1,,18,17,FALSE
1569YKBLUE-7XL,0,1,1,1,1,0,0,0,0,0,0,0,0,0,0,1,1,1,1,1,0,0,0,1,1,1,1,1,0,5,,15,13,FALSE
1569YKBLUE-8XL,1,1,1,3,3,3,3,3,0,0,0,0,0,0,0,0,0,0,0,0,0,0,0,0,2,0,0,0,0,0,,9,8,FALSE
1569YKBLUE-L,2,2,2,2,2,2,2,2,1,1,1,1,2,2,2,2,2,2,1,1,1,1,1,1,5,1,1,1,1,1,,30,30,TRUE
1569YKBLUE-M,20,20,20,19,19,19,19,19,19,19,19,19,19,19,19,19,19,19,19,19,19,19,19,18,18,18,18,18,18,18,,30,30,TRUE
1569YKBLUE-S,7,7,7,7,7,7,7,7,7,7,6,7,7,7,7,7,7,7,7,7,7,7,7,7,7,5,5,5,5,5,,30,30,TRUE
1569YKBLUE-XL,1,1,1,1,1,1,1,1,1,1,1,3,3,2,2,2,2,2,1,1,1,1,1,1,1,1,1,1,2,2,,30,30,TRUE
1569YKBLUE-XXL,3,2,2,2,2,2,2,2,0,0,0,0,0,0,0,0,0,0,0,0,0,0,0,0,0,0,0,0,0,0,,8,8,TRUE
156YK148PEACH-M,0,0,0,0,0,0,0,0,0,0,0,0,0,0,0,0,0,0,0,0,0,0,0,0,0,0,0,0,0,0,,0,0,TRUE
156YK148PEACH-S,0,0,0,0,0,0,0,0,0,0,0,0,0,0,0,0,0,0,0,0,0,0,0,0,0,0,0,0,0,0,,0,0,TRUE
1570YKPEACH-3XL,0,0,0,0,1,1,1,1,1,0,0,0,1,1,1,1,1,1,1,1,1,0,0,0,0,0,0,0,0,4,,15,14,FALSE
1570YKPEACH-4XL,1,2,2,2,1,1,1,1,1,1,1,1,1,1,1,1,1,1,1,1,1,1,1,2,3,2,2,2,3,3,,30,30,TRUE
1570YKPEACH-5XL,1,1,1,2,1,1,1,1,1,1,1,1,1,1,1,1,1,1,1,1,1,1,1,1,4,1,1,1,70,55,,30,30,TRUE
1570YKPEACH-L,0,0,0,0,0,0,0,0,0,0,0,0,0,0,0,9,9,9,2,2,2,2,2,2,25,2,136,136,138,138,,15,15,TRUE
1570YKPEACH-M,48,48,47,48,49,47,46,45,45,36,34,34,34,34,34,33,33,33,31,31,31,30,31,31,30,27,26,25,15,15,,30,30,TRUE
1570YKPEACH-S,1,1,1,3,2,2,2,2,0,0,0,0,0,0,0,0,0,0,0,0,0,0,1,77,77,70,70,70,81,81,,16,16,TRUE
1570YKPEACH-XL,0,0,0,0,0,0,0,0,0,0,0,0,0,0,0,0,0,0,0,0,0,0,0,0,0,0,0,0,0,0,,0,0,TRUE
1570YKPEACH-XS,21,21,21,24,24,24,24,24,20,20,18,20,20,20,20,20,20,20,19,19,19,19,19,68,68,68,68,68,68,68,,30,30,TRUE
1570YKPEACH-XXL,1,1,1,2,2,2,2,2,0,0,0,0,0,0,0,0,0,0,0,0,0,0,0,0,1,0,10,10,63,63,,13,12,FALSE
1572YKBLUE-3XL,0,0,0,0,0,0,0,0,0,0,0,0,0,0,0,0,0,0,0,0,0,0,0,0,0,0,0,0,0,2,,1,0,FALSE
1572YKBLUE-4XL,1,3,2,2,2,2,2,2,0,0,0,0,1,1,1,1,1,1,1,1,1,1,0,0,1,0,0,0,0,0,,19,18,FALSE
1572YKBLUE-5XL,0,0,0,1,0,0,0,0,0,0,0,0,1,1,1,1,1,1,1,1,1,0,1,1,1,2,2,2,3,3,,18,18,TRUE
1572YKBLUE-6XL,2,2,2,1,2,2,2,2,0,0,0,0,0,0,0,0,0,0,0,0,0,0,0,1,2,1,1,1,1,1,,15,15,TRUE
1572YKBLUE-7XL,6,6,6,6,6,6,6,6,0,0,0,0,0,0,0,0,0,0,0,0,0,0,0,0,6,0,0,0,0,0,,9,8,FALSE
1572YKBLUE-8XL,0,0,0,2,2,2,2,2,3,3,3,3,3,2,2,2,2,2,2,2,2,2,2,1,2,1,1,1,1,1,,27,27,TRUE
1572YKBLUE-L,0,0,0,0,0,0,0,0,0,0,0,0,0,0,0,0,0,0,0,0,0,0,0,0,0,0,0,0,0,0,,0,0,TRUE
1572YKBLUE-M,6,6,4,5,5,5,4,4,4,4,4,4,4,4,4,4,4,4,4,4,4,4,4,4,9,4,4,4,4,4,,30,30,TRUE
1572YKBLUE-S,1,0,0,0,0,0,0,0,0,0,0,0,0,0,0,1,1,1,1,1,1,1,2,2,2,2,2,7,5,4,,16,16,TRUE
1572YKBLUE-XL,1,1,1,2,2,2,2,1,0,0,0,1,1,1,1,0,0,0,0,0,0,0,0,0,0,0,0,0,0,0,,12,11,FALSE
1572YKBLUE-XS,12,12,12,12,12,12,12,12,11,11,10,11,11,11,11,11,11,11,11,11,9,9,9,7,7,7,7,7,7,7,,30,30,TRUE
1572YKBLUE-XXL,1,1,1,2,2,2,2,1,1,0,0,0,0,0,0,0,1,1,1,1,1,1,1,1,1,1,1,1,1,1,,23,23,TRUE
1573YKPINK-3XL,0,0,0,0,0,0,0,0,0,0,0,0,0,0,0,0,0,0,0,0,0,0,0,0,0,0,0,0,0,0,,0,0,TRUE
1573YKPINK-L,0,0,0,0,0,0,0,0,0,0,0,0,0,0,0,0,0,0,0,0,0,0,0,0,0,0,0,0,0,0,,0,0,TRUE
1573YKPINK-M,6,6,6,6,6,5,5,6,6,6,6,6,6,6,6,6,6,6,5,5,5,4,5,5,5,5,5,5,6,5,,30,30,TRUE
1573YKPINK-S,13,13,13,13,13,13,12,12,12,11,11,11,10,10,10,10,10,10,10,10,10,10,10,11,11,11,10,10,10,11,,30,30,TRUE
1573YKPINK-XL,0,0,0,0,0,0,0,0,0,0,0,0,0,0,0,0,0,0,0,0,0,0,0,0,0,0,0,0,0,0,,0,0,TRUE
1573YKPINK-XXL,0,0,0,1,1,1,1,1,1,1,1,1,1,1,1,1,1,1,0,0,0,0,0,0,0,0,0,0,1,1,,17,17,TRUE
1574YKGREEN-L,8,8,7,7,8,7,7,7,7,6,6,6,7,7,7,7,7,7,6,6,6,6,6,3,3,3,3,6,6,6,,30,30,TRUE
1574YKGREEN-M,14,14,14,14,15,15,15,15,15,13,10,11,11,8,8,6,6,6,6,6,4,4,4,4,4,4,4,4,5,5,,30,30,TRUE
1574YKGREEN-S,30,30,30,30,30,30,30,30,29,29,24,29,29,29,29,29,29,29,28,28,28,28,28,28,27,28,29,29,29,29,,30,30,TRUE
1574YKGREEN-XL,4,4,3,3,3,2,2,2,2,3,3,2,1,1,1,1,1,1,1,1,1,1,1,1,1,1,1,1,1,1,,30,30,TRUE
1576YKGREEN-3XL,23,24,24,24,24,24,24,24,24,24,24,24,24,24,24,23,23,23,23,23,23,23,23,23,23,23,23,23,23,23,,30,30,TRUE
1576YKGREEN-4XL,28,28,36,36,36,36,36,36,36,36,36,36,36,36,36,36,36,36,36,36,36,36,36,36,36,35,35,35,36,36,,30,30,TRUE
1576YKGREEN-5XL,50,50,50,50,50,49,49,49,48,48,47,47,47,47,47,47,47,47,47,47,47,47,47,47,47,47,47,47,47,47,,30,30,TRUE
1576YKGREEN-6XL,15,17,17,18,18,18,18,18,18,19,19,19,19,19,19,19,19,19,19,19,19,19,19,19,19,18,18,16,16,16,,30,30,TRUE
1576YKGREEN-7XL,38,38,38,37,37,37,37,37,37,37,37,37,37,37,37,37,37,37,37,37,37,37,37,37,37,37,37,37,37,37,,30,30,TRUE
1576YKGREEN-8XL,15,15,15,13,13,13,13,13,13,13,13,13,13,13,13,13,13,13,13,13,13,13,13,13,13,13,13,13,13,13,,30,30,TRUE
1576YKGREEN-L,0,0,0,0,0,0,0,0,0,0,0,0,0,0,0,0,0,0,0,0,0,0,0,0,0,0,0,0,0,0,,0,0,TRUE
1576YKGREEN-M,0,0,0,0,0,0,0,0,0,0,0,2,2,2,2,3,3,3,3,3,3,3,3,3,3,2,2,2,2,2,,19,19,TRUE
1576YKGREEN-S,0,0,0,0,0,0,0,0,0,0,0,0,0,0,0,0,0,0,0,0,0,0,0,0,0,0,0,0,0,0,,0,0,TRUE
1576YKGREEN-XL,0,0,0,0,0,0,0,0,0,0,0,0,0,0,0,0,0,0,0,0,0,0,0,0,0,0,0,0,0,0,,0,0,TRUE
1576YKGREEN-XXL,10,10,10,10,10,10,10,10,10,10,10,9,10,10,10,10,10,10,10,9,9,9,9,8,19,8,8,8,8,8,,30,30,TRUE
1577YKPINK-3XL,9,9,9,9,9,9,5,5,0,0,0,0,0,0,0,0,0,0,0,0,0,0,0,0,5,0,0,0,0,0,,9,8,FALSE
1577YKPINK-4XL,15,18,18,17,17,17,17,17,16,17,17,17,17,19,19,19,19,19,19,19,19,19,19,19,19,15,15,15,11,11,,30,30,TRUE
1577YKPINK-5XL,7,7,7,7,7,7,7,7,1,9,9,9,9,9,9,9,9,9,9,9,8,6,9,9,9,9,9,9,6,6,,30,30,TRUE
1577YKPINK-6XL,21,21,21,21,21,21,21,21,21,21,21,21,21,21,21,22,22,22,21,21,21,21,21,21,21,21,21,20,20,20,,30,30,TRUE
1577YKPINK-7XL,14,14,14,13,13,13,12,12,12,12,12,12,12,25,25,25,25,25,24,24,24,21,23,23,22,23,23,23,21,21,,30,30,TRUE
1577YKPINK-8XL,18,18,18,18,19,19,18,18,17,17,17,16,16,17,17,17,17,17,12,11,11,11,12,12,12,12,12,12,10,10,,30,30,TRUE
1577YKPINK-L,6,6,7,5,6,6,6,6,7,6,5,5,5,4,4,5,5,5,5,4,3,3,3,3,3,3,3,3,3,3,,30,30,TRUE
1577YKPINK-M,0,0,0,0,0,0,0,0,0,0,0,0,0,8,8,7,7,7,4,4,4,4,5,5,5,5,4,4,3,3,,17,17,TRUE
1577YKPINK-S,0,0,0,0,0,0,0,0,0,0,0,0,0,1,1,1,1,1,1,1,0,0,0,0,0,0,0,0,0,0,,7,7,TRUE
1577YKPINK-XL,2,3,3,2,2,2,1,1,0,5,5,3,4,4,4,2,2,2,2,2,2,2,2,2,2,2,1,1,1,1,,29,29,TRUE
1577YKPINK-XXL,8,9,9,9,9,9,7,7,0,15,15,15,15,15,15,15,15,15,14,13,13,13,13,13,13,12,6,6,11,10,,29,29,TRUE
1578YKWINE-L,17,17,17,18,18,18,18,18,18,18,18,19,19,19,19,19,19,19,18,17,17,17,17,17,17,17,17,17,17,17,,30,30,TRUE
1578YKWINE-M,10,9,9,9,9,9,9,9,9,9,9,9,9,9,9,9,9,9,9,9,9,9,9,9,9,9,9,9,9,9,,30,30,TRUE
1578YKWINE-S,14,14,14,14,14,14,14,14,14,14,12,14,14,14,14,14,14,14,13,13,13,13,13,13,13,13,13,13,13,13,,30,30,TRUE
1578YKWINE-XL,9,8,8,8,8,8,8,8,8,8,8,8,8,8,8,8,8,8,7,7,7,7,7,6,6,6,7,7,7,7,,30,30,TRUE
1578YKWINE-XXL,7,7,8,8,8,8,8,9,9,9,9,9,9,9,9,9,9,9,9,8,7,7,7,7,7,7,7,7,7,6,,30,30,TRUE
1579YKGREEN-L,3,3,3,3,3,3,3,3,3,3,3,3,3,3,3,3,3,3,3,3,3,3,3,3,3,3,3,3,3,3,,30,30,TRUE
1579YKGREEN-M,7,7,7,7,7,7,5,5,5,5,4,4,4,5,5,5,5,5,5,5,5,5,5,5,5,5,5,5,4,4,,30,30,TRUE
1579YKGREEN-S,3,3,3,4,4,4,4,4,4,4,3,3,3,3,3,1,1,1,1,1,1,1,1,1,1,1,2,2,2,2,,30,30,TRUE
1579YKGREEN-XL,9,8,8,8,8,8,6,6,6,6,6,6,6,6,6,6,6,6,5,5,5,5,5,5,5,5,5,5,5,5,,30,30,TRUE
1579YKGREEN-XXL,7,8,8,8,8,8,8,8,8,8,4,8,8,8,8,8,8,8,8,8,8,8,8,8,8,8,9,9,9,9,,30,30,TRUE
1580YKMULTI-L,1,1,1,1,1,1,1,1,1,1,1,1,1,1,1,1,1,1,1,1,1,1,1,1,1,1,1,1,1,1,,30,30,TRUE
1580YKMULTI-M,6,6,6,6,6,6,6,6,6,6,6,6,6,6,6,6,6,6,3,3,3,3,3,3,3,3,3,3,3,3,,30,30,TRUE
1580YKMULTI-S,5,5,5,6,6,6,6,6,6,6,6,6,6,6,6,6,6,6,6,6,6,6,6,6,6,6,6,6,6,6,,30,30,TRUE
1580YKMULTI-XL,0,0,0,0,0,0,0,0,0,0,0,0,0,0,0,0,0,0,0,0,0,0,0,0,0,0,0,0,0,0,,0,0,TRUE
1581YKBLUE-L,1,1,1,2,2,2,2,2,2,2,2,2,2,2,2,2,2,2,2,2,2,2,2,2,2,2,2,2,2,2,,30,30,TRUE
1581YKBLUE-M,0,0,0,0,0,0,0,0,0,0,0,0,0,0,0,0,0,0,0,0,0,0,0,0,0,0,0,0,1,1,,2,2,TRUE
1581YKBLUE-S,0,0,0,0,0,0,0,0,0,0,0,0,0,0,0,0,0,0,0,0,0,0,0,0,0,0,0,0,0,0,,0,0,TRUE
1581YKBLUE-XL,13,13,13,13,13,13,13,13,13,13,13,13,13,13,13,13,13,13,13,13,13,13,13,13,13,11,11,11,11,11,,30,30,TRUE
1582YKGREEN-L,0,0,0,1,1,1,1,1,1,1,1,1,1,1,1,1,1,1,1,1,1,1,1,1,1,1,1,1,1,1,,27,27,TRUE
1582YKGREEN-M,1,1,1,1,1,1,1,1,1,1,1,1,1,1,1,1,1,1,1,1,1,1,1,1,1,1,1,1,1,1,,30,30,TRUE
1582YKGREEN-S,4,3,3,3,3,3,3,3,3,3,3,3,3,3,3,3,3,3,3,3,3,3,3,3,3,3,3,3,4,4,,30,30,TRUE
1582YKGREEN-XL,0,0,0,0,0,0,0,0,0,0,0,0,0,0,0,0,0,0,0,0,0,0,0,0,0,0,0,0,0,1,,1,0,FALSE
1582YKGREEN-XXL,0,0,0,0,0,0,0,0,0,0,0,0,0,0,0,0,0,0,0,0,0,0,0,0,0,0,0,0,0,0,,0,0,TRUE
1583YKBLACK-L,0,0,0,0,0,0,0,0,0,0,0,0,0,0,0,0,0,0,0,0,0,0,0,0,0,0,0,0,0,0,,0,0,TRUE
1583YKBLACK-M,0,0,0,0,0,0,0,0,0,0,0,0,0,0,0,0,0,0,0,0,0,0,0,0,0,0,0,0,0,0,,0,0,TRUE
1583YKBLACK-S,0,0,0,0,0,0,0,0,0,0,0,0,0,0,0,0,0,0,0,0,0,0,0,0,0,0,0,0,0,0,,0,0,TRUE
1583YKBLACK-XL,0,0,0,0,0,0,0,0,0,0,0,0,0,0,0,0,0,0,0,0,0,0,0,0,0,0,0,0,0,0,,0,0,TRUE
1583YKBLACK-XXL,0,0,0,0,0,0,0,0,0,0,0,0,0,0,0,0,0,0,0,0,0,0,0,0,0,0,0,0,0,0,,0,0,TRUE
1584YKBLUE-L,1,1,1,1,1,1,1,1,1,1,1,1,1,1,1,1,1,1,1,1,1,1,1,1,1,1,1,1,1,1,,30,30,TRUE
1584YKBLUE-M,4,4,3,3,3,3,3,3,3,3,3,3,3,3,3,3,3,3,3,3,3,3,3,3,3,3,3,3,3,3,,30,30,TRUE
1584YKBLUE-S,2,2,2,2,2,1,1,1,1,1,1,1,1,1,1,1,1,1,1,1,1,1,1,1,1,1,1,1,1,1,,30,30,TRUE
1584YKBLUE-XL,0,0,0,0,0,0,0,0,0,0,0,0,0,0,0,0,0,0,0,0,0,0,0,0,0,0,0,0,0,0,,0,0,TRUE
1584YKBLUE-XXL,0,0,0,0,0,0,0,0,0,0,0,0,0,0,0,0,0,0,0,0,0,0,0,0,0,0,0,0,0,0,,0,0,TRUE
1585YKPINK-3XL,17,17,16,16,15,14,10,9,9,8,8,9,9,8,8,9,11,9,5,5,19,18,18,44,44,34,34,34,14,14,,30,30,TRUE
1585YKPINK-4XL,33,33,33,34,34,34,34,34,34,33,33,33,35,35,35,35,35,35,25,25,62,62,62,87,87,82,81,81,71,71,,30,30,TRUE
1585YKPINK-5XL,28,27,27,30,30,10,10,10,10,10,10,10,10,10,10,8,8,8,8,8,54,54,54,107,107,107,107,107,100,100,,30,30,TRUE
1585YKPINK-6XL,12,12,12,12,11,10,8,8,8,8,8,8,8,8,8,8,8,8,7,8,12,12,12,12,12,8,8,8,8,8,,30,30,TRUE
1585YKPINK-7XL,11,11,15,15,15,15,15,15,15,14,13,13,12,12,12,12,12,12,12,12,20,20,20,20,20,15,15,15,15,15,,30,30,TRUE
1585YKPINK-8XL,9,9,13,13,12,12,12,12,10,10,9,9,9,9,9,7,7,7,3,3,10,10,10,10,10,4,4,7,7,7,,30,30,TRUE
1585YKPINK-L,32,32,32,31,31,31,30,30,30,31,30,30,30,30,30,19,19,18,18,18,40,40,40,71,70,61,61,61,31,31,,30,30,TRUE
1585YKPINK-M,51,51,51,51,50,50,49,48,48,48,48,48,46,48,48,46,46,46,40,40,64,64,64,127,126,127,128,128,128,128,,30,30,TRUE
1585YKPINK-S,31,31,31,31,31,30,30,30,30,30,30,30,30,30,30,26,26,26,26,26,26,26,26,32,32,32,32,32,32,32,,30,30,TRUE
1585YKPINK-XL,18,17,15,17,16,16,15,15,15,14,14,14,14,14,14,12,12,12,0,0,56,51,56,82,81,68,68,68,38,38,,28,27,FALSE
1585YKPINK-XXL,19,20,20,19,18,17,13,12,13,13,13,13,13,13,13,11,11,11,5,5,27,27,27,130,130,116,115,117,107,107,,30,30,TRUE
1586YKPINK-L,19,19,19,19,19,19,19,19,19,19,19,19,20,20,20,20,20,20,20,20,20,20,20,20,20,20,20,20,20,20,,30,30,TRUE
1586YKPINK-M,41,41,41,41,41,41,41,41,41,41,41,41,41,41,41,41,41,41,40,40,40,40,40,40,40,40,40,40,40,40,,30,30,TRUE
1586YKPINK-S,34,34,34,34,34,34,34,34,34,34,34,34,34,34,34,34,34,34,34,34,34,34,34,34,34,34,34,34,34,34,,30,30,TRUE
1586YKPINK-XL,23,23,23,23,23,23,23,23,23,23,23,23,23,23,23,23,23,23,22,22,22,22,22,22,22,23,24,24,24,24,,30,30,TRUE
1586YKPINK-XXL,18,18,18,18,18,18,18,18,18,18,18,18,18,17,17,17,17,17,17,17,17,17,17,17,17,17,17,17,17,17,,30,30,TRUE
1587YKBLACK-L,1,1,1,1,1,1,1,1,1,1,1,1,1,1,1,1,1,1,1,1,1,1,1,1,1,1,1,1,1,1,,30,30,TRUE
1587YKBLACK-M,4,4,4,4,4,4,4,4,3,3,2,2,1,2,2,2,2,2,2,2,2,2,2,2,2,2,2,3,3,3,,30,30,TRUE
1587YKBLACK-S,19,19,23,23,22,22,22,22,22,22,22,22,22,22,22,22,22,22,22,22,22,22,22,22,22,22,22,22,23,23,,30,30,TRUE
1587YKBLACK-XL,1,1,1,2,1,1,1,1,1,1,1,1,1,1,1,1,1,1,1,1,1,1,1,2,2,2,2,2,2,2,,30,30,TRUE
1587YKBLACK-XXL,3,3,3,3,3,2,2,2,2,1,1,1,1,1,1,1,1,1,1,1,1,1,1,0,0,0,0,0,0,0,,23,23,TRUE
1588YKBLACK-3XL,0,0,0,0,0,0,0,0,0,0,0,0,0,0,0,0,0,0,0,0,0,0,0,0,0,0,0,0,0,0,,0,1,FALSE
1588YKBLACK-4XL,0,0,0,0,0,0,0,0,0,0,0,0,0,0,0,0,0,0,0,0,0,0,0,0,0,0,0,0,0,0,,0,1,FALSE
1588YKBLUE-3XL,17,18,18,18,18,18,18,18,6,2,6,6,7,7,7,7,7,7,7,7,6,6,6,5,18,5,5,5,5,5,,30,30,TRUE
1588YKBLUE-4XL,12,13,10,8,8,8,8,7,5,8,7,5,6,6,6,6,6,6,4,4,4,4,4,4,12,4,4,4,4,4,,30,30,TRUE
1588YKBLUE-5XL,106,106,106,104,104,104,103,103,103,102,102,101,101,101,101,97,97,97,97,97,92,92,93,92,90,92,92,92,93,93,,30,30,TRUE
1588YKBLUE-6XL,39,39,39,39,38,37,36,35,35,34,34,34,34,34,34,34,36,36,38,38,38,37,37,38,38,38,38,38,39,39,,30,30,TRUE
1588YKBLUE-7XL,49,49,49,49,49,49,49,49,49,48,48,48,48,48,48,48,48,48,46,46,45,45,45,46,46,46,46,46,46,46,,30,30,TRUE
1588YKBLUE-8XL,47,47,52,52,52,51,51,51,51,51,51,51,51,51,51,52,52,52,52,52,52,52,52,52,51,50,50,50,50,50,,30,30,TRUE
1588YKBLUE-L,25,25,25,25,24,23,23,23,18,18,18,18,18,19,19,18,23,23,23,22,22,21,21,21,21,17,17,17,17,17,,30,30,TRUE
1588YKBLUE-M,37,37,37,37,37,37,37,37,30,30,30,30,30,30,30,30,30,30,30,30,29,29,29,29,29,29,29,29,29,28,,30,30,TRUE
1588YKBLUE-S,13,13,13,17,17,17,17,17,17,16,16,16,16,16,16,15,19,19,21,21,21,21,21,21,21,21,21,21,21,21,,30,30,TRUE
1588YKBLUE-XL,43,42,42,42,42,42,42,42,42,42,42,42,42,41,41,41,41,41,41,41,41,41,41,40,40,35,34,34,34,34,,30,30,TRUE
1588YKBLUE-XS,5,5,5,10,10,9,6,6,5,4,4,4,4,4,4,5,5,5,5,5,5,5,5,6,6,6,6,6,6,6,,30,30,TRUE
1588YKBLUE-XXL,45,46,44,43,43,43,43,43,43,43,42,43,43,43,43,43,43,43,43,43,43,43,43,42,42,42,41,41,40,38,,30,30,TRUE
1589YKORANGE-3XL,44,44,47,47,47,46,45,45,45,45,45,44,44,44,44,45,45,45,45,45,45,45,45,45,45,40,40,40,40,40,,30,30,TRUE
1589YKORANGE-4XL,62,62,63,63,63,63,63,62,62,65,65,65,65,65,65,65,65,65,65,64,64,64,64,64,64,62,62,62,62,62,,30,30,TRUE
1589YKORANGE-5XL,53,53,52,52,52,52,51,51,51,52,52,51,51,50,50,50,50,50,50,50,50,50,50,50,50,42,42,42,42,42,,30,30,TRUE
1589YKORANGE-L,64,64,62,64,64,64,64,64,63,65,65,65,64,64,64,64,64,64,64,64,64,64,64,64,64,60,60,59,59,59,,30,30,TRUE
1589YKORANGE-M,42,42,46,46,46,46,46,46,46,45,44,45,45,45,45,45,45,45,45,45,45,45,45,45,45,45,45,45,45,45,,30,30,TRUE
1589YKORANGE-S,61,62,62,62,62,62,62,63,63,63,61,63,63,63,63,63,63,63,64,64,64,64,64,64,64,64,64,64,64,64,,30,30,TRUE
1589YKORANGE-XL,74,74,74,76,77,76,76,76,70,70,70,70,70,70,70,70,70,70,70,70,70,70,70,70,70,60,60,60,60,60,,30,30,TRUE
1589YKORANGE-XS,42,42,45,47,47,45,45,45,43,43,43,43,43,43,43,43,43,43,43,43,43,41,42,42,42,42,42,42,42,42,,30,30,TRUE
1589YKORANGE-XXL,77,77,71,72,72,72,72,72,73,78,78,78,78,78,78,78,78,78,78,78,77,77,77,77,77,77,77,77,77,77,,30,30,TRUE
158YK276BLUE-M,0,0,0,0,0,0,0,0,0,0,0,0,0,0,0,0,0,0,0,0,0,0,0,0,0,0,0,0,0,0,,0,0,TRUE
1590YKBLUE-L,18,18,18,19,21,21,21,21,18,17,17,17,17,18,18,18,19,18,18,18,18,18,18,18,18,16,17,17,18,18,,30,30,TRUE
1590YKBLUE-M,69,69,71,71,71,71,71,71,71,70,69,70,70,70,70,70,70,70,65,65,65,65,65,65,65,65,70,70,70,70,,30,30,TRUE
1590YKBLUE-S,39,43,43,43,43,41,41,40,40,40,40,39,39,39,39,39,39,39,37,37,37,37,37,37,37,37,38,39,39,39,,30,30,TRUE
1590YKBLUE-XL,22,22,22,23,23,23,23,23,23,23,23,23,24,24,24,24,24,24,23,23,23,23,23,23,23,23,23,23,23,23,,30,30,TRUE
1590YKBLUE-XXL,32,32,32,32,32,32,32,32,32,32,31,32,32,32,32,32,32,32,32,32,32,32,32,33,33,33,33,33,33,33,,30,30,TRUE
1591YKBLUE-3XL,11,10,10,11,10,10,10,9,9,9,9,9,9,8,8,8,8,8,5,4,4,4,4,4,4,4,4,4,4,4,,30,30,TRUE
1591YKBLUE-4XL,4,5,5,5,5,3,3,3,0,0,0,0,0,0,0,0,0,0,0,0,0,0,0,1,0,0,0,0,1,1,,11,10,FALSE
1591YKBLUE-5XL,2,2,1,1,1,1,1,1,1,1,1,1,1,1,1,1,1,1,1,1,1,1,1,1,1,1,1,1,1,1,,30,30,TRUE
1591YKBLUE-6XL,2,2,1,1,1,1,1,1,1,1,1,1,1,1,1,1,1,1,1,1,1,1,1,1,1,1,1,1,1,1,,30,30,TRUE
1591YKBLUE-7XL,8,8,8,8,7,7,6,5,5,5,5,5,5,5,5,5,5,5,4,4,4,4,4,5,5,5,5,5,4,4,,30,30,TRUE
1591YKBLUE-8XL,3,3,3,2,1,1,1,1,1,1,1,1,1,1,1,1,1,1,1,1,1,1,1,1,1,1,1,2,2,2,,30,30,TRUE
1591YKBLUE-L,33,33,36,36,36,36,36,35,35,35,31,35,35,35,35,36,36,36,36,36,36,36,36,36,36,36,36,36,36,36,,30,30,TRUE
1591YKBLUE-M,57,57,58,58,58,57,57,57,57,57,57,57,57,57,57,57,57,57,46,46,46,46,46,46,46,46,48,48,48,48,,30,30,TRUE
1591YKBLUE-S,40,40,40,40,40,40,40,40,40,40,35,40,40,40,40,40,40,40,40,40,40,40,40,40,40,40,40,40,40,40,,30,30,TRUE
1591YKBLUE-XL,19,19,19,19,19,19,19,19,16,16,15,16,16,16,16,16,16,16,16,16,16,16,16,15,15,15,15,15,15,15,,30,30,TRUE
1591YKBLUE-XXL,29,29,29,29,29,29,29,29,29,29,29,29,28,28,28,28,28,28,28,28,28,28,28,27,27,27,27,27,27,27,,30,30,TRUE
1592DPT34BLUE-3XL,0,0,0,0,0,0,0,0,1,1,0,0,0,2,2,2,2,2,0,0,0,0,0,4,4,4,4,4,0,4,,13,4,FALSE
1592DPT34BLUE-4XL,0,0,0,0,0,0,0,0,1,1,0,0,0,2,2,2,2,2,0,0,0,0,0,4,4,4,4,4,0,4,,13,4,FALSE
1592DPT34BLUE-5XL,0,0,0,0,0,0,0,0,1,1,0,0,0,2,2,2,2,2,0,0,0,0,0,4,4,4,4,4,0,4,,13,4,FALSE
1592DPT34BLUE-6XL,0,0,0,0,0,0,0,0,1,1,0,0,0,2,2,2,2,2,0,0,0,0,0,4,4,4,4,4,0,4,,13,4,FALSE
1592DPT34BLUE-7XL,0,0,0,0,0,0,0,0,1,1,0,0,0,2,2,2,2,2,0,0,0,0,0,4,4,4,4,4,0,4,,13,4,FALSE
1592DPT34BLUE-8XL,0,0,0,0,0,0,0,0,1,1,0,0,0,2,2,2,2,2,0,0,0,0,0,4,4,4,4,4,0,4,,13,4,FALSE
1592DPT34BLUE-L,0,0,0,0,0,0,0,0,1,1,0,0,0,2,2,2,2,2,0,0,0,0,0,4,4,4,4,4,0,4,,13,4,FALSE
1592DPT34BLUE-M,0,0,0,0,0,0,0,0,1,1,0,0,0,2,2,2,2,2,0,0,0,0,0,4,4,4,4,4,0,4,,13,4,FALSE
1592DPT34BLUE-S,0,0,0,0,0,0,0,0,1,1,0,0,0,2,2,2,2,2,0,0,0,0,0,4,4,4,4,4,0,4,,13,4,FALSE
1592DPT34BLUE-XL,0,0,0,0,0,0,0,0,1,1,0,0,0,2,2,2,2,2,0,0,0,0,0,4,4,4,4,4,0,4,,13,4,FALSE
1592DPT34BLUE-XS,0,0,0,0,0,0,0,0,1,1,0,0,0,2,2,2,2,2,0,0,0,0,0,4,3,3,3,3,0,3,,13,4,FALSE
1592DPT34BLUE-XXL,0,0,0,0,0,0,0,0,1,1,0,0,0,2,2,2,2,2,0,0,0,0,0,4,4,4,4,4,0,4,,13,4,FALSE
1592YKBLUE-3XL,37,36,40,55,61,94,93,92,104,106,106,106,120,119,119,93,94,93,90,86,77,74,76,104,102,155,148,148,155,155,,30,30,TRUE
1592YKBLUE-4XL,84,84,108,126,124,123,122,114,118,117,117,117,123,123,123,108,106,103,99,96,85,82,86,150,150,210,210,208,205,198,,30,30,TRUE
1592YKBLUE-5XL,154,158,164,208,204,204,202,202,212,216,216,215,227,227,227,211,211,211,205,200,169,171,172,203,199,248,247,247,259,259,,30,30,TRUE
1592YKBLUE-6XL,46,48,51,76,75,95,95,94,98,105,105,105,108,108,108,84,84,84,83,82,54,57,57,74,74,128,128,134,141,141,,30,30,TRUE
1592YKBLUE-7XL,27,32,35,50,49,67,67,67,70,90,90,90,94,94,94,72,72,72,61,61,51,52,52,63,63,63,61,62,62,62,,30,30,TRUE
1592YKBLUE-8XL,47,46,46,68,68,67,66,64,65,70,69,70,75,74,74,62,62,62,55,55,53,57,61,76,75,78,77,76,80,80,,30,30,TRUE
1592YKBLUE-L,92,97,98,117,117,117,117,115,116,122,122,122,133,133,133,126,126,126,126,126,123,131,131,131,131,131,131,131,133,133,,30,30,TRUE
1592YKBLUE-M,36,51,50,56,55,55,55,55,62,68,67,67,71,71,71,64,64,64,63,63,65,67,67,69,69,70,69,69,67,67,,30,30,TRUE
1592YKBLUE-S,19,19,21,32,31,31,31,31,37,37,36,34,30,35,35,36,36,36,36,36,37,37,37,37,37,38,38,38,39,39,,30,30,TRUE
1592YKBLUE-XL,93,101,105,138,137,137,137,137,142,147,147,146,158,158,158,150,150,150,145,145,148,148,152,151,151,140,140,139,133,133,,30,30,TRUE
1592YKBLUE-XS,21,21,21,32,32,32,31,31,35,36,36,36,37,37,37,38,38,38,38,38,38,38,39,39,38,38,38,38,40,40,,30,30,TRUE
1592YKBLUE-XXL,65,75,84,119,116,128,128,126,133,145,145,145,151,151,151,139,139,139,137,137,140,141,146,148,148,137,137,137,128,128,,30,30,TRUE
1593YKGREEN-3XL,2,3,3,3,3,3,2,1,1,1,1,2,4,4,4,1,0,0,0,0,0,0,1,1,2,1,1,1,0,0,,22,22,TRUE
1593YKGREEN-4XL,3,5,4,4,4,3,2,3,3,3,2,2,4,4,4,1,1,1,1,2,1,1,1,1,1,1,1,1,1,1,,30,30,TRUE
1593YKGREEN-5XL,29,29,28,28,27,27,27,27,25,29,28,27,29,29,29,25,25,25,18,18,18,18,18,14,33,12,12,12,10,10,,30,30,TRUE
1593YKGREEN-6XL,7,7,7,7,7,6,2,2,0,0,0,0,0,0,0,1,1,1,0,0,0,0,0,1,1,1,1,6,4,4,,18,16,FALSE
1593YKGREEN-7XL,1,3,3,3,4,3,2,2,0,0,0,0,1,1,1,1,1,1,1,1,1,0,0,0,1,0,0,1,1,0,,20,19,FALSE
1593YKGREEN-8XL,4,4,4,5,6,6,6,6,6,6,5,4,4,4,4,4,4,4,3,1,2,1,1,2,2,2,2,3,3,3,,30,30,TRUE
1593YKGREEN-L,44,46,49,49,49,39,38,38,36,38,38,38,38,38,38,25,25,25,24,20,19,18,18,21,24,21,21,20,15,15,,30,30,TRUE
1593YKGREEN-M,9,9,9,9,10,10,7,8,2,1,2,2,2,2,2,2,2,2,2,2,2,2,2,2,10,2,2,2,4,4,,30,30,TRUE
1593YKGREEN-S,9,9,13,13,13,13,13,13,13,13,13,14,13,13,13,10,10,10,10,10,10,10,10,10,10,10,10,10,9,9,,30,30,TRUE
1593YKGREEN-XL,30,29,29,29,29,28,27,26,12,12,11,11,13,13,13,11,11,11,11,10,10,10,10,6,39,5,5,5,5,5,,30,30,TRUE
1593YKGREEN-XS,13,13,13,12,12,12,12,12,12,13,12,11,11,11,11,9,9,9,9,9,7,7,7,7,7,7,7,7,8,8,,30,30,TRUE
1593YKGREEN-XXL,7,8,7,7,7,7,5,5,1,1,1,1,1,1,1,0,0,0,0,0,0,0,0,1,1,1,1,5,2,2,,22,21,FALSE
1594YKYELLOW-3XL,2,2,2,2,3,3,3,2,0,0,0,0,1,55,55,55,55,55,44,43,43,43,44,44,43,45,45,45,45,25,,26,26,TRUE
1594YKYELLOW-4XL,2,2,2,2,2,2,2,2,1,1,1,1,1,1,1,2,2,2,2,2,2,1,1,1,10,1,1,1,1,1,,30,30,TRUE
1594YKYELLOW-5XL,4,4,4,4,4,4,4,4,5,4,4,4,4,4,4,4,4,4,4,4,4,4,4,4,28,4,4,4,4,4,,30,30,TRUE
1594YKYELLOW-6XL,3,3,3,3,3,3,3,3,3,3,3,3,4,12,12,10,10,10,5,5,5,4,4,3,6,2,2,2,2,1,,30,30,TRUE
1594YKYELLOW-7XL,8,8,8,8,7,6,6,5,3,3,3,3,3,15,15,15,15,15,14,14,14,14,14,7,7,12,12,12,12,12,,30,30,TRUE
1594YKYELLOW-8XL,21,20,20,20,21,21,21,21,21,21,21,20,20,20,20,21,21,21,17,16,16,15,15,14,14,13,13,13,8,8,,30,30,TRUE
1594YKYELLOW-L,27,27,27,27,27,23,23,23,23,23,22,22,21,42,42,38,38,38,37,37,37,37,37,37,37,34,34,36,36,36,,30,30,TRUE
1594YKYELLOW-M,21,21,21,20,20,20,20,20,20,20,20,20,20,19,19,19,19,19,17,17,17,17,17,16,16,16,16,16,12,12,,30,30,TRUE
1594YKYELLOW-S,17,17,17,17,17,17,17,17,17,17,17,17,17,45,45,45,45,45,45,45,45,45,45,45,45,45,45,45,45,45,,30,30,TRUE
1594YKYELLOW-XL,15,14,14,14,14,14,14,14,14,14,12,14,15,15,15,15,15,15,16,16,16,16,16,16,16,12,12,13,13,12,,30,30,TRUE
1594YKYELLOW-XXL,19,19,19,19,18,18,18,18,18,17,17,17,17,43,43,43,43,43,38,38,38,38,38,38,37,37,37,37,28,28,,30,30,TRUE
1595YKBLUE-3XL,3,7,5,2,6,6,6,6,6,6,6,5,5,45,45,45,45,45,45,45,45,45,46,46,46,46,46,47,47,27,,30,30,TRUE
1595YKBLUE-4XL,26,27,27,26,25,21,21,21,21,21,21,20,21,21,21,15,15,15,14,15,11,11,11,11,11,11,11,11,11,6,,30,30,TRUE
1595YKBLUE-5XL,4,4,4,6,5,4,4,4,4,3,3,3,4,6,6,4,4,4,5,5,5,5,5,4,2,3,3,3,3,3,,30,30,TRUE
1595YKBLUE-L,10,10,10,11,11,11,9,9,9,9,9,8,8,8,8,7,7,7,5,5,5,5,5,2,2,3,3,3,3,3,,30,30,TRUE
1595YKBLUE-M,9,11,11,12,12,12,10,10,7,7,7,6,6,5,5,3,3,3,3,3,3,3,3,3,3,3,3,3,3,3,,30,30,TRUE
1595YKBLUE-S,6,8,8,8,8,8,8,8,8,8,8,8,8,20,20,20,20,20,20,20,20,20,20,20,20,20,20,20,20,20,,30,30,TRUE
1595YKBLUE-XL,0,0,0,1,1,1,1,1,1,1,1,1,1,1,1,0,0,0,0,0,0,0,0,0,0,0,0,0,0,0,,12,12,TRUE
1595YKBLUE-XXL,11,14,13,13,13,12,10,10,8,8,7,7,7,5,5,3,3,3,3,3,3,3,3,3,3,3,3,2,3,3,,30,30,TRUE
1596YKTIEDYE-3XL,0,0,0,0,0,0,0,0,0,0,0,0,0,0,0,0,0,0,0,0,0,0,0,0,0,0,0,0,0,0,,0,0,TRUE
1596YKTIEDYE-4XL,0,0,0,0,0,0,0,0,0,0,0,0,0,0,0,0,0,0,0,0,0,0,0,0,0,0,0,0,0,0,,0,0,TRUE
1596YKTIEDYE-L,0,0,0,0,0,0,0,0,0,0,0,0,0,0,0,0,0,0,0,0,0,0,0,0,0,0,0,0,0,0,,0,0,TRUE
1596YKTIEDYE-M,0,0,0,0,0,0,0,0,0,0,0,0,0,0,0,0,0,0,0,0,0,0,0,0,0,0,0,0,0,0,,0,0,TRUE
1596YKTIEDYE-S,0,0,0,0,0,0,0,0,0,0,0,0,0,0,0,0,0,0,0,0,0,0,0,0,0,0,0,0,0,0,,0,0,TRUE
1596YKTIEDYE-XL,0,0,0,0,0,0,0,0,0,0,0,0,0,0,0,0,0,0,0,0,0,0,0,0,0,0,0,0,0,0,,0,0,TRUE
1596YKTIEDYE-XS,0,0,0,0,0,0,0,0,0,0,0,0,0,0,0,0,0,0,0,0,0,0,0,0,0,0,0,0,0,0,,0,0,TRUE
1596YKTIEDYE-XXL,0,0,0,0,0,0,0,0,0,0,0,0,0,0,0,0,0,0,0,0,0,0,0,0,0,0,0,0,0,0,,0,0,TRUE
1597YKBLUE-3XL,3,3,3,3,3,4,4,3,1,1,1,2,2,2,2,2,2,2,1,1,1,1,1,1,1,1,1,1,1,1,,30,30,TRUE
1597YKBLUE-4XL,0,0,0,0,0,0,0,0,0,0,0,0,0,0,0,0,0,0,0,0,0,0,0,0,0,0,0,0,0,0,,0,0,TRUE
1597YKBLUE-5XL,4,5,5,5,4,4,4,3,0,0,0,0,0,0,0,0,0,0,0,0,0,0,0,1,1,1,1,1,1,1,,15,15,TRUE
1597YKBLUE-6XL,5,7,7,7,7,7,5,5,1,1,1,1,2,1,1,1,1,1,1,1,1,1,2,2,5,2,2,2,3,3,,30,30,TRUE
1597YKBLUE-7XL,14,14,14,14,14,14,14,14,13,13,13,13,13,13,13,13,13,13,13,13,13,13,13,13,13,14,14,14,14,14,,30,30,TRUE
1597YKBLUE-8XL,15,15,15,15,15,15,15,15,14,14,14,14,14,14,14,14,14,14,14,14,14,14,14,14,14,14,14,15,15,14,,30,30,TRUE
1597YKBLUE-L,1,1,1,1,1,1,1,1,1,1,1,1,1,1,1,1,1,1,1,1,1,1,1,1,1,1,1,1,1,4,,30,30,TRUE
1597YKBLUE-M,10,10,10,10,10,10,9,9,9,9,9,9,9,9,9,7,7,7,7,7,7,7,7,7,7,7,3,3,3,3,,30,30,TRUE
1597YKBLUE-S,5,5,5,5,5,5,5,4,4,4,2,2,2,2,2,2,2,2,2,2,2,2,2,2,2,2,2,2,2,2,,30,30,TRUE
1597YKBLUE-XL,0,0,0,0,0,0,0,0,0,0,0,0,0,0,0,0,0,0,0,0,0,0,0,0,0,0,0,0,0,1,,1,0,FALSE
1597YKBLUE-XS,4,4,8,8,8,8,8,9,9,9,9,9,9,9,9,9,9,9,9,9,9,9,9,9,9,9,9,9,9,9,,30,30,TRUE
1597YKBLUE-XXL,1,1,1,1,1,1,1,1,1,1,1,1,1,1,1,1,1,1,1,0,0,0,0,0,2,0,0,0,0,0,,20,19,FALSE
1598YKBLUE-3XL,14,15,13,11,11,10,9,9,8,8,8,8,8,8,8,7,11,7,7,9,9,8,8,7,8,7,7,7,3,3,,30,30,TRUE
1598YKBLUE-4XL,1,28,28,28,27,22,22,22,22,22,22,22,21,20,20,16,16,16,14,13,8,8,8,8,8,5,5,7,5,5,,30,30,TRUE
1598YKBLUE-5XL,8,17,17,18,18,14,14,13,13,12,12,10,5,10,10,10,10,10,8,8,7,6,6,6,7,6,6,5,3,2,,30,30,TRUE
1598YKBLUE-6XL,0,0,0,0,0,0,0,0,0,0,0,0,0,0,0,0,11,7,7,7,6,6,9,9,9,9,9,9,9,9,,14,14,TRUE
1598YKBLUE-7XL,1,1,2,1,1,1,1,1,1,1,1,1,1,1,1,1,15,11,11,11,11,11,11,11,10,11,10,10,7,7,,30,30,TRUE
1598YKBLUE-8XL,0,1,0,1,1,1,1,1,1,1,1,1,1,1,1,1,7,7,7,7,6,2,2,2,4,2,2,2,2,1,,28,28,TRUE
1598YKBLUE-L,0,16,11,16,15,15,12,12,12,12,12,12,12,12,12,9,8,8,8,8,5,4,5,5,3,5,5,5,3,3,,29,29,TRUE
1598YKBLUE-M,23,23,26,26,26,26,26,25,25,24,24,24,24,24,24,24,24,24,19,19,19,19,19,19,19,18,18,18,16,16,,30,30,TRUE
1598YKBLUE-S,38,38,38,38,38,38,38,37,37,37,37,37,37,37,37,37,37,37,37,37,37,37,37,37,37,37,37,37,36,36,,30,30,TRUE
1598YKBLUE-XL,12,12,11,9,9,7,3,3,3,2,2,1,1,1,1,2,3,3,3,3,3,3,3,3,3,3,3,3,4,11,,30,30,TRUE
1598YKBLUE-XXL,1,5,0,5,5,5,3,2,2,1,1,1,1,1,1,2,22,18,18,18,18,18,18,12,12,17,11,11,9,9,,29,29,TRUE
1599YKMULTI-L,0,0,0,0,1,1,0,0,0,0,0,0,1,1,1,1,1,1,0,0,0,0,0,0,0,0,0,0,0,0,,8,6,FALSE
1599YKMULTI-M,4,4,4,4,4,4,4,4,4,4,4,4,4,4,4,4,4,4,4,4,4,4,4,4,4,4,4,4,4,4,,30,30,TRUE
1599YKMULTI-S,9,9,9,8,8,8,8,8,8,8,8,8,8,7,7,7,7,7,7,7,7,7,7,7,7,7,9,9,9,9,,30,30,TRUE
1599YKMULTI-XL,3,3,3,3,3,3,3,3,3,3,4,5,5,5,5,5,5,5,5,5,4,4,4,4,3,3,3,3,3,3,,30,30,TRUE
1599YKMULTI-XS,0,0,0,0,0,0,0,0,0,0,0,0,0,0,0,0,0,0,0,0,0,0,0,0,0,0,0,0,0,0,,0,0,TRUE
1599YKMULTI-XXL,2,3,3,2,2,2,2,2,2,2,2,2,2,2,2,2,3,3,3,3,3,2,2,2,2,2,2,2,2,2,,30,30,TRUE
159YK271MEHROON-S,0,0,0,0,0,0,0,0,0,0,0,0,0,0,0,0,0,0,0,0,0,0,0,0,0,0,0,0,0,0,,0,0,TRUE
15YK120BROWN-XL,0,0,0,0,0,0,0,0,0,0,0,0,0,0,0,0,0,0,0,0,0,0,0,0,0,0,0,0,0,0,,0,0,TRUE
1600YKGREEN-5XL,1,1,1,1,1,1,1,1,1,1,1,1,1,1,1,1,1,1,1,1,1,1,1,1,1,1,1,1,0,1,,29,24,FALSE
1600YKGREEN-L,51,51,51,52,52,50,50,50,51,51,51,50,50,50,50,50,50,50,50,50,50,49,49,48,48,49,49,49,49,49,,30,30,TRUE
1600YKGREEN-M,62,62,62,62,62,62,62,62,61,61,61,61,61,61,61,61,61,61,59,59,59,56,56,56,56,56,59,60,60,60,,30,30,TRUE
1600YKGREEN-S,24,24,24,24,24,24,24,24,24,24,23,24,23,23,23,23,23,23,22,22,22,22,22,22,22,22,22,22,22,22,,30,30,TRUE
1600YKGREEN-XL,38,38,38,38,37,37,36,35,35,34,34,34,34,34,34,32,32,32,33,33,33,33,33,33,33,33,33,33,33,33,,30,30,TRUE
1600YKGREEN-XS,13,13,13,13,13,13,13,13,13,13,13,13,13,13,13,13,13,13,13,13,13,13,13,13,13,13,13,13,13,13,,30,30,TRUE
1600YKGREEN-XXL,10,14,13,13,11,11,10,9,9,9,8,7,6,6,6,2,2,2,2,3,3,3,3,3,2,3,4,4,4,4,,30,30,TRUE
1601YKGREEN-3XL,1,1,1,1,1,1,0,0,0,0,0,0,0,0,0,0,0,0,0,0,0,0,0,0,1,0,0,0,0,0,,7,6,FALSE
1601YKGREEN-4XL,2,2,2,2,2,2,2,2,2,3,3,3,2,2,2,2,2,2,2,2,2,2,2,2,6,2,2,2,1,1,,30,30,TRUE
1601YKGREEN-5XL,3,3,2,2,2,2,2,3,0,0,0,0,0,0,0,0,0,0,0,0,0,0,0,0,2,0,0,0,0,0,,9,8,FALSE
1601YKGREEN-6XL,5,6,6,5,5,5,4,4,2,1,2,2,2,1,1,1,1,1,0,0,0,0,0,0,2,1,1,1,1,1,,24,23,FALSE
1601YKGREEN-7XL,1,1,1,2,2,2,2,2,2,1,0,1,1,1,1,1,1,1,1,1,1,1,1,1,1,1,1,1,1,1,,29,29,TRUE
1601YKGREEN-8XL,3,3,3,3,3,3,3,3,3,3,3,3,3,3,3,3,3,3,3,2,2,2,2,2,2,2,2,2,2,2,,30,30,TRUE
1601YKGREEN-L,0,0,1,0,1,1,1,1,1,1,1,1,1,1,1,1,1,1,1,1,1,1,1,1,1,1,1,1,1,1,,27,27,TRUE
1601YKGREEN-M,0,0,0,1,1,1,1,1,1,1,0,0,0,0,0,1,1,1,0,0,0,0,0,0,0,0,0,0,0,1,,11,9,FALSE
1601YKGREEN-S,6,6,6,6,6,6,4,2,0,0,0,0,0,0,0,0,0,0,0,0,0,0,0,0,3,0,0,0,0,0,,9,8,FALSE
1601YKGREEN-XL,1,2,2,2,1,1,1,1,1,1,1,1,0,0,0,0,0,0,0,0,0,0,0,0,0,1,1,1,1,1,,17,18,FALSE
1601YKGREEN-XS,1,1,1,1,1,1,1,1,1,0,0,0,0,0,0,0,0,0,0,0,0,0,0,0,0,0,0,0,0,4,,10,9,FALSE
1601YKGREEN-XXL,6,6,6,8,8,8,6,3,0,1,1,1,1,1,1,1,1,1,1,1,1,1,1,2,3,2,3,2,2,2,,29,29,TRUE
1602YKLAVENDER-3XL,237,238,237,240,241,258,257,256,256,256,255,253,250,257,257,258,258,258,256,256,256,256,260,260,259,260,257,257,259,259,,30,30,TRUE
1602YKLAVENDER-4XL,216,216,216,220,220,243,242,242,242,243,242,241,241,267,267,267,267,267,267,267,267,267,269,269,267,269,269,269,269,267,,30,30,TRUE
1602YKLAVENDER-5XL,194,197,199,199,199,204,204,204,196,195,195,195,195,195,195,195,195,195,195,195,195,195,198,198,198,198,198,198,198,197,,30,30,TRUE
1602YKLAVENDER-6XL,78,81,84,85,85,80,80,78,76,76,75,74,69,74,74,74,74,74,73,73,73,73,73,74,74,73,73,73,73,72,,30,30,TRUE
1602YKLAVENDER-7XL,75,80,85,85,85,84,84,84,84,84,84,84,84,83,83,83,83,83,82,82,82,82,85,85,85,85,85,85,85,85,,30,30,TRUE
1602YKLAVENDER-8XL,40,52,51,51,52,52,50,50,50,50,50,50,50,50,50,50,50,50,50,50,50,50,55,55,55,55,55,55,56,56,,30,30,TRUE
1602YKLAVENDER-L,127,127,126,127,128,137,137,137,137,138,138,137,135,135,135,136,136,136,136,136,125,125,127,127,127,121,120,119,120,120,,30,30,TRUE
1602YKLAVENDER-M,110,110,110,112,111,112,112,112,113,112,110,110,111,111,111,111,111,111,109,109,94,94,99,99,99,98,97,97,77,77,,30,30,TRUE
1602YKLAVENDER-S,56,56,56,63,64,67,67,67,67,67,66,67,67,67,67,67,67,67,67,67,67,67,70,70,69,70,70,70,71,71,,30,30,TRUE
1602YKLAVENDER-XL,136,136,135,136,136,155,155,155,154,154,151,151,150,147,147,141,141,141,141,141,121,121,127,127,127,123,123,125,125,125,,30,30,TRUE
1602YKLAVENDER-XS,16,16,16,16,15,17,17,18,18,17,17,17,18,18,18,18,18,18,17,17,13,13,13,13,12,12,12,12,8,8,,30,30,TRUE
1602YKLAVENDER-XXL,208,208,203,204,204,208,208,207,208,207,207,207,207,207,207,206,206,206,205,204,202,204,207,207,207,201,201,201,201,200,,30,30,TRUE
1604YKPINK-3XL,4,4,4,4,4,4,4,4,3,3,3,3,3,3,3,3,3,3,3,3,3,3,3,3,3,2,2,2,2,2,,30,30,TRUE
1604YKPINK-4XL,0,0,0,0,0,0,0,0,0,0,0,0,0,0,0,0,0,0,0,0,0,0,0,0,0,0,0,0,0,0,,0,0,TRUE
1604YKPINK-5XL,0,0,0,0,0,0,0,0,0,0,0,0,0,0,0,0,0,0,0,0,0,0,0,0,0,0,0,0,0,0,,0,0,TRUE
1604YKPINK-L,1,1,1,1,1,1,1,1,1,1,1,1,1,1,1,1,1,1,1,1,1,1,1,1,1,1,1,1,1,1,,30,30,TRUE
1604YKPINK-M,1,1,1,1,1,1,1,1,1,1,1,1,1,1,1,1,1,1,1,1,1,1,1,1,1,1,1,1,1,1,,30,30,TRUE
1604YKPINK-S,6,6,6,5,5,5,5,5,6,6,6,6,6,6,6,7,5,5,5,5,5,4,4,4,4,4,4,4,4,4,,30,30,TRUE
1604YKPINK-XL,3,3,3,3,3,3,2,2,2,2,2,2,2,2,2,2,2,2,2,2,2,2,2,2,2,2,2,2,2,2,,30,30,TRUE
1604YKPINK-XXL,3,3,3,3,3,3,2,2,2,2,2,2,2,2,2,2,1,1,1,1,1,1,1,1,1,1,1,1,1,1,,30,30,TRUE
1605YKBLUE-3XL,15,14,14,15,15,115,100,99,98,97,97,96,98,98,98,74,73,173,173,173,171,171,171,216,216,216,211,211,312,307,,30,30,TRUE
1605YKBLUE-4XL,20,20,19,19,19,47,48,47,47,47,47,46,43,46,46,45,45,130,129,129,129,129,129,193,193,183,183,183,168,168,,30,30,TRUE
1605YKBLUE-5XL,24,24,24,24,23,40,40,40,41,101,100,100,100,99,99,77,77,164,164,164,154,154,156,156,155,156,156,156,141,141,,30,30,TRUE
1605YKBLUE-6XL,12,13,13,13,13,12,9,9,7,27,27,27,26,26,26,14,14,36,34,35,29,29,30,59,59,59,59,59,61,61,,30,30,TRUE
1605YKBLUE-7XL,20,20,20,21,21,21,20,20,20,19,19,19,19,19,19,19,19,80,79,79,78,78,78,78,77,77,77,77,72,72,,30,30,TRUE
1605YKBLUE-8XL,1,0,0,0,1,32,32,32,30,30,30,30,30,30,30,25,25,81,81,81,81,81,81,81,81,81,81,81,76,76,,27,27,TRUE
1605YKBLUE-L,71,71,71,71,71,71,71,71,71,111,111,111,111,111,111,100,100,169,169,169,169,169,169,249,248,249,249,250,236,236,,30,30,TRUE
1605YKBLUE-M,15,14,14,15,15,45,45,44,44,43,43,43,43,43,43,32,32,90,90,90,89,89,89,89,89,88,86,86,88,88,,30,30,TRUE
1605YKBLUE-S,5,5,5,6,6,16,16,16,16,16,15,15,15,15,15,8,8,64,64,63,63,63,63,64,63,55,56,61,55,55,,30,30,TRUE
1605YKBLUE-XL,3,3,2,3,3,60,60,59,56,60,60,60,59,58,58,15,15,49,49,39,39,39,39,140,140,140,140,140,146,146,,30,30,TRUE
1605YKBLUE-XXL,47,46,44,46,45,75,75,75,74,76,76,76,76,76,76,56,56,113,113,108,103,103,103,103,102,103,103,103,188,188,,30,30,TRUE
1606YKMULTI-L,0,0,0,0,0,0,0,0,0,0,0,0,0,0,0,0,0,0,0,0,0,0,0,0,0,0,0,0,0,0,,0,0,TRUE
1606YKMULTI-XXL,0,0,0,0,0,0,0,0,0,0,0,0,0,0,0,0,0,0,0,0,0,0,0,0,0,0,0,0,0,0,,0,0,TRUE
1607YKBLUE-3XL,0,0,0,0,0,0,0,0,0,0,0,0,0,0,0,0,0,0,0,0,0,0,0,0,0,0,0,0,0,0,,0,0,TRUE
1607YKBLUE-4XL,0,0,0,0,0,0,0,0,0,0,0,0,0,0,0,0,0,0,0,0,0,0,0,0,0,0,0,0,0,0,,0,0,TRUE
1607YKBLUE-5XL,1,1,1,0,0,0,0,0,0,0,0,0,0,0,0,0,0,0,0,0,0,0,0,0,0,1,1,1,1,1,,8,9,FALSE
1607YKBLUE-L,0,0,0,0,0,0,0,0,0,0,0,0,0,0,0,0,0,0,0,0,0,0,0,0,0,0,0,0,0,0,,0,0,TRUE
1607YKBLUE-M,0,0,0,0,0,0,0,0,0,0,0,0,0,0,0,0,0,0,0,0,0,0,0,0,1,0,0,0,0,1,,2,1,FALSE
1607YKBLUE-S,7,7,7,7,7,7,7,7,7,7,7,7,7,7,7,5,5,5,5,5,5,5,5,5,5,5,3,3,3,3,,30,30,TRUE
1607YKBLUE-XL,1,1,1,1,1,1,1,1,1,1,1,1,1,1,1,1,1,1,1,1,1,1,1,1,1,1,2,2,2,2,,30,30,TRUE
1607YKBLUE-XXL,4,4,4,4,4,4,4,4,4,4,4,4,4,4,4,4,4,4,3,3,3,3,3,3,4,3,3,3,3,3,,30,30,TRUE
1609YKWINE-L,11,11,11,11,11,11,11,11,11,11,10,10,10,10,10,10,10,10,10,10,10,10,10,9,9,9,9,10,10,10,,30,30,TRUE
1609YKWINE-M,10,10,11,11,11,11,11,11,11,11,11,11,11,11,11,11,11,11,11,11,11,11,11,11,11,11,11,11,11,11,,30,30,TRUE
1609YKWINE-S,24,24,24,24,24,24,24,24,24,24,24,24,24,24,24,24,24,24,24,24,24,24,24,23,23,23,23,23,23,23,,30,30,TRUE
1609YKWINE-XL,14,14,14,15,15,15,14,14,14,13,13,13,13,13,13,13,13,13,13,13,13,13,13,13,13,13,14,14,14,14,,30,30,TRUE
1609YKWINE-XXL,12,12,12,11,11,11,11,11,11,11,11,10,10,10,10,9,10,10,9,9,8,8,8,8,8,8,8,8,8,7,,30,30,TRUE
160YK282BLUE-L,4,4,4,4,4,4,4,4,4,4,4,4,4,4,4,4,4,4,4,4,4,4,4,4,4,4,4,4,4,4,,30,30,TRUE
160YK282BLUE-M,0,0,0,0,0,0,0,0,0,0,0,0,0,0,0,0,0,0,0,0,0,0,0,0,0,0,0,0,0,0,,0,0,TRUE
160YK282BLUE-S,0,0,0,0,0,0,0,0,0,0,0,0,0,0,0,0,0,0,0,0,0,0,0,0,0,0,0,0,0,0,,0,0,TRUE
160YK282BLUE-XL,4,4,4,4,4,4,4,4,4,4,6,6,6,6,6,6,6,6,5,5,5,5,5,5,5,5,6,6,6,6,,30,30,TRUE
160YK282BLUE-XXL,2,2,2,2,2,2,2,2,2,2,2,2,2,2,2,1,1,1,1,1,1,1,1,1,1,1,2,2,2,2,,30,30,TRUE
1611YKBLUE-L,0,0,0,0,0,0,0,0,0,0,0,0,0,0,0,0,0,0,0,0,0,0,0,0,0,0,0,0,0,0,,0,0,TRUE
1611YKBLUE-M,0,0,0,0,0,0,0,0,0,0,0,0,0,0,0,0,0,0,0,0,0,0,0,0,0,0,0,0,0,0,,0,0,TRUE
1611YKBLUE-XL,0,0,0,0,0,0,0,0,0,0,0,0,0,0,0,0,0,0,0,0,0,0,0,0,0,0,0,0,0,0,,0,0,TRUE
1611YKBLUE-XXL,0,0,0,0,0,0,0,0,0,0,0,0,0,0,0,0,0,0,0,0,0,0,0,0,0,0,0,0,0,0,,0,0,TRUE
1612YKBLACK-L,4,4,4,4,4,4,4,4,4,4,4,4,4,4,4,4,4,4,4,4,4,4,4,4,4,4,4,4,4,4,,30,30,TRUE
1612YKBLACK-M,9,9,9,9,9,9,9,9,9,9,9,9,9,9,9,9,9,9,9,9,9,9,9,9,9,9,9,9,9,9,,30,30,TRUE
1612YKBLACK-XL,3,3,3,3,3,3,3,3,3,3,3,3,3,3,3,3,3,3,3,3,3,3,3,3,3,3,3,3,3,3,,30,30,TRUE
1612YKBLACK-XXL,5,5,5,5,5,5,5,5,5,5,2,4,4,4,4,4,4,4,4,4,4,4,4,4,4,4,4,4,4,4,,30,30,TRUE
1613YKPINK-L,11,11,11,11,11,11,11,11,11,11,11,11,11,11,11,11,11,11,11,11,11,11,11,11,11,11,11,11,11,11,,30,30,TRUE
1613YKPINK-M,10,10,10,10,10,10,10,10,10,10,6,10,10,10,10,10,10,10,9,9,9,9,9,9,9,9,9,9,9,9,,30,30,TRUE
1613YKPINK-XL,15,15,15,15,15,15,15,15,15,15,15,15,15,15,15,15,15,15,15,15,15,15,15,15,15,15,15,15,15,15,,30,30,TRUE
1613YKPINK-XXL,4,4,4,4,4,4,4,4,4,4,4,4,4,4,4,4,4,4,4,4,4,4,4,4,4,5,5,5,5,5,,30,30,TRUE
1614YKWHITE-L,15,15,15,15,15,15,15,15,15,15,15,15,15,15,15,15,15,15,15,15,15,15,15,15,15,15,15,15,15,15,,30,30,TRUE
1614YKWHITE-M,8,8,8,12,12,12,12,12,12,12,12,12,12,12,12,12,12,13,13,13,13,13,13,13,13,13,13,13,11,11,,30,30,TRUE
1614YKWHITE-XL,13,13,13,13,13,13,13,13,13,13,13,13,13,13,13,12,12,12,12,12,12,12,12,12,12,12,12,12,12,12,,30,30,TRUE
1614YKWHITE-XXL,13,13,13,13,13,13,13,13,13,13,12,13,13,13,13,13,13,13,13,13,13,13,13,13,13,13,13,13,13,13,,30,30,TRUE
1615YKMUSTARD-L,0,0,0,0,0,0,0,0,0,0,0,0,0,0,0,0,0,0,0,0,0,0,0,0,0,0,0,0,0,0,,0,0,TRUE
1615YKMUSTARD-M,0,0,0,0,0,0,0,0,0,0,0,0,0,0,0,0,0,0,0,0,0,0,0,0,0,0,0,0,0,0,,0,0,TRUE
1615YKMUSTARD-XL,0,0,0,0,0,0,0,0,0,0,0,0,0,0,0,0,0,0,0,0,0,0,0,0,0,0,0,0,0,0,,0,0,TRUE
1615YKMUSTARD-XXL,1,1,1,1,1,1,1,1,1,1,1,1,1,1,1,1,1,1,1,1,1,1,1,1,1,1,1,1,1,1,,30,30,TRUE
1616YKRED-L,0,0,0,0,0,0,0,0,0,0,0,0,0,0,0,0,0,0,0,0,0,0,0,0,0,0,0,0,0,0,,0,0,TRUE
1616YKRED-M,0,0,0,0,0,0,0,0,0,0,0,0,0,0,0,0,0,0,0,0,0,0,0,0,0,0,0,0,0,0,,0,0,TRUE
1616YKRED-S,0,0,0,0,0,0,0,0,0,0,0,0,0,0,0,0,0,0,0,0,0,0,0,0,0,0,0,0,0,0,,0,0,TRUE
1616YKRED-XL,0,0,0,0,0,0,0,0,0,0,0,0,0,0,0,0,0,0,0,0,0,0,0,0,0,0,0,0,0,0,,0,0,TRUE
1616YKRED-XXL,0,0,0,0,0,0,0,0,0,0,0,0,0,0,0,0,0,0,0,0,0,0,0,0,0,0,0,0,0,0,,0,0,TRUE
1617YKYELLOW-3XL,0,0,0,0,0,0,0,0,0,0,0,0,0,0,0,0,0,0,0,0,0,0,0,0,0,0,0,0,0,1,,1,0,FALSE
1617YKYELLOW-L,0,0,0,0,0,0,0,0,0,0,0,0,0,0,0,0,0,0,0,0,0,0,0,0,0,0,0,0,0,0,,0,0,TRUE
1617YKYELLOW-M,0,0,0,0,0,0,0,0,0,0,0,0,0,0,0,0,0,0,0,0,0,0,0,0,0,0,0,0,0,0,,0,0,TRUE
1617YKYELLOW-XL,0,0,0,0,0,0,0,0,0,0,0,0,0,0,0,0,0,0,0,0,0,0,0,0,0,0,0,0,0,0,,0,0,TRUE
1617YKYELLOW-XXL,0,0,0,0,0,0,0,0,0,0,0,0,0,0,0,0,0,0,0,0,0,0,0,0,0,0,0,0,0,0,,0,0,TRUE
1619YKRED-L,0,0,0,0,0,0,0,0,0,0,0,0,0,0,0,0,0,0,0,0,0,0,0,0,0,0,0,0,0,1,,1,0,FALSE
1619YKRED-M,0,0,0,0,0,0,0,0,0,0,0,0,0,0,0,0,0,0,0,0,0,0,0,0,0,0,0,0,0,0,,0,0,TRUE
1619YKRED-XL,0,0,0,0,0,0,0,0,0,0,0,0,0,0,0,0,0,0,0,0,0,0,0,0,0,0,0,0,0,0,,0,0,TRUE
1619YKRED-XXL,0,0,0,0,0,0,0,0,0,0,0,0,0,0,0,0,0,0,0,0,0,0,0,0,0,0,0,0,0,0,,0,0,TRUE
161YK272YELLOW-L,0,0,0,0,0,0,0,0,0,0,0,0,0,0,0,0,0,0,0,0,0,0,0,0,0,0,0,0,0,0,,0,0,TRUE
161YK272YELLOW-M,0,0,0,0,0,0,0,0,0,0,0,0,0,0,0,0,0,0,0,0,0,0,0,0,0,0,0,0,0,0,,0,0,TRUE
161YK272YELLOW-S,0,0,0,0,0,0,0,0,0,0,0,0,0,0,0,0,0,0,0,0,0,0,0,0,0,0,0,0,0,0,,0,0,TRUE
1620YKGREEN-L,0,0,0,0,0,0,0,0,0,0,0,0,0,0,0,0,0,0,0,0,0,0,0,0,0,0,0,0,0,0,,0,0,TRUE
1620YKGREEN-M,0,0,0,0,0,0,0,0,0,0,0,0,0,0,0,0,0,0,0,0,0,0,0,0,0,0,0,0,0,0,,0,0,TRUE
1620YKGREEN-XL,0,0,0,0,0,0,0,0,0,0,0,0,0,0,0,0,0,0,0,0,0,0,0,0,0,0,0,0,0,0,,0,0,TRUE
1620YKGREEN-XXL,0,0,0,0,0,0,0,0,0,0,0,0,0,0,0,0,0,0,0,0,0,0,0,0,0,0,0,0,0,0,,0,0,TRUE
1621YKPINK-L,1,1,1,1,1,1,1,1,1,1,1,1,1,1,1,1,1,1,1,1,1,1,1,1,1,1,1,1,1,1,,30,30,TRUE
1621YKPINK-M,1,1,1,1,1,1,1,1,1,1,1,1,1,1,1,1,1,1,1,1,1,1,1,1,1,1,1,1,1,1,,30,30,TRUE
1621YKPINK-XL,0,0,0,0,0,0,0,0,0,0,0,0,0,0,0,0,0,0,0,0,0,0,0,0,0,0,0,0,0,0,,0,0,TRUE
1621YKPINK-XXL,0,0,0,0,0,0,0,0,0,0,0,0,0,0,0,0,0,0,0,0,0,0,0,0,0,0,0,0,0,0,,0,0,TRUE
1622YKSKYBLUE-L,7,7,7,7,7,7,7,7,7,7,7,6,6,6,6,6,6,6,6,6,6,6,6,6,6,6,6,6,6,6,,30,30,TRUE
1622YKSKYBLUE-M,0,0,0,0,0,0,0,0,0,0,0,0,1,1,1,1,1,1,1,1,1,1,1,1,1,1,1,1,1,1,,18,18,TRUE
1622YKSKYBLUE-XL,8,8,8,8,8,8,8,8,8,8,8,8,8,8,8,8,8,8,7,7,7,7,7,7,7,7,7,7,7,7,,30,30,TRUE
1622YKSKYBLUE-XXL,1,1,1,1,1,1,1,1,1,1,1,1,1,1,1,1,1,1,1,1,1,1,1,1,1,1,1,1,1,1,,30,30,TRUE
1623YKYELLOW-L,0,0,0,0,0,0,0,0,0,0,0,0,0,0,0,0,0,0,0,0,0,0,0,0,0,0,0,0,0,0,,0,0,TRUE
1623YKYELLOW-M,1,1,1,1,1,1,1,1,1,1,1,1,1,0,0,0,0,0,0,0,0,0,0,0,0,0,0,0,0,0,,13,13,TRUE
1623YKYELLOW-XL,0,0,0,0,0,0,0,0,0,0,0,0,0,0,0,0,0,0,0,0,0,0,0,0,0,0,0,0,0,0,,0,0,TRUE
1623YKYELLOW-XXL,1,1,1,1,1,1,1,1,1,1,1,1,1,1,1,1,1,1,1,1,1,1,1,1,1,1,1,1,1,1,,30,30,TRUE
1624YKBLUE-L,0,0,0,0,0,0,0,0,0,0,0,0,0,0,0,0,0,0,0,0,0,0,0,0,0,0,0,0,0,0,,0,0,TRUE
1624YKBLUE-M,0,0,0,0,0,0,0,0,0,0,0,0,0,0,0,0,0,0,0,0,0,0,0,0,0,0,0,0,0,0,,0,0,TRUE
1624YKBLUE-XL,0,0,0,0,0,0,0,0,0,0,0,0,0,0,0,0,0,0,0,0,0,0,0,0,0,0,0,0,0,0,,0,0,TRUE
1624YKBLUE-XXL,0,0,0,0,0,0,0,0,0,0,0,0,0,0,0,0,0,0,0,0,0,0,0,0,0,0,0,0,0,0,,0,0,TRUE
1625YKBLACK-3XL,8,9,9,9,9,9,7,6,6,6,6,6,5,5,5,6,6,6,7,6,6,5,5,5,5,6,6,6,7,7,,30,30,TRUE
1625YKBLACK-4XL,5,4,4,7,5,4,3,3,3,6,6,5,7,7,7,6,6,6,3,3,3,3,4,4,10,5,3,3,4,4,,30,30,TRUE
1625YKBLACK-5XL,1,1,1,0,1,0,0,0,0,0,0,0,3,3,3,1,1,1,1,1,1,0,1,1,9,1,1,1,1,3,,21,21,TRUE
1625YKBLACK-6XL,2,2,2,3,3,3,2,0,2,2,2,2,1,1,1,3,3,3,1,1,1,1,1,1,1,1,1,1,1,1,,29,29,TRUE
1625YKBLACK-7XL,1,0,0,0,0,0,0,0,0,0,0,0,0,0,0,1,1,1,0,0,0,0,0,0,0,0,0,0,0,0,,4,2,FALSE
1625YKBLACK-8XL,0,0,0,0,1,1,1,0,0,0,0,1,0,0,0,0,0,0,0,0,0,0,0,0,2,0,0,0,0,0,,5,4,FALSE
1625YKBLACK-L,2,2,1,0,1,1,1,1,1,0,0,0,0,0,0,1,1,1,0,0,0,0,0,1,1,1,1,1,1,1,,18,18,TRUE
1625YKBLACK-M,6,6,4,6,6,6,6,7,7,7,7,7,7,7,7,7,7,7,6,6,6,6,6,6,5,5,3,3,4,4,,30,30,TRUE
1625YKBLACK-S,2,2,2,2,2,2,2,2,2,2,2,2,2,2,2,2,2,2,3,3,3,3,3,3,3,3,3,3,3,3,,30,30,TRUE
1625YKBLACK-XL,8,8,9,10,10,10,10,10,9,9,9,8,8,8,8,6,6,6,6,6,6,6,6,6,6,4,2,2,2,2,,30,30,TRUE
1625YKBLACK-XXL,1,1,0,1,1,1,1,1,1,1,0,1,1,1,1,1,1,1,1,1,1,0,0,0,0,0,0,0,1,3,,21,21,TRUE
1626YKGREEN-L,30,30,29,30,30,30,30,30,30,29,28,28,28,28,28,27,27,27,27,27,27,27,27,27,27,27,27,27,28,28,,30,30,TRUE
1626YKGREEN-M,29,29,29,29,29,29,29,29,29,29,29,29,28,28,28,28,28,28,28,28,28,28,28,29,29,29,29,29,30,30,,30,30,TRUE
1626YKGREEN-S,21,22,22,22,22,22,22,22,22,22,20,22,22,22,22,22,22,22,22,22,22,22,22,22,22,22,22,22,22,22,,30,30,TRUE
1626YKGREEN-XL,28,28,28,28,28,28,28,28,28,24,24,24,24,24,24,24,24,24,22,22,22,22,22,22,22,22,23,23,23,23,,30,30,TRUE
1626YKGREEN-XXL,22,22,22,22,22,22,22,22,22,22,22,22,22,22,22,21,21,21,21,21,21,21,21,21,20,17,17,17,17,17,,30,30,TRUE
1627YKSKYBLUE-L,4,6,6,5,5,5,5,5,5,5,5,5,5,5,5,5,5,5,5,5,4,4,5,5,6,4,4,4,4,4,,30,30,TRUE
1627YKSKYBLUE-M,2,2,2,2,2,2,2,2,2,2,2,2,2,3,3,1,1,1,1,1,1,1,1,1,1,1,1,1,1,1,,30,30,TRUE
1627YKSKYBLUE-S,0,0,0,1,0,0,0,0,0,0,0,0,0,0,0,0,0,0,0,0,0,0,0,1,1,1,1,1,1,1,,8,8,TRUE
1627YKSKYBLUE-XL,3,4,4,5,5,5,5,5,5,5,4,5,5,5,5,5,5,5,5,5,5,5,6,6,6,6,6,6,6,6,,30,30,TRUE
1627YKSKYBLUE-XXL,0,1,1,1,1,1,1,1,1,1,1,0,0,0,0,0,0,0,0,0,0,0,1,1,1,1,1,1,0,2,,17,12,FALSE
1628YKBLUE-L,0,0,0,0,0,0,0,0,0,0,0,0,0,0,0,0,0,0,0,0,0,0,0,0,0,0,0,0,0,0,,0,0,TRUE
1628YKBLUE-M,0,0,0,0,0,0,0,0,0,0,0,0,0,0,0,0,0,0,0,0,0,0,0,0,0,0,0,0,0,2,,1,0,FALSE
1628YKBLUE-S,0,0,0,0,0,0,0,0,0,0,0,0,0,0,0,0,0,0,0,0,0,0,0,0,0,0,0,0,0,0,,0,0,TRUE
1628YKBLUE-XL,0,0,0,0,0,0,0,0,0,0,0,0,0,0,0,0,0,0,0,0,0,0,0,0,0,0,0,0,0,0,,0,0,TRUE
1628YKBLUE-XXL,0,0,0,0,0,0,0,0,0,0,0,0,0,0,0,0,0,0,0,0,0,0,0,0,0,0,0,0,0,0,,0,0,TRUE
1629YKGREEN-3XL,1,1,1,1,1,1,1,1,1,1,1,1,1,1,1,1,1,1,1,1,1,1,1,1,1,1,1,1,1,1,,30,30,TRUE
1629YKGREEN-L,0,0,0,0,0,0,0,0,0,0,0,0,0,0,0,0,0,0,0,0,0,0,0,0,0,0,0,0,0,0,,0,0,TRUE
1629YKGREEN-M,0,0,0,0,0,0,0,0,0,0,0,0,0,0,0,0,0,0,0,0,0,0,0,0,0,0,0,0,0,0,,0,0,TRUE
1629YKGREEN-XL,0,0,0,0,0,0,0,0,0,0,0,0,0,0,0,0,0,0,0,0,0,0,0,0,0,0,0,0,0,0,,0,0,TRUE
162YK273BLACK-S,1,1,1,1,1,1,1,1,1,1,1,1,1,1,1,1,1,1,1,1,1,1,1,1,1,1,1,1,1,1,,30,30,TRUE
1630YKMULTI-L,0,0,0,0,0,0,0,0,0,0,0,0,0,0,0,0,0,0,0,0,0,0,0,0,0,0,0,0,0,0,,0,0,TRUE
1630YKMULTI-M,0,0,0,0,0,0,0,0,0,0,0,0,0,0,0,0,0,0,0,0,0,0,0,0,0,0,0,0,0,0,,0,0,TRUE
1630YKMULTI-S,0,0,0,0,0,0,0,0,0,0,0,0,0,0,0,0,0,0,0,0,0,0,0,0,0,0,0,0,0,0,,0,0,TRUE
1630YKMULTI-XL,0,0,0,0,0,0,0,0,0,0,0,0,0,0,0,0,0,0,0,0,0,0,0,0,0,0,0,0,0,0,,0,0,TRUE
1630YKMULTI-XXL,0,0,0,0,0,0,0,0,0,0,0,0,0,0,0,0,0,0,0,0,0,0,0,0,0,0,0,0,0,0,,0,0,TRUE
1636YKBLUE-3XL,27,26,26,25,25,25,25,25,25,25,25,25,25,25,25,25,25,25,25,22,17,22,22,22,22,22,22,22,21,21,,30,30,TRUE
1636YKBLUE-4XL,55,55,54,54,53,52,51,50,49,49,49,48,48,48,48,49,49,49,47,47,47,47,47,46,46,46,46,47,47,47,,30,30,TRUE
1636YKBLUE-5XL,8,8,8,6,5,5,5,5,5,4,3,2,2,2,2,2,2,2,2,2,2,2,2,3,4,3,3,3,4,4,,30,30,TRUE
1636YKBLUE-L,11,12,12,13,12,12,10,10,7,6,6,8,8,8,8,8,8,8,8,8,8,7,7,7,6,6,6,9,9,9,,30,30,TRUE
1636YKBLUE-M,29,30,28,27,27,26,26,25,26,28,27,29,29,29,29,29,28,28,27,26,27,27,27,29,29,29,29,29,32,32,,30,30,TRUE
1636YKBLUE-S,6,6,5,5,6,6,6,7,8,8,8,6,8,8,8,8,8,8,5,5,5,5,6,6,6,6,5,5,6,6,,30,30,TRUE
1636YKBLUE-XL,5,5,4,4,4,4,4,4,2,2,2,2,2,2,2,2,2,2,2,2,2,2,2,3,2,2,1,1,1,1,,30,30,TRUE
1636YKBLUE-XXL,23,24,24,24,24,23,21,21,21,20,19,19,19,19,19,20,20,20,18,18,18,18,18,19,19,17,17,17,17,17,,30,30,TRUE
1637YKMAROON-3XL,1,1,1,1,1,1,1,1,1,1,1,1,2,2,2,2,2,2,1,1,0,0,0,0,4,0,0,0,1,1,,23,22,FALSE
1637YKMAROON-4XL,3,3,3,3,3,3,3,3,0,0,0,0,0,0,0,0,0,0,0,0,0,0,0,1,1,1,1,1,1,1,,15,15,TRUE
1637YKMAROON-5XL,3,3,3,3,3,3,3,3,3,3,3,3,4,4,4,3,3,3,3,3,3,3,3,3,4,3,3,3,3,3,,30,30,TRUE
1637YKMAROON-6XL,16,17,14,14,14,13,9,9,9,8,8,8,7,6,6,6,6,6,7,7,7,7,7,8,7,8,8,9,6,6,,30,30,TRUE
1637YKMAROON-7XL,6,6,6,5,7,7,6,6,6,6,6,5,6,6,6,5,5,5,5,5,5,5,5,4,4,4,4,4,5,5,,30,30,TRUE
1637YKMAROON-8XL,2,2,2,2,2,2,2,2,1,1,1,1,1,0,0,0,0,0,0,0,0,0,0,0,2,0,0,0,0,0,,14,13,FALSE
1637YKMAROON-L,5,6,6,6,6,5,3,3,0,0,0,0,2,2,2,2,2,2,1,1,0,0,0,0,4,0,0,0,0,0,,17,16,FALSE
1637YKMAROON-M,1,1,2,0,1,0,0,1,1,0,0,0,0,0,0,0,0,0,0,0,0,0,1,1,2,1,1,1,2,2,,14,13,FALSE
1637YKMAROON-S,0,1,1,2,2,2,2,2,2,2,1,1,2,2,2,2,2,2,2,2,2,2,1,1,1,1,1,1,1,1,,29,29,TRUE
1637YKMAROON-XL,1,1,1,1,1,1,1,1,1,1,1,2,2,1,1,1,1,1,1,1,1,0,0,0,0,0,0,0,0,0,,21,21,TRUE
1637YKMAROON-XXL,0,0,0,0,0,0,0,0,0,0,0,0,0,0,0,0,0,0,0,0,0,0,1,1,1,1,1,1,1,1,,8,8,TRUE
1638YKGREEN-L,6,6,9,9,9,9,9,9,9,9,9,9,10,15,15,15,15,15,15,15,15,10,10,10,10,10,10,10,10,10,,30,30,TRUE
1638YKGREEN-M,8,8,8,8,8,8,8,8,8,8,4,8,8,8,8,8,8,8,8,8,8,8,8,8,8,8,8,8,7,7,,30,30,TRUE
1638YKGREEN-S,24,25,25,25,25,25,25,25,25,25,22,25,25,25,25,25,25,25,23,23,23,23,23,23,23,23,24,24,24,24,,30,30,TRUE
1638YKGREEN-XL,23,23,23,22,22,22,22,22,22,22,22,23,23,23,23,23,23,23,23,23,23,23,23,23,23,23,23,23,23,23,,30,30,TRUE
1638YKGREEN-XXL,16,16,16,16,16,16,16,16,16,17,17,17,17,17,17,17,17,17,17,17,17,17,17,17,17,17,17,17,17,17,,30,30,TRUE
1639YKBLUE-3XL,1,1,1,1,1,1,1,1,1,1,1,0,0,0,0,0,0,0,0,0,0,1,1,1,1,1,1,1,1,1,,20,20,TRUE
1639YKBLUE-4XL,0,0,0,0,0,0,0,0,0,0,0,0,0,0,0,0,0,0,0,0,0,0,0,0,0,0,0,0,0,0,,0,0,TRUE
1639YKBLUE-5XL,0,0,0,0,0,0,0,0,0,0,0,0,0,0,0,0,0,0,0,0,0,0,0,0,0,0,0,0,0,0,,0,0,TRUE
1639YKBLUE-L,0,0,0,0,0,0,0,0,0,0,0,0,0,0,0,0,0,0,0,0,0,0,0,0,0,0,0,0,0,0,,0,0,TRUE
1639YKBLUE-XL,1,1,1,1,1,1,1,1,1,1,1,1,1,1,1,0,0,0,0,0,0,0,0,0,0,0,0,0,0,1,,16,14,FALSE
1639YKBLUE-XXL,2,2,2,2,2,2,2,2,2,2,2,2,1,1,1,1,1,1,1,1,1,1,1,1,1,1,1,1,1,1,,30,30,TRUE
163YK273PINKRAY-M,1,1,1,1,1,1,1,1,1,1,1,1,1,1,1,1,1,1,1,1,1,1,1,1,1,1,1,1,0,1,,29,26,FALSE
1640YKMULTI-L,0,0,0,0,0,0,0,0,0,0,0,0,0,0,0,0,0,0,0,0,0,0,0,0,0,0,0,0,0,0,,0,0,TRUE
1640YKMULTI-M,0,0,0,0,0,0,0,0,0,0,0,0,0,0,0,0,0,0,0,0,0,0,0,0,0,0,0,0,0,0,,0,0,TRUE
1640YKMULTI-S,0,0,0,0,0,0,0,0,0,0,0,0,0,0,0,0,0,0,0,0,0,0,0,0,0,0,0,0,0,0,,0,0,TRUE
1641YKMULTI-L,2,2,2,2,2,2,2,2,2,2,2,2,2,2,2,2,2,2,2,2,2,2,3,3,3,3,3,3,3,4,,30,30,TRUE
1641YKMULTI-M,3,3,3,3,3,3,3,3,3,3,3,3,3,3,3,3,3,3,3,3,3,3,3,3,3,3,3,3,3,3,,30,30,TRUE
1641YKMULTI-S,3,3,3,4,4,4,4,4,4,4,4,4,4,4,4,3,3,3,3,3,3,3,3,3,3,3,4,4,4,4,,30,30,TRUE
1641YKMULTI-XL,4,4,4,4,4,4,4,4,4,4,3,3,3,3,3,3,3,3,3,3,3,3,3,3,3,3,3,3,3,3,,30,30,TRUE
1641YKMULTI-XXL,3,3,3,3,3,3,3,3,3,3,3,3,3,3,3,3,3,3,3,3,3,3,3,3,3,3,3,3,3,3,,30,30,TRUE
1642YKBLACK-L,4,4,4,4,5,5,5,5,4,4,3,4,4,4,4,4,4,4,4,4,4,4,4,4,4,3,3,4,5,5,,30,30,TRUE
1642YKBLACK-M,7,7,7,7,7,7,7,7,7,7,7,7,7,7,7,7,7,7,4,4,4,4,4,4,4,4,4,4,5,5,,30,30,TRUE
1642YKBLACK-S,6,6,6,6,6,6,6,6,6,6,6,6,6,6,6,6,4,4,4,4,4,4,4,5,5,5,5,5,5,5,,30,30,TRUE
1642YKBLACK-XL,4,4,7,7,7,7,7,7,7,5,5,5,5,5,5,5,5,5,4,4,4,4,4,4,4,4,4,4,4,4,,30,30,TRUE
1642YKBLACK-XXL,3,3,3,3,3,3,3,3,3,3,3,3,3,3,3,3,3,3,3,3,3,3,3,4,4,4,4,4,5,5,,30,30,TRUE
1643YKBLUE-L,16,16,16,17,17,17,17,17,17,17,15,17,17,17,17,17,17,17,17,17,17,17,17,18,18,18,18,18,18,18,,30,30,TRUE
1643YKBLUE-M,13,14,14,14,14,14,14,14,14,14,14,14,14,14,14,14,14,14,14,14,14,14,14,14,14,14,14,14,12,12,,30,30,TRUE
1643YKBLUE-S,19,19,19,19,19,19,19,19,19,19,18,19,19,19,19,19,19,19,19,19,19,19,19,19,19,19,19,19,19,19,,30,30,TRUE
1643YKBLUE-XL,16,16,16,16,17,17,17,17,17,17,17,17,17,17,17,17,17,17,17,17,17,17,17,17,17,17,17,17,17,17,,30,30,TRUE
1643YKBLUE-XXL,12,12,12,12,12,11,11,11,11,11,11,11,11,11,11,11,11,11,11,11,11,11,12,12,12,12,12,12,12,12,,30,30,TRUE
1644YKMULTI-L,14,14,14,14,14,14,14,14,14,14,12,14,14,14,14,14,14,14,14,14,14,13,13,13,13,12,12,12,12,12,,30,30,TRUE
1644YKMULTI-M,11,11,11,11,11,11,11,11,11,11,11,11,11,11,11,11,11,11,11,11,11,11,11,11,11,11,11,11,11,11,,30,30,TRUE
1644YKMULTI-S,21,21,21,21,21,21,21,21,21,21,18,21,21,21,21,21,21,21,21,21,21,21,21,21,21,21,21,21,21,21,,30,30,TRUE
1644YKMULTI-XL,12,12,12,12,12,12,12,12,12,12,12,12,13,13,13,13,13,13,13,13,13,13,14,14,14,14,14,14,12,12,,30,30,TRUE
1644YKMULTI-XXL,20,20,20,20,20,20,20,20,20,20,20,20,20,20,20,20,20,20,20,20,20,20,20,20,20,20,20,20,18,18,,30,30,TRUE
1645YKBLACK-L,18,18,18,18,18,18,18,18,18,18,18,18,16,15,15,13,13,13,13,13,13,13,13,13,13,13,13,13,13,13,,30,30,TRUE
1645YKBLACK-M,21,21,21,21,21,21,21,21,21,21,21,21,21,21,21,21,21,21,21,21,21,21,21,21,21,21,22,22,22,22,,30,30,TRUE
1645YKBLACK-S,15,15,15,15,15,15,15,15,15,15,14,15,15,15,15,15,15,15,15,15,15,15,15,15,15,15,15,16,16,16,,30,30,TRUE
1645YKBLACK-XL,14,14,14,14,14,14,14,14,14,14,14,14,14,14,14,14,14,14,14,14,14,14,14,14,14,14,14,13,10,10,,30,30,TRUE
1645YKBLACK-XXL,11,11,11,11,11,11,10,10,10,10,10,10,10,10,10,10,10,10,10,10,10,10,10,10,10,8,8,6,5,2,,30,30,TRUE
1646YKWHITE-L,19,20,20,20,20,20,20,20,20,20,19,20,20,20,20,20,20,20,20,20,20,20,20,20,20,20,20,21,22,22,,30,30,TRUE
1646YKWHITE-M,19,19,19,19,19,19,19,19,19,19,19,19,19,18,18,18,18,18,17,17,17,17,18,18,18,18,18,18,19,19,,30,30,TRUE
1646YKWHITE-S,6,6,6,6,6,6,6,6,6,6,6,6,6,6,6,6,6,6,5,5,5,5,5,5,5,5,5,6,6,7,,30,30,TRUE
1646YKWHITE-XL,17,17,17,17,17,17,17,17,17,17,17,17,17,17,17,15,15,15,15,15,15,15,15,15,15,15,15,15,8,8,,30,30,TRUE
1646YKWHITE-XXL,22,22,22,22,22,22,22,22,22,22,22,22,22,22,22,22,22,22,22,22,21,20,20,20,20,20,21,21,21,21,,30,30,TRUE
1647YKMULTI-L,18,18,18,18,18,18,18,18,18,18,16,18,18,18,18,17,17,17,17,17,17,17,17,17,17,17,17,17,17,17,,30,30,TRUE
1647YKMULTI-M,14,14,14,14,14,14,14,14,14,14,14,14,14,14,14,14,14,14,14,14,13,12,12,12,12,12,13,13,14,14,,30,30,TRUE
1647YKMULTI-S,18,18,18,18,18,18,18,18,18,18,18,18,18,18,18,12,12,12,12,12,12,12,12,12,12,12,12,12,12,13,,30,30,TRUE
1647YKMULTI-XL,12,12,12,14,14,14,14,14,14,14,14,14,14,14,14,14,14,14,14,14,14,14,14,14,14,14,14,15,15,16,,30,30,TRUE
1647YKMULTI-XXL,4,4,9,9,9,9,9,9,10,6,6,6,6,6,6,6,6,6,6,6,6,7,7,7,7,5,5,4,5,5,,30,30,TRUE
1648YKMULTI-L,0,0,0,0,0,0,0,0,0,0,0,0,0,0,0,0,0,0,0,0,0,0,0,0,0,0,0,0,0,0,,0,0,TRUE
1648YKMULTI-M,1,1,1,1,1,1,1,1,1,1,1,1,1,1,1,1,1,1,1,1,1,1,1,1,1,1,1,1,1,1,,30,30,TRUE
1648YKMULTI-S,1,1,1,1,1,1,1,1,1,1,1,1,1,1,1,1,1,1,1,1,1,1,1,1,1,1,1,1,1,1,,30,30,TRUE
1648YKMULTI-XL,1,1,1,1,1,1,1,1,1,1,1,1,1,1,1,1,1,1,1,1,1,1,1,1,1,1,1,1,1,1,,30,30,TRUE
1648YKMULTI-XXL,2,2,2,2,2,2,2,2,2,2,2,2,2,2,2,2,2,2,2,2,2,2,2,2,2,2,2,2,2,2,,30,30,TRUE
1649YKMULTI-L,5,5,5,5,5,5,5,5,5,5,3,3,3,3,3,3,3,3,3,3,3,3,3,3,3,3,3,3,3,5,,30,30,TRUE
1649YKMULTI-M,7,7,7,7,7,7,7,7,7,7,7,7,7,7,7,7,7,7,7,7,7,7,7,7,7,7,7,7,7,7,,30,30,TRUE
1649YKMULTI-S,7,7,7,7,7,7,7,7,7,7,7,7,7,7,7,7,7,7,7,7,7,7,7,7,7,7,7,8,8,9,,30,30,TRUE
1649YKMULTI-XL,2,2,2,2,2,2,2,2,2,2,2,2,2,2,2,2,2,2,2,2,2,2,2,2,2,2,3,3,3,4,,30,30,TRUE
1649YKMULTI-XXL,9,9,9,9,9,9,9,9,9,9,9,9,9,9,9,9,9,9,9,9,9,9,9,9,9,9,9,9,9,9,,30,30,TRUE
164YK280BLACK-L,0,0,0,0,0,0,0,0,0,0,0,0,0,0,0,0,0,0,0,0,0,0,0,0,0,0,0,0,0,0,,0,0,TRUE
164YK280BLACK-M,0,0,0,0,0,0,0,0,0,0,0,0,0,0,0,0,0,0,0,0,0,0,0,0,0,0,0,0,0,0,,0,0,TRUE
164YK280BLACK-S,0,0,0,0,0,0,0,0,0,0,0,0,0,0,0,0,0,0,0,0,0,0,0,0,0,0,0,0,0,0,,0,0,TRUE
164YK280BLACK-XL,0,0,0,0,0,0,0,0,0,0,0,0,0,0,0,0,0,0,0,0,0,0,0,0,0,0,0,0,0,0,,0,0,TRUE
164YK280BLACK-XXL,0,0,0,0,0,0,0,0,0,0,0,0,0,0,0,0,0,0,0,0,0,0,0,0,0,0,0,0,0,0,,0,0,TRUE
1650YKMULTI-3XL,0,0,0,0,0,0,0,0,0,0,0,0,0,0,0,0,0,0,0,0,0,0,0,0,0,0,0,0,0,1,,1,0,FALSE
1650YKMULTI-L,20,20,21,21,22,22,22,22,22,21,21,21,21,21,21,21,21,21,21,21,21,21,21,21,21,21,21,21,22,22,,30,30,TRUE
1650YKMULTI-M,14,14,17,17,17,17,17,17,18,17,17,17,17,17,17,17,17,17,17,17,17,17,17,17,17,15,15,15,15,15,,30,30,TRUE
1650YKMULTI-S,9,9,9,9,9,9,9,9,9,9,9,9,9,9,9,9,9,9,9,9,9,9,9,9,9,9,9,10,10,10,,30,30,TRUE
1650YKMULTI-XL,9,9,11,11,11,11,11,11,11,11,11,11,11,11,11,11,11,11,11,11,11,11,11,11,11,11,11,11,11,11,,30,30,TRUE
1650YKMULTI-XXL,7,7,8,8,8,8,8,8,8,7,7,7,7,7,7,7,7,7,7,7,7,7,7,9,9,7,7,7,7,7,,30,30,TRUE
1651YKMULTI-L,1,1,1,1,1,1,1,1,1,1,2,2,2,2,2,2,2,2,2,2,2,2,2,2,2,2,2,2,2,2,,30,30,TRUE
1651YKMULTI-M,1,1,1,1,1,1,1,1,1,1,1,1,1,1,1,0,0,0,0,0,0,0,0,0,0,0,0,0,0,1,,16,14,FALSE
1651YKMULTI-S,1,1,1,1,1,1,1,1,1,1,1,1,1,1,1,1,1,1,1,1,1,1,1,1,1,1,1,1,1,1,,30,30,TRUE
1651YKMULTI-XL,1,1,1,1,1,1,1,1,1,1,1,1,1,1,1,1,1,1,1,1,1,1,1,1,1,1,1,1,1,1,,30,30,TRUE
1651YKMULTI-XXL,0,0,0,0,0,0,0,0,0,0,0,0,0,0,0,0,0,0,0,0,0,0,0,0,0,0,0,0,0,0,,0,0,TRUE
1652YKMULTI-4XL,0,0,0,0,0,0,0,0,0,0,0,0,0,0,0,0,0,0,0,0,0,0,0,0,0,0,0,0,0,0,,0,0,TRUE
1652YKMULTI-5XL,0,0,0,0,0,0,0,0,0,0,0,0,0,0,0,0,0,0,0,0,0,0,0,0,0,0,0,0,0,0,,0,0,TRUE
1652YKMULTI-L,1,1,1,1,1,1,1,1,1,1,1,1,1,1,1,1,1,1,1,1,1,1,1,1,1,1,1,1,1,1,,30,30,TRUE
1652YKMULTI-M,2,2,2,2,2,2,2,2,2,2,2,2,2,2,2,2,2,2,2,2,2,2,2,2,2,2,2,2,2,2,,30,30,TRUE
1652YKMULTI-S,1,1,1,1,1,1,1,1,1,1,1,1,1,1,1,1,1,1,1,1,1,1,1,1,1,1,1,2,2,2,,30,30,TRUE
1652YKMULTI-XL,2,2,2,2,2,2,2,2,2,2,2,2,2,2,2,2,2,2,2,2,2,2,2,2,2,2,2,2,2,2,,30,30,TRUE
1652YKMULTI-XXL,1,1,1,1,1,1,1,1,1,1,1,1,1,1,1,0,0,0,0,0,0,0,0,0,0,0,1,1,1,1,,19,18,FALSE
1653YKBLACK-L,44,44,44,44,44,44,44,44,44,44,44,44,44,45,45,44,44,44,42,42,42,42,42,42,42,42,44,44,44,45,,30,30,TRUE
1653YKBLACK-M,42,42,42,42,42,42,42,42,42,42,42,42,42,42,42,42,42,43,43,43,43,43,43,43,43,43,43,43,44,44,,30,30,TRUE
1653YKBLACK-S,69,73,73,73,73,73,73,75,75,75,75,75,75,75,75,75,75,75,75,75,75,75,75,75,75,75,75,75,75,75,,30,30,TRUE
1653YKBLACK-XL,46,46,46,46,46,46,46,46,46,46,46,46,46,46,46,46,46,46,45,45,45,45,45,45,45,45,45,45,45,45,,30,30,TRUE
1653YKBLACK-XXL,47,47,47,47,47,45,45,45,45,45,45,45,45,45,45,45,45,45,42,42,42,42,43,43,43,43,43,43,43,43,,30,30,TRUE
1654YKBLACK-5XL,0,0,0,0,0,0,0,0,0,0,0,0,0,0,0,0,0,0,0,0,0,0,0,0,0,0,0,0,0,1,,1,0,FALSE
1654YKBLACK-L,5,5,5,5,5,5,5,5,5,5,3,3,3,3,3,3,3,3,3,3,3,3,3,3,3,3,3,3,3,4,,30,30,TRUE
1654YKBLACK-M,3,3,3,3,3,3,3,3,3,3,3,3,3,3,3,3,3,3,3,3,3,3,3,3,3,3,3,3,3,3,,30,30,TRUE
1654YKBLACK-S,4,4,6,6,6,6,6,6,6,6,6,6,6,6,6,6,6,6,6,6,6,6,6,8,8,8,8,8,8,10,,30,30,TRUE
1654YKBLACK-XL,2,2,2,2,2,2,2,2,2,2,2,2,2,2,2,2,2,2,2,2,2,2,2,2,2,2,2,2,2,2,,30,30,TRUE
1654YKBLACK-XS,0,0,0,0,0,0,0,0,0,0,0,0,0,0,0,0,0,0,0,0,0,0,0,0,0,0,0,0,0,0,,0,0,TRUE
1654YKBLACK-XXL,4,4,4,4,4,4,4,4,4,4,4,4,4,4,4,4,4,4,4,4,4,4,4,4,4,4,4,4,4,4,,30,30,TRUE
1655YKMULTI-L,6,6,6,6,5,5,5,5,5,5,5,5,5,6,6,6,6,6,6,6,6,6,6,6,6,6,6,6,6,6,,30,30,TRUE
1655YKMULTI-M,3,3,3,4,4,4,4,4,5,5,5,5,5,5,5,5,5,5,5,5,5,5,5,5,5,5,5,5,5,5,,30,30,TRUE
1655YKMULTI-S,3,3,3,3,3,3,3,3,3,3,3,3,3,3,3,3,3,3,3,3,3,3,3,3,3,3,3,3,4,4,,30,30,TRUE
1655YKMULTI-XL,2,2,2,2,2,2,2,2,2,2,2,2,2,2,2,2,2,2,2,2,2,2,2,2,2,2,2,2,2,2,,30,30,TRUE
1655YKMULTI-XXL,3,3,3,3,3,3,3,3,3,3,3,3,3,3,3,3,3,3,3,3,3,3,3,3,3,3,3,3,3,3,,30,30,TRUE
1656YKBLUE-4XL,0,0,0,0,0,0,0,0,0,0,0,0,0,0,0,0,0,0,0,0,0,0,0,0,0,0,0,0,0,0,,0,0,TRUE
1656YKBLUE-L,0,0,0,0,0,0,0,0,0,0,0,0,0,0,0,0,0,0,0,0,0,0,0,0,0,0,0,0,0,0,,0,0,TRUE
1656YKBLUE-M,0,0,0,0,0,0,0,0,0,0,0,0,0,0,0,0,0,0,0,0,0,0,0,0,0,0,0,0,0,0,,0,0,TRUE
1656YKBLUE-S,1,1,1,1,1,1,1,1,1,1,1,1,1,1,1,1,1,1,1,1,1,1,1,1,1,1,1,1,1,1,,30,30,TRUE
1656YKBLUE-XL,0,0,0,0,0,0,0,0,0,0,0,0,0,0,0,0,0,0,0,0,0,0,0,0,0,0,0,0,0,0,,0,0,TRUE
1656YKBLUE-XXL,1,1,1,1,1,1,1,1,1,1,1,1,0,0,0,0,0,0,0,0,0,0,0,0,0,0,0,0,0,1,,13,12,FALSE
1657YKMULTI-3XL,1,1,1,1,1,1,1,1,1,1,1,1,1,1,1,1,1,1,1,1,1,1,1,1,1,1,1,1,1,1,,30,30,TRUE
1657YKMULTI-L,48,48,48,48,48,48,48,48,48,48,47,48,48,47,47,47,47,47,44,44,44,44,44,44,44,44,47,48,48,48,,30,30,TRUE
1657YKMULTI-M,46,46,46,46,46,46,46,46,46,46,46,46,46,46,46,46,46,46,46,46,46,45,45,45,45,45,45,45,45,45,,30,30,TRUE
1657YKMULTI-S,53,53,53,53,53,53,53,53,53,53,53,54,54,54,54,54,54,55,55,55,55,51,51,51,51,51,51,51,52,54,,30,30,TRUE
1657YKMULTI-XL,51,51,51,51,51,51,51,51,51,51,50,51,51,51,51,51,51,51,51,51,51,51,51,51,51,51,55,55,55,56,,30,30,TRUE
1657YKMULTI-XXL,48,48,48,48,48,48,48,48,48,48,48,48,48,48,48,48,48,48,45,45,45,45,45,45,45,45,48,48,49,49,,30,30,TRUE
1658YKMULTI-L,47,47,47,48,48,48,48,48,48,48,39,48,48,48,48,48,48,48,47,47,47,47,47,47,47,47,47,47,47,47,,30,30,TRUE
1658YKMULTI-M,28,28,28,28,28,28,28,28,28,28,28,28,28,28,28,29,29,29,29,29,29,29,29,29,29,29,29,29,29,29,,30,30,TRUE
1658YKMULTI-S,49,49,49,49,49,49,49,49,49,49,48,49,49,49,49,49,49,49,49,49,49,49,53,49,49,49,49,49,49,49,,30,30,TRUE
1658YKMULTI-XL,60,60,60,60,59,59,59,59,59,59,56,56,56,56,56,56,56,56,56,55,50,55,55,55,55,55,56,56,56,56,,30,30,TRUE
1658YKMULTI-XXL,46,46,46,46,45,45,45,45,45,45,37,44,44,44,44,44,44,44,44,44,44,44,45,46,46,46,46,46,46,45,,30,30,TRUE
1659YKMULTI-L,3,3,3,3,3,3,3,3,3,3,3,3,3,3,3,3,3,3,3,3,3,3,3,3,3,3,3,3,3,3,,30,30,TRUE
1659YKMULTI-M,5,5,5,5,6,6,6,6,6,6,4,4,4,2,2,2,2,2,2,2,2,2,2,2,3,1,0,2,2,3,,29,29,TRUE
1659YKMULTI-S,4,4,8,8,8,8,8,8,8,7,7,7,7,7,7,7,7,7,6,6,6,6,6,6,6,6,6,6,6,6,,30,30,TRUE
1659YKMULTI-XL,1,1,1,2,2,2,2,2,2,2,2,2,2,2,2,2,2,2,2,2,2,2,3,4,4,4,4,5,5,8,,30,30,TRUE
1659YKMULTI-XXL,1,1,1,1,1,1,1,1,1,1,1,1,1,0,0,0,0,0,0,0,0,0,0,0,0,0,0,0,0,1,,14,14,TRUE
165YK251MUSTRAD-3XL,90,163,156,148,141,135,130,125,110,114,107,103,90,113,113,116,114,114,113,109,115,115,120,118,112,115,112,113,109,111,,30,30,TRUE
165YK251MUSTRAD-4XL,1,87,84,102,98,95,91,88,87,89,87,85,88,93,93,70,74,72,66,69,63,60,117,123,123,132,130,131,147,147,,30,30,TRUE
165YK251MUSTRAD-5XL,59,55,48,29,42,41,34,28,24,25,24,18,37,77,77,69,69,69,62,64,63,58,58,57,55,58,58,61,60,57,,30,30,TRUE
165YK251MUSTRAD-6XL,30,70,69,68,70,70,70,69,69,70,69,65,67,64,64,49,48,47,45,45,44,42,42,48,46,45,44,43,43,41,,30,30,TRUE
165YK251MUSTRAD-7XL,27,28,26,27,30,29,29,28,28,29,28,27,29,29,29,29,29,29,31,31,28,29,29,29,28,28,28,30,30,30,,30,30,TRUE
165YK251MUSTRAD-8XL,35,34,34,34,34,34,34,34,30,28,28,27,26,30,30,38,40,40,39,33,40,41,41,43,43,43,31,30,36,35,,30,30,TRUE
165YK251MUSTRAD-L,154,164,153,129,144,143,126,115,104,84,90,79,146,205,205,120,118,118,100,85,216,243,333,316,305,332,326,339,474,471,,30,30,TRUE
165YK251MUSTRAD-M,61,68,50,38,25,15,7,8,5,12,41,30,37,145,145,123,120,103,94,67,234,272,368,390,383,390,387,388,491,484,,30,30,TRUE
165YK251MUSTRAD-S,14,91,83,77,87,85,79,95,87,88,79,79,99,103,103,127,131,130,124,121,208,207,223,223,219,195,190,187,259,253,,30,30,TRUE
165YK251MUSTRAD-XL,117,170,152,109,116,93,76,65,97,95,84,80,110,147,147,54,46,33,23,9,250,203,348,386,376,376,365,368,400,390,,30,30,TRUE
165YK251MUSTRAD-XS,60,113,127,126,125,124,119,114,113,114,111,107,90,121,121,91,92,91,84,73,87,85,92,110,109,134,133,133,184,184,,30,30,TRUE
165YK251MUSTRAD-XXL,2,6,1,10,11,2,1,0,3,18,64,56,45,169,169,231,236,229,214,203,360,354,483,498,492,509,480,479,518,513,,29,29,TRUE
1660YKMULTI-L,21,21,21,21,21,21,21,21,21,21,21,21,21,21,21,21,21,21,21,21,21,21,21,21,21,21,21,21,21,21,,30,30,TRUE
1660YKMULTI-M,18,18,18,18,18,18,18,18,18,18,18,18,18,18,18,18,18,18,18,18,18,18,18,18,18,18,18,18,18,18,,30,30,TRUE
1660YKMULTI-S,20,20,20,20,20,20,20,20,20,20,20,20,20,20,20,20,20,20,20,20,20,20,20,20,20,20,21,21,21,21,,30,30,TRUE
1660YKMULTI-XL,13,13,15,15,15,15,15,15,15,15,15,15,15,15,15,15,15,15,15,15,15,15,15,15,15,15,15,15,15,15,,30,30,TRUE
1660YKMULTI-XXL,20,20,21,21,21,21,21,21,21,21,20,21,21,21,21,21,21,21,21,21,21,21,21,21,21,21,21,21,21,21,,30,30,TRUE
1661YKMULTI-L,7,7,7,7,7,7,5,5,5,5,5,5,5,5,5,4,4,4,4,4,4,4,4,4,4,4,4,4,4,4,,30,30,TRUE
1661YKMULTI-M,10,10,10,10,10,10,10,10,10,10,10,10,10,10,10,10,10,10,10,10,10,10,10,10,10,8,8,6,6,6,,30,30,TRUE
1661YKMULTI-S,18,18,18,19,19,19,19,19,19,19,19,19,19,19,19,19,19,19,19,19,19,19,19,18,18,18,18,18,18,18,,30,30,TRUE
1661YKMULTI-XL,4,4,4,4,4,4,4,4,4,4,4,4,4,4,4,4,4,4,4,4,4,4,5,5,5,5,5,5,5,5,,30,30,TRUE
1661YKMULTI-XXL,3,3,3,4,4,4,4,4,4,4,4,4,4,4,4,4,4,4,4,4,4,4,4,4,4,4,4,4,4,4,,30,30,TRUE
1662YKBLACK-3XL,3,5,4,4,4,3,2,3,1,2,1,1,1,1,1,2,2,2,1,1,1,1,1,1,2,1,1,2,2,2,,30,30,TRUE
1662YKBLACK-4XL,3,5,4,3,3,2,2,2,0,0,0,0,0,0,0,1,1,1,1,1,1,1,1,1,0,1,1,1,2,2,,22,23,FALSE
1662YKBLACK-5XL,1,2,1,2,1,1,1,0,0,0,0,0,0,0,0,0,0,0,0,0,0,0,0,0,0,0,0,0,0,0,,7,7,TRUE
1662YKBLACK-6XL,4,3,2,2,2,2,2,2,0,0,0,0,0,0,0,0,0,0,0,0,0,0,0,0,1,0,0,0,0,9,,10,8,FALSE
1662YKBLACK-7XL,1,1,1,2,2,2,1,1,0,0,0,0,0,0,0,0,0,0,0,0,0,0,0,0,0,0,0,0,0,1,,9,8,FALSE
1662YKBLACK-8XL,1,1,0,1,1,1,1,1,1,2,1,1,1,1,1,1,1,1,1,1,1,1,1,1,1,1,1,1,1,1,,29,29,TRUE
1662YKBLACK-L,5,6,6,7,7,7,6,6,6,6,6,6,6,6,6,6,6,6,6,6,6,6,7,7,7,7,7,7,7,3,,30,30,TRUE
1662YKBLACK-M,33,33,35,35,35,35,35,35,35,35,34,34,34,34,34,34,34,34,34,34,34,33,33,32,32,31,31,31,31,31,,30,30,TRUE
1662YKBLACK-S,15,15,15,15,15,15,15,15,15,15,15,16,16,16,16,16,16,16,16,16,16,16,16,15,15,15,15,15,15,16,,30,30,TRUE
1662YKBLACK-XL,5,6,6,6,6,5,3,4,0,0,0,0,0,0,0,0,0,0,0,0,0,0,0,2,5,0,0,0,0,0,,10,9,FALSE
1662YKBLACK-XS,9,9,9,9,9,9,9,9,9,8,7,7,7,7,7,7,7,7,7,6,6,6,6,6,6,6,6,6,6,6,,30,30,TRUE
1662YKBLACK-XXL,3,5,4,4,4,4,3,3,1,1,1,1,1,1,1,1,1,1,1,1,1,1,1,1,1,1,1,1,1,1,,30,30,TRUE
1663YKMAROON-L,54,55,54,54,54,54,54,54,54,54,51,54,54,55,55,55,55,55,55,55,54,54,55,55,55,55,55,55,55,55,,30,30,TRUE
1663YKMAROON-M,50,50,50,50,50,50,50,50,51,51,51,51,51,51,51,51,52,52,52,52,52,51,52,51,50,51,51,51,51,51,,30,30,TRUE
1663YKMAROON-S,48,48,48,49,49,49,49,52,52,52,52,52,52,52,52,52,52,53,53,53,53,52,52,52,52,52,52,52,52,53,,30,30,TRUE
1663YKMAROON-XL,52,52,56,56,56,56,56,56,56,55,54,55,55,55,55,55,55,55,55,55,55,55,55,55,55,55,55,54,54,55,,30,30,TRUE
1663YKMAROON-XXL,49,49,49,49,49,49,49,49,49,49,48,48,48,48,48,48,48,48,48,48,48,48,49,49,49,49,53,53,55,55,,30,30,TRUE
1664YKPINK-L,15,15,15,14,14,14,14,14,14,14,14,14,14,15,15,15,15,15,15,15,14,14,15,15,15,15,14,15,16,16,,30,30,TRUE
1664YKPINK-M,16,16,16,16,16,16,16,16,16,16,8,16,16,16,16,16,16,16,16,16,16,16,16,16,16,16,16,16,16,16,,30,30,TRUE
1664YKPINK-S,21,21,21,21,21,21,21,21,21,21,21,21,21,21,21,21,21,21,20,20,20,20,20,20,20,20,20,20,20,20,,30,30,TRUE
1664YKPINK-XL,26,26,26,26,26,26,26,26,26,26,26,26,26,26,26,26,26,26,26,26,26,26,26,26,26,26,26,26,26,26,,30,30,TRUE
1664YKPINK-XXL,18,18,18,17,17,17,17,17,17,17,17,17,17,17,17,17,17,17,17,17,17,17,17,17,17,17,17,17,17,17,,30,30,TRUE
1665YKMULTI-L,6,6,6,6,6,6,6,6,6,6,6,6,6,6,6,6,6,6,6,6,6,6,8,8,8,8,8,8,8,9,,30,30,TRUE
1665YKMULTI-M,13,13,13,13,13,13,13,13,13,13,11,11,11,11,11,11,6,6,6,6,6,6,6,6,6,6,11,11,11,11,,30,30,TRUE
1665YKMULTI-S,18,18,18,18,18,18,18,18,18,18,12,18,18,18,18,18,18,18,18,18,18,18,18,18,18,18,18,19,19,19,,30,30,TRUE
1665YKMULTI-XL,27,27,27,27,27,27,27,27,27,27,27,27,27,27,27,27,27,27,27,27,27,27,27,27,27,27,27,27,27,27,,30,30,TRUE
1665YKMULTI-XXL,21,21,21,21,21,21,21,21,21,21,21,21,22,22,22,22,22,22,22,22,22,20,20,20,20,20,20,20,20,20,,30,30,TRUE
1666YKMULTI-L,65,65,65,65,65,65,65,65,65,65,62,65,65,65,65,65,65,65,65,65,65,65,65,65,65,65,66,66,66,66,,30,30,TRUE
1666YKMULTI-M,69,69,70,70,70,70,70,70,70,70,66,70,70,70,70,70,66,66,64,64,64,64,64,64,64,64,69,69,69,69,,30,30,TRUE
1666YKMULTI-S,76,76,76,76,76,76,76,76,76,76,65,77,77,77,77,77,76,76,75,75,75,75,75,75,75,75,75,75,75,75,,30,30,TRUE
1666YKMULTI-XL,66,66,66,66,66,66,66,66,66,66,66,66,66,66,66,66,66,66,66,66,66,66,66,66,66,66,68,68,68,68,,30,30,TRUE
1666YKMULTI-XXL,66,66,66,66,66,64,64,64,64,64,64,64,64,64,64,64,64,64,64,64,64,65,65,65,65,65,65,65,66,66,,30,30,TRUE
1667YKMULTI-L,50,50,50,50,50,50,50,50,50,50,50,50,50,50,50,50,50,50,50,50,50,50,50,50,50,50,50,50,51,51,,30,30,TRUE
1667YKMULTI-M,50,50,54,54,54,54,54,54,54,52,52,52,52,52,52,52,52,52,52,52,52,52,52,52,52,53,53,53,53,53,,30,30,TRUE
1667YKMULTI-S,52,52,52,52,52,52,52,52,52,52,52,52,52,52,52,52,52,53,53,53,53,53,57,51,51,51,51,51,53,55,,30,30,TRUE
1667YKMULTI-XL,47,47,51,52,52,52,52,52,52,52,47,52,52,52,52,52,52,52,52,52,52,51,52,52,52,52,52,52,52,52,,30,30,TRUE
1667YKMULTI-XXL,49,49,49,49,49,49,49,49,49,49,49,49,49,49,49,49,49,49,49,49,49,49,50,50,50,50,55,55,55,55,,30,30,TRUE
1668YKBLUE-L,0,0,0,0,0,0,0,0,0,0,0,0,0,0,0,0,0,0,0,0,0,0,0,0,0,0,0,0,0,0,,0,0,TRUE
1668YKBLUE-M,0,0,0,0,0,0,0,0,0,0,0,0,0,0,0,0,0,0,0,0,0,0,0,0,0,0,0,0,0,0,,0,0,TRUE
1668YKBLUE-S,0,0,0,0,0,0,0,0,0,0,0,0,0,0,0,0,0,0,0,0,0,0,0,0,0,0,0,0,0,0,,0,0,TRUE
1668YKBLUE-XL,0,0,0,0,0,0,0,0,0,0,0,0,0,0,0,0,0,0,0,0,0,0,0,0,0,0,0,0,0,0,,0,0,TRUE
1668YKBLUE-XXL,0,0,0,0,0,0,0,0,0,0,0,0,0,0,0,0,0,0,0,0,0,0,0,0,0,0,0,0,0,0,,0,0,TRUE
1669YKMULTI-L,4,4,4,4,4,4,3,3,3,3,3,3,2,2,2,2,2,2,2,2,2,2,2,2,2,2,2,2,2,1,,30,30,TRUE
1669YKMULTI-M,3,3,3,3,3,3,3,3,3,3,2,1,2,2,2,2,2,2,2,2,2,2,2,2,2,2,2,2,2,2,,30,30,TRUE
1669YKMULTI-S,3,3,3,3,3,3,3,3,3,3,1,1,1,1,1,1,1,1,1,1,1,1,1,1,1,1,1,5,5,5,,30,30,TRUE
1669YKMULTI-XL,1,1,1,1,1,1,1,1,1,1,1,1,1,1,1,1,1,1,1,1,1,1,1,1,1,1,1,4,4,5,,30,30,TRUE
1669YKMULTI-XXL,0,0,0,0,0,0,0,0,0,0,0,0,0,0,0,0,0,0,0,0,0,0,0,0,0,0,0,0,0,0,,0,0,TRUE
166YK251BLUE-3XL,27,27,23,22,25,20,20,19,19,29,27,28,29,28,28,16,16,16,14,14,14,14,14,3,17,9,9,9,10,10,,30,30,TRUE
166YK251BLUE-4XL,14,16,16,16,15,15,14,14,12,12,11,10,9,8,8,8,8,8,7,7,15,15,15,15,15,13,13,13,13,13,,30,30,TRUE
166YK251BLUE-5XL,100,103,101,101,100,99,98,97,98,98,98,97,97,97,97,69,69,69,69,69,69,68,68,69,68,66,66,66,65,64,,30,30,TRUE
166YK251BLUE-L,90,91,91,93,93,93,90,89,91,91,91,90,93,91,91,49,49,49,44,42,35,38,38,38,38,38,38,39,38,36,,30,30,TRUE
166YK251BLUE-M,71,77,76,75,75,74,73,76,76,77,77,79,79,79,79,38,38,38,33,32,32,32,32,33,28,29,29,29,29,29,,30,30,TRUE
166YK251BLUE-S,156,159,156,156,155,154,154,154,155,156,156,155,154,154,154,119,119,119,119,119,119,119,119,119,119,119,119,119,120,119,,30,30,TRUE
166YK251BLUE-XL,86,96,95,92,90,89,88,88,93,94,93,92,95,94,94,65,68,67,62,62,62,61,63,65,65,64,64,64,64,62,,30,30,TRUE
166YK251BLUE-XS,46,44,38,43,41,41,41,41,45,45,45,45,47,46,46,25,26,26,26,24,24,24,24,27,27,26,26,24,25,25,,30,30,TRUE
166YK251BLUE-XXL,70,79,77,72,70,70,69,67,67,69,69,71,73,72,72,50,52,50,51,49,49,49,49,48,46,48,48,49,48,48,,30,30,TRUE
1670YKMULTI-L,2,2,2,2,2,2,2,2,2,2,2,2,2,2,2,2,2,2,2,2,2,2,2,3,3,3,3,3,3,3,,30,30,TRUE
1670YKMULTI-M,4,4,4,4,4,4,4,4,4,4,4,4,4,4,4,4,4,4,4,4,4,4,4,4,4,4,4,4,4,4,,30,30,TRUE
1670YKMULTI-S,6,6,6,6,6,6,6,6,6,6,6,6,6,6,6,6,6,6,6,6,6,6,6,6,6,6,6,6,6,6,,30,30,TRUE
1670YKMULTI-XL,2,2,1,1,1,1,1,1,1,1,1,1,1,1,1,1,1,1,1,1,1,1,1,1,1,1,1,1,1,1,,30,30,TRUE
1670YKMULTI-XS,1,1,1,1,1,1,1,1,1,1,1,1,1,1,1,1,1,1,1,1,1,0,0,0,0,0,0,0,0,0,,21,21,TRUE
1670YKMULTI-XXL,9,9,9,9,9,9,9,9,9,9,9,9,9,9,9,8,8,8,8,8,8,8,8,8,8,8,8,8,8,8,,30,30,TRUE
1671YKMULTI-L,2,2,2,2,2,2,2,2,2,2,2,2,2,2,2,2,2,2,2,2,2,2,2,2,2,2,2,2,2,3,,30,30,TRUE
1671YKMULTI-M,6,6,6,6,6,6,6,6,6,6,6,6,6,6,6,6,6,6,6,6,6,6,6,6,6,6,6,6,7,7,,30,30,TRUE
1671YKMULTI-S,7,7,7,7,7,7,7,7,7,7,7,7,7,7,7,7,7,7,4,4,4,4,4,4,4,4,4,4,4,4,,30,30,TRUE
1671YKMULTI-XL,0,0,0,0,0,0,0,0,0,0,0,0,0,0,0,0,0,0,0,0,0,0,0,0,0,0,0,0,0,0,,0,0,TRUE
1671YKMULTI-XXL,0,0,0,0,0,0,0,0,0,0,0,0,0,0,0,0,0,0,0,0,0,0,0,0,0,0,0,0,0,0,,0,0,TRUE
1672YKBLACK-L,37,37,39,39,39,39,39,39,39,39,39,39,39,39,39,39,39,39,39,39,39,39,39,39,39,39,39,39,39,39,,30,30,TRUE
1672YKBLACK-M,36,36,38,38,38,38,38,38,38,38,38,38,38,38,38,38,38,38,38,38,38,38,38,38,38,38,38,38,38,38,,30,30,TRUE
1672YKBLACK-S,27,27,27,27,27,27,27,27,27,27,27,27,27,27,27,27,27,27,27,27,27,27,27,27,27,27,27,27,27,27,,30,30,TRUE
1672YKBLACK-XL,37,37,37,37,36,36,36,36,36,36,36,36,36,36,36,36,36,36,36,36,36,36,36,36,36,36,36,36,36,36,,30,30,TRUE
1672YKBLACK-XXL,35,35,37,37,37,37,37,37,37,37,37,37,37,36,36,36,36,36,36,36,36,36,36,36,36,36,36,36,37,37,,30,30,TRUE
1673YKMAROON-L,14,14,14,14,14,14,14,14,14,14,14,14,14,14,14,14,14,14,14,14,14,14,14,14,14,14,14,14,14,14,,30,30,TRUE
1673YKMAROON-M,7,7,7,7,7,7,7,7,7,7,7,7,7,7,7,7,7,7,7,7,7,7,7,7,7,7,7,9,9,9,,30,30,TRUE
1673YKMAROON-S,9,9,9,9,9,9,9,9,9,9,9,9,9,9,9,9,9,9,9,9,9,9,9,9,9,9,9,12,12,13,,30,30,TRUE
1673YKMAROON-XL,15,15,15,15,15,15,15,15,15,15,10,14,14,14,14,14,14,14,14,14,14,14,14,14,14,14,14,14,14,14,,30,30,TRUE
1673YKMAROON-XXL,15,15,15,15,15,15,15,15,15,15,15,15,13,10,10,10,10,10,10,10,10,10,10,10,10,8,13,13,13,13,,30,30,TRUE
1674YKMULTI-L,14,14,14,14,14,14,14,14,14,14,14,14,14,14,14,14,14,14,11,11,11,11,11,11,11,11,11,11,11,12,,30,30,TRUE
1674YKMULTI-M,25,25,25,25,25,25,25,25,25,25,18,25,25,25,25,25,25,25,25,25,25,24,24,24,24,24,24,24,24,24,,30,30,TRUE
1674YKMULTI-S,8,8,8,8,8,8,8,8,8,8,7,8,8,8,8,8,8,8,8,8,8,8,8,9,9,9,9,10,10,12,,30,30,TRUE
1674YKMULTI-XL,5,5,5,4,4,4,4,4,4,4,4,4,4,4,4,4,4,4,4,4,4,4,4,4,4,4,4,5,5,5,,30,30,TRUE
1674YKMULTI-XXL,9,9,9,9,9,9,9,9,9,9,9,9,9,9,9,9,9,9,9,9,9,9,9,9,9,9,9,9,9,9,,30,30,TRUE
1675YKBLUE-3XL,10,10,10,10,10,10,10,10,4,4,4,4,4,4,4,4,4,4,4,4,4,4,4,4,7,3,3,3,3,3,,30,30,TRUE
1675YKBLUE-4XL,9,9,9,9,10,11,11,11,12,12,12,12,12,12,12,11,11,11,11,10,10,10,10,10,10,10,6,6,6,8,,30,30,TRUE
1675YKBLUE-5XL,6,6,6,8,7,7,7,7,4,4,4,4,5,4,4,3,3,3,3,3,3,3,3,3,3,3,3,3,3,5,,30,30,TRUE
1675YKBLUE-6XL,4,4,7,5,5,4,1,1,1,1,1,1,1,1,1,1,1,1,1,2,2,1,2,2,2,2,2,2,2,2,,30,30,TRUE
1675YKBLUE-7XL,6,6,8,9,10,9,9,9,7,6,6,6,6,6,6,6,6,6,5,5,5,5,5,5,5,5,4,4,4,4,,30,30,TRUE
1675YKBLUE-8XL,14,14,17,17,17,17,17,17,16,16,16,16,16,16,16,16,16,16,16,16,16,16,16,16,16,16,16,16,16,16,,30,30,TRUE
1675YKBLUE-L,10,10,10,9,9,9,9,9,10,11,11,11,11,10,10,10,10,10,10,10,10,10,10,10,10,10,10,10,10,10,,30,30,TRUE
1675YKBLUE-M,24,24,23,23,24,23,23,23,23,25,25,25,25,25,25,24,24,24,24,24,23,23,23,23,23,23,23,23,23,23,,30,30,TRUE
1675YKBLUE-S,13,13,13,13,13,13,13,13,11,11,11,11,11,11,11,11,11,11,11,11,11,11,11,10,10,10,10,10,10,10,,30,30,TRUE
1675YKBLUE-XL,9,8,9,9,9,9,9,9,9,10,10,10,10,10,10,9,9,9,9,9,9,6,6,5,7,5,4,5,5,5,,30,30,TRUE
1675YKBLUE-XS,8,8,10,10,10,10,10,11,11,10,10,10,10,10,10,10,10,10,8,8,8,8,8,8,7,7,7,7,7,7,,30,30,TRUE
1675YKBLUE-XXL,8,8,6,4,6,5,5,5,4,4,4,3,3,3,3,3,3,3,3,3,3,3,3,4,5,4,4,4,5,5,,30,30,TRUE
1676YKRED-3XL,57,58,58,57,57,57,57,57,52,52,52,52,52,51,51,50,50,50,49,45,45,40,42,41,41,41,41,41,40,40,,30,30,TRUE
1676YKRED-4XL,25,25,25,25,25,23,23,23,22,22,21,21,21,21,21,23,23,23,22,22,22,22,22,22,22,18,18,18,18,18,,30,30,TRUE
1676YKRED-5XL,17,16,16,16,17,15,15,14,14,13,13,12,13,13,13,13,13,13,13,12,12,11,11,11,11,9,9,9,10,10,,30,30,TRUE
1676YKRED-6XL,10,10,10,12,12,12,12,12,12,12,12,12,12,12,12,10,10,10,10,10,10,10,10,10,9,10,10,10,10,10,,30,30,TRUE
1676YKRED-7XL,20,20,19,14,19,19,19,20,20,18,18,18,18,18,18,17,17,17,17,17,17,17,17,17,17,17,17,17,17,17,,30,30,TRUE
1676YKRED-8XL,17,17,17,17,18,17,17,17,17,17,17,17,17,17,17,17,17,17,17,17,17,17,17,17,17,17,17,17,17,17,,30,30,TRUE
1676YKRED-L,35,35,35,35,35,35,35,35,35,35,35,35,35,35,35,35,35,35,35,35,35,35,35,35,35,35,35,35,35,35,,30,30,TRUE
1676YKRED-M,68,68,68,68,68,68,68,68,68,68,68,68,68,68,68,68,68,68,68,68,68,68,68,68,68,68,68,68,68,68,,30,30,TRUE
1676YKRED-S,41,41,41,41,41,41,41,41,39,39,38,38,38,38,38,38,38,38,38,38,38,38,38,38,38,38,38,38,38,38,,30,30,TRUE
1676YKRED-XL,15,15,15,17,17,16,16,15,10,10,10,10,11,11,11,12,12,12,12,12,11,9,9,11,16,10,10,10,10,10,,30,30,TRUE
1676YKRED-XXL,31,31,31,31,31,31,30,30,30,30,30,30,30,30,30,30,30,30,30,30,29,29,29,29,29,28,28,29,29,29,,30,30,TRUE
1677YKORANGE-L,9,9,9,10,10,10,8,8,6,6,6,6,6,6,6,6,6,6,6,6,5,5,5,5,5,5,5,5,5,5,,30,30,TRUE
1677YKORANGE-M,2,2,2,2,2,2,2,2,2,2,2,2,2,2,2,2,2,2,2,2,2,1,1,1,1,1,1,1,3,3,,30,30,TRUE
1677YKORANGE-S,12,16,16,16,15,13,13,14,14,14,14,14,14,14,14,12,12,12,12,12,12,12,12,12,12,12,12,12,12,12,,30,30,TRUE
1677YKORANGE-XL,1,1,1,1,1,1,1,1,1,1,1,1,1,1,1,1,1,1,1,1,1,1,2,2,1,1,1,1,1,1,,30,30,TRUE
1677YKORANGE-XXL,1,1,1,1,1,1,1,1,1,1,1,1,1,1,1,1,1,1,1,1,1,1,1,1,1,1,1,1,1,1,,30,30,TRUE
1678YKWINE-F,11,11,11,11,11,11,11,11,11,11,11,11,11,11,11,11,11,11,11,11,11,11,11,11,11,11,11,11,11,11,,30,30,TRUE
1679YKGREEN-F,12,12,12,12,12,12,12,12,12,12,12,12,12,12,12,12,12,12,12,12,12,12,12,12,12,12,12,12,12,12,,30,30,TRUE
167YK251BLACK-3XL,88,92,94,91,89,96,96,95,93,91,92,91,92,91,91,76,79,76,75,74,72,71,71,71,71,68,67,67,67,66,,30,30,TRUE
167YK251BLACK-4XL,31,31,26,27,24,23,20,20,19,19,17,17,18,18,18,19,19,19,18,20,20,18,18,19,18,17,17,17,19,18,,30,30,TRUE
167YK251BLACK-5XL,99,122,125,136,135,140,139,140,140,141,137,136,134,137,137,116,118,118,117,116,116,115,115,132,132,132,132,132,134,133,,30,30,TRUE
167YK251BLACK-6XL,54,58,57,66,67,64,64,63,67,71,71,71,71,69,69,69,69,69,69,69,68,68,68,71,71,71,71,70,70,69,,30,30,TRUE
167YK251BLACK-7XL,33,35,35,40,40,40,40,40,38,38,38,38,37,37,37,37,38,37,37,37,37,36,36,35,35,35,35,34,34,34,,30,30,TRUE
167YK251BLACK-8XL,19,21,21,23,25,23,23,23,22,21,21,21,21,21,21,21,21,21,21,21,21,20,20,18,18,18,18,18,19,19,,30,30,TRUE
167YK251BLACK-L,291,319,313,302,314,323,323,321,322,322,318,312,290,312,312,249,255,249,246,245,243,241,241,242,237,243,242,244,245,247,,30,30,TRUE
167YK251BLACK-M,264,267,261,236,249,245,241,235,235,233,230,227,206,225,225,168,166,166,164,162,160,155,155,160,158,160,159,159,162,159,,30,30,TRUE
167YK251BLACK-S,60,63,62,62,63,62,62,67,63,63,62,58,54,54,54,32,32,32,30,30,29,27,27,28,27,32,32,31,31,31,,30,30,TRUE
167YK251BLACK-XL,259,290,277,276,268,293,300,296,292,308,306,303,301,310,310,259,260,259,255,254,251,249,249,261,261,263,261,260,260,260,,30,30,TRUE
167YK251BLACK-XS,55,66,75,83,83,82,82,85,83,84,83,83,85,85,85,59,59,59,57,55,51,46,52,51,50,51,51,50,50,50,,30,30,TRUE
167YK251BLACK-XXL,148,154,150,151,150,149,148,145,145,147,147,145,145,144,144,103,103,103,102,101,101,99,99,99,96,85,85,94,93,92,,30,30,TRUE
1680YKBLUE-F,9,9,9,9,9,9,9,9,9,9,9,9,9,9,9,9,9,9,9,9,9,9,9,9,9,9,9,9,9,9,,30,30,TRUE
1681YKBLACK-F,11,11,11,11,11,11,11,11,11,11,11,11,11,11,11,11,11,11,11,11,11,11,11,11,11,11,11,11,11,11,,30,30,TRUE
1682YKMULTI-L,10,10,11,11,11,11,11,11,11,11,11,10,11,11,11,11,11,11,11,11,11,10,10,10,15,10,10,10,10,10,,30,30,TRUE
1682YKMULTI-M,3,3,3,3,3,3,3,3,2,2,2,2,3,3,3,3,3,3,1,1,1,1,1,1,5,1,1,1,1,1,,30,30,TRUE
1682YKMULTI-S,1,1,1,1,2,2,2,2,2,2,2,2,1,1,1,0,0,0,0,0,0,0,1,2,2,2,2,2,3,3,,23,23,TRUE
1682YKMULTI-XL,5,5,5,5,5,3,3,3,3,4,4,4,6,6,6,6,6,6,6,6,6,6,7,7,7,8,8,8,8,8,,30,30,TRUE
1683YKBLUE-3XL,6,8,7,8,7,6,6,5,5,5,5,5,5,5,5,51,49,49,20,20,18,18,45,48,46,30,30,31,23,23,,30,30,TRUE
1683YKBLUE-4XL,17,18,18,17,17,14,14,15,14,13,13,13,13,13,13,74,74,74,62,62,52,51,86,85,85,85,85,85,74,73,,30,30,TRUE
1683YKBLUE-5XL,76,86,85,80,85,84,83,83,82,82,80,80,78,79,79,79,78,78,58,58,58,58,58,56,55,45,41,41,44,44,,30,30,TRUE
1683YKBLUE-6XL,10,11,12,12,11,11,9,9,9,9,8,8,7,7,7,2,2,2,1,0,0,0,0,0,3,0,0,0,0,0,,20,19,FALSE
1683YKBLUE-7XL,11,12,12,12,12,10,10,10,10,9,9,9,9,9,9,4,4,4,4,4,4,3,3,2,2,1,1,1,2,2,,30,30,TRUE
1683YKBLUE-8XL,8,9,9,9,8,5,5,5,4,4,4,4,3,2,2,2,2,2,1,1,0,0,0,0,0,0,0,0,1,1,,22,22,TRUE
1683YKBLUE-L,18,20,20,21,21,19,16,16,17,17,17,17,17,16,16,21,21,21,13,13,12,12,47,47,47,27,27,33,33,33,,30,30,TRUE
1683YKBLUE-M,14,14,14,14,14,14,13,13,10,10,8,8,3,8,8,82,82,82,71,71,70,70,81,77,77,64,64,65,64,63,,30,30,TRUE
1683YKBLUE-S,40,40,40,40,39,39,38,38,36,36,34,34,29,34,34,34,34,34,28,28,28,28,28,28,27,16,16,16,16,16,,30,30,TRUE
1683YKBLUE-XL,45,48,46,47,47,46,46,46,47,49,49,49,48,48,48,67,67,67,57,57,37,36,45,44,43,34,34,34,35,35,,30,30,TRUE
1683YKBLUE-XXL,16,18,13,19,19,12,12,12,11,10,10,10,10,10,10,91,91,91,75,75,65,65,103,103,102,82,79,79,82,82,,30,30,TRUE
1684YKMULTI-L,7,6,6,6,6,6,6,6,6,6,4,6,6,6,6,6,6,6,6,6,6,6,6,6,6,6,6,6,6,10,,30,30,TRUE
1684YKMULTI-M,7,7,7,7,7,7,7,7,7,6,5,6,6,6,6,6,6,6,6,6,6,6,6,6,6,6,6,6,6,6,,30,30,TRUE
1684YKMULTI-S,3,3,3,3,3,3,3,3,3,3,2,2,2,2,2,2,2,2,2,2,2,2,2,2,2,2,2,6,7,9,,30,30,TRUE
1684YKMULTI-XL,0,0,0,0,0,0,0,0,0,0,0,0,0,0,0,0,0,0,0,0,0,0,0,0,0,0,0,0,2,2,,2,2,TRUE
1685YKPURPLE-3XL,13,13,11,14,14,14,14,14,15,15,15,16,20,19,19,18,18,18,17,17,13,13,42,42,42,42,42,42,37,37,,30,30,TRUE
1685YKPURPLE-4XL,15,17,17,20,19,18,18,17,17,16,16,16,22,22,22,22,23,23,22,22,22,20,54,56,56,56,56,57,53,53,,30,30,TRUE
1685YKPURPLE-5XL,16,16,15,16,17,13,13,13,11,11,10,10,12,12,12,11,11,11,11,11,11,11,34,35,35,35,35,34,29,29,,30,30,TRUE
1685YKPURPLE-L,15,19,13,19,19,19,19,19,21,26,26,27,28,28,28,28,28,28,29,29,27,26,27,30,30,29,30,28,29,29,,30,30,TRUE
1685YKPURPLE-M,56,56,56,58,58,58,58,59,59,60,60,60,60,60,60,62,62,62,61,61,60,60,60,62,62,62,63,63,63,63,,30,30,TRUE
1685YKPURPLE-S,40,40,40,42,43,41,39,39,39,39,37,38,38,38,38,37,37,37,38,38,38,35,35,34,34,34,35,35,35,36,,30,30,TRUE
1685YKPURPLE-XL,29,28,28,32,32,32,32,32,31,31,31,31,34,34,34,35,35,35,35,34,34,33,65,66,66,68,68,69,69,69,,30,30,TRUE
1685YKPURPLE-XXL,24,25,25,28,28,26,25,25,26,26,25,26,26,26,26,21,21,21,21,21,21,20,20,23,22,23,23,22,17,19,,30,30,TRUE
1686YKWHITE-L,13,13,13,13,13,13,13,13,13,13,13,13,13,13,13,13,13,13,13,13,13,13,13,13,13,13,13,13,13,14,,30,30,TRUE
1686YKWHITE-M,6,6,6,5,5,5,5,5,5,5,5,5,5,5,5,5,5,5,4,4,4,4,4,4,4,4,4,4,4,4,,30,30,TRUE
1686YKWHITE-S,11,11,11,11,11,11,11,11,11,11,10,11,11,11,11,11,11,11,11,11,11,11,11,11,11,11,11,11,11,11,,30,30,TRUE
1686YKWHITE-XL,8,8,8,8,8,8,8,8,8,8,8,8,8,8,8,8,8,8,8,8,8,8,8,8,8,8,8,9,9,9,,30,30,TRUE
1687YKPINK-3XL,2,3,3,2,2,2,2,1,1,0,0,0,0,0,0,0,1,1,1,1,1,0,0,0,0,0,0,2,2,2,,17,17,TRUE
1687YKPINK-4XL,5,6,6,5,4,4,4,5,4,4,4,4,4,4,4,4,4,4,4,4,4,4,4,2,2,3,3,4,4,3,,30,30,TRUE
1687YKPINK-5XL,1,0,0,0,0,0,0,0,0,0,0,0,1,1,1,1,1,1,0,0,0,0,0,0,0,0,0,0,1,1,,9,8,FALSE
1687YKPINK-L,3,3,3,3,3,3,3,3,3,3,3,3,4,2,2,2,2,2,2,2,2,1,1,1,1,1,1,1,1,1,,30,30,TRUE
1687YKPINK-M,10,10,10,10,10,10,10,10,10,9,9,9,8,8,8,8,8,8,8,8,8,8,8,7,7,4,4,5,5,5,,30,30,TRUE
1687YKPINK-S,25,25,27,26,26,26,26,26,26,26,25,26,26,26,26,26,26,26,20,20,20,20,20,20,20,20,21,21,21,21,,30,30,TRUE
1687YKPINK-XL,3,5,5,5,5,4,3,3,0,0,0,0,0,0,0,0,0,0,1,1,1,1,1,0,0,0,0,0,0,3,,14,12,FALSE
1687YKPINK-XXL,4,5,5,5,5,5,3,3,2,2,2,2,2,2,2,2,2,2,2,2,2,2,2,1,2,1,5,5,5,5,,30,30,TRUE
1688YKMUSTARD-3XL,27,27,27,27,27,27,27,26,26,26,23,26,26,25,25,25,24,24,22,22,22,22,22,20,20,18,18,18,18,18,,30,30,TRUE
1688YKMUSTARD-4XL,11,10,14,14,14,14,13,12,11,11,11,10,11,10,10,10,10,10,7,7,7,7,7,7,7,6,6,6,7,7,,30,30,TRUE
1688YKMUSTARD-5XL,20,20,20,19,19,16,16,16,16,16,14,14,13,13,13,13,13,12,12,7,12,12,12,12,12,10,9,9,10,10,,30,30,TRUE
1688YKMUSTARD-L,6,6,6,6,6,6,4,4,3,3,2,2,2,2,2,2,2,2,2,2,2,2,2,2,4,2,2,2,2,2,,30,30,TRUE
1688YKMUSTARD-M,18,18,18,18,18,18,18,18,18,18,18,18,18,18,18,18,18,18,18,18,18,18,18,18,18,18,20,20,21,21,,30,30,TRUE
1688YKMUSTARD-S,21,21,25,25,25,25,25,25,25,25,25,25,25,25,25,25,25,25,25,25,25,25,25,25,25,25,25,25,25,25,,30,30,TRUE
1688YKMUSTARD-XL,7,7,7,6,6,6,4,4,2,2,2,2,2,2,2,2,2,2,2,2,2,2,3,3,3,3,3,2,2,2,,30,30,TRUE
1688YKMUSTARD-XXL,33,33,35,34,34,34,34,35,35,34,29,34,34,34,34,34,34,34,34,34,34,34,34,34,34,34,34,34,35,34,,30,30,TRUE
1689YKPINK-3XL,0,0,0,0,0,0,0,0,0,0,0,0,0,0,0,0,0,0,0,0,0,0,0,0,0,0,0,0,0,0,,0,0,TRUE
1689YKPINK-4XL,0,0,0,0,0,0,0,0,0,0,0,0,0,0,0,0,0,0,0,0,0,0,0,0,0,0,0,0,0,0,,0,0,TRUE
1689YKPINK-L,1,1,1,1,1,1,1,1,1,1,1,1,1,1,1,1,1,1,1,1,1,1,1,1,1,1,1,1,1,1,,30,30,TRUE
1689YKPINK-M,0,0,0,0,0,0,0,0,0,0,0,0,0,0,0,0,0,0,0,0,0,0,0,0,0,0,0,0,0,0,,0,0,TRUE
1689YKPINK-XL,0,0,0,0,0,0,0,0,0,0,0,0,0,0,0,0,0,0,0,0,0,0,0,0,0,0,0,0,0,0,,0,0,TRUE
1689YKPINK-XXL,0,0,0,0,0,0,0,0,0,0,0,0,0,0,0,0,0,0,0,0,0,0,0,0,0,0,0,0,0,0,,0,0,TRUE
168YK148BGDY-M,0,0,0,0,0,0,0,0,0,0,0,0,0,0,0,0,0,0,0,0,0,0,0,0,0,0,0,0,0,0,,0,0,TRUE
168YK148BGDY-S,3,3,3,3,3,3,3,3,3,3,3,3,4,4,4,4,4,4,4,4,4,4,4,4,4,4,4,4,4,4,,30,30,TRUE
1690YKOFFWHITE-L,0,0,0,0,0,0,0,0,0,0,0,0,0,0,0,0,0,0,0,0,0,0,0,0,0,0,0,0,0,0,,0,0,TRUE
1690YKOFFWHITE-M,0,0,0,0,0,0,0,0,0,0,0,0,0,0,0,0,0,0,0,0,0,0,0,0,0,0,0,0,0,0,,0,0,TRUE
1690YKOFFWHITE-XL,0,0,0,0,0,0,0,0,0,0,0,0,0,0,0,0,0,0,0,0,0,0,0,0,0,0,0,0,0,0,,0,0,TRUE
1690YKOFFWHITE-XXL,0,0,0,0,0,0,0,0,0,0,0,0,0,0,0,0,0,0,0,0,0,0,0,0,0,0,0,0,0,0,,0,0,TRUE
1691YKBLUE-3XL,45,45,45,45,45,45,45,45,45,45,45,45,45,45,45,45,45,45,45,45,45,45,45,45,45,46,46,46,46,45,,30,30,TRUE
1691YKBLUE-4XL,52,52,56,57,57,56,56,56,56,56,56,56,56,56,56,56,56,56,56,56,56,56,56,56,56,56,56,56,56,56,,30,30,TRUE
1691YKBLUE-5XL,53,53,53,53,53,53,53,53,52,52,52,52,52,52,52,52,52,52,52,52,52,52,54,54,54,54,54,54,54,54,,30,30,TRUE
1691YKBLUE-6XL,31,31,30,30,30,30,30,30,30,30,30,30,30,30,30,30,30,30,30,30,30,30,31,31,31,31,31,31,31,31,,30,30,TRUE
1691YKBLUE-7XL,28,28,28,28,28,28,28,28,28,28,28,28,28,28,28,27,27,27,27,27,27,27,27,27,27,27,27,27,27,27,,30,30,TRUE
1691YKBLUE-8XL,29,29,29,29,29,29,29,29,29,29,29,29,29,29,29,29,29,29,29,29,29,29,29,29,29,29,29,29,29,29,,30,30,TRUE
1691YKBLUE-L,54,54,54,54,54,54,54,54,54,54,54,54,54,54,54,54,54,54,54,54,54,54,54,54,54,54,53,53,53,53,,30,30,TRUE
1691YKBLUE-M,56,56,56,56,56,56,56,56,56,56,56,56,56,56,56,56,56,56,56,56,56,56,56,56,56,56,56,56,56,56,,30,30,TRUE
1691YKBLUE-S,24,24,26,26,26,26,26,26,26,26,26,26,26,26,26,26,26,26,26,26,26,26,26,26,26,26,26,26,26,26,,30,30,TRUE
1691YKBLUE-XL,49,49,51,52,52,52,52,52,52,51,51,51,51,51,51,51,51,51,51,51,51,51,51,51,51,51,51,51,51,51,,30,30,TRUE
1691YKBLUE-XXL,48,49,50,51,51,51,51,51,51,51,51,51,51,51,51,51,51,51,51,51,51,51,51,51,51,51,51,51,51,51,,30,30,TRUE
1692YKMAROON-3XL,51,51,53,57,57,57,57,57,57,57,57,57,57,57,57,57,57,57,57,57,57,57,57,57,57,53,53,56,56,56,,30,30,TRUE
1692YKMAROON-4XL,54,54,57,58,58,58,58,58,58,58,58,58,58,58,58,58,58,58,58,58,58,58,58,58,58,58,58,58,58,58,,30,30,TRUE
1692YKMAROON-5XL,47,47,51,52,52,51,51,51,51,51,50,50,45,50,50,48,48,48,48,47,45,45,46,46,46,47,47,47,47,47,,30,30,TRUE
1692YKMAROON-6XL,24,24,24,24,24,24,24,24,24,24,24,24,24,24,24,24,24,24,24,24,24,24,24,24,24,24,24,24,24,24,,30,30,TRUE
1692YKMAROON-7XL,22,22,22,22,22,22,22,22,22,22,22,22,22,22,22,22,22,22,22,22,22,22,22,22,22,22,22,22,22,22,,30,30,TRUE
1692YKMAROON-8XL,14,14,16,16,16,16,16,16,16,16,16,16,16,16,16,16,16,16,12,12,12,12,13,13,13,17,17,17,17,16,,30,30,TRUE
1692YKMAROON-L,58,59,59,59,59,59,59,59,59,59,59,59,59,59,59,59,54,54,54,54,54,54,54,53,53,53,53,53,53,53,,30,30,TRUE
1692YKMAROON-M,75,75,75,75,75,75,75,75,75,75,75,75,75,75,75,75,75,75,75,75,75,75,75,75,75,75,75,75,75,75,,30,30,TRUE
1692YKMAROON-S,21,21,24,24,24,24,24,25,25,25,25,25,25,25,25,25,25,25,25,25,24,24,25,25,25,25,25,25,25,25,,30,30,TRUE
1692YKMAROON-XL,58,59,59,59,59,59,59,59,59,59,59,59,59,59,59,59,59,59,59,59,59,59,59,59,59,59,59,59,59,59,,30,30,TRUE
1692YKMAROON-XXL,50,50,53,53,53,53,53,53,53,53,53,53,53,53,53,53,53,53,53,53,53,53,53,53,52,53,53,53,53,53,,30,30,TRUE
1693YKMAROON-3XL,1,1,1,2,2,2,2,2,0,0,0,0,1,1,1,1,1,1,1,1,1,1,1,1,1,1,1,1,1,1,,26,26,TRUE
1693YKMAROON-4XL,0,0,0,0,0,0,0,0,0,0,0,0,1,1,1,1,1,1,1,1,1,1,1,0,1,0,0,0,0,0,,12,10,FALSE
1693YKMAROON-5XL,0,0,0,0,0,0,0,0,0,0,0,0,0,0,0,0,0,0,0,0,0,0,0,0,0,0,0,0,0,0,,0,0,TRUE
1693YKMAROON-L,0,1,1,2,1,1,1,1,1,0,0,0,0,0,0,0,0,0,0,0,0,0,0,0,0,0,1,1,1,1,,12,12,TRUE
1693YKMAROON-M,1,1,1,2,2,2,2,3,1,1,1,1,2,2,2,2,2,2,2,2,2,2,2,2,3,3,3,3,4,4,,30,30,TRUE
1693YKMAROON-S,3,3,3,3,3,3,2,2,0,0,0,0,0,0,0,1,1,1,1,1,1,1,1,1,1,1,1,1,1,1,,23,23,TRUE
1693YKMAROON-XL,0,0,0,1,1,1,1,1,1,1,1,1,1,1,1,0,0,0,0,0,0,0,0,0,0,0,0,0,0,0,,12,11,FALSE
1693YKMAROON-XS,2,2,2,2,2,2,1,1,1,1,1,1,1,1,1,1,1,1,1,1,1,1,1,1,1,1,1,1,1,1,,30,30,TRUE
1693YKMAROON-XXL,1,1,1,1,1,1,1,1,1,1,1,1,1,1,1,1,1,1,1,1,1,1,1,0,0,0,0,0,0,5,,24,22,FALSE
1694YKMAROON-L,0,0,0,0,0,0,0,0,0,0,0,0,0,0,0,0,0,0,0,0,0,0,0,0,1,0,0,1,1,1,,4,3,FALSE
1694YKMAROON-M,1,1,1,1,1,1,1,1,1,1,1,1,1,1,1,1,1,1,1,1,1,1,1,1,1,1,1,1,1,1,,30,30,TRUE
1694YKMAROON-S,3,2,2,2,2,2,2,2,2,2,2,2,2,2,2,2,2,2,2,2,2,2,2,2,2,2,2,2,3,3,,30,30,TRUE
1694YKMAROON-XL,0,0,0,0,0,0,0,0,0,0,0,0,0,0,0,0,0,0,0,0,0,0,0,0,0,0,0,0,0,1,,1,0,FALSE
1694YKMAROON-XXL,1,1,1,1,1,1,1,1,1,1,1,1,1,1,1,1,1,1,0,0,0,0,0,0,1,0,1,1,1,1,,23,22,FALSE
1695YKMAROON-3XL,0,0,0,0,1,1,1,1,1,1,1,1,1,1,1,1,1,1,1,1,1,0,0,0,5,0,0,0,0,0,,18,17,FALSE
1695YKMAROON-4XL,1,1,0,2,3,3,2,2,0,0,0,0,2,2,2,2,2,2,2,1,1,0,0,1,1,0,0,0,0,0,,18,17,FALSE
1695YKMAROON-5XL,0,0,0,1,1,1,0,0,0,0,0,0,1,0,0,0,0,0,0,0,0,0,0,0,0,0,0,1,1,1,,7,7,TRUE
1695YKMAROON-6XL,8,8,8,9,9,9,7,7,6,6,6,6,6,6,6,6,6,6,5,5,5,5,5,5,5,4,4,5,5,5,,30,30,TRUE
1695YKMAROON-7XL,8,7,7,8,8,8,6,6,6,6,6,6,6,6,6,6,6,6,6,6,6,6,6,6,6,6,6,6,6,6,,30,30,TRUE
1695YKMAROON-8XL,16,16,16,16,16,16,16,16,16,16,16,16,17,17,17,17,17,17,17,17,17,16,16,17,17,17,17,17,17,17,,30,30,TRUE
1695YKMAROON-L,0,0,1,0,1,1,1,1,1,1,1,1,0,0,0,0,0,0,0,0,0,0,0,0,0,0,0,0,0,0,,9,9,TRUE
1695YKMAROON-M,0,0,0,1,1,1,1,1,1,1,1,1,1,1,1,1,1,1,1,1,1,1,1,0,0,0,0,8,5,5,,23,22,FALSE
1695YKMAROON-S,17,17,17,17,17,17,17,17,11,11,11,11,11,11,11,13,13,13,13,13,13,13,14,6,8,6,6,6,6,6,,30,30,TRUE
1695YKMAROON-XL,0,0,0,0,0,0,0,0,0,0,0,0,6,6,6,2,2,2,1,1,1,0,0,0,2,0,0,0,0,3,,11,9,FALSE
1695YKMAROON-XXL,1,0,0,0,0,0,0,0,0,0,0,0,0,0,0,0,0,0,0,0,0,0,0,0,0,0,0,0,0,0,,1,1,TRUE
1696YKLAVENDER-L,76,76,76,76,76,76,76,76,76,76,76,76,76,76,76,76,76,76,75,75,75,75,75,75,75,75,76,76,76,77,,30,30,TRUE
1696YKLAVENDER-M,38,38,38,38,38,38,38,38,38,38,37,38,38,38,38,38,38,38,38,38,38,38,38,38,38,38,38,38,38,38,,30,30,TRUE
1696YKLAVENDER-S,42,42,42,42,42,42,42,42,42,42,39,42,42,42,42,42,42,42,42,42,42,42,42,42,42,42,42,42,42,43,,30,30,TRUE
1696YKLAVENDER-XL,58,58,58,58,58,58,58,58,58,58,58,58,58,58,58,58,58,58,58,58,58,58,58,58,58,58,58,58,58,58,,30,30,TRUE
1696YKLAVENDER-XXL,61,61,61,61,61,61,61,61,61,61,61,61,61,61,61,61,61,61,61,61,61,61,61,61,61,61,61,61,61,61,,30,30,TRUE
1697YKPINK-L,0,0,0,0,0,0,0,0,0,0,0,0,0,0,0,0,0,0,0,0,0,0,0,0,0,0,0,0,0,0,,0,0,TRUE
1697YKPINK-M,0,0,0,0,0,0,0,0,0,0,0,0,0,0,0,0,0,0,0,0,0,0,0,0,0,0,0,0,0,0,,0,0,TRUE
1697YKPINK-XL,0,0,0,0,0,0,0,0,0,0,0,0,0,0,0,0,0,0,0,0,0,0,0,0,0,0,0,0,0,0,,0,0,TRUE
1697YKPINK-XXL,0,0,0,0,0,0,0,0,0,0,0,0,0,0,0,0,0,0,0,0,0,0,0,0,0,0,0,0,0,0,,0,0,TRUE
1698YKGREEN-L,1,1,1,1,1,1,1,1,1,1,1,1,1,1,1,1,1,1,1,1,1,1,1,1,1,1,1,1,1,1,,30,30,TRUE
1698YKGREEN-M,1,1,1,1,1,1,1,1,1,1,1,1,1,1,1,1,1,1,1,1,1,1,1,1,1,1,1,1,1,1,,30,30,TRUE
1698YKGREEN-XL,3,3,3,3,3,3,3,3,3,3,3,3,3,3,3,3,3,3,3,3,3,3,3,3,3,3,3,3,3,3,,30,30,TRUE
1698YKGREEN-XXL,3,3,3,3,3,3,3,3,3,3,3,3,3,3,3,3,3,3,3,3,3,3,3,3,3,3,3,3,3,3,,30,30,TRUE
1699YKLEVENDEAR-L,0,0,0,0,0,0,0,0,0,0,0,0,0,0,0,0,0,0,0,0,0,0,0,0,0,0,0,0,0,0,,0,0,TRUE
1699YKLEVENDEAR-M,0,0,0,0,0,0,0,0,0,0,0,0,0,0,0,0,0,0,0,0,0,0,0,0,0,0,0,0,0,0,,0,0,TRUE
1699YKLEVENDEAR-XL,2,2,2,2,2,2,2,2,2,2,2,2,2,2,2,2,2,2,2,2,2,2,2,2,2,2,2,2,2,2,,30,30,TRUE
1699YKLEVENDEAR-XXL,0,0,0,0,0,0,0,0,0,0,0,0,0,0,0,0,0,0,0,0,0,0,0,0,0,0,0,0,0,0,,0,0,TRUE
169YK148TEAL-M,0,0,0,0,0,0,0,0,0,0,0,0,0,0,0,0,0,0,0,0,0,0,0,0,0,0,0,0,0,0,,0,0,TRUE
169YK148TEAL-S,7,7,7,7,7,7,7,7,7,7,7,8,8,8,8,8,8,8,3,3,3,3,3,3,3,3,8,8,8,8,,30,30,TRUE
169YK148TEAL-XL,0,0,0,0,0,0,0,0,0,0,0,0,0,0,0,0,0,0,0,0,0,0,0,0,0,0,0,0,0,0,,0,0,TRUE
16YK134WHITE-S,0,0,0,0,0,0,0,0,0,0,0,0,0,0,0,0,0,0,0,0,0,0,0,0,0,0,0,0,0,1,,1,0,FALSE
1700YKGREEN-L,4,4,4,4,4,4,4,4,4,4,4,4,4,4,4,4,4,4,4,4,4,4,4,4,4,4,4,4,4,5,,30,30,TRUE
1700YKGREEN-M,0,0,0,0,0,0,0,0,0,0,0,0,0,0,0,0,0,0,0,0,0,0,0,0,0,0,0,0,0,0,,0,0,TRUE
1700YKGREEN-XL,3,3,3,3,3,3,3,3,3,3,3,3,3,3,3,3,3,3,2,2,2,2,2,2,2,2,2,2,2,2,,30,30,TRUE
1700YKGREEN-XXL,3,3,3,3,3,3,3,3,3,3,3,3,3,3,3,3,3,3,3,3,2,2,2,2,2,2,2,2,2,2,,30,30,TRUE
1700YKWHITE-L,0,0,0,0,0,0,0,0,0,0,0,0,0,0,0,0,0,0,0,0,0,0,0,0,0,0,0,0,0,0,,0,1,FALSE
1700YKWHITE-M,0,0,0,0,0,0,0,0,0,0,0,0,0,0,0,0,0,0,0,0,0,0,0,0,0,0,0,0,0,0,,0,1,FALSE
1700YKWHITE-XL,0,0,0,0,0,0,0,0,0,0,0,0,0,0,0,0,0,0,0,0,0,0,0,0,0,0,0,0,0,0,,0,1,FALSE
1700YKWHITE-XXL,0,0,0,0,0,0,0,0,0,0,0,0,0,0,0,0,0,0,0,0,0,0,0,0,0,0,0,0,0,0,,0,1,FALSE
1701YKMULTI-L,2,2,2,2,2,2,2,2,2,2,2,2,2,2,2,2,2,2,2,2,2,2,2,2,2,2,2,2,2,2,,30,30,TRUE
1701YKMULTI-M,1,1,1,1,1,1,1,1,1,1,1,1,1,1,1,0,0,0,0,0,0,0,0,0,0,0,0,0,0,1,,16,14,FALSE
1701YKMULTI-XL,1,1,1,1,1,1,1,1,1,1,1,1,1,1,1,0,0,0,0,0,0,0,0,0,0,0,0,0,0,1,,16,14,FALSE
1701YKMULTI-XXL,1,1,1,1,1,1,1,1,1,1,1,1,1,1,1,1,1,1,1,1,1,1,1,1,1,1,1,1,0,1,,29,26,FALSE
1702YKWHITE-L,0,0,0,0,0,0,0,0,0,0,0,0,0,0,0,0,0,0,0,0,0,0,0,0,0,0,0,0,0,0,,0,0,TRUE
1702YKWHITE-M,0,0,0,0,0,0,0,0,0,0,0,0,0,0,0,0,0,0,0,0,0,0,0,0,0,0,0,0,0,0,,0,0,TRUE
1702YKWHITE-XL,0,0,0,0,0,0,0,0,0,0,0,0,0,0,0,0,0,0,0,0,0,0,0,0,0,0,0,0,0,0,,0,0,TRUE
1702YKWHITE-XXL,0,0,0,0,0,0,0,0,0,0,0,0,0,0,0,0,0,0,0,0,0,0,0,0,0,0,0,0,0,0,,0,0,TRUE
1703YKWHITE-L,0,0,0,0,0,0,0,0,0,0,0,0,0,0,0,0,0,0,0,0,0,0,0,0,0,0,0,0,0,0,,0,0,TRUE
1703YKWHITE-M,0,0,0,0,0,0,0,0,0,0,0,0,0,0,0,0,0,0,0,0,0,0,0,0,0,0,0,0,0,0,,0,0,TRUE
1703YKWHITE-XL,0,0,0,0,0,0,0,0,0,0,0,0,0,0,0,0,0,0,0,0,0,0,0,0,0,0,0,0,0,0,,0,0,TRUE
1703YKWHITE-XXL,0,0,0,0,0,0,0,0,0,0,0,0,0,0,0,0,0,0,0,0,0,0,0,0,0,0,0,0,0,0,,0,0,TRUE
1704YKMULTI-L,0,0,0,0,0,0,0,0,0,0,0,0,0,0,0,0,0,0,0,0,0,0,0,0,0,0,0,0,0,0,,0,0,TRUE
1704YKMULTI-M,0,0,0,0,0,0,0,0,0,0,0,0,0,0,0,0,0,0,0,0,0,0,0,0,0,0,0,0,0,0,,0,0,TRUE
1704YKMULTI-XL,0,0,0,0,0,0,0,0,0,0,0,0,0,0,0,0,0,0,0,0,0,0,0,0,0,0,0,0,0,0,,0,0,TRUE
1704YKMULTI-XXL,0,0,0,0,0,0,0,0,0,0,0,0,0,0,0,0,0,0,0,0,0,0,0,0,0,0,0,0,0,0,,0,0,TRUE
1705YKMULTI-L,0,0,0,0,0,0,0,0,0,0,0,0,0,0,0,0,0,0,0,0,0,0,0,0,0,0,0,0,0,0,,0,0,TRUE
1705YKMULTI-M,0,0,0,0,0,0,0,0,0,0,0,0,0,0,0,0,0,0,0,0,0,0,0,0,0,0,0,0,0,0,,0,0,TRUE
1705YKMULTI-XL,0,0,0,0,0,0,0,0,0,0,0,0,0,0,0,0,0,0,0,0,0,0,0,0,0,0,0,0,0,0,,0,0,TRUE
1705YKMULTI-XXL,0,0,0,0,0,0,0,0,0,0,0,0,0,0,0,0,0,0,0,0,0,0,0,0,0,0,0,0,0,0,,0,0,TRUE
1706YKMULTI-L,0,0,0,0,0,0,0,0,0,0,0,0,0,0,0,0,0,0,0,0,0,0,0,0,0,0,0,0,0,0,,0,0,TRUE
1706YKMULTI-M,0,0,0,0,0,0,0,0,0,0,0,0,0,0,0,0,0,0,0,0,0,0,0,0,0,0,0,0,0,0,,0,0,TRUE
1706YKMULTI-XL,0,0,0,0,0,0,0,0,0,0,0,0,0,0,0,0,0,0,0,0,0,0,0,0,0,0,0,0,0,0,,0,0,TRUE
1706YKMULTI-XXL,0,0,0,0,0,0,0,0,0,0,0,0,0,0,0,0,0,0,0,0,0,0,0,0,0,0,0,0,0,0,,0,0,TRUE
1707YKMULTI-L,0,0,0,0,0,0,0,0,0,0,0,0,0,0,0,0,0,0,0,0,0,0,0,0,0,0,0,0,0,0,,0,0,TRUE
1707YKMULTI-M,0,0,0,0,0,0,0,0,0,0,0,0,0,0,0,0,0,0,0,0,0,0,0,0,0,0,0,0,0,0,,0,0,TRUE
1707YKMULTI-XL,0,0,0,0,0,0,0,0,0,0,0,0,0,0,0,0,0,0,0,0,0,0,0,0,0,0,0,0,0,0,,0,0,TRUE
1707YKMULTI-XXL,0,0,0,0,0,0,0,0,0,0,0,0,0,0,0,0,0,0,0,0,0,0,0,0,0,0,0,0,0,0,,0,0,TRUE
1708YKMULTI-L,0,0,0,0,0,0,0,0,0,0,0,0,0,0,0,0,0,0,0,0,0,0,0,0,0,0,0,0,0,0,,0,0,TRUE
1708YKMULTI-M,0,0,0,0,0,0,0,0,0,0,0,0,0,0,0,0,0,0,0,0,0,0,0,0,0,0,0,0,0,0,,0,0,TRUE
1708YKMULTI-XL,0,0,0,0,0,0,0,0,0,0,0,0,0,0,0,0,0,0,0,0,0,0,0,0,0,0,0,0,0,0,,0,0,TRUE
1708YKMULTI-XXL,0,0,0,0,0,0,0,0,0,0,0,0,0,0,0,0,0,0,0,0,0,0,0,0,0,0,0,0,0,0,,0,0,TRUE
1709YKMULTI-L,0,0,0,0,0,0,0,0,0,0,0,0,0,0,0,0,0,0,0,0,0,0,0,0,0,0,0,0,0,0,,0,0,TRUE
1709YKMULTI-M,0,0,0,0,0,0,0,0,0,0,0,0,0,0,0,0,0,0,0,0,0,0,0,0,0,0,0,0,0,0,,0,0,TRUE
1709YKMULTI-XL,0,0,0,0,0,0,0,0,0,0,0,0,0,0,0,0,0,0,0,0,0,0,0,0,0,0,0,0,0,0,,0,0,TRUE
1709YKMULTI-XXL,0,0,0,0,0,0,0,0,0,0,0,0,0,0,0,0,0,0,0,0,0,0,0,0,0,0,0,0,0,0,,0,0,TRUE
170YK184RED-M,0,0,0,0,0,0,0,0,0,0,0,0,0,0,0,0,0,0,0,0,0,0,0,0,0,0,0,0,0,0,,0,0,TRUE
170YK184RED-S,0,0,0,0,0,0,0,0,0,0,0,0,0,0,0,0,0,0,0,0,0,0,0,0,0,0,0,0,0,0,,0,0,TRUE
1710YKMULTI-L,0,0,0,0,0,0,0,0,0,0,0,0,0,0,0,0,0,0,0,0,0,0,0,0,0,0,0,0,0,0,,0,0,TRUE
1710YKMULTI-M,0,0,0,0,0,0,0,0,0,0,0,0,0,0,0,0,0,0,0,0,0,0,0,0,0,0,0,0,0,0,,0,0,TRUE
1710YKMULTI-XL,0,0,0,0,0,0,0,0,0,0,0,0,0,0,0,0,0,0,0,0,0,0,0,0,0,0,0,0,0,0,,0,0,TRUE
1710YKMULTI-XXL,0,0,0,0,0,0,0,0,0,0,0,0,0,0,0,0,0,0,0,0,0,0,0,0,0,0,0,0,0,0,,0,0,TRUE
1711YKMULTI-L,0,0,0,0,0,0,0,0,0,0,0,0,0,0,0,0,0,0,0,0,0,0,0,0,0,0,0,0,0,0,,0,0,TRUE
1711YKMULTI-M,0,0,0,0,0,0,0,0,0,0,0,0,0,0,0,0,0,0,0,0,0,0,0,0,0,0,0,0,0,0,,0,0,TRUE
1711YKMULTI-XL,0,0,0,0,0,0,0,0,0,0,0,0,0,0,0,0,0,0,0,0,0,0,0,0,0,0,0,0,0,0,,0,0,TRUE
1711YKMULTI-XXL,0,0,0,0,0,0,0,0,0,0,0,0,0,0,0,0,0,0,0,0,0,0,0,0,0,0,0,0,0,0,,0,0,TRUE
1712YKBLUE-L,1,1,1,1,1,1,1,1,1,1,1,1,1,1,1,1,1,1,1,1,1,1,1,1,1,1,1,1,0,1,,29,26,FALSE
1712YKBLUE-M,1,1,1,1,1,1,1,1,1,1,1,1,1,1,1,1,1,1,1,1,1,1,1,1,1,1,1,1,1,1,,30,30,TRUE
1712YKBLUE-XL,1,1,1,1,1,1,1,1,1,1,1,1,1,1,1,1,1,1,1,1,1,1,1,1,1,1,1,1,1,1,,30,30,TRUE
1712YKBLUE-XXL,1,1,1,1,1,1,1,1,1,1,1,1,1,1,1,1,1,1,1,1,1,1,1,1,1,1,1,1,1,1,,30,30,TRUE
1713YKGREEN-L,0,0,0,0,0,0,0,0,0,0,0,0,0,0,0,0,0,0,0,0,0,0,0,0,0,0,0,0,0,0,,0,0,TRUE
1713YKGREEN-M,1,1,1,1,1,1,1,1,1,1,1,1,1,1,1,1,1,1,1,1,1,1,1,1,1,1,1,1,1,1,,30,30,TRUE
1713YKGREEN-XL,1,1,1,1,1,1,1,1,1,1,1,1,1,1,1,1,1,1,1,1,1,1,1,1,1,1,1,1,1,1,,30,30,TRUE
1713YKGREEN-XXL,0,0,0,0,0,0,0,0,0,0,0,0,0,0,0,0,0,0,0,0,0,0,0,0,0,0,0,0,0,0,,0,0,TRUE
1714YKPINK-L,1,1,1,1,1,1,1,1,1,1,1,1,1,1,1,1,1,1,1,1,1,1,1,1,1,1,1,1,1,1,,30,30,TRUE
1714YKPINK-M,2,2,2,2,2,2,2,2,2,2,2,2,2,2,2,2,2,2,2,2,2,2,2,2,2,2,2,2,2,2,,30,30,TRUE
1714YKPINK-XL,2,2,2,2,2,2,2,2,2,2,2,2,2,2,2,2,2,2,2,2,2,2,2,2,2,2,2,2,2,2,,30,30,TRUE
1714YKPINK-XXL,0,0,0,0,0,0,0,0,0,0,0,0,0,0,0,0,0,0,0,0,0,0,0,0,0,0,0,0,0,0,,0,0,TRUE
1715YKPINK-L,1,1,1,1,1,1,1,1,1,1,1,1,1,1,1,1,1,1,1,1,1,1,1,1,1,1,1,1,1,1,,30,30,TRUE
1715YKPINK-M,0,0,0,0,0,0,0,0,0,0,0,0,0,0,0,0,0,0,0,0,0,0,0,0,0,0,0,0,0,1,,1,0,FALSE
1715YKPINK-XL,1,1,1,1,1,1,1,1,1,1,1,1,1,1,1,1,1,1,1,1,1,1,1,1,1,1,1,1,1,1,,30,30,TRUE
1715YKPINK-XXL,0,0,0,0,0,0,0,0,0,0,0,0,0,0,0,0,0,0,0,0,0,0,0,0,0,0,0,0,0,0,,0,0,TRUE
1716YKPURPLE-L,0,0,0,0,0,0,0,0,0,0,0,0,0,0,0,0,0,0,0,0,0,0,0,0,0,0,0,0,0,0,,0,0,TRUE
1716YKPURPLE-M,2,2,2,2,2,2,2,2,2,2,2,2,2,2,2,2,2,2,2,2,2,2,2,2,2,2,2,2,2,2,,30,30,TRUE
1716YKPURPLE-XL,2,2,2,2,2,2,2,2,2,2,2,2,2,2,2,2,2,2,2,2,2,2,2,2,2,2,2,2,2,2,,30,30,TRUE
1716YKPURPLE-XXL,3,3,3,3,3,2,2,2,2,2,2,2,2,2,2,2,2,2,2,2,2,2,1,1,1,1,1,1,1,1,,30,30,TRUE
1717YKBLUE-L,7,8,8,8,8,8,8,7,7,7,7,7,7,7,7,7,7,7,7,7,7,7,7,7,7,7,7,7,7,7,,30,30,TRUE
1717YKBLUE-M,5,5,5,5,5,5,5,5,5,5,5,5,5,5,5,5,5,5,5,5,5,4,4,4,4,4,4,4,4,4,,30,30,TRUE
1717YKBLUE-XL,9,9,9,9,9,9,9,9,9,9,9,9,9,9,9,9,9,9,9,9,9,9,9,9,9,9,9,9,9,9,,30,30,TRUE
1717YKBLUE-XXL,7,7,7,7,7,7,7,7,7,7,7,7,7,7,7,7,7,7,6,6,6,6,6,6,6,6,6,6,6,6,,30,30,TRUE
1718YKPINK-L,4,5,5,5,5,5,5,4,4,4,4,4,4,4,4,4,4,4,3,3,3,3,3,3,3,3,3,3,3,3,,30,30,TRUE
1718YKPINK-M,1,1,1,1,1,1,1,1,1,1,1,1,0,0,0,0,0,0,0,0,0,0,0,0,0,0,0,0,0,0,,12,12,TRUE
1718YKPINK-XL,1,1,1,1,1,1,1,1,1,1,1,1,1,1,1,0,0,0,0,0,0,0,1,1,1,1,1,1,0,1,,22,19,FALSE
1718YKPINK-XXL,1,1,1,1,1,1,1,1,1,1,1,1,1,1,1,1,1,1,1,1,1,1,1,2,2,2,2,2,2,2,,30,30,TRUE
1719YKWHITE-L,0,0,0,0,0,0,0,0,0,0,0,0,0,0,0,0,0,0,0,0,0,0,0,0,0,0,0,0,0,0,,0,0,TRUE
1719YKWHITE-M,0,0,0,0,0,0,0,0,0,0,0,0,0,0,0,0,0,1,1,1,1,1,1,0,0,0,0,0,0,0,,6,5,FALSE
1719YKWHITE-XL,0,0,0,0,0,0,0,0,0,0,0,0,0,0,0,0,0,0,0,0,0,0,0,0,0,0,0,0,0,0,,0,0,TRUE
1719YKWHITE-XXL,0,0,0,0,0,0,0,0,0,0,0,0,0,0,0,0,0,0,0,0,0,0,0,0,0,0,0,0,0,0,,0,0,TRUE
171YK184MEHROON-M,1,1,1,1,1,1,1,1,1,1,1,1,1,1,1,1,1,1,1,1,1,1,1,1,1,1,1,1,1,1,,30,30,TRUE
171YK184MEHROON-S,0,0,0,0,0,0,0,0,0,0,0,0,0,0,0,0,0,0,0,0,0,0,0,0,0,0,0,0,0,0,,0,0,TRUE
1720YKBEIGE-L,0,0,0,0,0,0,0,0,0,0,0,0,0,0,0,0,0,0,0,0,0,0,0,0,0,0,0,0,0,0,,0,0,TRUE
1720YKBEIGE-M,0,0,0,0,0,0,0,0,0,0,0,0,0,0,0,0,0,0,0,0,0,0,0,0,0,0,0,0,0,0,,0,0,TRUE
1720YKBEIGE-XL,1,1,1,1,1,1,1,1,1,1,1,1,1,1,1,0,0,0,0,0,0,0,0,0,0,0,0,0,0,1,,16,14,FALSE
1720YKBEIGE-XXL,0,0,0,0,0,0,0,0,0,0,0,0,0,0,0,0,0,0,0,0,0,0,0,0,0,0,0,0,0,0,,0,0,TRUE
1722YKWHITE-L,39,39,40,40,40,40,40,40,40,40,40,40,40,40,40,40,40,40,40,40,40,40,40,40,39,40,40,40,40,40,,30,30,TRUE
1722YKWHITE-M,38,38,38,38,38,38,38,38,38,37,37,37,37,37,37,37,37,37,37,37,37,37,37,37,36,36,36,36,36,36,,30,30,TRUE
1722YKWHITE-S,16,16,19,19,19,19,19,19,19,18,18,18,18,18,18,18,18,18,18,18,18,18,18,18,18,18,18,18,18,18,,30,30,TRUE
1722YKWHITE-XL,38,38,42,42,42,42,42,42,42,41,41,41,41,41,41,41,41,41,41,41,41,41,41,41,41,40,40,41,41,41,,30,30,TRUE
1722YKWHITE-XXL,23,23,23,23,23,23,23,23,23,23,23,23,23,23,23,23,23,23,23,23,23,23,23,23,23,23,23,23,23,23,,30,30,TRUE
1724YKMULTI-L,43,43,46,47,47,46,46,46,46,44,44,44,44,44,44,43,43,43,43,43,43,43,43,43,43,43,43,44,44,44,,30,30,TRUE
1724YKMULTI-M,43,43,44,44,44,44,44,44,44,44,44,44,44,44,44,44,44,44,44,44,44,44,44,44,44,44,44,44,44,44,,30,30,TRUE
1724YKMULTI-S,15,17,19,19,19,19,18,18,17,17,17,16,16,16,16,16,16,16,16,16,16,16,16,16,16,16,16,16,16,17,,30,30,TRUE
1724YKMULTI-XL,41,42,43,43,43,43,43,43,43,43,43,42,42,42,42,42,42,42,42,42,42,42,42,41,41,41,41,41,41,41,,30,30,TRUE
1726YKGREY-3XL,0,0,0,0,0,0,0,0,0,0,0,0,0,0,0,0,0,0,0,0,0,0,0,0,0,0,0,0,0,0,,0,0,TRUE
1726YKGREY-4XL,5,5,5,5,5,5,3,3,3,3,3,3,3,3,3,3,3,3,3,3,3,3,3,3,3,3,3,3,3,3,,30,30,TRUE
1726YKGREY-5XL,4,4,4,4,4,4,4,4,0,0,0,0,0,0,0,0,0,0,0,1,1,0,0,0,4,0,0,0,0,0,,11,10,FALSE
1726YKGREY-L,1,1,1,1,1,1,1,1,1,1,1,1,1,1,1,1,2,2,2,2,2,2,2,2,2,2,2,2,2,2,,30,30,TRUE
1726YKGREY-M,2,2,2,2,2,2,2,2,0,0,0,0,0,0,0,0,0,0,0,0,0,0,0,0,2,0,0,0,0,0,,9,8,FALSE
1726YKGREY-S,3,3,3,3,3,3,3,3,3,3,3,3,3,3,3,3,3,3,3,3,3,3,3,3,3,3,3,3,3,3,,30,30,TRUE
1726YKGREY-XL,9,9,9,10,10,10,8,8,8,8,8,8,8,8,8,8,8,8,8,8,8,8,8,8,8,8,8,8,8,8,,30,30,TRUE
1726YKGREY-XXL,3,3,3,5,5,5,5,5,5,5,5,5,5,5,5,5,5,5,5,5,5,5,5,4,10,4,6,6,6,6,,30,30,TRUE
1728YKGREEN-L,34,34,34,34,34,34,34,34,35,35,34,35,35,35,35,35,35,35,35,35,35,35,36,36,36,37,36,36,36,36,,30,30,TRUE
1728YKGREEN-M,24,24,24,24,24,24,24,24,24,24,24,24,24,24,24,24,24,24,23,23,22,22,22,22,21,22,22,23,25,25,,30,30,TRUE
1728YKGREEN-S,32,32,34,33,33,33,33,33,33,22,22,22,23,23,23,23,23,23,23,23,22,22,22,23,23,23,23,23,23,23,,30,30,TRUE
1728YKGREEN-XL,16,15,10,15,15,15,15,15,15,15,15,15,15,15,15,15,15,15,15,15,15,14,14,14,14,15,15,16,19,19,,30,30,TRUE
1728YKGREEN-XS,40,40,40,40,40,40,40,40,40,40,40,40,40,40,40,40,40,40,40,40,40,40,40,40,39,39,39,39,40,40,,30,30,TRUE
1729YKGREEN-5XL,0,0,0,0,0,0,0,0,0,0,0,0,0,0,0,0,0,0,0,0,0,0,0,0,0,0,0,0,0,0,,0,0,TRUE
1729YKGREEN-L,30,29,29,27,26,25,25,25,25,25,24,24,23,23,23,23,23,23,22,21,21,21,21,20,19,20,20,20,21,21,,30,30,TRUE
1729YKGREEN-M,8,8,8,7,7,7,6,6,6,6,6,7,7,7,7,7,7,7,6,5,5,5,5,4,4,4,6,6,8,9,,30,30,TRUE
1729YKGREEN-S,17,17,17,17,17,16,14,14,14,14,14,14,14,14,14,13,13,13,13,13,13,13,13,13,13,13,13,13,14,14,,30,30,TRUE
1729YKGREEN-XL,11,11,11,9,9,9,9,9,10,10,10,11,12,12,12,12,12,12,12,11,11,11,11,11,11,11,11,11,12,12,,30,30,TRUE
1729YKGREEN-XXL,3,2,1,2,1,1,1,1,1,1,1,3,4,4,4,1,1,1,1,1,1,1,2,2,2,4,6,6,5,5,,30,30,TRUE
172YK184PEACH-L,0,0,0,0,0,0,0,0,0,0,0,0,0,0,0,0,0,0,0,0,0,0,0,0,0,0,0,0,0,0,,0,0,TRUE
172YK184PEACH-M,0,0,0,0,0,0,0,0,0,0,0,0,0,0,0,0,0,0,0,0,0,0,0,0,0,0,0,0,0,0,,0,0,TRUE
172YK184PEACH-XXL,0,0,0,0,0,0,0,0,0,0,0,0,0,0,0,0,0,0,0,0,0,0,0,0,0,0,0,0,0,0,,0,0,TRUE
1730YKPINK-L,0,0,0,0,0,0,0,0,0,0,0,0,0,0,0,0,0,0,0,0,0,0,0,0,0,0,0,0,0,0,,0,0,TRUE
1730YKPINK-M,0,0,0,0,0,0,0,0,0,0,0,0,0,0,0,0,0,0,0,0,0,0,0,0,0,0,0,0,0,0,,0,0,TRUE
1730YKPINK-S,0,0,0,0,0,0,0,0,0,0,0,0,0,0,0,0,0,0,0,0,0,0,0,0,0,0,0,0,0,1,,1,1,TRUE
1730YKPINK-XL,0,0,0,0,1,0,0,0,0,0,0,0,0,0,0,0,0,0,0,0,0,0,0,0,0,0,0,0,0,1,,2,1,FALSE
1730YKPINK-XXL,0,0,0,0,1,1,0,0,0,0,0,0,0,0,0,0,0,0,0,0,0,0,0,0,0,0,0,0,0,0,,2,2,TRUE
1731YKMULTI-L,0,0,0,0,0,0,0,0,0,0,0,0,0,0,0,0,0,0,0,0,0,0,0,0,0,0,0,0,0,0,,0,0,TRUE
1731YKMULTI-M,0,0,0,0,0,0,0,0,0,0,0,0,0,0,0,0,0,0,0,0,0,0,0,0,0,0,0,0,0,0,,0,0,TRUE
1731YKMULTI-XL,0,0,0,0,0,0,0,0,0,0,0,0,0,0,0,0,0,0,0,0,0,0,0,0,0,0,0,0,0,0,,0,0,TRUE
1731YKMULTI-XXL,0,0,0,0,0,0,0,0,0,0,0,0,0,0,0,0,0,0,0,0,0,0,0,0,0,0,0,0,0,0,,0,0,TRUE
1732YKMULTI-L,0,0,0,0,0,0,0,0,0,0,0,0,0,0,0,0,0,0,0,0,0,0,0,0,0,0,0,0,0,0,,0,0,TRUE
1732YKMULTI-M,0,0,0,0,0,0,0,0,0,0,0,0,0,0,0,0,0,0,0,0,0,0,0,0,0,0,0,0,0,0,,0,0,TRUE
1732YKMULTI-XL,0,0,0,0,0,0,0,0,0,0,0,0,0,0,0,0,0,0,0,0,0,0,0,0,0,0,0,0,0,0,,0,0,TRUE
1732YKMULTI-XXL,0,0,0,0,0,0,0,0,0,0,0,0,0,0,0,0,0,0,0,0,0,0,0,0,0,0,0,0,0,0,,0,0,TRUE
1733YKGREEN-L,60,61,63,63,63,63,63,63,63,63,63,63,63,63,63,63,63,63,63,63,63,62,62,61,61,61,62,62,62,62,,30,30,TRUE
1733YKGREEN-M,67,67,67,67,67,67,67,67,67,67,65,67,67,67,67,67,67,68,68,68,68,67,67,68,68,68,69,69,69,69,,30,30,TRUE
1733YKGREEN-S,55,55,55,55,55,55,55,56,56,56,56,56,56,56,56,56,56,56,53,53,53,53,53,53,52,52,52,52,52,52,,30,30,TRUE
1733YKGREEN-XL,61,61,66,66,66,66,66,66,66,65,61,65,65,65,65,65,65,65,64,64,64,64,64,64,64,64,67,67,67,67,,30,30,TRUE
1733YKGREEN-XXL,61,61,62,62,62,62,62,62,62,62,59,62,62,62,62,62,62,62,62,62,62,62,63,63,63,63,63,63,63,63,,30,30,TRUE
1734YKBLUE-3XL,0,0,0,0,0,0,0,0,0,0,0,0,0,0,0,0,0,0,0,0,0,0,0,0,0,0,0,0,1,1,,2,2,TRUE
1734YKBLUE-4XL,0,0,0,0,0,0,0,0,0,0,0,0,1,1,1,1,1,1,1,1,1,1,1,1,1,1,1,1,0,1,,17,14,FALSE
1734YKBLUE-5XL,0,0,0,0,0,0,0,0,0,0,0,0,0,0,0,0,0,0,0,0,0,0,0,0,0,0,0,0,0,0,,0,0,TRUE
1734YKBLUE-L,0,0,0,0,0,0,0,0,0,0,0,0,0,0,0,0,0,0,0,0,0,0,1,1,1,1,1,1,1,1,,8,8,TRUE
1734YKBLUE-XL,0,0,0,0,0,0,0,0,0,0,0,0,0,0,0,0,0,0,0,0,0,0,0,0,0,0,0,0,0,0,,0,0,TRUE
1734YKBLUE-XXL,2,2,2,2,2,2,2,2,1,1,1,1,1,1,1,1,1,1,0,0,0,0,0,0,0,0,0,0,1,1,,20,19,FALSE
1735YKPINK-L,37,38,38,38,38,38,38,38,38,38,38,38,38,38,38,38,38,38,37,37,37,37,37,38,38,38,38,39,40,40,,30,30,TRUE
1735YKPINK-M,46,46,46,46,46,46,46,46,46,46,46,45,45,45,45,44,44,44,43,43,43,43,43,42,41,41,40,40,40,40,,30,30,TRUE
1735YKPINK-S,21,21,22,22,23,23,22,22,22,22,21,23,23,23,23,23,23,24,24,24,23,23,23,23,22,22,21,21,21,23,,30,30,TRUE
1735YKPINK-XL,52,52,52,52,52,52,52,52,52,51,51,51,51,51,51,51,51,51,51,51,50,50,50,50,50,50,50,50,50,50,,30,30,TRUE
1735YKPINK-XXL,22,22,23,23,23,23,23,23,23,23,23,23,23,23,23,22,22,22,19,19,19,19,19,19,19,19,19,19,19,19,,30,30,TRUE
1736YKBLACK-3XL,39,39,39,39,39,39,39,39,39,39,39,39,39,39,39,39,39,39,39,39,39,38,38,38,38,38,38,38,37,37,,30,30,TRUE
1736YKBLACK-4XL,32,32,32,39,39,39,38,38,38,38,38,38,38,39,39,38,38,38,38,38,38,38,38,39,39,39,39,39,39,38,,30,30,TRUE
1736YKBLACK-5XL,34,34,34,34,34,34,34,34,31,31,31,29,29,27,27,27,27,27,26,26,26,26,26,26,26,26,26,26,26,26,,30,30,TRUE
1736YKBLACK-6XL,8,8,10,10,10,10,7,7,3,2,1,1,1,0,0,0,0,0,0,0,0,0,0,1,4,1,1,1,1,1,,20,20,TRUE
1736YKBLACK-7XL,7,7,9,9,9,9,9,9,9,9,7,7,7,7,7,7,7,7,7,7,7,6,6,6,6,4,1,2,4,4,,30,30,TRUE
1736YKBLACK-8XL,2,2,2,2,2,2,2,2,2,2,2,2,1,1,1,1,1,1,1,1,1,1,1,1,0,0,0,0,0,2,,25,25,TRUE
1736YKBLACK-L,40,40,40,40,40,40,40,39,39,39,39,39,38,38,38,38,38,38,36,31,36,36,36,36,36,36,36,36,36,36,,30,30,TRUE
1736YKBLACK-M,34,34,39,40,40,40,40,40,38,39,39,39,39,39,39,39,39,39,39,38,38,38,38,38,38,38,38,38,38,38,,30,30,TRUE
1736YKBLACK-S,9,9,9,9,9,8,8,8,8,8,8,8,8,8,8,9,9,9,9,9,9,9,9,9,9,9,8,8,8,8,,30,30,TRUE
1736YKBLACK-XL,34,34,29,28,28,28,28,28,27,27,27,27,27,27,27,27,27,27,24,24,24,24,24,24,24,24,24,24,24,24,,30,30,TRUE
1736YKBLACK-XXL,46,46,45,45,45,45,45,45,40,40,40,40,40,40,40,40,40,40,40,40,40,40,40,40,40,38,36,36,38,38,,30,30,TRUE
1737YKPINK-L,0,0,0,0,0,0,0,0,0,0,0,0,0,0,0,0,0,0,0,0,0,0,0,0,0,0,0,0,0,0,,0,0,TRUE
1737YKPINK-M,5,5,5,5,5,5,5,5,5,5,5,5,5,5,5,5,5,5,5,4,4,4,4,4,4,4,4,4,4,4,,30,30,TRUE
1737YKPINK-S,5,5,5,5,5,5,5,6,6,6,6,6,6,6,6,6,6,6,6,6,6,6,6,6,6,6,6,6,6,7,,30,30,TRUE
1737YKPINK-XL,0,0,0,0,0,0,0,0,0,0,0,0,0,0,0,0,0,0,0,0,0,0,0,0,0,0,0,0,0,0,,0,0,TRUE
1737YKPINK-XXL,0,0,0,0,0,0,0,0,0,0,0,0,0,0,0,0,0,0,0,0,0,0,0,0,0,0,0,0,0,0,,0,0,TRUE
1738YKDWHITE-3XL,33,33,32,31,31,31,30,30,28,28,28,28,28,28,28,28,28,28,28,28,27,27,27,27,27,27,27,26,27,27,,30,30,TRUE
1738YKDWHITE-4XL,53,53,53,52,52,52,50,50,51,51,49,49,49,49,49,49,49,49,47,47,47,46,46,45,44,45,45,44,44,44,,30,30,TRUE
1738YKDWHITE-5XL,25,24,24,24,23,23,22,22,21,21,20,18,18,18,18,18,18,18,16,14,16,14,14,14,14,14,14,14,14,14,,30,30,TRUE
1738YKDWHITE-L,43,45,46,46,45,42,41,43,45,46,46,47,48,48,48,46,46,46,46,45,45,45,45,47,47,45,45,47,47,47,,30,30,TRUE
1738YKDWHITE-M,57,57,57,57,58,58,58,58,58,58,58,58,58,57,57,57,57,57,55,55,52,47,52,51,50,50,50,50,52,52,,30,30,TRUE
1738YKDWHITE-S,35,36,36,35,35,35,35,36,36,36,34,35,35,35,35,35,35,35,35,35,33,32,32,31,31,30,30,30,30,31,,30,30,TRUE
1738YKDWHITE-XL,34,35,32,32,31,31,31,31,30,33,33,31,30,30,30,27,27,27,26,26,26,26,27,27,26,26,26,26,27,27,,30,30,TRUE
1738YKDWHITE-XXL,34,34,34,35,35,34,33,32,32,32,32,32,34,34,34,33,33,33,31,32,32,31,32,32,32,32,31,31,31,31,,30,30,TRUE
1739YKDMULTI-3XL,41,41,41,40,40,40,40,40,40,40,40,40,40,40,40,40,40,40,40,40,40,40,40,40,40,40,40,40,40,40,,30,30,TRUE
1739YKDMULTI-4XL,49,49,49,49,49,49,49,49,49,49,49,49,49,49,49,49,49,49,49,49,49,49,49,49,49,50,50,50,50,50,,30,30,TRUE
1739YKDMULTI-5XL,44,44,44,44,44,44,43,43,43,43,43,43,43,43,43,43,43,43,43,43,43,43,43,43,43,42,42,42,42,42,,30,30,TRUE
1739YKDMULTI-6XL,14,14,14,14,14,12,12,12,12,12,12,12,12,12,12,12,12,13,13,13,13,13,13,13,13,13,13,13,13,13,,30,30,TRUE
1739YKDMULTI-7XL,13,13,13,13,13,13,13,13,13,13,13,13,14,14,14,14,14,14,14,14,14,14,14,14,14,14,14,14,14,14,,30,30,TRUE
1739YKDMULTI-8XL,16,16,16,16,16,16,16,16,16,16,16,16,16,16,16,16,16,16,16,16,16,16,16,16,16,16,16,16,16,16,,30,30,TRUE
1739YKDMULTI-L,31,31,33,33,33,33,33,33,33,33,33,34,34,34,34,34,34,34,34,34,34,33,33,33,33,33,33,33,32,27,,30,30,TRUE
1739YKDMULTI-M,54,54,54,54,54,54,54,54,54,54,54,54,54,54,54,54,54,54,54,54,54,54,54,54,54,56,56,56,57,57,,30,30,TRUE
1739YKDMULTI-S,21,21,21,21,21,21,21,21,21,21,21,21,21,21,21,21,21,21,21,21,21,21,21,21,21,25,25,25,25,25,,30,30,TRUE
1739YKDMULTI-XL,49,49,50,50,50,50,50,50,50,50,50,50,50,50,50,50,50,50,50,50,50,50,50,49,49,51,51,51,51,51,,30,30,TRUE
1739YKDMULTI-XS,12,12,17,17,17,17,17,17,17,17,17,17,17,17,17,17,17,17,17,17,17,17,17,17,17,18,18,18,18,18,,30,30,TRUE
1739YKDMULTI-XXL,44,44,44,44,43,43,43,43,43,43,43,43,43,43,43,43,43,43,43,43,43,43,43,43,43,43,43,43,43,42,,30,30,TRUE
173YK291GREEN-L,0,0,0,0,0,0,0,0,0,0,0,0,0,0,0,0,0,0,0,0,0,0,0,0,0,0,0,0,0,0,,0,0,TRUE
173YK291GREEN-S,0,0,0,0,0,0,0,0,0,0,0,0,0,0,0,0,0,0,0,0,0,0,0,0,0,0,0,0,0,0,,0,0,TRUE
1741YKMAROON-3XL,0,0,0,0,0,0,0,0,0,0,0,0,0,0,0,0,0,0,0,0,0,0,0,0,0,0,0,0,0,4,,1,0,FALSE
1741YKMAROON-4XL,0,0,0,0,0,0,0,0,0,0,0,0,1,1,1,1,1,1,1,1,1,1,1,1,1,1,1,1,1,1,,18,18,TRUE
1741YKMAROON-5XL,1,2,2,3,3,3,3,2,1,1,1,1,2,2,2,2,2,2,2,2,2,2,2,0,0,0,0,0,0,0,,23,22,FALSE
1741YKMAROON-L,1,1,1,1,1,1,1,1,1,1,1,1,1,1,1,1,1,1,0,0,0,0,0,0,0,0,0,0,0,1,,19,18,FALSE
1741YKMAROON-M,0,0,0,0,0,0,0,0,0,0,0,0,0,0,0,0,0,0,0,0,0,0,0,0,2,0,1,2,2,2,,5,4,FALSE
1741YKMAROON-S,4,4,4,3,3,3,3,3,3,3,3,3,3,3,3,3,3,3,3,3,3,3,3,3,3,3,3,3,3,3,,30,30,TRUE
1741YKMAROON-XL,1,1,1,1,1,1,1,1,1,1,1,1,1,1,1,1,1,1,1,1,1,1,1,1,1,1,1,1,-1,1,,29,29,TRUE
1741YKMAROON-XXL,1,2,2,2,2,2,2,2,2,2,2,3,3,3,3,3,2,2,2,2,2,2,2,2,2,2,2,2,2,3,,30,30,TRUE
1742YKBLUE-3XL,6,8,8,8,8,8,8,8,8,8,8,7,7,7,7,7,7,7,7,7,7,7,8,8,9,8,8,8,8,8,,30,30,TRUE
1742YKBLUE-4XL,40,40,40,40,40,37,37,37,31,31,31,31,30,30,30,30,30,30,29,29,29,29,29,29,29,29,29,29,29,29,,30,30,TRUE
1742YKBLUE-5XL,15,15,15,16,16,16,15,15,15,15,15,15,15,15,15,15,15,15,15,15,13,13,13,13,13,13,13,13,13,13,,30,30,TRUE
1742YKBLUE-6XL,8,8,7,7,7,7,4,4,0,0,0,0,0,0,0,1,1,1,1,1,1,1,1,1,6,1,1,1,1,1,,23,23,TRUE
1742YKBLUE-7XL,10,11,11,11,11,11,11,11,10,9,9,9,9,9,9,9,9,9,9,8,6,5,5,5,5,5,5,5,5,5,,30,30,TRUE
1742YKBLUE-8XL,1,1,1,1,1,0,0,0,0,0,0,0,0,0,0,0,0,0,0,0,0,0,0,0,0,0,0,0,0,4,,6,5,FALSE
1742YKBLUE-L,41,40,40,40,40,40,40,40,41,41,41,41,40,40,40,40,40,40,40,40,38,38,40,40,40,40,40,40,40,40,,30,30,TRUE
1742YKBLUE-M,8,8,8,8,8,8,8,8,5,5,5,5,5,5,5,3,3,3,3,2,2,2,2,2,5,2,2,2,2,2,,30,30,TRUE
1742YKBLUE-S,6,6,6,6,6,6,6,6,6,6,4,6,6,6,6,6,6,6,6,6,6,6,6,6,6,6,6,6,6,6,,30,30,TRUE
1742YKBLUE-XL,11,11,11,14,14,14,14,14,10,10,10,10,10,10,10,9,9,9,9,9,9,9,9,9,10,9,9,8,8,8,,30,30,TRUE
1742YKBLUE-XXL,32,32,32,33,32,32,32,32,29,29,29,29,29,29,29,26,23,23,23,23,21,21,21,21,21,21,22,22,22,22,,30,30,TRUE
1743YKYELLOW-3XL,8,8,16,16,16,11,11,8,1,0,1,1,1,1,1,1,1,1,1,1,1,1,1,1,16,1,1,1,1,1,,29,29,TRUE
1743YKYELLOW-4XL,20,18,19,19,19,12,12,12,12,11,10,10,10,10,10,10,10,10,10,10,9,9,9,9,16,9,9,9,10,5,,30,30,TRUE
1743YKYELLOW-5XL,4,4,10,8,10,10,7,7,0,0,0,0,1,1,1,1,1,1,1,1,1,1,1,1,6,1,1,0,0,0,,23,23,TRUE
1743YKYELLOW-L,3,4,4,4,4,4,4,4,3,3,3,3,3,3,3,3,3,3,3,3,3,3,4,4,4,4,4,3,3,3,,30,30,TRUE
1743YKYELLOW-M,17,16,16,16,16,16,16,16,16,16,16,16,16,16,16,16,16,16,15,15,15,15,15,15,14,11,11,14,15,15,,30,30,TRUE
1743YKYELLOW-S,30,30,31,31,31,31,31,31,31,29,29,29,29,29,29,29,29,29,29,29,29,29,29,29,29,29,29,29,29,29,,30,30,TRUE
1743YKYELLOW-XL,0,0,0,0,0,0,0,0,0,0,0,0,0,0,0,0,0,0,0,0,0,0,0,1,1,1,1,1,1,1,,7,7,TRUE
1743YKYELLOW-XXL,0,0,1,0,0,0,0,0,0,0,0,0,0,0,0,0,0,0,0,0,0,0,0,0,0,0,0,0,0,0,,1,1,TRUE
1744YKMULTI-3XL,5,4,5,5,7,7,4,3,0,0,0,1,3,3,3,1,1,2,2,2,2,2,3,3,6,3,3,3,3,3,,27,27,TRUE
1744YKMULTI-4XL,1,1,1,2,2,2,1,1,1,1,1,1,2,2,2,2,2,2,1,1,1,2,2,2,2,2,2,2,2,2,,30,30,TRUE
1744YKMULTI-5XL,2,2,3,4,3,3,2,2,2,2,2,2,2,3,3,1,1,1,1,1,1,1,1,1,1,1,1,1,2,2,,30,30,TRUE
1744YKMULTI-L,3,3,3,4,4,4,4,4,1,1,1,1,1,3,3,2,2,2,1,1,1,1,3,3,10,3,3,3,3,3,,30,30,TRUE
1744YKMULTI-M,34,34,32,32,32,31,31,31,31,33,32,32,32,32,32,32,32,32,32,31,31,31,31,32,32,33,33,33,30,30,,30,30,TRUE
1744YKMULTI-S,6,7,6,7,7,7,4,5,4,4,4,4,4,4,4,3,3,3,3,3,3,3,3,3,5,3,3,3,4,4,,30,30,TRUE
1744YKMULTI-XL,1,1,1,1,1,1,1,1,1,1,1,1,1,1,1,1,1,1,1,1,1,1,1,1,1,1,1,1,1,1,,30,30,TRUE
1744YKMULTI-XXL,19,20,20,20,19,19,19,19,19,18,18,18,18,16,16,16,16,16,16,16,16,15,15,15,15,15,15,15,11,11,,30,30,TRUE
1746YKYELLOW-3XL,17,17,16,16,15,15,15,15,14,14,14,14,14,14,14,15,15,15,15,15,15,15,15,15,15,15,15,15,15,15,,30,30,TRUE
1746YKYELLOW-4XL,13,13,13,13,13,13,13,13,12,12,12,12,12,12,12,12,12,12,12,12,12,11,11,11,11,11,11,11,11,11,,30,30,TRUE
1746YKYELLOW-5XL,6,6,6,6,6,6,6,6,0,0,0,0,1,1,1,1,1,1,1,1,0,0,0,0,8,0,0,0,0,0,,17,16,FALSE
1746YKYELLOW-L,45,45,45,45,45,45,45,45,45,45,45,45,45,45,45,45,45,45,45,45,45,45,45,44,44,44,44,44,44,44,,30,30,TRUE
1746YKYELLOW-M,53,53,53,53,53,53,53,53,52,52,52,52,52,52,52,52,52,52,51,51,51,51,51,51,51,51,51,50,50,49,,30,30,TRUE
1746YKYELLOW-S,3,3,3,3,3,3,3,3,3,3,3,3,4,4,4,4,4,4,4,4,4,4,4,4,4,4,4,4,4,4,,30,30,TRUE
1746YKYELLOW-XL,31,31,31,31,31,30,30,30,30,30,30,30,30,29,29,29,29,29,29,29,29,29,29,28,28,28,28,28,28,28,,30,30,TRUE
1746YKYELLOW-XXL,29,30,30,30,30,30,30,29,29,29,29,29,29,29,29,29,29,29,29,29,28,28,28,28,28,28,28,28,28,28,,30,30,TRUE
1748YKMULTI-3XL,43,43,43,43,42,42,42,41,41,40,40,40,42,42,42,44,44,44,44,44,43,43,43,42,42,40,39,39,40,40,,30,30,TRUE
1748YKMULTI-4XL,41,41,41,43,42,42,41,40,40,40,40,40,41,41,41,40,40,40,39,39,39,40,40,40,39,39,37,36,34,28,,30,30,TRUE
1748YKMULTI-5XL,23,23,23,22,23,23,22,22,21,21,19,18,13,17,17,14,14,14,12,11,11,11,11,10,9,9,0,2,10,9,,29,30,FALSE
1748YKMULTI-L,75,75,75,75,75,75,75,75,75,75,75,76,76,76,76,76,76,76,76,76,75,75,75,75,75,75,75,75,75,75,,30,30,TRUE
1748YKMULTI-M,71,71,75,75,75,75,75,75,75,74,74,75,75,75,75,75,75,75,75,75,75,75,75,75,75,75,75,75,75,75,,30,30,TRUE
1748YKMULTI-S,16,16,16,16,16,16,16,16,16,16,16,16,16,16,16,16,16,16,16,16,16,16,16,16,16,16,16,16,16,16,,30,30,TRUE
1748YKMULTI-XL,64,64,64,64,64,64,64,64,64,64,64,64,64,64,64,64,64,64,63,63,63,62,62,62,62,62,63,63,63,63,,30,30,TRUE
1748YKMULTI-XXL,63,63,67,67,67,67,67,66,66,66,65,66,67,67,67,66,66,66,66,66,66,66,67,67,67,68,68,67,67,67,,30,30,TRUE
1749YKPINK-L,5,5,5,5,5,5,5,5,5,5,5,5,5,5,5,5,5,5,5,5,5,5,5,4,4,4,4,5,5,5,,30,30,TRUE
1749YKPINK-XL,1,1,1,1,1,1,1,1,1,1,0,0,0,0,0,0,0,0,0,0,0,0,0,0,0,0,0,0,0,0,,10,10,TRUE
174YK228GREY-M,0,0,0,0,0,0,0,0,0,0,0,0,0,0,0,0,0,0,0,0,0,0,0,0,0,0,0,0,0,0,,0,0,TRUE
174YK228GREY-XL,0,0,0,0,0,0,0,0,0,0,0,0,0,0,0,0,0,0,0,0,0,0,0,0,0,0,0,0,0,0,,0,0,TRUE
174YK228GREY-XXL,0,0,0,0,0,0,0,0,0,0,0,0,0,0,0,0,0,0,0,0,0,0,0,0,0,0,0,0,0,0,,0,0,TRUE
1750YKPURPLE-3XL,60,60,59,60,60,60,60,59,59,59,58,58,59,59,59,59,59,59,59,59,59,59,59,59,59,59,59,60,61,61,,30,30,TRUE
1750YKPURPLE-4XL,49,49,49,49,49,45,45,45,45,45,44,42,40,41,41,42,42,42,42,41,41,39,39,39,37,31,31,36,37,37,,30,30,TRUE
1750YKPURPLE-5XL,25,25,25,26,27,27,26,26,27,27,26,26,26,25,25,24,24,24,24,23,23,23,24,26,26,28,28,28,28,28,,30,30,TRUE
1750YKPURPLE-L,62,62,65,65,64,64,64,64,65,65,65,63,63,63,63,63,63,63,61,61,61,61,61,61,61,61,61,61,61,61,,30,30,TRUE
1750YKPURPLE-M,83,83,82,82,82,82,82,82,82,82,82,82,82,82,82,82,82,82,82,82,82,82,82,82,82,82,82,82,82,82,,30,30,TRUE
1750YKPURPLE-S,53,53,57,57,57,57,57,57,57,57,57,57,57,57,57,57,57,57,57,57,57,57,57,57,57,57,57,57,57,57,,30,30,TRUE
1750YKPURPLE-XL,59,59,60,60,60,60,60,60,60,60,60,60,60,60,60,60,60,60,60,60,60,60,60,60,60,60,60,60,60,60,,30,30,TRUE
1750YKPURPLE-XXL,65,65,65,65,65,65,65,65,66,66,66,66,66,66,66,64,64,64,64,64,64,64,64,64,64,64,64,64,64,64,,30,30,TRUE
1751YKMUSTARD-3XL,14,14,14,13,13,11,11,11,11,11,11,11,11,11,11,11,11,11,11,11,11,10,10,9,25,8,8,8,8,6,,30,30,TRUE
1751YKMUSTARD-4XL,12,12,12,12,11,11,11,11,11,11,11,11,11,11,11,11,11,11,9,9,9,9,9,8,14,8,8,8,8,8,,30,30,TRUE
1751YKMUSTARD-5XL,16,17,13,13,13,13,13,12,12,16,16,15,15,15,15,15,15,15,15,15,15,15,15,14,15,9,9,9,9,9,,30,30,TRUE
1751YKMUSTARD-L,2,2,1,0,0,0,0,1,1,0,0,0,1,0,0,1,1,1,0,0,0,0,0,0,0,0,0,0,0,6,,10,9,FALSE
1751YKMUSTARD-M,8,8,11,9,8,7,7,6,7,6,6,6,4,4,4,4,4,4,2,2,2,2,2,2,13,3,3,3,3,2,,30,30,TRUE
1751YKMUSTARD-S,8,8,7,8,7,6,6,6,6,5,5,4,0,4,4,4,4,4,3,3,3,2,2,2,11,2,1,1,2,1,,29,29,TRUE
1751YKMUSTARD-XL,2,1,1,1,2,2,1,1,1,1,1,1,1,1,1,1,1,1,1,1,1,1,1,1,1,1,1,1,1,1,,30,30,TRUE
1751YKMUSTARD-XXL,8,8,8,8,8,8,8,8,8,8,8,8,8,8,8,8,8,8,7,5,5,5,5,3,25,3,3,1,1,1,,30,30,TRUE
1752YKMULT-6XL,1,2,2,2,2,2,2,2,2,2,2,2,2,2,2,2,2,2,2,2,2,2,2,2,2,2,2,2,2,2,,30,30,TRUE
1752YKMULT-7XL,2,2,2,2,2,2,2,2,2,2,2,2,2,2,2,2,2,2,2,2,2,2,2,2,2,2,2,2,2,2,,30,30,TRUE
1752YKMULT-8XL,1,1,1,1,1,1,1,1,1,1,1,1,1,1,1,1,1,1,1,1,1,1,1,2,2,2,2,2,2,2,,30,30,TRUE
1752YKMULTI-3XL,1,1,2,1,2,2,2,2,1,1,1,1,2,2,2,2,2,2,2,1,1,1,1,1,1,1,1,1,1,1,,30,30,TRUE
1752YKMULTI-4XL,1,1,1,1,1,1,1,1,0,0,0,0,0,0,0,0,0,0,0,0,0,1,1,1,4,1,1,1,1,1,,17,17,TRUE
1752YKMULTI-5XL,0,0,1,1,2,1,1,1,1,0,0,0,0,0,0,0,0,0,0,0,0,0,0,0,2,0,0,0,0,0,,8,7,FALSE
1752YKMULTI-6XL,8,8,8,9,9,8,6,6,4,4,4,4,4,3,3,3,3,3,3,3,3,3,3,3,4,3,3,3,3,3,,30,30,TRUE
1752YKMULTI-7XL,2,2,1,1,1,1,1,1,1,1,1,1,1,1,1,1,1,1,2,2,2,1,1,1,1,1,1,1,1,1,,30,30,TRUE
1752YKMULTI-8XL,2,2,2,2,2,2,2,2,2,2,2,3,3,3,3,3,3,3,3,3,3,3,3,3,3,3,3,2,2,2,,30,30,TRUE
1752YKMULTI-L,1,1,1,1,1,1,1,1,1,1,1,1,1,1,1,1,1,1,1,1,1,1,1,1,1,1,1,1,1,1,,30,30,TRUE
1752YKMULTI-M,8,8,8,9,9,9,7,7,4,4,4,4,4,4,4,4,4,4,4,4,4,4,4,5,5,4,4,4,4,4,,30,30,TRUE
1752YKMULTI-S,33,33,33,33,33,33,33,33,33,33,24,33,33,33,33,33,33,33,33,33,33,33,33,33,33,33,33,33,33,33,,30,30,TRUE
1752YKMULTI-XL,3,3,3,3,3,3,3,3,0,0,0,0,0,0,0,0,0,0,0,0,0,0,0,0,2,0,0,0,1,3,,11,10,FALSE
1752YKMULTI-XXL,6,6,6,6,6,6,6,8,8,8,8,8,8,8,8,4,6,6,6,6,6,6,6,5,6,5,3,3,3,3,,30,30,TRUE
1753YKGREEN-3XL,24,24,24,24,24,22,22,22,20,20,18,18,18,18,18,18,18,18,18,18,18,18,18,18,18,18,18,18,19,19,,30,30,TRUE
1753YKGREEN-4XL,17,17,17,17,17,17,17,17,16,16,16,16,16,16,16,16,16,16,16,16,16,16,16,16,16,16,16,15,15,15,,30,30,TRUE
1753YKGREEN-5XL,11,11,13,13,13,10,10,10,10,10,10,10,9,8,8,8,8,8,8,8,8,8,8,8,8,8,8,8,8,8,,30,30,TRUE
1753YKGREEN-L,11,11,8,8,9,9,8,8,8,9,9,8,8,8,8,9,9,9,9,9,9,9,9,9,6,5,5,5,5,5,,30,30,TRUE
1753YKGREEN-M,15,15,14,12,14,14,14,14,13,12,12,13,13,13,13,13,13,14,14,14,14,13,14,14,14,14,14,14,15,15,,30,30,TRUE
1753YKGREEN-S,29,29,27,26,26,26,26,26,26,28,27,28,28,28,28,28,28,28,28,28,28,28,28,28,28,28,28,28,29,29,,30,30,TRUE
1753YKGREEN-XL,10,9,9,9,9,7,5,4,2,2,2,2,3,2,2,2,2,2,2,2,2,2,3,2,2,2,2,2,2,2,,30,30,TRUE
1753YKGREEN-XXL,4,4,4,6,6,6,4,4,4,4,4,2,2,3,3,2,2,2,2,1,1,1,1,2,2,2,2,2,3,3,,30,30,TRUE
1755YKBLUE-3XL,12,12,12,13,13,13,13,13,11,11,7,6,6,6,6,6,6,6,6,6,6,6,7,7,7,7,7,6,5,5,,30,30,TRUE
1755YKBLUE-4XL,0,0,0,0,0,0,0,0,0,0,0,0,0,0,0,0,0,0,0,0,0,0,0,0,0,0,0,0,0,0,,0,0,TRUE
1755YKBLUE-5XL,0,0,0,0,0,0,0,0,0,0,0,0,0,0,0,0,0,0,0,0,0,0,0,0,0,0,0,0,0,0,,0,0,TRUE
1755YKBLUE-L,29,29,29,29,29,29,29,29,29,29,29,29,29,29,29,29,29,29,28,28,28,28,28,28,28,26,26,26,26,26,,30,30,TRUE
1755YKBLUE-M,15,15,19,18,18,18,18,18,18,18,18,17,17,17,17,17,17,17,17,17,17,17,17,17,17,17,17,17,17,17,,30,30,TRUE
1755YKBLUE-S,19,19,19,19,19,19,19,19,19,19,19,19,19,19,19,19,19,19,19,19,19,19,19,19,19,19,19,19,19,19,,30,30,TRUE
1755YKBLUE-XL,20,20,22,22,22,22,22,22,22,22,22,20,20,20,20,20,20,20,18,18,18,18,18,18,18,18,18,18,18,18,,30,30,TRUE
1755YKBLUE-XXL,5,6,7,7,7,7,7,7,7,7,7,7,7,7,7,7,7,7,6,6,6,6,6,6,6,7,8,8,8,8,,30,30,TRUE
1756YKWHITE-3XL,5,5,5,6,6,6,6,6,6,5,4,4,4,4,4,3,3,3,3,3,3,3,3,3,2,3,3,3,3,3,,30,30,TRUE
1756YKWHITE-4XL,48,48,48,48,47,46,46,47,47,46,46,46,46,46,46,45,45,45,43,43,41,42,42,43,41,42,41,42,43,43,,30,30,TRUE
1756YKWHITE-5XL,23,23,26,28,28,27,27,27,27,27,27,27,27,28,28,27,27,27,25,25,25,25,25,25,25,25,25,25,25,25,,30,30,TRUE
1756YKWHITE-6XL,3,3,3,3,3,2,2,2,0,0,0,0,0,0,0,0,0,0,0,0,0,0,0,0,2,0,0,0,0,0,,9,8,FALSE
1756YKWHITE-7XL,3,3,3,3,3,3,3,3,3,3,3,3,3,3,3,3,3,3,3,3,3,4,4,4,4,3,3,3,3,3,,30,30,TRUE
1756YKWHITE-8XL,0,0,0,0,0,0,0,0,0,1,1,1,1,0,0,0,0,0,0,0,0,0,0,0,0,0,0,0,0,3,,5,4,FALSE
1756YKWHITE-L,23,23,23,23,23,23,23,23,23,23,23,23,23,23,23,23,23,23,23,23,23,23,23,23,23,23,23,23,23,23,,30,30,TRUE
1756YKWHITE-M,27,27,30,30,30,30,30,30,30,27,27,28,28,28,28,28,28,28,28,28,27,27,27,27,27,27,27,27,27,27,,30,30,TRUE
1756YKWHITE-S,11,11,11,11,11,11,11,12,12,12,12,12,12,12,12,12,12,12,12,12,12,12,12,12,12,12,12,12,12,12,,30,30,TRUE
1756YKWHITE-XL,30,30,30,30,30,30,30,30,30,30,30,30,30,30,30,30,30,30,30,30,30,30,30,30,30,30,30,30,30,30,,30,30,TRUE
1756YKWHITE-XXL,20,20,20,20,19,19,19,19,19,19,19,19,19,19,19,19,19,19,19,19,19,19,19,19,18,19,19,19,19,19,,30,30,TRUE
1758YKPINK-3XL,12,12,12,12,12,12,12,12,12,12,12,12,12,12,12,12,12,12,12,12,12,12,12,12,12,12,12,12,12,12,,30,30,TRUE
1758YKPINK-4XL,11,11,11,11,11,11,11,11,11,11,11,11,11,11,11,11,11,11,11,11,11,11,11,11,11,11,11,11,11,11,,30,30,TRUE
1758YKPINK-5XL,6,6,8,9,9,9,9,9,9,9,8,8,8,8,8,8,8,8,8,8,8,8,8,8,8,8,8,8,8,9,,30,30,TRUE
1758YKPINK-L,9,9,9,9,9,9,9,9,9,9,9,9,9,9,9,9,9,9,9,9,9,9,9,9,9,9,9,9,9,9,,30,30,TRUE
1758YKPINK-M,9,9,9,9,8,8,8,8,8,8,8,8,8,8,8,8,8,8,8,8,8,8,8,8,8,8,8,8,8,8,,30,30,TRUE
1758YKPINK-S,13,13,13,12,12,12,12,12,12,12,12,12,12,12,12,12,12,12,12,12,12,12,12,12,12,12,12,12,12,12,,30,30,TRUE
1758YKPINK-XL,10,10,11,11,11,11,11,11,11,11,11,11,11,11,11,11,11,11,11,11,11,11,11,11,11,11,11,11,11,11,,30,30,TRUE
1758YKPINK-XXL,9,9,9,10,10,10,10,10,10,10,10,10,10,10,10,10,10,10,10,10,10,10,10,10,10,10,9,9,9,9,,30,30,TRUE
1759YKMULTI-L,19,19,19,19,19,19,19,19,19,19,19,19,19,19,19,19,19,19,19,19,19,19,19,18,18,18,18,18,17,12,,30,30,TRUE
1759YKMULTI-M,7,7,7,7,7,7,7,7,7,7,7,7,7,7,7,7,7,7,7,7,7,7,7,7,6,5,5,5,3,3,,30,30,TRUE
1759YKMULTI-S,28,28,28,29,29,29,29,29,29,29,29,29,29,29,29,29,29,29,28,28,28,27,27,27,26,26,25,25,21,20,,30,30,TRUE
1759YKMULTI-XL,16,16,20,20,20,20,20,20,20,17,17,17,17,17,17,17,17,17,17,17,17,17,18,17,17,16,16,15,11,11,,30,30,TRUE
1759YKMULTI-XXL,7,8,11,11,11,11,11,11,11,11,11,11,11,11,11,11,11,11,11,11,11,11,11,11,11,9,9,7,7,7,,30,30,TRUE
1760YKPINK-3XL,0,0,0,0,0,0,0,0,0,0,0,0,0,0,0,0,0,0,0,0,0,0,0,0,0,0,0,0,0,0,,0,0,TRUE
1760YKPINK-4XL,0,0,0,0,0,0,0,0,0,0,0,0,0,0,0,0,0,0,0,0,0,0,0,0,0,0,0,0,0,0,,0,0,TRUE
1760YKPINK-5XL,0,1,1,1,1,1,1,1,1,1,1,1,1,1,1,1,1,1,1,0,0,0,0,0,0,0,0,0,0,0,,18,18,TRUE
1760YKPINK-6XL,0,0,0,0,0,0,0,0,0,0,0,0,0,0,0,0,0,0,0,0,0,0,0,0,0,0,0,0,0,1,,1,0,FALSE
1760YKPINK-7XL,0,0,0,0,0,0,0,0,0,0,0,0,0,0,0,0,0,0,0,0,0,0,0,0,0,0,0,0,0,0,,0,0,TRUE
1760YKPINK-8XL,0,0,0,0,0,0,0,0,0,0,0,0,0,0,0,0,0,0,0,0,0,0,0,1,1,1,1,1,1,1,,7,7,TRUE
1760YKPINK-L,0,0,0,0,0,0,0,0,1,1,1,1,1,1,1,1,1,1,1,1,1,1,1,1,1,1,1,1,1,1,,22,22,TRUE
1760YKPINK-M,4,5,6,6,6,6,6,6,0,0,0,0,1,1,1,2,2,2,2,2,2,2,2,1,3,1,1,1,1,1,,26,26,TRUE
1760YKPINK-S,5,5,5,5,5,4,4,4,4,4,3,3,3,3,3,3,3,3,3,3,3,3,3,3,2,2,2,2,2,2,,30,30,TRUE
1760YKPINK-XL,0,0,0,0,0,0,0,0,0,1,1,1,1,1,1,1,1,1,1,1,1,1,1,1,1,1,1,1,1,1,,21,21,TRUE
1760YKPINK-XS,1,1,1,2,2,2,2,2,0,0,0,0,0,0,0,0,0,0,0,0,0,0,0,2,2,2,2,2,2,2,,15,15,TRUE
1760YKPINK-XXL,0,0,0,0,0,0,0,0,0,0,0,0,0,0,0,0,0,0,0,0,0,0,0,0,0,0,0,0,0,0,,0,0,TRUE
1761YKLAVENDER-3XL,0,0,0,0,0,0,0,0,0,0,0,0,1,1,1,0,0,0,0,0,0,0,0,0,0,0,0,0,0,0,,3,2,FALSE
1761YKLAVENDER-4XL,0,0,0,0,0,0,0,0,0,0,0,0,0,0,0,0,0,0,0,0,0,0,0,0,0,0,0,0,0,1,,1,0,FALSE
1761YKLAVENDER-5XL,0,0,0,0,0,0,0,0,0,0,0,0,0,0,0,0,0,0,0,0,0,0,0,0,0,0,0,0,0,0,,0,0,TRUE
1761YKLAVENDER-L,0,0,0,0,0,0,0,0,0,0,0,0,0,0,0,0,0,0,0,0,0,0,0,0,0,0,0,0,0,0,,0,0,TRUE
1761YKLAVENDER-M,0,0,0,0,0,0,0,0,0,0,0,0,0,0,0,0,0,0,0,0,0,0,1,1,1,1,1,1,0,1,,7,4,FALSE
1761YKLAVENDER-S,0,0,0,1,1,1,1,1,2,2,1,1,1,1,1,1,1,1,0,0,0,0,0,0,0,0,0,0,0,2,,16,14,FALSE
1761YKLAVENDER-XL,0,0,0,0,0,0,0,0,0,0,0,0,0,0,0,0,0,0,0,0,0,0,0,0,0,0,0,0,0,0,,0,0,TRUE
1761YKLAVENDER-XXL,1,1,1,1,0,0,0,0,1,1,1,1,2,2,2,0,0,0,0,0,0,0,0,0,0,0,0,0,0,0,,11,11,TRUE
1763YKPINK-L,24,24,23,21,21,21,21,21,22,22,22,22,22,22,22,22,22,22,21,21,20,20,20,20,20,20,20,20,21,21,,30,30,TRUE
1763YKPINK-M,24,24,25,25,25,23,23,23,23,22,21,22,22,22,22,22,22,22,20,20,20,20,20,20,20,21,21,22,23,23,,30,30,TRUE
1763YKPINK-S,16,16,16,16,15,15,15,15,15,15,15,15,15,15,15,15,15,15,15,15,15,15,15,16,16,16,16,16,17,17,,30,30,TRUE
1763YKPINK-XL,14,14,14,14,14,14,14,13,13,13,13,13,12,12,12,12,12,12,12,12,12,12,12,13,13,13,15,14,14,14,,30,30,TRUE
1763YKPINK-XXL,21,20,19,19,19,17,17,17,17,17,11,15,16,16,16,16,17,17,17,17,16,16,16,16,16,16,17,17,17,17,,30,30,TRUE
1764YKBLUE-L,15,15,15,15,15,14,14,14,14,14,14,14,14,14,14,9,9,9,9,9,9,9,9,9,9,9,9,10,10,10,,30,30,TRUE
1764YKBLUE-M,47,47,47,47,47,47,47,47,47,47,47,47,47,47,47,47,47,47,47,47,47,47,47,47,47,47,48,47,47,47,,30,30,TRUE
1764YKBLUE-S,22,22,23,24,24,24,24,24,24,24,24,24,24,24,24,24,24,24,24,24,24,24,24,24,24,24,24,24,24,24,,30,30,TRUE
1764YKBLUE-XL,48,48,48,48,48,47,47,47,48,48,47,47,47,47,47,47,47,47,47,47,47,47,47,47,47,47,47,47,47,47,,30,30,TRUE
1764YKBLUE-XXL,37,37,37,37,37,37,37,37,36,36,36,36,36,36,36,35,35,35,35,35,35,35,35,35,35,36,37,37,37,37,,30,30,TRUE
1765YKBLUE-L,65,65,65,65,65,65,65,65,65,65,65,65,65,65,65,65,65,65,65,65,65,65,65,65,65,66,66,66,66,66,,30,30,TRUE
1765YKBLUE-M,65,65,69,69,69,69,69,69,68,67,67,67,66,66,66,66,66,66,64,64,64,64,64,64,64,64,67,67,67,67,,30,30,TRUE
1765YKBLUE-S,49,49,48,48,48,48,48,48,48,48,43,48,48,47,47,47,47,47,47,47,47,47,47,47,47,47,47,47,47,48,,30,30,TRUE
1765YKBLUE-XL,71,71,71,71,71,71,71,71,71,71,71,70,71,71,71,72,72,72,70,70,70,69,69,69,69,69,69,69,69,69,,30,30,TRUE
1765YKBLUE-XXL,64,64,64,64,64,64,64,64,64,64,64,64,64,64,64,64,64,64,64,64,64,64,65,65,65,65,65,65,65,65,,30,30,TRUE
1766YKMULTI-L,2,4,3,4,4,3,3,3,0,0,0,0,0,0,0,0,0,0,0,0,0,0,2,2,2,2,2,3,3,3,,16,16,TRUE
1766YKMULTI-M,1,1,1,3,3,3,3,2,0,0,0,0,0,0,0,0,0,0,0,0,0,0,0,0,3,0,0,0,0,0,,9,8,FALSE
1766YKMULTI-S,2,2,2,2,3,3,3,4,2,2,2,2,2,2,2,1,1,2,2,2,2,2,2,2,2,2,2,2,2,2,,30,30,TRUE
1766YKMULTI-XL,4,3,1,1,0,0,0,0,0,0,0,0,0,0,0,0,0,0,0,0,0,0,0,1,1,2,2,3,3,3,,11,11,TRUE
1767YKBLUE-L,0,1,0,0,0,0,0,0,0,1,1,0,0,1,1,1,1,1,0,0,0,0,0,0,0,0,0,1,1,2,,11,10,FALSE
1767YKBLUE-M,3,2,2,0,1,0,0,0,0,0,0,1,0,0,0,0,0,0,0,0,0,0,1,1,0,0,0,0,2,2,,9,10,FALSE
1767YKBLUE-S,2,2,0,0,0,0,0,1,1,1,1,1,1,1,1,1,1,1,0,0,0,0,0,0,1,0,0,0,1,1,,16,15,FALSE
1767YKBLUE-XL,0,0,0,0,0,0,0,0,0,0,0,0,0,0,0,0,0,0,0,0,0,0,0,0,0,0,1,1,2,2,,4,5,FALSE
1767YKBLUE-XXL,0,0,0,0,0,0,0,0,0,0,0,0,0,0,0,0,0,0,0,0,0,0,0,0,0,0,0,0,0,1,,1,0,FALSE
1768YKBLACK-L,8,8,8,9,9,9,6,5,1,1,1,1,1,1,1,1,1,1,1,1,1,1,1,1,3,1,1,1,2,2,,30,30,TRUE
1768YKBLACK-M,8,8,8,8,8,8,8,8,8,8,8,9,10,10,10,7,7,7,7,7,7,7,7,7,7,7,7,7,7,7,,30,30,TRUE
1768YKBLACK-S,30,33,33,33,33,33,33,33,33,33,33,33,33,33,33,32,32,32,31,31,31,31,31,31,31,31,32,32,33,33,,30,30,TRUE
1768YKBLACK-XL,0,0,0,0,0,0,0,0,0,0,0,0,0,0,0,0,0,0,1,1,1,1,1,0,0,0,0,0,1,1,,7,7,TRUE
1768YKBLACK-XXL,0,0,0,0,0,0,0,0,0,0,0,0,0,0,0,0,0,0,0,0,0,0,0,0,0,0,0,0,0,0,,0,0,TRUE
1769YKBLACK-L,26,26,31,31,31,31,31,31,31,30,30,30,29,29,29,29,29,29,27,27,27,27,27,27,27,27,28,28,28,28,,30,30,TRUE
1769YKBLACK-M,35,35,41,41,41,41,41,41,41,40,40,39,38,38,38,38,38,38,38,38,38,36,36,37,37,37,40,40,40,40,,30,30,TRUE
1769YKBLACK-S,40,40,44,44,44,44,44,44,44,44,40,44,44,44,44,44,44,44,44,44,44,44,44,45,45,45,45,45,45,45,,30,30,TRUE
1769YKBLACK-XL,32,32,32,33,33,33,33,33,33,33,33,33,33,33,33,33,33,33,33,33,33,33,33,33,33,33,33,33,34,34,,30,30,TRUE
1769YKBLACK-XXL,27,27,29,29,29,29,29,29,29,29,28,29,30,30,30,30,30,30,29,29,29,29,30,30,30,30,32,32,33,33,,30,30,TRUE
176YK275GREY-L,0,0,0,0,0,0,0,0,0,0,0,0,0,0,0,0,0,0,0,0,0,0,0,0,0,0,0,0,0,0,,0,0,TRUE
176YK275GREY-XXL,0,0,0,0,0,0,0,0,0,0,0,0,0,0,0,0,0,0,0,0,0,0,0,0,0,0,0,0,0,0,,0,0,TRUE
1771YKDGREEN-3XL,12,12,11,11,11,11,11,12,12,12,11,9,10,10,10,10,10,10,10,10,10,10,10,10,10,10,10,10,11,11,,30,30,TRUE
1771YKDGREEN-4XL,0,0,0,0,0,0,0,0,0,0,0,0,0,0,0,1,1,1,0,0,0,0,0,0,0,0,0,0,0,1,,4,1,FALSE
1771YKDGREEN-5XL,2,2,2,3,3,2,1,1,0,0,0,0,0,0,0,0,0,0,0,0,0,0,0,0,2,1,1,0,0,0,,11,11,TRUE
1771YKDGREEN-L,50,50,50,50,50,48,48,48,48,48,45,45,46,46,46,46,46,46,46,46,46,46,46,46,46,46,47,47,47,47,,30,30,TRUE
1771YKDGREEN-M,48,47,47,47,47,47,47,47,47,47,47,47,47,47,47,47,47,47,47,47,47,46,46,46,46,46,46,46,47,47,,30,30,TRUE
1771YKDGREEN-S,31,32,32,32,32,32,32,32,32,32,28,32,32,32,32,32,32,32,32,32,32,32,32,32,32,32,32,32,32,32,,30,30,TRUE
1771YKDGREEN-XL,38,38,38,38,39,39,39,39,39,39,34,37,37,37,37,37,37,37,37,37,37,37,37,37,37,37,38,38,38,38,,30,30,TRUE
1771YKDGREEN-XXL,32,32,34,34,34,34,34,34,34,34,34,34,34,34,34,34,34,34,34,34,34,34,34,34,34,34,34,34,34,34,,30,30,TRUE
1772YKDMULTI-3XL,66,66,66,74,74,74,74,74,74,74,70,74,74,74,74,74,74,74,74,74,74,74,74,73,73,73,73,73,73,73,,30,30,TRUE
1772YKDMULTI-4XL,45,48,48,75,75,75,75,72,71,70,70,70,70,71,71,72,72,72,72,73,73,73,73,73,73,73,73,73,73,72,,30,30,TRUE
1772YKDMULTI-5XL,43,43,43,43,43,43,43,42,42,42,42,42,43,43,43,43,43,43,40,40,40,40,41,41,41,41,41,41,41,41,,30,30,TRUE
1772YKDMULTI-L,72,73,73,73,73,73,73,73,73,73,71,73,73,73,73,73,73,73,72,72,72,72,72,72,72,72,72,72,72,72,,30,30,TRUE
1772YKDMULTI-M,73,73,73,73,73,73,73,73,73,73,73,73,73,73,73,73,73,73,72,72,72,72,72,72,72,72,72,72,72,72,,30,30,TRUE
1772YKDMULTI-S,40,40,40,47,47,47,47,47,47,47,47,47,47,47,47,47,47,47,46,46,46,46,46,46,45,46,46,46,39,39,,30,30,TRUE
1772YKDMULTI-XL,65,65,65,65,65,65,65,65,65,65,65,65,63,62,62,60,60,60,60,59,59,59,59,59,59,57,60,60,60,60,,30,30,TRUE
1772YKDMULTI-XXL,72,72,72,85,85,85,85,85,85,85,85,85,85,85,85,85,85,85,85,85,85,85,85,85,85,85,85,85,72,72,,30,30,TRUE
1774YKMULTI-5XL,0,0,0,0,0,0,0,0,0,0,0,0,0,0,0,0,0,0,0,0,0,0,0,0,0,0,0,0,0,1,,1,0,FALSE
1774YKMULTI-L,3,3,3,3,3,3,3,3,4,4,4,4,4,4,4,4,4,4,4,4,4,4,4,3,3,3,3,3,3,3,,30,30,TRUE
1774YKMULTI-M,1,1,1,1,1,1,1,1,1,1,1,1,1,1,1,1,1,1,1,1,1,1,1,1,2,1,1,1,1,1,,30,30,TRUE
1774YKMULTI-S,17,20,20,20,20,18,17,15,15,14,14,14,14,14,14,14,14,14,14,14,14,14,15,15,15,15,15,15,15,15,,30,30,TRUE
1774YKMULTI-XL,5,4,3,2,2,2,2,2,0,0,0,0,0,0,0,0,0,0,0,0,0,0,0,0,2,0,3,3,4,4,,13,12,FALSE
1775YKBLUE-3XL,96,96,96,96,95,89,92,90,91,91,91,91,91,91,91,84,84,84,82,82,82,81,81,82,82,82,82,83,83,82,,30,30,TRUE
1775YKBLUE-4XL,73,73,76,77,77,75,73,72,72,71,74,74,74,74,74,72,72,72,70,70,70,70,70,70,70,64,64,65,65,65,,30,30,TRUE
1775YKBLUE-5XL,58,58,54,60,58,57,57,57,56,56,56,56,55,55,55,56,56,56,53,53,48,53,53,54,53,54,54,54,55,55,,30,30,TRUE
1775YKBLUE-6XL,21,21,22,23,23,23,22,22,23,22,22,22,22,22,22,18,18,18,18,18,14,14,14,14,14,14,14,14,14,14,,30,30,TRUE
1775YKBLUE-7XL,25,25,25,25,25,24,21,21,21,21,21,21,21,21,21,21,21,21,21,21,21,21,21,21,21,21,21,21,21,21,,30,30,TRUE
1775YKBLUE-8XL,21,21,22,22,22,22,22,22,22,22,22,22,22,22,22,22,22,23,23,23,23,23,23,23,23,22,22,22,22,22,,30,30,TRUE
1775YKBLUE-L,35,34,35,34,34,34,35,36,37,37,36,36,35,35,35,35,35,35,34,32,34,34,34,32,31,32,32,32,32,32,,30,30,TRUE
1775YKBLUE-M,37,37,37,37,37,36,36,37,41,40,40,39,39,39,39,39,39,39,38,38,38,38,38,38,38,38,38,38,39,39,,30,30,TRUE
1775YKBLUE-S,15,15,15,15,14,14,14,14,12,12,12,12,12,12,12,12,12,12,12,12,12,12,12,12,12,13,13,13,12,12,,30,30,TRUE
1775YKBLUE-XL,98,98,106,106,106,104,105,105,106,105,105,104,105,104,104,102,102,102,100,100,96,96,96,94,93,93,93,93,92,92,,30,30,TRUE
1775YKBLUE-XS,14,14,15,15,15,15,19,19,19,19,19,19,19,19,19,19,19,19,17,17,17,17,17,17,17,16,16,16,16,16,,30,30,TRUE
1775YKBLUE-XXL,91,89,91,91,91,91,90,89,90,89,89,89,89,88,88,87,87,87,82,81,81,81,81,81,81,81,81,81,81,81,,30,30,TRUE
1777YKOFFWHITE-3XL,10,11,10,8,8,40,25,25,27,27,27,27,27,26,26,11,11,11,11,10,5,5,91,86,86,80,80,82,82,82,,30,30,TRUE
1777YKOFFWHITE-4XL,11,12,8,9,11,47,43,42,39,39,39,39,40,40,40,40,40,39,39,38,32,32,109,120,119,117,121,124,124,124,,30,30,TRUE
1777YKOFFWHITE-5XL,61,66,62,63,63,63,62,61,62,64,64,64,64,64,64,63,64,63,54,54,53,52,92,92,92,92,98,98,98,96,,30,30,TRUE
1777YKOFFWHITE-L,13,16,15,13,15,203,203,202,284,325,275,276,274,274,274,275,275,275,243,241,239,237,312,311,311,310,310,309,309,307,,30,30,TRUE
1777YKOFFWHITE-M,12,12,8,9,8,64,63,63,114,160,143,142,143,143,143,123,123,123,91,91,90,90,178,258,257,261,264,263,264,264,,30,30,TRUE
1777YKOFFWHITE-S,43,50,50,50,50,45,45,44,45,45,45,45,44,44,44,45,45,45,45,45,35,35,87,87,86,86,88,88,88,88,,30,30,TRUE
1777YKOFFWHITE-XL,4,4,2,2,1,25,25,25,63,216,135,134,132,130,130,129,129,129,95,95,94,93,110,138,147,103,103,103,103,102,,30,30,TRUE
1777YKOFFWHITE-XS,4,4,4,4,4,4,4,4,4,3,3,3,3,3,3,3,3,3,3,3,3,3,3,3,3,3,3,3,3,3,,30,30,TRUE
1777YKOFFWHITE-XXL,9,8,7,7,5,41,15,15,81,209,191,190,191,191,191,171,171,171,148,147,146,147,149,150,149,148,147,147,147,147,,30,30,TRUE
1778YKBLUE-L,7,7,7,7,7,7,7,7,7,7,5,7,7,7,7,7,7,7,7,7,7,7,7,7,7,7,7,7,7,7,,30,30,TRUE
1778YKBLUE-M,4,4,3,3,3,3,3,3,1,1,1,1,1,1,1,1,1,1,1,1,1,1,1,2,2,1,1,1,2,2,,30,30,TRUE
1778YKBLUE-S,21,21,21,21,21,21,21,21,21,21,19,19,19,19,19,19,19,19,19,19,18,18,19,19,19,19,19,19,19,19,,30,30,TRUE
1778YKBLUE-XL,2,2,2,2,2,2,2,2,2,2,2,2,2,2,2,2,2,2,2,2,1,1,2,2,2,2,2,2,2,2,,30,30,TRUE
1778YKBLUE-XXL,13,13,13,13,11,11,11,12,12,12,12,12,12,12,12,10,11,11,11,11,9,9,9,9,9,9,9,9,9,9,,30,30,TRUE
1779YKMULTI-L,1,1,1,1,0,0,0,0,0,0,0,0,0,0,0,1,1,1,1,1,1,1,2,2,2,2,2,2,2,2,,19,19,TRUE
1779YKMULTI-M,12,12,12,12,12,11,11,11,11,11,11,11,11,8,8,7,7,8,8,7,7,6,5,4,4,4,5,5,6,6,,30,30,TRUE
1779YKMULTI-S,31,31,33,34,34,34,34,34,34,12,7,11,11,11,11,12,12,12,11,11,11,11,11,10,10,10,10,10,10,10,,30,30,TRUE
1779YKMULTI-XL,0,0,0,1,1,1,1,1,1,1,1,1,1,1,1,1,1,1,1,1,0,0,0,0,0,0,0,0,0,0,,17,17,TRUE
1779YKMULTI-XS,36,36,36,36,36,36,36,36,36,36,31,36,35,35,35,35,35,35,34,34,32,32,32,35,34,34,34,34,35,35,,30,30,TRUE
177YK293BLACK-XL,0,0,0,0,0,0,0,0,0,0,0,0,0,0,0,0,0,0,0,0,0,0,0,0,0,0,0,0,0,0,,0,0,TRUE
177YK293BLACK-XXL,0,0,0,0,0,0,0,0,0,0,0,0,0,0,0,0,0,0,0,0,0,0,0,0,0,0,0,0,0,0,,0,0,TRUE
1780YKBLACK-L,0,0,0,0,0,0,0,0,0,0,0,0,0,0,0,0,0,0,0,0,0,0,0,1,1,1,1,1,0,1,,6,3,FALSE
1780YKBLACK-M,0,0,0,0,0,0,0,0,0,0,0,0,0,0,0,0,0,0,0,0,0,0,0,0,0,0,0,0,0,1,,1,0,FALSE
1780YKBLACK-S,2,1,2,1,1,1,1,1,1,1,1,1,1,1,1,1,1,1,1,1,1,1,2,2,2,2,3,3,3,3,,30,30,TRUE
1780YKBLACK-XL,0,0,1,0,0,0,0,0,0,0,0,0,0,0,0,0,0,0,0,0,0,0,0,0,0,0,0,0,0,0,,1,1,TRUE
1780YKBLACK-XS,1,1,1,1,1,1,1,2,1,1,1,1,1,1,1,1,1,1,1,1,1,0,1,1,3,1,2,2,2,2,,29,29,TRUE
1782YKDMUSTARD-3XL,47,47,47,47,47,47,47,47,47,47,47,47,47,47,47,47,47,47,47,47,47,47,47,47,47,47,47,47,47,47,,30,30,TRUE
1782YKDMUSTARD-4XL,43,43,43,43,43,43,43,43,43,43,43,43,43,43,43,43,43,43,43,43,43,43,43,43,43,43,43,43,43,43,,30,30,TRUE
1782YKDMUSTARD-5XL,43,43,43,43,43,43,43,43,41,41,41,41,41,41,41,41,41,41,41,41,41,41,41,41,41,41,41,41,41,41,,30,30,TRUE
1782YKDMUSTARD-6XL,17,17,17,17,17,17,17,17,17,17,17,17,17,17,17,17,17,17,17,17,17,17,17,17,17,18,18,18,18,18,,30,30,TRUE
1782YKDMUSTARD-7XL,14,14,19,19,19,19,19,19,19,19,19,19,19,19,19,18,18,18,18,18,18,18,18,18,18,19,19,19,19,19,,30,30,TRUE
1782YKDMUSTARD-8XL,6,6,6,6,6,6,6,6,6,6,4,4,4,4,4,4,4,4,4,4,4,4,4,4,4,4,4,4,4,4,,30,30,TRUE
1782YKDMUSTARD-L,49,49,52,51,50,50,50,50,48,48,48,48,48,48,48,48,48,48,48,48,46,48,48,48,48,47,47,47,47,47,,30,30,TRUE
1782YKDMUSTARD-M,40,40,43,43,43,43,43,43,43,43,43,43,43,43,43,43,43,43,43,43,43,43,43,43,43,43,43,43,43,43,,30,30,TRUE
1782YKDMUSTARD-S,22,22,22,22,22,22,22,22,22,22,22,22,22,22,22,22,22,22,22,22,22,22,22,22,22,22,17,17,18,18,,30,30,TRUE
1782YKDMUSTARD-XL,42,42,42,43,43,43,43,43,43,43,43,43,43,43,43,43,43,43,43,43,43,43,44,44,44,44,44,44,44,44,,30,30,TRUE
1782YKDMUSTARD-XS,2,2,1,1,1,1,1,1,1,1,1,1,1,1,1,1,1,1,1,1,1,1,1,1,1,1,1,1,1,6,,30,30,TRUE
1782YKDMUSTARD-XXL,47,47,47,47,47,47,47,47,46,46,46,46,47,47,47,47,47,47,47,47,47,47,47,47,47,46,46,46,46,46,,30,30,TRUE
1784YKDPINK-3XL,13,13,13,13,12,10,10,9,9,9,9,12,12,11,11,5,5,5,5,5,5,5,114,115,115,92,92,96,98,98,,30,30,TRUE
1784YKDPINK-4XL,16,16,15,15,15,15,15,15,8,8,8,8,7,6,6,6,6,6,5,5,3,5,55,29,29,20,20,20,35,35,,30,30,TRUE
1784YKDPINK-5XL,7,6,6,8,8,7,5,5,0,0,0,0,0,0,0,0,1,1,1,1,1,1,1,0,3,0,0,25,64,64,,19,17,FALSE
1784YKDPINK-L,9,7,2,7,6,6,3,3,3,3,61,117,58,56,56,35,35,34,32,27,31,31,49,46,45,29,33,37,94,93,,30,30,TRUE
1784YKDPINK-M,6,5,4,2,3,3,3,1,1,1,56,111,51,55,55,43,43,43,31,28,23,27,27,12,18,20,12,12,110,108,,30,30,TRUE
1784YKDPINK-S,11,11,10,10,9,8,8,6,5,4,4,4,4,4,4,23,22,18,17,13,16,15,111,105,104,107,101,101,109,109,,30,30,TRUE
1784YKDPINK-XL,15,14,9,6,10,7,6,7,2,3,6,13,0,4,4,100,100,95,64,58,59,54,138,139,138,116,114,129,140,140,,29,29,TRUE
1784YKDPINK-XXL,5,5,4,3,1,1,0,0,0,0,0,0,0,0,0,104,104,99,82,81,79,80,79,79,78,73,73,73,79,78,,21,21,TRUE
1785YKRED-3XL,95,95,95,96,96,96,96,96,96,96,95,95,96,96,96,96,96,96,94,94,94,94,94,94,94,84,84,84,84,84,,30,30,TRUE
1785YKRED-4XL,119,119,119,119,119,110,108,107,107,107,107,107,107,106,106,101,101,101,100,100,96,96,96,95,94,94,94,95,95,95,,30,30,TRUE
1785YKRED-5XL,77,77,77,78,79,74,74,74,74,74,74,74,74,74,74,66,66,66,66,66,60,60,60,60,59,60,60,59,53,53,,30,30,TRUE
1785YKRED-6XL,43,43,42,44,44,43,43,43,43,43,43,43,43,43,43,38,38,38,38,38,33,33,33,33,33,32,32,32,31,31,,30,30,TRUE
1785YKRED-7XL,63,63,63,63,62,62,62,62,62,62,62,62,62,62,62,62,62,62,61,61,61,60,60,60,60,60,60,59,59,59,,30,30,TRUE
1785YKRED-8XL,31,31,31,31,31,31,31,31,31,31,31,30,30,30,30,30,30,30,30,30,30,30,30,30,30,30,30,30,30,30,,30,30,TRUE
1785YKRED-L,77,77,77,78,78,77,77,77,77,77,77,77,77,77,77,72,72,72,71,71,71,71,71,71,71,71,71,71,66,66,,30,30,TRUE
1785YKRED-M,43,43,43,43,43,39,39,39,39,39,39,39,38,38,38,38,38,38,38,38,38,38,38,37,37,33,33,33,26,26,,30,30,TRUE
1785YKRED-S,58,58,58,58,58,58,58,58,58,58,58,58,58,58,58,58,58,58,58,58,58,58,58,57,57,57,57,57,53,53,,30,30,TRUE
1785YKRED-XL,104,104,104,105,105,105,105,105,105,105,105,105,105,104,104,104,104,104,104,104,104,104,104,104,104,99,99,99,89,89,,30,30,TRUE
1785YKRED-XXL,120,119,119,119,119,119,119,119,119,119,119,119,120,120,120,115,115,115,110,110,106,106,106,107,106,108,108,108,98,98,,30,30,TRUE
1786YKDBLUE-3XL,3,3,3,3,2,2,1,1,1,1,1,1,3,3,3,2,2,2,2,1,1,1,1,1,1,1,1,1,1,1,,30,30,TRUE
1786YKDBLUE-4XL,1,1,1,1,1,1,0,0,0,0,0,0,1,1,1,1,1,1,0,0,0,0,0,0,1,0,0,0,0,1,,14,12,FALSE
1786YKDBLUE-5XL,1,0,0,0,0,0,0,0,0,0,0,0,1,1,1,0,0,0,0,0,0,0,1,0,0,0,0,0,0,4,,6,4,FALSE
1786YKDBLUE-L,22,22,22,22,22,22,22,22,23,23,23,23,23,23,23,22,22,22,22,22,22,22,22,22,22,22,22,22,22,22,,30,30,TRUE
1786YKDBLUE-M,26,26,26,25,25,25,25,25,25,25,24,24,24,24,24,24,24,24,24,24,24,24,24,23,23,23,23,23,25,25,,30,30,TRUE
1786YKDBLUE-S,14,14,14,14,14,14,14,14,14,13,13,13,13,13,13,13,13,13,13,13,13,13,13,12,12,12,12,12,12,12,,30,30,TRUE
1786YKDBLUE-XL,17,17,17,18,18,18,18,18,18,18,17,17,17,17,17,17,17,17,17,17,17,17,17,17,17,17,17,17,17,17,,30,30,TRUE
1786YKDBLUE-XXL,15,16,16,16,16,14,14,14,12,12,12,11,11,11,11,11,11,11,11,10,10,10,10,11,11,11,11,11,12,12,,30,30,TRUE
1788YKDPINK-3XL,0,0,0,1,1,1,1,0,0,0,0,0,0,0,0,0,0,0,0,0,0,0,0,0,0,0,0,0,0,5,,5,4,FALSE
1788YKDPINK-4XL,1,1,0,1,1,1,1,1,1,1,1,1,1,1,1,1,1,1,0,0,0,0,0,0,0,0,0,0,0,0,,17,15,FALSE
1788YKDPINK-5XL,0,0,0,1,2,1,1,1,1,0,0,0,0,0,0,0,0,0,0,0,0,0,0,0,0,0,0,0,0,0,,6,6,TRUE
1788YKDPINK-L,15,15,15,15,15,15,15,15,15,12,11,11,11,11,11,11,11,11,11,11,11,11,11,11,11,11,11,11,11,11,,30,30,TRUE
1788YKDPINK-M,25,25,25,25,25,25,25,25,25,25,25,25,25,25,25,25,25,25,25,25,25,25,25,25,25,25,25,25,25,25,,30,30,TRUE
1788YKDPINK-S,15,15,15,21,21,21,21,21,21,21,20,21,21,21,21,21,21,21,21,21,21,21,21,21,21,21,21,21,15,15,,30,30,TRUE
1788YKDPINK-XL,13,13,13,13,12,10,10,10,10,10,8,8,8,8,8,7,7,7,7,7,7,7,7,7,7,5,5,5,5,5,,30,30,TRUE
1788YKDPINK-XXL,5,4,4,3,4,4,4,4,1,1,1,1,1,1,1,1,1,1,1,2,2,2,2,2,2,2,2,2,2,2,,30,30,TRUE
1789YKDLAVENDER-3XL,1,1,1,1,1,1,1,1,0,0,0,0,0,0,0,0,0,0,0,0,0,0,0,0,0,0,0,0,0,3,,9,8,FALSE
1789YKDLAVENDER-4XL,1,1,0,0,0,0,0,0,0,0,0,0,0,0,0,0,0,0,0,0,0,0,0,0,0,0,0,0,0,1,,3,3,TRUE
1789YKDLAVENDER-5XL,0,0,0,0,0,0,0,0,1,1,1,1,1,1,1,2,2,2,0,0,0,0,0,0,0,0,0,0,0,0,,10,10,TRUE
1789YKDLAVENDER-L,2,2,1,1,1,1,1,1,1,1,1,1,1,2,2,3,3,3,3,3,3,2,2,2,2,2,2,2,2,2,,30,30,TRUE
1789YKDLAVENDER-M,21,21,21,21,21,20,20,20,19,19,19,19,19,18,18,16,16,16,14,14,12,12,12,13,12,12,13,13,13,13,,30,30,TRUE
1789YKDLAVENDER-S,20,20,20,20,20,20,20,20,20,20,20,20,20,20,20,20,20,20,21,21,21,21,21,21,21,21,21,21,21,21,,30,30,TRUE
1789YKDLAVENDER-XL,2,2,3,4,5,5,3,3,0,0,0,0,0,0,0,0,0,0,0,0,0,0,0,0,3,0,0,0,0,0,,9,8,FALSE
1789YKDLAVENDER-XXL,13,13,13,13,13,13,12,12,13,13,13,13,11,11,11,11,11,11,10,10,9,9,9,9,9,9,10,10,9,9,,30,30,TRUE
178YK294YELLOW-3XL,0,0,0,0,0,0,0,0,0,0,0,0,0,0,0,0,0,0,0,0,0,0,0,0,0,0,0,0,0,0,,0,0,TRUE
178YK294YELLOW-4XL,0,0,0,0,0,0,0,0,0,0,0,0,0,0,0,0,0,0,0,0,0,0,0,0,0,0,0,0,0,0,,0,0,TRUE
178YK294YELLOW-5XL,0,0,0,0,0,0,0,0,0,0,0,0,0,0,0,0,0,0,0,0,0,0,0,0,0,0,0,0,0,0,,0,0,TRUE
178YK294YELLOW-L,0,0,0,0,0,0,0,0,0,0,0,0,0,0,0,0,0,0,0,0,0,0,0,0,0,0,0,0,0,0,,0,0,TRUE
178YK294YELLOW-M,0,0,0,0,0,0,0,0,0,0,0,0,0,0,0,0,0,0,0,0,0,0,0,0,0,0,0,0,0,0,,0,0,TRUE
178YK294YELLOW-S,0,0,0,0,0,0,0,0,0,0,0,0,0,0,0,0,0,0,0,0,0,0,0,0,0,0,0,0,0,0,,0,0,TRUE
178YK294YELLOW-XL,0,0,0,0,0,0,0,0,0,0,0,0,0,0,0,0,0,0,0,0,0,0,0,0,0,0,0,0,0,0,,0,0,TRUE
178YK294YELLOW-XXL,0,0,0,0,0,0,0,0,0,0,0,0,0,0,0,0,0,0,0,0,0,0,0,0,0,0,0,0,0,0,,0,0,TRUE
1790YKDGREY-3XL,32,32,32,32,32,32,31,31,31,31,31,31,31,31,31,31,31,31,31,31,31,31,31,31,31,32,32,32,32,32,,30,30,TRUE
1790YKDGREY-4XL,44,44,44,44,44,44,44,43,43,43,43,43,43,42,42,42,42,42,42,42,42,42,42,42,42,42,42,42,42,42,,30,30,TRUE
1790YKDGREY-5XL,16,16,20,20,20,20,20,20,21,22,22,22,22,22,22,22,22,22,22,22,22,22,22,29,29,29,29,29,30,30,,30,30,TRUE
1790YKDGREY-L,49,49,49,49,49,49,49,48,47,47,47,47,47,47,47,45,45,45,45,43,35,40,40,40,40,40,40,40,40,40,,30,30,TRUE
1790YKDGREY-M,50,50,50,50,50,50,50,50,50,50,48,50,50,50,50,49,49,49,49,49,49,48,48,48,48,49,49,50,52,52,,30,30,TRUE
1790YKDGREY-S,7,7,7,6,6,5,3,3,3,3,2,2,2,2,2,2,2,2,2,2,2,2,2,2,2,2,2,2,2,2,,30,30,TRUE
1790YKDGREY-XL,46,46,46,46,46,41,41,41,41,41,40,40,40,40,40,37,37,37,37,37,37,37,37,38,38,38,38,38,38,38,,30,30,TRUE
1790YKDGREY-XXL,36,36,36,36,34,34,34,34,34,34,34,34,34,34,34,34,34,34,34,34,34,34,34,35,35,35,35,35,34,29,,30,30,TRUE
1793YKDLAVENDER-3XL,13,12,12,12,9,9,9,9,10,10,7,7,0,7,7,5,3,3,2,2,2,2,2,3,3,2,2,2,6,5,,29,29,TRUE
1793YKDLAVENDER-4XL,42,44,44,45,44,43,42,42,39,39,38,36,33,36,36,33,33,33,25,24,24,24,24,22,21,21,19,18,18,13,,30,30,TRUE
1793YKDLAVENDER-5XL,14,14,14,15,14,13,11,10,10,9,9,9,14,13,13,11,10,10,9,9,8,7,7,3,10,5,5,5,8,5,,30,30,TRUE
1793YKDLAVENDER-XXL,37,38,35,37,37,37,37,37,35,34,34,35,36,36,36,35,35,35,34,32,34,35,35,35,35,35,35,34,35,34,,30,30,TRUE
1795YKDBLACK-L,1,1,10,5,10,10,8,8,6,6,6,5,5,5,5,5,5,5,5,5,5,5,5,5,5,5,5,5,5,5,,30,30,TRUE
1795YKDBLACK-M,4,4,4,4,4,2,2,2,0,0,0,0,0,0,0,0,0,0,0,0,0,0,0,0,2,0,0,0,1,1,,11,10,FALSE
1795YKDBLACK-S,2,2,2,2,2,2,2,5,3,3,3,3,3,3,3,3,3,3,3,3,3,3,3,3,3,3,3,3,3,3,,30,30,TRUE
1795YKDBLACK-XL,13,13,13,13,14,13,13,12,12,12,12,12,13,13,13,9,9,9,8,8,5,5,6,6,6,6,7,7,7,7,,30,30,TRUE
1795YKDBLACK-XS,12,12,12,12,12,12,12,12,12,12,15,15,15,15,15,15,15,15,15,14,14,14,14,14,14,14,14,14,14,14,,30,30,TRUE
1796YKBLACK-3XL,10,10,10,12,12,12,12,12,5,5,5,5,5,5,5,5,5,5,5,5,5,4,4,3,14,3,3,3,3,3,,30,30,TRUE
1796YKBLACK-4XL,2,2,2,4,4,4,4,4,4,4,4,4,4,4,4,4,4,4,4,4,4,4,4,4,6,4,3,3,2,2,,30,30,TRUE
1796YKBLACK-5XL,0,0,0,0,0,0,0,0,0,0,0,0,0,0,0,0,0,0,0,0,0,0,0,0,0,0,0,0,0,0,,0,0,TRUE
1796YKBLACK-XXL,19,19,19,18,18,18,18,18,15,15,14,15,15,15,15,14,14,14,14,14,14,13,13,13,13,13,13,12,12,12,,30,30,TRUE
1797YKBROWN-3XL,23,23,23,24,22,22,22,21,13,12,12,12,12,12,12,12,12,12,12,12,12,12,12,13,13,13,13,13,13,13,,30,30,TRUE
1797YKBROWN-4XL,22,22,22,21,19,19,19,19,18,17,17,17,17,17,17,17,17,17,15,11,14,14,14,10,12,12,12,12,11,11,,30,30,TRUE
1797YKBROWN-5XL,19,19,19,19,21,22,22,23,23,23,21,21,22,22,22,17,17,17,17,17,13,13,13,13,11,13,13,13,10,10,,30,30,TRUE
1797YKBROWN-L,14,14,13,13,13,13,13,13,3,3,2,2,1,2,2,2,2,2,2,2,2,2,2,1,9,1,1,1,1,1,,30,30,TRUE
1797YKBROWN-M,25,25,24,24,24,24,24,24,24,23,23,23,23,23,23,22,22,22,22,22,22,22,22,22,22,22,22,22,22,10,,30,30,TRUE
1797YKBROWN-S,29,29,29,30,30,30,30,30,28,28,28,28,26,26,26,26,20,20,20,20,20,20,20,20,19,20,24,24,24,24,,30,30,TRUE
1797YKBROWN-XL,16,16,15,14,14,14,14,14,0,0,0,0,0,0,0,0,0,0,0,0,0,0,0,0,17,0,0,2,4,4,,12,11,FALSE
1797YKBROWN-XXL,24,24,24,25,25,21,21,21,21,21,20,19,19,19,19,16,16,16,16,16,10,10,10,10,10,10,10,10,11,6,,30,30,TRUE
1798YKBLACK-3XL,19,19,19,20,20,19,19,18,18,18,18,18,18,18,18,17,17,17,17,17,17,17,17,13,13,11,8,7,8,6,,30,30,TRUE
1798YKBLACK-4XL,20,20,20,20,19,19,19,19,17,16,16,16,16,16,16,16,16,16,16,16,16,16,16,17,17,17,16,16,17,17,,30,30,TRUE
1798YKBLACK-5XL,38,38,38,38,37,37,37,37,37,36,36,36,36,36,36,36,36,36,35,35,32,32,32,31,31,31,31,30,30,29,,30,30,TRUE
1798YKBLACK-L,7,8,8,9,8,7,7,7,4,4,4,4,4,4,4,4,4,4,4,4,4,4,4,4,5,3,3,3,4,4,,30,30,TRUE
1798YKBLACK-M,24,24,24,24,24,24,24,24,21,21,21,21,21,21,21,19,19,19,19,19,19,19,19,19,19,19,19,19,19,19,,30,30,TRUE
1798YKBLACK-S,17,17,17,17,17,17,17,17,16,15,15,15,15,15,15,15,15,15,15,15,15,15,15,15,15,15,17,17,17,17,,30,30,TRUE
1798YKBLACK-XL,26,26,26,27,25,21,21,20,15,15,13,13,13,13,13,13,13,13,13,13,13,12,13,13,13,12,12,12,13,12,,30,30,TRUE
1798YKBLACK-XXL,10,9,9,9,8,8,8,8,8,8,8,8,8,8,8,7,7,7,7,7,7,7,7,8,8,8,8,8,7,7,,30,30,TRUE
179YK295MULTI-3XL,21,21,21,21,21,21,20,20,18,17,17,17,16,16,16,15,15,15,14,14,9,14,14,141,141,127,127,127,142,141,,30,30,TRUE
179YK295MULTI-4XL,11,11,11,11,11,11,5,5,4,4,3,3,4,4,4,4,4,33,34,34,29,28,28,157,156,147,147,147,157,157,,30,30,TRUE
179YK295MULTI-5XL,25,25,25,25,25,24,24,24,25,25,25,25,24,24,24,24,24,24,14,13,13,13,13,13,30,13,9,9,76,76,,30,30,TRUE
179YK295MULTI-6XL,19,19,18,18,17,10,10,10,10,10,10,9,9,9,9,8,8,82,82,82,82,82,82,81,81,70,70,70,72,72,,30,30,TRUE
179YK295MULTI-7XL,15,15,15,14,13,13,11,11,11,11,11,11,11,11,11,9,9,83,83,83,83,83,83,83,82,82,80,80,82,82,,30,30,TRUE
179YK295MULTI-8XL,15,16,16,16,16,16,16,15,15,15,15,15,15,15,15,15,15,15,15,15,15,15,15,26,26,26,25,25,52,52,,30,30,TRUE
179YK295MULTI-L,35,35,34,34,34,34,33,32,30,30,19,30,31,31,31,31,31,79,80,80,80,80,80,123,123,123,124,123,129,129,,30,30,TRUE
179YK295MULTI-M,19,19,17,19,18,18,18,18,10,10,7,7,2,8,8,8,8,69,69,69,69,69,69,68,68,68,69,69,72,71,,30,30,TRUE
179YK295MULTI-S,28,28,28,28,28,28,28,28,23,23,23,23,23,23,23,21,21,57,56,56,56,56,56,56,56,55,53,53,55,55,,30,30,TRUE
179YK295MULTI-XL,16,21,20,20,17,16,15,14,14,12,12,14,15,15,15,11,11,51,51,52,52,52,54,55,52,51,51,51,52,49,,30,30,TRUE
179YK295MULTI-XS,20,20,20,20,20,20,20,20,20,20,20,20,20,20,20,20,20,34,34,34,34,34,34,34,33,25,25,30,30,30,,30,30,TRUE
179YK295MULTI-XXL,21,21,21,22,23,23,23,23,14,14,14,14,15,14,14,12,12,12,10,8,3,8,8,8,22,4,4,4,100,97,,30,30,TRUE
1800YKDBLUE-3XL,49,49,54,54,54,54,54,54,54,54,54,54,54,54,54,54,54,54,54,54,54,54,54,54,54,54,54,54,54,54,,30,30,TRUE
1800YKDBLUE-4XL,77,79,79,79,79,79,79,79,79,79,79,79,79,78,78,78,78,78,78,78,78,78,78,78,78,78,78,78,78,78,,30,30,TRUE
1800YKDBLUE-5XL,45,45,47,47,47,47,46,46,46,46,46,45,45,45,45,45,45,45,44,44,44,44,44,44,42,40,40,45,45,45,,30,30,TRUE
1800YKDBLUE-L,43,43,43,43,43,43,43,43,43,43,43,43,43,43,43,44,44,44,44,44,44,44,44,44,44,44,44,44,44,44,,30,30,TRUE
1800YKDBLUE-M,41,41,41,41,41,38,37,37,37,36,36,36,36,36,36,36,36,36,36,36,36,36,36,36,36,36,36,36,36,36,,30,30,TRUE
1800YKDBLUE-S,29,29,29,29,29,29,29,29,28,28,28,28,28,27,27,26,26,26,23,23,23,23,23,23,23,23,23,23,24,24,,30,30,TRUE
1800YKDBLUE-XL,28,28,28,28,28,28,28,28,28,28,28,28,28,28,28,28,28,28,28,28,28,28,28,28,28,30,30,31,34,34,,30,30,TRUE
1800YKDBLUE-XXL,39,39,41,41,40,40,40,40,40,39,39,39,39,39,39,39,39,39,39,39,39,39,39,40,40,40,40,40,40,40,,30,30,TRUE
1803YKBLUE-L,2,2,2,2,2,2,2,2,2,2,2,2,2,2,2,2,2,2,2,2,2,2,2,2,1,1,1,1,1,1,,30,30,TRUE
1803YKBLUE-M,1,0,0,0,0,0,0,0,0,1,0,0,0,0,0,0,0,0,0,0,0,0,0,0,0,0,0,0,0,1,,3,2,FALSE
1803YKBLUE-S,6,7,7,6,6,4,2,3,3,2,2,2,4,4,4,3,3,3,4,4,3,3,4,4,4,4,4,4,4,4,,30,30,TRUE
1803YKBLUE-XL,0,0,0,0,0,0,0,0,0,0,0,0,0,0,0,0,0,0,0,0,0,0,0,0,0,0,0,0,0,0,,0,0,TRUE
1803YKBLUE-XS,4,4,4,4,4,4,3,3,3,3,1,1,1,1,1,1,1,1,1,1,1,1,1,1,3,1,1,1,1,1,,30,30,TRUE
1806YKPINK-3XL,9,9,9,11,11,11,9,9,6,5,5,5,5,5,5,5,5,5,4,4,4,4,4,4,10,4,4,4,4,4,,30,30,TRUE
1806YKPINK-4XL,19,20,19,23,23,23,23,23,20,21,21,21,21,21,21,21,21,21,21,21,21,21,21,19,19,19,19,19,19,12,,30,30,TRUE
1806YKPINK-5XL,1,1,1,1,1,1,1,1,1,1,1,0,0,0,0,0,0,0,0,0,0,0,0,0,7,1,1,0,0,0,,14,14,TRUE
1806YKPINK-L,0,0,0,0,0,0,0,0,0,0,0,0,0,0,0,0,0,0,0,0,0,0,0,0,8,0,0,0,0,0,,1,0,FALSE
1806YKPINK-M,9,9,9,9,9,9,9,9,3,1,3,3,3,3,3,3,3,3,3,3,3,2,2,2,10,2,2,2,2,2,,30,30,TRUE
1806YKPINK-S,15,15,15,15,15,15,15,15,15,15,15,15,15,15,15,15,15,15,15,15,15,15,15,15,15,15,15,15,15,15,,30,30,TRUE
1806YKPINK-XL,0,0,0,0,0,0,0,0,0,0,0,0,2,2,2,2,2,2,2,1,1,1,1,1,1,1,1,1,1,1,,18,18,TRUE
1806YKPINK-XS,2,2,2,2,2,2,2,2,0,0,0,0,0,0,0,0,0,0,0,0,0,0,0,0,0,0,0,0,0,5,,9,8,FALSE
1806YKPINK-XXL,2,2,2,2,1,1,1,1,1,1,1,2,2,2,2,2,2,2,2,2,2,2,2,2,8,3,3,3,3,3,,30,30,TRUE
1808YKDGREEN-L,1,0,2,0,3,3,2,2,0,0,0,0,0,0,0,0,0,0,0,0,0,0,0,0,2,0,0,0,0,0,,7,6,FALSE
1808YKDGREEN-M,7,6,6,4,3,2,2,3,2,2,2,2,2,2,2,2,2,2,3,3,2,2,3,3,3,2,2,2,2,2,,30,30,TRUE
1808YKDGREEN-S,2,1,1,1,1,1,1,1,1,1,1,1,1,1,1,1,1,1,1,1,1,1,1,2,2,1,1,1,1,1,,30,30,TRUE
1808YKDGREEN-XL,5,5,5,4,4,3,2,2,0,0,0,0,1,1,1,0,0,0,0,0,0,0,1,1,1,0,0,0,0,0,,14,14,TRUE
1808YKDGREEN-XXL,2,2,2,2,2,2,2,2,0,0,0,0,0,0,0,0,0,0,0,0,0,0,0,0,4,0,0,0,0,0,,9,8,FALSE
1809YKDYELLOW-3XL,0,0,0,1,1,1,1,1,1,0,0,1,1,1,1,2,2,2,1,1,1,1,1,1,1,1,1,7,5,4,,25,25,TRUE
1809YKDYELLOW-4XL,15,15,15,15,15,14,14,14,13,13,12,12,12,12,12,12,12,12,12,12,12,12,12,6,8,6,6,5,4,4,,30,30,TRUE
1809YKDYELLOW-5XL,14,14,13,13,13,12,11,11,13,13,13,13,13,13,13,13,13,13,12,12,12,12,12,12,12,11,11,11,9,9,,30,30,TRUE
1809YKDYELLOW-6XL,7,7,6,6,5,5,5,5,5,5,5,5,6,6,6,6,6,6,6,6,6,6,6,7,7,7,7,7,7,7,,30,30,TRUE
1809YKDYELLOW-7XL,7,7,7,7,7,7,7,7,7,7,6,7,7,7,7,7,7,7,7,7,7,7,7,8,8,8,8,8,8,8,,30,30,TRUE
1809YKDYELLOW-8XL,12,12,12,12,13,12,12,12,12,12,12,12,12,12,12,12,12,12,11,11,11,11,11,12,12,12,11,11,11,11,,30,30,TRUE
1809YKDYELLOW-L,2,1,1,1,1,1,1,1,1,1,1,1,1,1,1,1,1,1,2,2,1,1,1,1,3,1,1,5,4,3,,30,30,TRUE
1809YKDYELLOW-M,13,13,13,13,12,12,12,13,13,13,13,12,12,12,12,12,12,12,14,14,13,13,13,9,9,7,7,7,8,8,,30,30,TRUE
1809YKDYELLOW-S,47,47,47,46,45,45,45,46,43,43,41,41,40,40,40,40,40,40,40,40,40,37,37,37,37,37,37,37,38,37,,30,30,TRUE
1809YKDYELLOW-XL,0,0,0,0,0,0,0,0,1,0,0,0,3,3,3,1,1,1,1,1,1,1,1,1,0,1,1,1,1,1,,18,19,FALSE
1809YKDYELLOW-XS,17,17,17,22,22,22,22,22,22,22,22,20,20,20,20,20,20,20,18,18,18,18,18,19,18,18,17,17,17,17,,30,30,TRUE
1809YKDYELLOW-XXL,2,3,3,3,2,2,2,2,2,2,2,3,5,4,4,3,3,3,3,4,4,3,3,3,5,3,3,3,3,3,,30,30,TRUE
180YK296BLUE-S,0,0,0,0,0,0,0,0,0,0,0,0,0,0,0,0,0,0,0,0,0,0,0,0,0,0,0,0,0,0,,0,0,TRUE
1812YKGREEN-L,0,1,0,0,0,0,0,0,0,0,0,0,0,0,0,0,0,0,0,0,0,0,0,0,0,0,0,0,0,0,,1,1,TRUE
1812YKGREEN-M,0,0,0,0,0,0,0,0,0,0,0,0,0,0,0,0,0,0,0,0,0,0,0,0,0,0,0,0,0,0,,0,0,TRUE
1812YKGREEN-S,0,0,0,0,0,0,0,0,0,0,0,0,0,0,0,0,0,0,0,0,0,0,0,0,0,0,0,0,0,0,,0,0,TRUE
1812YKGREEN-XL,0,0,0,0,0,0,0,0,0,0,0,0,0,0,0,0,0,0,0,0,0,0,0,0,0,0,0,0,0,0,,0,0,TRUE
1812YKGREEN-XS,0,0,0,0,0,0,0,0,0,0,0,0,0,0,0,0,0,0,0,0,0,0,0,0,0,0,0,0,0,0,,0,0,TRUE
1812YKGREEN-XXL,0,0,0,0,0,0,0,0,0,0,0,0,0,0,0,0,0,0,0,0,0,0,0,0,0,0,0,0,0,0,,0,0,TRUE
1813YKMULTI-L,0,0,0,0,0,0,0,0,0,0,0,0,0,0,0,0,0,0,0,0,0,0,0,0,0,0,0,0,0,0,,0,0,TRUE
1813YKMULTI-M,0,1,0,0,0,0,0,0,0,0,0,0,0,0,0,0,0,0,0,0,0,0,0,0,0,0,0,0,0,0,,1,1,TRUE
1813YKMULTI-S,0,0,0,0,0,0,0,0,0,0,0,0,0,0,0,0,0,0,0,0,0,0,0,0,0,0,0,0,0,0,,0,0,TRUE
1813YKMULTI-XL,0,0,0,0,0,0,0,0,0,0,0,0,0,0,0,0,0,0,0,0,0,0,0,0,0,0,0,0,0,0,,0,0,TRUE
1813YKMULTI-XXL,0,0,0,0,0,0,0,0,0,0,0,0,0,0,0,0,0,0,0,0,0,0,0,0,0,0,0,0,0,0,,0,0,TRUE
1815YKBLACK-3XL,97,97,97,102,102,102,101,101,101,101,101,101,101,101,101,101,101,101,100,98,99,99,99,99,99,91,91,89,89,89,,30,30,TRUE
1815YKBLACK-4XL,68,68,68,68,69,69,69,69,69,69,69,69,71,70,70,70,70,70,70,70,70,70,70,70,70,66,66,66,66,66,,30,30,TRUE
1815YKBLACK-5XL,73,73,71,73,73,73,71,71,70,67,72,72,72,72,72,72,72,72,72,73,73,73,73,74,74,70,70,70,70,70,,30,30,TRUE
1815YKBLACK-6XL,16,16,18,30,29,27,27,27,26,20,20,20,20,20,20,20,20,20,20,19,19,19,20,20,19,19,19,19,15,15,,30,30,TRUE
1815YKBLACK-7XL,25,25,27,39,39,39,39,39,39,38,38,38,33,36,36,36,36,36,36,36,36,36,36,36,36,36,36,37,24,24,,30,30,TRUE
1815YKBLACK-8XL,17,17,21,31,31,31,31,31,31,31,31,31,31,31,31,31,31,31,31,31,31,31,31,31,31,31,31,31,21,21,,30,30,TRUE
1815YKBLACK-L,37,37,36,36,36,36,36,36,36,36,36,36,36,36,36,36,36,36,36,36,36,36,36,36,36,32,31,32,32,32,,30,30,TRUE
1815YKBLACK-M,41,41,41,63,63,63,63,63,63,63,62,63,63,63,63,63,63,63,63,63,63,63,63,63,63,63,63,63,41,41,,30,30,TRUE
1815YKBLACK-S,32,33,33,33,33,33,33,33,33,33,33,33,33,33,33,33,33,33,33,33,33,32,32,32,32,32,32,32,32,32,,30,30,TRUE
1815YKBLACK-XL,39,38,36,38,38,38,38,37,36,36,35,35,30,34,34,34,34,34,33,33,33,33,33,34,34,31,31,31,30,30,,30,30,TRUE
1815YKBLACK-XS,26,26,26,26,26,26,26,26,24,24,24,24,24,24,24,24,24,24,23,23,23,23,23,23,23,23,23,23,23,23,,30,30,TRUE
1815YKBLACK-XXL,68,68,68,68,67,67,67,67,67,69,69,69,64,69,69,68,68,68,68,68,68,68,68,68,68,68,68,68,68,68,,30,30,TRUE
1817YKPURPLE-3XL,53,53,50,48,48,47,47,47,39,39,39,39,39,38,38,37,37,37,34,33,32,32,33,32,31,24,24,24,24,24,,30,30,TRUE
1817YKPURPLE-4XL,86,86,86,86,86,78,77,77,75,75,74,74,76,76,76,71,71,73,73,73,73,73,73,74,74,74,74,74,64,64,,30,30,TRUE
1817YKPURPLE-5XL,104,104,103,103,103,102,102,101,101,101,101,101,103,102,102,103,103,103,102,102,101,101,102,101,101,96,95,93,83,83,,30,30,TRUE
1817YKPURPLE-6XL,25,28,28,29,29,28,27,27,25,24,24,24,23,23,23,23,23,23,23,23,23,22,22,23,23,23,23,24,24,24,,30,30,TRUE
1817YKPURPLE-7XL,31,32,28,28,27,26,23,23,23,23,23,23,24,24,24,23,23,24,24,23,18,22,22,22,22,23,23,23,23,23,,30,30,TRUE
1817YKPURPLE-8XL,24,23,23,23,23,21,21,20,21,21,21,20,19,18,18,11,11,11,12,11,7,7,9,9,9,8,7,7,8,7,,30,30,TRUE
1817YKPURPLE-L,94,94,101,101,101,101,101,101,101,99,99,99,99,98,98,97,97,98,98,98,98,98,98,98,97,93,93,94,90,90,,30,30,TRUE
1817YKPURPLE-M,92,92,96,96,96,96,96,96,96,96,94,93,93,92,92,91,91,95,95,95,94,92,94,93,93,89,89,89,89,88,,30,30,TRUE
1817YKPURPLE-S,34,36,35,33,35,35,35,35,35,35,34,36,35,35,35,33,33,33,33,33,30,30,30,30,30,30,30,30,27,26,,30,30,TRUE
1817YKPURPLE-XL,73,73,73,74,74,74,74,74,72,72,72,72,72,72,72,72,72,72,71,71,71,71,71,71,70,70,70,71,66,66,,30,30,TRUE
1817YKPURPLE-XXL,53,54,53,52,52,52,52,52,51,51,51,51,51,51,51,51,51,51,49,48,48,47,47,46,46,46,45,45,40,40,,30,30,TRUE
1819YKNAVY-3XL,36,36,35,36,36,36,36,36,36,35,34,34,34,34,34,34,34,34,34,34,34,34,34,34,34,34,34,35,35,35,,30,30,TRUE
1819YKNAVY-4XL,46,46,46,46,46,46,46,46,46,46,46,46,46,46,46,46,46,46,46,46,46,46,46,46,46,46,46,46,46,46,,30,30,TRUE
1819YKNAVY-5XL,21,22,21,21,21,21,21,21,21,21,21,21,21,21,21,21,20,20,19,19,19,19,19,19,19,19,19,19,19,19,,30,30,TRUE
1819YKNAVY-L,7,6,5,1,1,1,1,1,1,1,1,1,1,1,1,1,1,1,1,1,1,1,1,1,31,1,1,1,2,2,,30,30,TRUE
1819YKNAVY-M,47,47,46,46,46,46,46,46,46,46,46,46,46,46,46,45,45,45,45,45,45,45,45,45,45,45,45,45,46,46,,30,30,TRUE
1819YKNAVY-S,18,18,19,19,19,19,19,19,19,19,18,19,19,19,19,19,19,19,19,19,19,19,19,19,19,19,19,19,19,19,,30,30,TRUE
1819YKNAVY-XL,16,18,17,17,17,17,17,17,17,17,21,19,19,19,19,18,18,18,18,18,18,18,18,18,18,18,18,19,19,19,,30,30,TRUE
1819YKNAVY-XXL,32,32,29,29,29,29,29,29,29,29,29,29,29,29,29,29,29,29,29,29,29,29,29,29,29,29,30,30,30,30,,30,30,TRUE
181YK297YELLOW-L,0,0,0,0,0,0,0,0,0,0,0,0,0,0,0,0,0,0,0,0,0,0,0,0,0,0,0,0,0,0,,0,0,TRUE
181YK297YELLOW-M,0,0,0,0,0,0,0,0,0,0,0,0,0,0,0,0,0,0,0,0,0,0,0,0,0,0,0,0,0,0,,0,0,TRUE
181YK297YELLOW-S,0,0,0,0,0,0,0,0,0,0,0,0,0,0,0,0,0,0,0,0,0,0,0,0,0,0,0,0,0,0,,0,0,TRUE
181YK297YELLOW-XXL,0,0,0,0,0,0,0,0,0,0,0,0,0,0,0,0,0,0,0,0,0,0,0,0,0,0,0,0,0,0,,0,0,TRUE
1820YKGREY-3XL,0,0,0,0,0,0,0,0,0,0,0,0,0,0,0,0,0,0,0,0,0,0,0,0,0,0,0,0,0,0,,0,0,TRUE
1820YKGREY-4XL,0,0,0,0,0,0,0,0,0,0,0,0,0,0,0,0,0,0,0,0,0,0,0,0,0,0,0,0,0,0,,0,0,TRUE
1820YKGREY-5XL,1,1,1,1,1,1,1,1,1,1,1,1,1,1,1,1,1,1,1,1,1,1,1,1,1,1,1,1,1,1,,30,30,TRUE
1820YKGREY-6XL,0,0,0,0,0,0,0,0,0,0,0,0,0,0,0,0,0,0,0,0,0,0,0,0,0,0,0,0,0,0,,0,0,TRUE
1820YKGREY-L,0,0,0,0,0,0,0,0,0,0,0,0,0,0,0,0,0,0,0,0,0,0,0,0,0,0,0,0,0,0,,0,0,TRUE
1820YKGREY-M,0,0,0,0,0,0,0,0,0,0,0,0,0,0,0,0,0,0,0,0,0,0,0,0,0,0,0,0,0,0,,0,0,TRUE
1820YKGREY-XL,0,0,0,0,0,0,0,0,0,0,0,0,0,0,0,0,0,0,0,0,0,0,0,0,0,0,0,0,0,2,,1,0,FALSE
1820YKGREY-XXL,0,0,0,0,0,0,0,0,0,0,0,0,0,0,0,0,0,0,0,0,0,0,0,0,0,0,0,0,0,0,,0,0,TRUE
1821YKMULTI-L,0,0,0,0,0,0,0,0,0,0,0,0,0,0,0,0,0,0,0,0,0,0,0,0,0,0,0,0,0,0,,0,0,TRUE
1821YKMULTI-M,2,2,2,2,2,2,2,2,2,2,2,2,2,2,2,2,2,2,2,2,2,2,2,2,2,2,2,2,2,2,,30,30,TRUE
1821YKMULTI-XL,0,0,0,0,0,0,0,0,0,0,0,0,0,0,0,0,0,0,0,0,0,0,0,0,0,0,0,0,0,0,,0,0,TRUE
1821YKMULTI-XXL,1,1,1,1,1,0,0,0,0,0,0,0,0,0,0,0,0,0,0,0,0,0,0,0,0,0,0,0,0,2,,6,5,FALSE
1822YKYELLOW-3XL,1,1,1,1,1,1,1,1,1,1,1,1,1,1,1,1,1,1,1,1,0,0,0,0,0,0,0,0,0,0,,20,20,TRUE
1822YKYELLOW-4XL,0,0,0,0,0,0,0,0,0,0,0,0,0,0,0,0,0,0,0,0,0,0,0,0,0,0,0,0,0,0,,0,0,TRUE
1822YKYELLOW-5XL,0,0,0,0,0,0,0,0,0,0,0,0,0,0,0,0,0,0,0,0,0,0,0,0,0,0,0,0,0,1,,1,0,FALSE
1822YKYELLOW-6XL,1,1,1,1,1,1,1,1,1,1,1,1,1,1,1,1,1,1,1,1,1,1,1,2,2,1,1,1,1,1,,30,30,TRUE
1822YKYELLOW-L,9,9,9,9,9,9,9,9,9,9,9,9,9,9,9,9,9,9,5,5,5,5,6,6,6,6,6,6,6,7,,30,30,TRUE
1822YKYELLOW-M,8,8,8,8,8,8,8,8,8,8,8,8,8,8,8,8,8,8,7,7,7,7,7,7,7,7,7,7,7,7,,30,30,TRUE
1822YKYELLOW-XL,1,1,1,1,1,1,1,1,1,1,1,1,1,1,1,0,0,0,0,0,0,0,0,0,0,0,0,0,0,1,,16,15,FALSE
1822YKYELLOW-XXL,5,5,5,5,5,5,5,5,5,5,5,5,5,5,5,5,5,5,5,5,5,5,5,5,5,5,5,5,5,5,,30,30,TRUE
1823YKRED-L,0,0,0,0,0,0,0,0,0,0,0,0,0,0,0,0,0,0,0,0,0,0,0,0,0,0,0,0,0,0,,0,0,TRUE
1823YKRED-M,0,0,0,0,0,0,0,0,0,0,0,0,0,0,0,0,0,0,0,0,0,0,0,0,0,0,0,0,0,0,,0,0,TRUE
1823YKRED-XL,0,0,0,0,0,0,0,0,0,0,0,0,0,0,0,0,0,0,0,0,0,0,0,0,0,0,0,0,0,0,,0,0,TRUE
1823YKRED-XXL,0,0,0,0,0,0,0,0,0,0,0,0,0,0,0,0,0,0,0,0,0,0,0,0,0,0,0,0,0,0,,0,0,TRUE
1824YKMULTI-L,0,0,0,0,0,0,0,0,0,0,0,0,0,0,0,0,0,0,0,0,0,0,0,0,0,0,0,0,0,0,,0,0,TRUE
1824YKMULTI-M,0,0,0,0,0,0,0,0,0,0,0,0,0,0,0,0,0,0,0,0,0,0,0,0,0,0,0,0,0,0,,0,0,TRUE
1824YKMULTI-XL,0,0,0,0,0,0,0,0,0,0,0,0,0,0,0,0,0,0,0,0,0,0,0,0,0,0,0,0,0,0,,0,0,TRUE
1824YKMULTI-XXL,1,1,1,1,1,1,1,1,1,1,1,1,1,1,1,1,1,1,1,1,1,1,1,1,1,1,1,1,1,1,,30,30,TRUE
1825YKGREY-L,1,1,1,1,1,1,1,1,1,1,1,1,1,1,1,1,1,1,1,1,1,1,1,1,1,1,1,1,1,1,,30,30,TRUE
1825YKGREY-M,3,3,3,3,3,3,3,3,3,3,3,4,4,4,4,4,4,4,4,4,4,4,4,4,4,4,4,4,4,4,,30,30,TRUE
1825YKGREY-XL,0,0,0,0,0,0,0,0,0,0,0,0,0,0,0,0,0,0,0,0,0,0,0,0,0,0,0,0,0,0,,0,0,TRUE
1825YKGREY-XXL,0,0,0,0,0,0,0,0,0,0,0,0,0,0,0,0,0,0,0,0,0,0,0,0,0,0,0,0,0,0,,0,0,TRUE
1826YKMULTI-L,0,0,0,0,0,0,0,0,0,0,0,0,0,0,0,0,0,0,0,0,0,0,0,0,0,0,0,0,0,0,,0,0,TRUE
1826YKMULTI-M,0,0,0,0,0,0,0,0,0,0,0,0,0,0,0,0,0,0,0,0,0,0,0,0,0,0,0,0,0,0,,0,0,TRUE
1826YKMULTI-XL,0,0,0,0,0,0,0,0,0,0,0,0,0,0,0,0,0,0,0,0,0,0,0,0,0,0,0,0,0,0,,0,0,TRUE
1826YKMULTI-XXL,0,0,0,0,0,0,0,0,0,0,0,0,0,0,0,0,0,0,0,0,0,0,0,0,0,0,0,0,0,0,,0,0,TRUE
1827YKPINK-3XL,0,1,1,1,1,1,1,1,1,1,1,1,1,1,1,1,1,1,1,1,1,1,1,1,1,1,1,1,1,1,,29,29,TRUE
1827YKPINK-4XL,0,0,0,0,0,0,0,0,0,0,0,0,0,0,0,0,0,0,0,0,0,0,0,0,0,0,0,0,0,0,,0,0,TRUE
1827YKPINK-5XL,2,2,2,2,2,2,2,2,2,2,2,2,2,2,2,2,2,2,2,2,2,2,2,2,2,2,2,2,2,2,,30,30,TRUE
1827YKPINK-6XL,1,1,1,1,1,1,1,1,1,1,1,1,1,1,1,1,1,1,1,1,1,1,1,1,1,1,1,1,1,1,,30,30,TRUE
1827YKPINK-7XL,1,1,1,1,1,1,1,1,1,1,1,1,1,1,1,1,1,1,1,1,1,1,1,1,1,1,1,1,0,1,,29,26,FALSE
1827YKPINK-L,1,1,1,1,1,1,1,1,1,1,1,1,2,2,2,2,2,2,2,2,2,2,2,2,2,2,2,2,0,3,,29,24,FALSE
1827YKPINK-M,2,2,2,2,2,2,2,2,2,2,2,2,2,2,2,1,1,1,1,1,1,1,1,1,1,0,0,0,0,0,,25,24,FALSE
1827YKPINK-XL,0,0,0,0,0,0,0,0,0,0,0,0,0,0,0,0,0,0,0,0,0,0,0,0,0,0,1,1,2,2,,4,4,TRUE
1827YKPINK-XXL,0,0,0,0,0,0,0,0,0,0,0,0,0,0,0,0,0,0,0,0,0,0,0,0,0,0,0,0,0,0,,0,0,TRUE
1828YKBLUE-3XL,0,0,0,0,0,0,0,0,0,0,0,0,1,1,1,1,1,1,1,1,1,1,1,1,1,1,1,1,1,1,,18,18,TRUE
1828YKBLUE-4XL,0,0,0,0,0,0,0,0,0,0,0,0,0,0,0,0,0,0,0,0,0,0,0,0,0,0,0,0,0,0,,0,0,TRUE
1828YKBLUE-5XL,1,1,1,1,1,1,1,1,1,1,1,1,1,1,1,1,1,1,1,1,1,1,1,0,0,0,0,0,1,1,,25,24,FALSE
1828YKBLUE-6XL,0,0,0,0,0,0,0,0,0,0,0,0,0,0,0,0,0,0,0,0,0,0,0,0,0,0,0,0,0,0,,0,0,TRUE
1828YKBLUE-L,6,7,7,7,7,7,7,7,7,7,7,7,7,7,7,7,7,7,6,6,6,6,6,6,6,6,6,6,6,6,,30,30,TRUE
1828YKBLUE-M,4,4,4,4,4,4,4,4,4,4,4,4,4,4,4,4,4,4,4,4,4,4,4,4,4,4,4,4,5,5,,30,30,TRUE
1828YKBLUE-XL,2,2,2,2,2,2,2,2,2,2,2,2,2,2,2,2,2,2,2,2,2,2,2,2,2,2,2,2,2,2,,30,30,TRUE
1828YKBLUE-XXL,1,1,1,1,1,1,1,1,1,1,1,1,2,2,2,1,1,1,1,1,1,1,1,1,1,1,2,2,2,2,,30,30,TRUE
1829YKORANGE-L,0,0,0,0,0,0,0,0,1,1,1,1,1,1,1,1,1,1,1,1,1,1,1,1,1,1,1,1,1,1,,22,22,TRUE
1829YKORANGE-M,1,2,2,2,2,2,2,2,2,2,2,2,2,2,2,2,2,2,2,2,2,2,2,2,2,2,2,2,2,2,,30,30,TRUE
1829YKORANGE-XL,0,0,0,0,0,0,0,0,0,0,0,0,0,0,0,0,0,0,0,0,0,0,0,0,0,0,0,0,0,0,,0,0,TRUE
1829YKORANGE-XXL,0,0,0,0,0,0,0,0,0,0,0,0,0,0,0,0,0,0,0,0,0,0,0,0,0,0,0,0,0,0,,0,0,TRUE
182YK305MUSTARD-3XL,0,0,0,0,0,0,0,0,0,0,0,0,0,0,0,0,0,0,0,0,0,0,0,0,0,0,0,0,0,0,,0,0,TRUE
182YK305MUSTARD-4XL,0,0,0,0,0,0,0,0,0,0,0,0,0,0,0,0,0,0,0,0,0,0,0,0,0,0,0,0,0,0,,0,0,TRUE
182YK305MUSTARD-5XL,0,0,0,0,0,0,0,0,0,0,0,0,0,0,0,0,0,0,0,0,0,0,0,0,0,0,0,0,0,0,,0,0,TRUE
182YK305MUSTARD-L,0,0,0,0,0,0,0,0,0,0,0,0,0,0,0,0,0,0,0,0,0,0,0,0,0,0,0,0,0,0,,0,0,TRUE
182YK305MUSTARD-M,1,1,1,1,1,1,1,1,1,1,1,1,1,1,1,1,1,1,1,1,1,1,1,1,1,1,1,1,1,1,,30,30,TRUE
182YK305MUSTARD-S,3,3,3,3,3,3,3,3,3,3,3,3,3,3,3,3,3,3,3,3,3,3,3,2,2,2,2,3,3,3,,30,30,TRUE
182YK305MUSTARD-XL,0,0,0,0,0,0,0,0,0,0,0,0,0,0,0,0,0,0,0,0,0,0,0,0,0,0,0,0,0,0,,0,0,TRUE
182YK305MUSTARD-XXL,0,0,0,0,0,0,0,0,0,0,0,0,0,0,0,0,0,0,0,0,0,0,0,0,0,0,0,0,0,0,,0,0,TRUE
1830YKRED-L,0,0,0,0,0,0,0,0,0,0,0,0,0,0,0,0,0,0,0,0,0,0,0,0,0,0,0,0,0,0,,0,0,TRUE
1830YKRED-M,0,0,0,0,0,0,0,0,0,0,0,0,0,0,0,0,0,0,0,0,0,0,0,0,0,0,0,0,0,0,,0,0,TRUE
1830YKRED-XL,0,0,0,0,0,0,0,0,0,0,0,0,0,0,0,0,0,0,0,0,0,0,0,0,0,0,0,0,0,0,,0,0,TRUE
1830YKRED-XXL,0,0,0,0,0,0,0,0,0,0,0,0,0,0,0,0,0,0,0,0,0,0,0,0,0,0,0,0,0,0,,0,0,TRUE
1831YKRED-L,4,4,4,4,4,4,4,4,4,4,4,4,4,4,4,4,4,4,3,3,3,3,3,3,3,3,3,3,3,3,,30,30,TRUE
1831YKRED-M,7,7,7,7,7,7,7,7,7,7,6,7,7,7,7,7,7,7,6,6,6,6,6,6,6,6,6,6,6,6,,30,30,TRUE
1831YKRED-XL,4,4,4,4,4,4,4,4,4,4,4,4,4,4,4,4,4,4,4,4,4,4,4,4,4,4,4,4,4,4,,30,30,TRUE
1831YKRED-XXL,1,2,2,2,2,2,2,2,2,2,2,2,2,2,2,2,2,2,2,2,2,2,2,2,2,2,2,2,2,2,,30,30,TRUE
1832YKGREEN-L,0,0,0,0,0,0,0,0,0,0,0,0,0,0,0,0,0,0,0,0,0,0,0,0,0,0,0,0,0,0,,0,0,TRUE
1832YKGREEN-M,3,3,3,3,3,3,3,3,3,3,3,3,3,3,3,3,3,3,3,3,3,3,3,3,3,3,3,3,3,3,,30,30,TRUE
1832YKGREEN-XL,0,0,0,0,0,0,0,0,0,0,0,0,0,0,0,0,0,0,0,0,0,0,0,0,0,0,0,0,0,0,,0,0,TRUE
1832YKGREEN-XXL,0,0,0,0,0,0,0,0,0,0,0,0,0,0,0,0,0,0,0,0,0,0,0,0,0,0,0,0,0,0,,0,0,TRUE
1834YKPINK-L,29,29,33,33,33,33,33,33,33,33,33,33,33,33,33,33,33,33,33,33,33,33,33,33,33,33,33,33,33,34,,30,30,TRUE
1834YKPINK-M,20,20,25,29,29,29,29,29,29,29,29,29,29,29,29,29,29,29,29,29,29,29,29,29,29,29,29,29,29,29,,30,30,TRUE
1834YKPINK-S,32,32,32,32,32,32,32,32,32,32,32,32,32,32,32,32,32,32,32,32,32,32,32,32,32,32,32,33,33,33,,30,30,TRUE
1834YKPINK-XS,23,23,26,26,26,26,26,26,26,26,26,26,26,26,26,26,26,26,26,26,26,26,26,26,26,26,26,26,28,28,,30,30,TRUE
1836YKORANGE-3XL,4,4,3,3,3,3,3,3,1,1,1,1,1,1,1,1,1,1,1,1,1,1,1,2,2,2,2,2,3,3,,30,30,TRUE
1836YKORANGE-4XL,2,2,2,2,2,2,2,2,0,0,0,0,1,0,0,0,0,0,0,0,0,0,0,0,2,0,0,0,0,0,,10,9,FALSE
1836YKORANGE-5XL,0,0,0,0,0,0,0,0,0,0,0,0,0,0,0,0,0,0,0,0,0,0,0,0,0,0,0,0,0,0,,0,0,TRUE
1836YKORANGE-L,18,18,18,17,17,17,17,17,17,17,16,17,17,17,17,18,18,18,18,18,18,17,17,17,17,17,17,17,17,17,,30,30,TRUE
1836YKORANGE-M,13,13,13,13,13,13,13,13,13,13,13,13,13,13,13,11,12,12,11,11,11,11,11,11,11,11,11,11,12,12,,30,30,TRUE
1836YKORANGE-S,2,0,2,0,2,2,2,2,2,2,2,1,1,1,1,1,1,1,1,1,1,1,2,2,2,2,2,2,2,2,,28,28,TRUE
1836YKORANGE-XL,15,15,15,15,15,15,15,15,12,13,10,10,5,5,5,1,1,1,1,1,1,1,1,2,2,1,1,1,1,1,,30,30,TRUE
1836YKORANGE-XXL,23,23,23,23,23,23,23,23,23,23,23,23,23,23,23,23,23,23,23,23,23,23,23,22,22,22,22,22,22,22,,30,30,TRUE
1841YKBLACK-L,1,1,1,1,1,1,1,1,1,1,1,1,1,1,1,1,1,1,1,1,1,1,1,1,1,1,1,1,1,1,,30,30,TRUE
1841YKBLACK-M,0,0,0,1,1,1,1,2,2,2,2,2,2,2,2,1,1,1,1,1,1,1,1,1,1,1,1,2,1,1,,27,27,TRUE
1841YKBLACK-S,2,2,2,2,2,2,2,2,0,0,0,0,0,0,0,0,1,1,1,1,1,1,1,1,1,1,1,1,1,1,,22,22,TRUE
1841YKBLACK-XL,0,0,0,0,0,0,0,0,0,0,0,0,0,0,0,0,0,0,0,0,0,0,0,0,0,0,0,0,0,0,,0,0,TRUE
1841YKBLACK-XS,36,36,36,36,36,36,36,37,37,37,37,37,37,37,37,36,36,36,35,35,35,35,35,36,36,36,36,36,36,36,,30,30,TRUE
1843YKOFFWHITE-L,32,32,32,32,32,32,31,31,32,32,32,32,33,33,33,33,33,33,31,31,30,30,30,30,30,30,30,30,30,30,,30,30,TRUE
1843YKOFFWHITE-M,46,46,45,46,44,44,44,44,44,44,44,44,42,42,42,44,44,44,44,44,44,44,45,45,45,44,45,45,46,45,,30,30,TRUE
1843YKOFFWHITE-S,39,40,40,38,39,39,39,40,40,40,40,40,40,40,40,40,40,40,40,40,40,40,41,42,42,42,42,42,42,42,,30,30,TRUE
1843YKOFFWHITE-XL,6,6,5,6,6,6,6,5,5,5,5,5,5,5,5,5,5,5,3,3,3,3,3,3,3,3,3,3,5,5,,30,30,TRUE
1843YKOFFWHITE-XS,53,53,53,53,53,53,53,53,53,53,53,53,52,52,52,52,52,52,52,52,52,52,52,53,53,53,53,53,53,53,,30,30,TRUE
1844YKMULTI-L,2,2,3,3,3,3,3,3,0,0,0,0,1,1,1,1,1,1,1,1,1,1,1,1,3,1,1,1,2,2,,26,26,TRUE
1844YKMULTI-M,9,8,8,8,8,7,5,5,3,3,3,3,3,3,3,3,3,3,3,3,3,3,4,3,3,3,3,3,4,4,,30,30,TRUE
1844YKMULTI-S,13,13,11,12,12,12,12,14,14,16,13,13,13,13,13,13,13,13,13,13,13,13,13,13,13,11,11,11,11,10,,30,30,TRUE
1844YKMULTI-XL,1,0,0,0,0,0,0,0,0,0,0,0,1,1,1,1,1,1,1,0,1,1,1,0,0,0,0,0,1,1,,13,13,TRUE
1844YKMULTI-XS,24,24,24,26,26,26,25,24,24,24,22,22,22,22,22,22,22,23,23,23,23,23,23,25,25,24,24,24,24,24,,30,30,TRUE
1846YKWHITE-L,55,55,55,55,55,55,54,54,52,51,48,51,51,50,50,50,50,50,50,50,50,50,50,50,50,50,50,50,50,51,,30,30,TRUE
1846YKWHITE-M,60,60,60,60,60,60,60,60,60,60,53,59,60,60,60,60,60,60,59,59,59,59,59,59,59,59,59,59,60,60,,30,30,TRUE
1846YKWHITE-S,50,50,50,50,50,50,50,50,50,50,50,51,51,51,51,51,51,51,50,50,50,45,45,45,45,45,46,45,45,45,,30,30,TRUE
1846YKWHITE-XL,10,12,12,13,13,13,13,13,13,13,13,13,14,14,14,15,15,15,15,15,15,15,15,15,15,15,15,15,15,15,,30,30,TRUE
1846YKWHITE-XS,60,60,60,60,60,60,60,60,60,60,59,60,60,60,60,60,60,60,60,60,60,60,60,61,61,61,61,61,62,63,,30,30,TRUE
1849YKMULTI-L,0,0,0,1,1,1,1,1,1,1,1,1,1,1,1,1,1,1,0,0,0,0,1,1,1,0,0,0,0,0,,18,16,FALSE
1849YKMULTI-M,8,8,8,8,8,8,6,6,2,2,2,2,2,2,2,2,2,2,2,2,2,2,2,2,6,2,2,2,2,2,,30,30,TRUE
1849YKMULTI-S,14,14,14,14,14,14,13,14,14,14,14,14,14,14,14,14,14,14,14,14,14,14,14,14,14,14,14,14,14,14,,30,30,TRUE
1849YKMULTI-XL,0,1,1,1,1,1,1,1,1,1,1,1,2,2,2,2,2,2,0,0,0,0,1,1,1,1,1,1,1,1,,25,24,FALSE
1849YKMULTI-XXL,0,0,0,1,1,0,0,0,0,0,0,0,0,0,0,0,0,0,0,0,0,0,1,1,1,1,1,1,1,5,,10,9,FALSE
184YK300BLACK-M,1,1,1,1,1,1,1,1,1,1,1,1,1,1,1,1,1,1,1,1,1,1,1,1,1,1,1,1,1,1,,30,30,TRUE
184YK300BLACK-S,1,1,1,1,1,1,1,1,1,1,1,1,1,1,1,1,1,1,1,1,1,1,1,1,1,1,1,1,1,1,,30,30,TRUE
184YK300BLACK-XL,0,0,0,0,0,0,0,0,0,0,0,0,0,0,0,0,0,0,0,0,0,0,0,0,0,0,0,0,0,0,,0,0,TRUE
1851YKBROWN-L,0,0,0,0,0,0,0,0,0,0,0,0,0,0,0,0,0,0,0,0,0,0,0,0,0,0,0,0,0,5,,1,0,FALSE
1851YKBROWN-M,2,3,3,2,1,1,1,1,1,1,1,1,1,1,1,2,2,2,1,1,1,0,0,0,0,0,0,0,0,0,,21,21,TRUE
1851YKBROWN-S,2,2,2,2,2,2,2,2,2,2,2,2,2,2,2,2,2,2,2,2,2,1,1,1,1,1,1,1,1,1,,30,30,TRUE
1851YKBROWN-XL,0,0,0,0,0,0,0,0,0,0,0,0,0,0,0,0,0,0,0,0,0,0,0,0,0,0,0,0,0,0,,0,0,TRUE
1852YKGREY-L,56,56,56,56,56,56,56,56,56,56,56,56,57,57,57,57,57,57,57,57,57,57,57,58,56,58,58,58,56,56,,30,30,TRUE
1852YKGREY-M,58,59,59,59,59,59,58,59,59,59,59,59,59,59,59,59,60,60,60,60,60,59,59,59,59,59,59,59,59,59,,30,30,TRUE
1852YKGREY-S,67,67,67,67,67,67,67,67,67,67,67,67,67,67,67,67,67,67,64,64,64,64,64,63,63,63,63,64,64,64,,30,30,TRUE
1852YKGREY-XL,22,22,21,21,21,21,19,18,18,18,16,18,19,19,19,19,19,19,19,19,19,19,19,19,19,19,19,19,19,19,,30,30,TRUE
1852YKGREY-XS,63,63,66,67,67,67,67,67,67,67,65,65,65,65,65,65,65,65,65,65,65,65,65,65,65,65,65,65,65,65,,30,30,TRUE
1853YKBLUE-3XL,0,0,0,0,0,0,0,0,0,0,0,0,0,0,0,0,0,0,0,0,0,0,0,0,0,0,0,0,0,0,,0,0,TRUE
1853YKBLUE-4XL,0,0,0,0,0,0,0,0,0,0,0,0,0,0,0,0,0,0,0,0,0,0,0,0,0,0,0,0,0,0,,0,0,TRUE
1853YKBLUE-5XL,0,0,0,0,0,0,0,0,0,0,0,0,0,0,0,0,0,0,0,0,0,0,0,0,0,0,0,0,0,0,,0,0,TRUE
1853YKBLUE-6XL,0,0,0,0,0,0,0,0,0,0,0,0,0,0,0,0,0,0,0,0,0,0,0,0,0,0,0,0,0,0,,0,0,TRUE
1854YKYELLOW-L,1,1,1,1,1,1,1,1,1,1,1,1,1,1,1,1,1,1,1,1,1,1,1,1,1,1,1,1,1,1,,30,30,TRUE
1854YKYELLOW-M,2,2,2,2,2,2,2,2,2,1,1,0,0,0,0,0,0,0,0,0,0,0,0,0,0,0,0,0,0,2,,12,11,FALSE
1854YKYELLOW-XL,0,0,0,0,0,0,0,0,0,0,0,0,0,0,0,0,0,0,0,0,0,0,0,0,0,0,0,0,0,1,,1,0,FALSE
1854YKYELLOW-XXL,1,1,1,0,0,0,0,0,0,0,0,0,0,0,0,0,0,0,0,0,0,0,0,0,0,0,0,0,0,0,,3,3,TRUE
1855YKPINK-L,1,1,1,1,1,1,1,1,1,1,1,1,1,1,1,1,1,1,1,1,1,1,1,1,1,1,1,1,1,1,,30,30,TRUE
1855YKPINK-M,3,3,3,3,3,3,3,3,3,3,3,3,3,3,3,1,1,1,1,1,1,1,1,1,1,1,1,1,1,1,,30,30,TRUE
1855YKPINK-XL,2,2,2,2,2,2,2,2,2,2,2,2,2,2,2,2,2,2,2,2,2,2,2,2,2,2,2,2,2,2,,30,30,TRUE
1855YKPINK-XXL,1,1,1,1,1,1,1,1,1,1,1,1,1,1,1,1,1,1,1,1,1,1,1,1,1,1,1,1,1,1,,30,30,TRUE
1856YKPEACH-3XL,0,0,0,0,0,0,0,0,0,0,0,0,0,0,0,0,0,0,0,0,0,0,0,0,0,0,0,0,0,0,,0,0,TRUE
1856YKPEACH-4XL,0,0,0,0,0,0,0,0,0,0,0,0,0,0,0,0,0,0,0,0,0,0,0,0,0,0,0,0,0,0,,0,0,TRUE
1856YKPEACH-5XL,0,0,0,0,0,0,0,0,0,0,0,0,0,0,0,0,0,0,0,0,0,0,0,0,0,0,0,0,0,0,,0,0,TRUE
1856YKPEACH-6XL,1,1,1,1,1,1,1,1,1,0,0,0,0,0,0,0,0,0,0,0,0,0,0,0,0,0,0,0,0,0,,9,9,TRUE
1856YKPEACH-L,1,1,1,1,1,1,1,1,1,1,1,1,0,0,0,0,0,0,0,0,0,0,0,0,0,0,0,0,0,1,,13,12,FALSE
1856YKPEACH-M,0,0,0,0,0,0,0,0,0,0,0,0,0,0,0,0,0,0,0,0,0,0,0,0,0,0,0,0,0,0,,0,0,TRUE
1856YKPEACH-XL,0,0,0,0,0,0,0,0,0,0,0,0,0,0,0,0,0,0,0,0,0,0,0,0,0,0,0,0,0,0,,0,0,TRUE
1856YKPEACH-XXL,0,0,0,0,0,0,0,0,0,0,0,0,0,0,0,0,0,0,0,0,0,0,0,0,0,0,0,0,0,0,,0,0,TRUE
1857YKGREEN-3XL,1,1,1,1,1,1,1,1,1,1,1,1,1,1,1,1,1,1,1,1,1,1,1,1,1,1,1,1,1,1,,30,30,TRUE
1857YKGREEN-4XL,0,0,0,0,0,0,0,0,0,0,0,0,0,1,1,1,1,1,1,1,1,1,1,2,2,2,2,2,2,2,,17,17,TRUE
1857YKGREEN-5XL,0,0,0,0,0,0,0,0,0,0,0,0,1,1,1,1,1,1,1,1,1,1,1,1,1,1,1,1,1,1,,18,18,TRUE
1857YKGREEN-6XL,0,0,0,0,0,0,0,0,0,0,0,0,0,0,0,0,0,0,0,0,0,0,0,0,0,0,0,0,0,0,,0,0,TRUE
1857YKGREEN-L,1,1,1,1,1,1,1,1,1,1,1,1,1,1,1,1,1,1,1,1,1,1,1,1,1,1,1,1,1,1,,30,30,TRUE
1857YKGREEN-M,5,5,5,5,5,5,5,5,5,5,5,5,5,5,5,5,5,5,5,5,5,5,5,5,4,4,4,4,4,4,,30,30,TRUE
1857YKGREEN-XL,0,0,0,0,0,0,0,0,0,0,0,0,0,0,0,0,0,0,0,0,0,0,0,0,0,0,0,0,0,0,,0,0,TRUE
1857YKGREEN-XXL,2,3,3,3,3,3,3,3,3,3,1,3,3,3,3,2,2,2,2,2,2,2,2,2,2,2,2,2,2,2,,30,30,TRUE
1858YKBLUE-L,1,1,1,1,1,1,1,1,1,1,1,1,1,1,1,1,1,1,1,1,1,1,1,1,1,1,1,1,1,1,,30,30,TRUE
1858YKBLUE-M,3,3,3,3,3,3,3,3,3,3,3,3,3,3,3,3,3,3,3,3,3,3,3,3,3,3,3,3,3,3,,30,30,TRUE
1858YKBLUE-XL,1,1,1,1,1,1,1,1,1,1,1,1,1,1,1,1,1,1,1,1,1,1,1,1,1,1,1,1,1,1,,30,30,TRUE
1858YKBLUE-XXL,2,2,2,2,2,2,2,2,2,2,2,2,2,2,2,2,2,2,2,2,2,2,2,2,2,2,2,2,2,2,,30,30,TRUE
1859YKPINK-3XL,0,0,0,0,0,0,0,0,0,0,0,0,0,0,0,0,0,0,0,0,0,0,0,0,0,0,0,0,0,0,,0,0,TRUE
1859YKPINK-4XL,0,0,0,0,0,0,0,0,0,0,0,0,0,0,0,0,0,0,0,0,0,0,0,0,0,0,0,0,0,0,,0,0,TRUE
1859YKPINK-5XL,0,0,0,0,0,0,0,0,0,0,0,0,0,0,0,0,0,0,0,0,0,0,0,0,0,0,0,0,0,0,,0,0,TRUE
1859YKPINK-6XL,0,0,0,0,0,0,0,0,0,0,0,0,0,0,0,0,0,0,0,0,0,0,0,0,0,0,0,0,0,0,,0,0,TRUE
1859YKPINK-L,0,0,0,0,0,0,0,0,0,0,0,0,0,0,0,0,0,0,0,0,0,0,0,0,0,0,0,0,0,0,,0,0,TRUE
185YK302BLUE-3XL,31,31,28,27,27,27,27,27,20,22,22,22,22,22,22,19,19,19,16,17,16,16,16,15,27,15,15,17,17,17,,30,30,TRUE
185YK302BLUE-4XL,40,40,40,40,40,39,38,38,35,35,25,25,30,35,35,34,34,34,33,33,33,33,33,33,33,22,22,21,22,22,,30,30,TRUE
185YK302BLUE-5XL,20,23,22,23,22,22,22,22,14,14,14,14,14,14,14,14,14,14,10,9,7,7,7,5,24,7,7,7,7,7,,30,30,TRUE
185YK302BLUE-6XL,12,12,11,11,10,10,10,9,8,8,8,8,8,8,8,10,10,10,9,9,9,9,9,10,12,10,10,10,10,10,,30,30,TRUE
185YK302BLUE-7XL,31,31,30,29,29,29,28,28,25,25,25,25,25,25,25,25,25,25,25,25,25,25,25,25,25,24,24,24,24,24,,30,30,TRUE
185YK302BLUE-8XL,30,30,30,30,31,31,31,31,31,31,31,31,31,31,31,32,32,32,31,31,31,31,31,31,31,27,27,27,27,27,,30,30,TRUE
185YK302BLUE-L,10,9,9,9,9,9,7,7,4,4,4,4,4,4,4,4,4,4,4,4,4,4,4,4,10,4,4,4,4,4,,30,30,TRUE
185YK302BLUE-M,18,18,18,19,19,19,19,19,14,14,12,12,12,12,12,12,12,12,12,12,12,12,12,11,15,11,11,11,11,11,,30,30,TRUE
185YK302BLUE-S,46,46,46,46,46,46,46,46,46,43,43,43,43,43,43,43,43,43,43,43,43,43,43,43,43,43,43,43,43,43,,30,30,TRUE
185YK302BLUE-XL,36,36,36,36,37,37,36,36,20,20,20,20,20,20,20,18,18,18,18,18,18,18,18,18,28,18,18,18,18,18,,30,30,TRUE
185YK302BLUE-XS,15,15,15,15,15,15,15,15,15,15,13,15,15,15,15,15,15,15,15,15,15,15,15,15,15,15,15,15,15,15,,30,30,TRUE
185YK302BLUE-XXL,45,43,42,43,43,42,42,42,38,38,38,37,37,37,37,35,35,35,33,33,33,33,33,34,34,30,30,30,29,29,,30,30,TRUE
1860YKGREEN-L,1,1,1,1,1,1,1,1,1,1,1,1,1,1,1,1,1,1,1,1,1,1,1,1,1,1,1,1,1,2,,30,30,TRUE
1860YKGREEN-M,2,2,2,2,2,2,2,2,2,2,2,2,2,2,2,2,2,2,2,2,2,2,2,2,2,2,2,2,2,2,,30,30,TRUE
1860YKGREEN-XL,0,0,0,0,0,0,0,0,0,0,0,0,0,0,0,0,0,0,0,0,0,0,0,0,0,0,0,0,0,0,,0,0,TRUE
1860YKGREEN-XXL,0,0,0,0,0,0,0,0,0,0,0,0,0,0,0,0,0,0,0,0,0,0,0,0,0,0,0,0,0,0,,0,0,TRUE
1861YKPINK-3XL,0,0,0,0,0,0,0,0,0,0,0,0,0,0,0,0,0,0,0,0,0,0,0,0,0,0,0,0,0,0,,0,0,TRUE
1861YKPINK-4XL,0,0,0,0,0,0,0,0,0,0,0,0,0,0,0,0,0,0,0,0,0,0,0,0,0,0,0,0,0,0,,0,0,TRUE
1861YKPINK-5XL,0,0,0,0,0,0,0,0,0,0,0,0,0,0,0,0,0,0,0,0,0,0,0,0,0,0,0,0,0,0,,0,0,TRUE
1861YKPINK-6XL,0,0,0,0,0,0,0,0,0,0,0,0,0,0,0,0,0,0,0,0,0,0,0,0,0,0,0,0,0,0,,0,0,TRUE
1862YKLAVENDER-L,68,68,68,68,68,68,68,68,68,68,68,68,68,68,68,68,68,68,68,68,68,68,68,67,67,67,67,67,67,67,,30,30,TRUE
1862YKLAVENDER-M,73,73,73,73,73,73,73,73,73,73,73,73,73,73,73,73,73,73,73,73,73,69,69,69,69,69,71,71,71,71,,30,30,TRUE
1862YKLAVENDER-S,30,30,30,30,30,30,30,30,30,30,30,30,30,30,30,30,30,30,30,30,30,29,29,28,28,28,28,28,28,28,,30,30,TRUE
1862YKLAVENDER-XL,64,64,64,64,64,64,64,64,64,64,64,64,64,64,64,64,64,64,64,64,64,64,64,64,64,64,64,64,64,64,,30,30,TRUE
1862YKLAVENDER-XXL,75,75,78,78,78,78,78,78,78,78,78,77,77,76,76,76,76,76,76,76,76,75,75,75,75,75,75,75,75,75,,30,30,TRUE
1863YKMAROON-L,2,2,2,2,2,2,2,2,2,2,2,2,2,4,4,4,4,4,4,4,4,4,3,3,3,3,3,3,3,3,,30,30,TRUE
1863YKMAROON-M,13,13,13,13,13,11,11,11,11,11,7,9,9,9,9,7,7,7,7,7,7,7,7,7,7,6,6,6,7,7,,30,30,TRUE
1863YKMAROON-S,71,71,71,71,71,71,71,71,71,71,70,71,71,71,71,71,71,71,67,67,67,67,67,67,67,67,69,69,69,69,,30,30,TRUE
1863YKMAROON-XL,10,10,10,11,11,11,9,9,8,8,8,8,9,8,8,8,8,8,8,8,8,8,7,7,7,7,8,9,9,9,,30,30,TRUE
1863YKMAROON-XXL,37,37,37,37,37,37,37,37,37,37,37,37,37,37,37,37,37,37,37,37,37,37,37,36,36,35,36,36,36,36,,30,30,TRUE
1865YKSKYBLUE-L,0,0,0,0,0,0,0,0,0,0,0,0,0,0,0,0,0,0,0,0,0,0,0,0,0,0,0,0,0,0,,0,0,TRUE
1865YKSKYBLUE-M,0,0,0,0,0,0,0,0,0,0,0,0,0,0,0,0,0,0,0,0,0,0,0,0,0,0,0,0,0,0,,0,0,TRUE
1865YKSKYBLUE-S,3,3,3,3,3,3,3,3,3,3,3,3,3,3,3,3,3,3,3,3,3,3,3,3,3,3,3,3,3,3,,30,30,TRUE
1865YKSKYBLUE-XL,0,0,0,0,0,0,0,0,0,0,0,0,0,0,0,0,0,0,0,0,0,0,0,0,0,0,0,0,0,0,,0,0,TRUE
1865YKSKYBLUE-XXL,0,0,0,0,0,0,0,0,0,0,0,0,0,0,0,0,0,0,0,0,0,0,0,0,0,0,0,0,0,0,,0,0,TRUE
1866YKGREEN-L,1,1,2,1,2,2,2,2,0,0,0,0,0,0,0,0,0,0,0,0,0,0,0,0,2,0,0,0,0,0,,9,8,FALSE
1866YKGREEN-M,9,9,9,9,9,9,7,7,0,0,0,0,0,0,0,0,0,0,0,0,0,0,0,0,7,0,0,0,0,0,,9,8,FALSE
1866YKGREEN-S,30,30,30,30,30,29,29,29,29,29,29,29,29,29,29,29,29,29,28,23,28,28,28,28,28,28,28,28,28,28,,30,30,TRUE
1866YKGREEN-XL,5,5,4,5,5,4,3,3,0,0,0,0,0,0,0,0,0,0,0,0,0,0,0,0,2,0,0,0,0,0,,9,8,FALSE
1866YKGREEN-XXL,4,3,3,2,2,1,1,1,1,1,1,1,1,1,1,1,1,1,1,1,1,1,1,1,1,1,1,1,1,1,,30,30,TRUE
1867YKRED-L,21,21,21,21,21,21,21,18,16,16,14,14,14,14,14,13,13,13,13,13,12,12,12,12,12,12,12,12,12,12,,30,30,TRUE
1867YKRED-M,24,24,24,24,24,24,24,24,24,24,24,24,24,24,24,24,24,24,20,20,20,20,20,20,20,20,20,20,20,20,,30,30,TRUE
1867YKRED-S,18,18,18,18,18,18,18,18,18,18,18,18,18,18,18,19,19,19,19,19,19,19,19,19,19,19,19,19,19,19,,30,30,TRUE
1867YKRED-XL,3,4,4,4,4,4,3,3,0,0,0,0,0,0,0,0,0,0,0,0,0,0,0,0,5,0,0,0,0,0,,9,8,FALSE
1867YKRED-XXL,13,13,13,12,12,11,11,10,8,8,8,7,7,7,7,8,8,8,8,8,8,8,8,8,7,9,9,9,9,9,,30,30,TRUE
1868YKBROWN-L,1,1,1,1,1,1,1,1,1,1,1,1,1,1,1,1,1,1,1,1,1,1,1,1,5,1,1,1,1,1,,30,30,TRUE
1868YKBROWN-M,1,1,1,1,1,1,1,2,2,2,2,2,2,2,2,2,2,2,2,2,2,2,2,2,2,2,2,2,2,2,,30,30,TRUE
1868YKBROWN-S,0,1,1,0,0,0,0,1,1,1,1,1,2,2,2,2,2,2,2,2,2,2,2,2,2,2,2,2,1,1,,25,25,TRUE
1868YKBROWN-XL,1,1,1,1,1,1,1,1,0,0,0,0,0,0,0,0,0,0,0,0,0,0,0,0,0,0,0,0,0,0,,8,8,TRUE
1868YKBROWN-XXL,0,0,0,0,0,0,0,0,0,0,0,0,0,0,0,0,0,0,0,0,0,0,0,0,0,0,0,0,1,1,,2,2,TRUE
1869YKNAVYBLUE-L,0,0,0,0,0,0,0,0,0,0,0,0,0,0,0,0,0,0,0,0,0,0,0,0,0,0,0,0,0,0,,0,0,TRUE
1869YKNAVYBLUE-M,4,4,4,4,4,4,4,4,4,2,2,2,2,2,2,2,2,2,2,2,2,2,3,2,2,2,2,2,2,2,,30,30,TRUE
1869YKNAVYBLUE-S,4,4,4,4,4,2,2,2,2,2,2,2,2,2,2,2,2,2,2,2,2,2,2,1,1,1,1,1,2,3,,30,30,TRUE
1869YKNAVYBLUE-XL,0,0,0,0,0,0,0,0,0,0,0,0,0,0,0,0,0,0,0,0,0,0,0,0,0,0,0,0,0,0,,0,0,TRUE
1869YKNAVYBLUE-XXL,0,0,0,0,0,0,0,0,0,0,0,0,0,0,0,0,0,0,0,0,0,0,0,0,0,0,0,0,0,2,,1,0,FALSE
186YK303YELLOW-3XL,0,0,0,0,0,0,0,0,0,0,0,0,0,0,0,0,0,0,0,0,0,0,0,0,0,0,0,0,0,0,,0,0,TRUE
186YK303YELLOW-L,0,0,0,0,0,0,0,0,0,0,0,0,0,0,0,0,0,0,0,0,0,0,0,0,0,0,0,0,0,0,,0,0,TRUE
186YK303YELLOW-M,0,0,0,0,0,0,0,0,0,0,0,0,0,0,0,0,0,0,0,0,0,0,0,0,0,0,0,0,0,0,,0,0,TRUE
186YK303YELLOW-XL,0,0,0,0,0,0,0,0,0,0,0,0,0,0,0,0,0,0,0,0,0,0,0,0,0,0,0,0,0,0,,0,0,TRUE
186YK303YELLOW-XXL,1,1,1,1,1,1,1,1,1,1,1,1,1,1,1,1,1,1,1,1,1,1,1,1,1,1,1,1,1,1,,30,30,TRUE
1870YKBLUE-L,0,0,0,0,0,0,0,0,0,0,0,0,0,0,0,0,0,0,0,0,0,0,0,0,0,0,0,0,0,0,,0,0,TRUE
1870YKBLUE-M,1,1,1,1,1,1,1,1,1,1,1,1,1,1,1,1,1,1,1,1,1,1,1,1,1,1,1,1,1,1,,30,30,TRUE
1870YKBLUE-S,1,1,1,1,1,1,1,1,1,1,1,1,1,1,1,1,1,1,1,1,1,1,1,1,1,1,1,1,1,1,,30,30,TRUE
1870YKBLUE-XL,0,0,0,0,0,0,0,0,0,0,0,0,0,0,0,0,0,0,0,0,0,0,0,0,0,0,0,0,0,2,,1,0,FALSE
1870YKBLUE-XXL,0,0,0,0,0,0,0,0,0,0,0,0,0,0,0,0,0,0,0,0,0,0,0,0,0,0,0,0,0,1,,1,0,FALSE
1871YKBLUE-L,1,1,1,1,1,0,0,0,0,0,0,0,0,0,0,0,0,0,0,0,0,0,0,0,0,0,0,0,0,0,,5,5,TRUE
1871YKBLUE-M,10,11,11,11,11,11,11,11,9,9,9,9,9,9,9,9,9,9,7,6,6,6,6,6,6,7,6,6,6,6,,30,30,TRUE
1871YKBLUE-S,14,14,14,14,14,14,14,14,14,14,14,14,13,12,12,12,12,12,12,12,12,12,12,12,12,12,12,12,12,11,,30,30,TRUE
1871YKBLUE-XL,3,3,4,5,5,5,3,2,0,0,0,0,1,1,1,1,1,1,0,0,0,0,0,0,1,1,1,1,0,6,,19,13,FALSE
1871YKBLUE-XXL,1,1,1,1,0,0,0,0,0,0,0,0,0,0,0,0,0,0,0,0,0,0,0,1,1,1,1,1,1,1,,11,11,TRUE
1873YKSKYBLUE-F,10,9,9,9,9,9,9,9,9,9,9,9,8,8,8,8,8,8,8,8,8,8,8,8,8,8,8,8,13,18,,30,30,TRUE
1874YKMUSTARD-3XL,0,0,0,0,0,0,0,0,0,0,0,0,0,0,0,0,0,0,0,0,0,0,0,0,0,0,0,0,0,1,,1,0,FALSE
1874YKMUSTARD-4XL,0,0,0,0,0,0,0,0,0,0,0,0,0,0,0,0,0,0,0,0,0,0,0,0,0,0,0,0,0,0,,0,0,TRUE
1874YKMUSTARD-5XL,0,0,0,0,0,0,0,0,0,0,0,0,0,1,1,1,1,1,1,1,1,1,1,1,1,1,1,1,0,1,,16,11,FALSE
1874YKMUSTARD-L,0,0,0,0,0,0,0,0,0,0,0,0,0,0,0,0,0,0,0,0,0,0,0,0,0,0,0,0,0,1,,1,0,FALSE
1874YKMUSTARD-M,5,5,5,5,5,5,5,6,5,5,5,5,5,5,5,5,5,5,5,5,5,5,5,5,10,5,5,5,5,5,,30,30,TRUE
1874YKMUSTARD-S,3,3,3,3,3,3,3,3,1,0,1,1,1,1,1,1,1,1,1,1,1,1,1,1,2,1,1,1,1,1,,29,29,TRUE
1874YKMUSTARD-XL,0,0,0,0,0,0,0,0,0,0,0,0,0,0,0,0,0,0,0,0,0,0,0,0,0,0,0,0,0,0,,0,0,TRUE
1874YKMUSTARD-XXL,0,0,0,0,0,0,0,0,0,0,0,0,0,0,0,0,0,0,0,0,0,0,0,0,0,0,0,0,0,1,,1,0,FALSE
1875YKDWHITE-3XL,0,0,0,2,2,2,2,2,0,0,0,0,0,0,0,0,0,0,0,0,0,0,0,0,0,0,0,0,0,5,,6,5,FALSE
1875YKDWHITE-4XL,0,0,0,0,0,0,0,0,0,0,0,0,0,0,0,0,0,0,0,0,0,0,0,0,1,1,1,1,0,0,,4,4,TRUE
1875YKDWHITE-5XL,0,0,0,0,0,0,0,0,0,0,0,0,1,1,1,1,1,1,0,0,0,0,0,0,0,0,0,0,0,0,,6,4,FALSE
1875YKDWHITE-6XL,0,0,0,0,0,0,0,0,0,0,0,0,0,0,0,0,0,0,0,0,0,0,0,0,0,0,0,0,0,4,,1,0,FALSE
1875YKDWHITE-7XL,0,0,0,0,0,0,0,0,0,0,0,0,0,0,0,0,0,0,0,0,0,0,0,0,0,0,0,0,0,0,,0,0,TRUE
1875YKDWHITE-8XL,2,2,2,2,2,2,2,2,2,2,1,1,1,1,1,1,1,1,1,1,0,0,0,0,0,0,0,0,1,1,,22,22,TRUE
1875YKDWHITE-L,0,0,1,1,2,2,2,2,1,1,1,0,0,0,0,0,0,0,0,0,0,0,1,1,1,1,1,1,0,3,,16,13,FALSE
1875YKDWHITE-M,6,6,6,5,5,5,3,3,1,1,1,1,1,1,1,1,1,1,1,1,0,0,0,1,2,1,1,1,1,1,,27,27,TRUE
1875YKDWHITE-S,5,5,4,4,4,4,4,5,5,5,5,5,5,5,5,5,5,5,5,5,4,3,5,5,4,3,2,2,3,3,,30,30,TRUE
1875YKDWHITE-XL,1,1,0,0,0,0,0,0,0,0,0,0,0,0,0,0,0,0,0,0,0,0,0,0,0,0,0,0,0,0,,2,2,TRUE
1875YKDWHITE-XXL,0,0,0,1,1,0,0,0,0,0,0,0,2,2,2,2,2,2,1,1,1,1,1,1,1,1,1,1,0,0,,18,16,FALSE
1875YKMAROON-6XL,3,3,3,3,3,3,3,3,3,3,3,3,3,3,3,3,3,3,3,3,3,3,3,3,3,3,3,3,3,3,,30,30,TRUE
1875YKMAROON-7XL,5,5,5,5,5,5,5,5,5,5,5,5,5,5,5,5,5,5,5,5,5,5,5,5,5,5,5,5,5,5,,30,30,TRUE
1875YKMAROON-8XL,5,5,5,5,5,5,5,5,5,5,5,5,5,5,5,5,5,5,5,5,5,5,5,5,5,5,5,5,5,5,,30,30,TRUE
1875YKMAROON-XXL,4,4,4,4,4,4,4,4,4,4,4,4,4,4,4,4,4,4,4,4,4,4,4,4,4,4,4,4,4,4,,30,30,TRUE
1876YKMAROON-L,49,49,49,49,49,48,48,48,48,48,48,48,48,48,48,48,48,48,49,49,49,49,49,49,49,49,49,49,49,50,,30,30,TRUE
1876YKMAROON-M,44,44,44,56,56,56,56,57,58,58,58,58,58,58,58,58,58,58,58,58,58,58,58,58,58,58,58,58,46,46,,30,30,TRUE
1876YKMAROON-S,16,16,19,20,20,20,20,20,20,20,20,20,20,20,20,20,20,20,21,21,21,21,21,21,21,21,21,21,21,22,,30,30,TRUE
1876YKMAROON-XL,44,44,44,44,44,44,44,44,44,41,41,41,43,43,43,43,43,43,43,43,43,43,43,42,42,42,42,42,43,43,,30,30,TRUE
1876YKMAROON-XXL,39,41,41,40,40,40,40,40,40,40,40,40,40,40,40,40,40,40,40,41,41,41,41,41,41,41,41,41,41,41,,30,30,TRUE
1877YKSKYBLUE-L,26,26,26,26,26,26,26,26,26,26,26,26,26,26,26,26,26,26,26,26,26,26,26,26,26,26,26,26,26,26,,30,30,TRUE
1877YKSKYBLUE-M,27,28,28,28,28,28,28,28,28,28,27,28,28,28,28,28,28,28,28,28,28,28,28,27,27,27,27,27,27,27,,30,30,TRUE
1877YKSKYBLUE-S,37,37,37,38,38,38,38,38,38,38,37,38,38,38,38,38,38,38,38,38,38,38,38,38,38,38,38,38,38,38,,30,30,TRUE
1877YKSKYBLUE-XL,26,26,26,26,26,26,26,26,26,26,22,22,22,22,22,22,22,22,18,18,18,18,18,18,18,11,11,16,16,16,,30,30,TRUE
1877YKSKYBLUE-XXL,19,19,24,24,24,24,24,24,24,24,24,24,24,23,23,23,23,23,23,23,23,23,23,22,22,22,26,26,22,22,,30,30,TRUE
1878YKPINK-3XL,41,41,40,40,41,39,39,38,39,39,39,39,39,39,39,36,36,36,35,35,35,35,35,36,36,36,36,36,36,36,,30,30,TRUE
1878YKPINK-4XL,16,17,14,16,16,14,13,11,11,10,9,8,5,9,9,9,9,9,5,5,7,7,7,7,7,7,7,7,7,7,,30,30,TRUE
1878YKPINK-5XL,1,0,0,0,0,1,0,0,0,1,0,0,0,0,0,0,2,1,0,0,0,0,0,0,0,0,0,0,0,0,,5,6,FALSE
1878YKPINK-XXL,39,39,39,48,48,48,47,46,45,40,45,45,44,43,43,43,43,43,42,42,42,42,42,42,42,42,42,42,43,43,,30,30,TRUE
1879YKSKYBLUE-3XL,46,46,49,48,46,46,45,46,46,46,46,46,46,46,46,46,46,46,44,43,43,43,43,43,42,39,39,42,42,41,,30,30,TRUE
1879YKSKYBLUE-4XL,47,47,46,46,46,43,41,41,42,41,40,40,40,40,40,37,37,37,35,35,34,28,34,19,19,19,19,18,21,19,,30,30,TRUE
1879YKSKYBLUE-5XL,1,1,1,1,0,0,0,0,0,0,0,0,0,0,0,0,0,0,0,0,0,0,1,1,0,0,0,13,8,8,,9,10,FALSE
1879YKSKYBLUE-XXL,55,55,55,55,55,55,54,54,54,54,54,54,54,54,54,54,54,54,54,54,54,53,53,53,53,50,50,50,50,50,,30,30,TRUE
187YK304PINK-L,1,1,1,1,1,1,1,1,1,1,1,1,1,1,1,1,1,1,1,1,1,1,1,1,1,1,1,1,1,1,,30,30,TRUE
187YK304PINK-M,0,0,0,0,0,0,0,0,0,0,0,0,0,0,0,0,0,0,0,0,0,0,0,0,0,0,0,0,0,0,,0,0,TRUE
187YK304PINK-S,1,1,1,1,1,1,1,1,1,1,1,1,1,1,1,1,1,1,1,1,1,1,1,1,1,1,1,1,1,1,,30,30,TRUE
1881YKMAROON-3XL,1,1,1,1,1,1,1,1,1,1,1,1,1,1,1,1,2,2,2,2,2,2,2,2,2,2,2,2,2,2,,30,30,TRUE
1881YKMAROON-4XL,2,2,2,2,2,2,2,2,0,0,0,0,0,0,0,0,0,0,0,0,0,0,0,0,1,0,0,0,0,2,,10,8,FALSE
1881YKMAROON-5XL,2,2,2,2,2,2,2,2,2,2,2,2,2,2,2,2,2,2,1,1,1,1,1,1,3,1,1,1,1,1,,30,30,TRUE
1881YKMAROON-6XL,10,10,10,10,9,9,9,9,7,7,7,7,7,7,7,7,7,7,7,7,7,7,7,6,6,6,6,6,6,4,,30,30,TRUE
1881YKMAROON-7XL,5,5,5,5,7,7,7,7,4,4,4,4,5,5,5,5,5,5,5,5,5,5,5,5,7,5,5,5,5,5,,30,30,TRUE
1881YKMAROON-8XL,7,7,7,9,10,10,10,10,10,10,10,10,10,10,10,10,10,10,10,10,9,9,9,9,9,9,9,9,9,9,,30,30,TRUE
1881YKMAROON-L,18,18,18,17,17,16,15,15,15,15,15,15,15,15,15,15,15,15,15,15,15,15,15,15,15,15,16,17,17,17,,30,30,TRUE
1881YKMAROON-M,42,42,42,42,42,42,42,42,42,42,44,44,44,44,44,44,44,44,44,44,44,44,44,44,44,44,44,44,42,42,,30,30,TRUE
1881YKMAROON-S,44,44,44,44,44,44,44,44,44,44,44,44,44,44,44,44,44,44,44,44,44,44,44,44,44,45,45,45,45,45,,30,30,TRUE
1881YKMAROON-XL,4,4,4,4,4,4,4,3,3,3,3,3,2,1,1,1,1,1,1,1,1,1,1,1,3,1,1,1,1,1,,30,30,TRUE
1881YKMAROON-XXL,3,3,3,3,3,2,2,2,1,1,1,1,1,1,1,1,1,1,1,1,1,1,1,1,2,1,1,1,1,1,,30,30,TRUE
1882YKBROWN-3XL,10,10,10,10,10,10,9,8,7,6,6,6,6,6,6,6,6,6,6,6,6,6,6,6,6,6,5,5,5,5,,30,30,TRUE
1882YKBROWN-4XL,6,6,5,4,4,3,3,3,3,3,3,3,3,3,3,4,4,4,4,4,4,4,5,5,5,3,3,2,2,2,,30,30,TRUE
1882YKBROWN-5XL,2,2,2,2,2,2,2,2,0,0,0,0,0,0,0,0,0,0,0,0,0,0,0,0,2,0,0,0,0,0,,9,8,FALSE
1882YKBROWN-L,10,10,10,9,9,9,7,7,7,7,7,7,6,6,6,6,6,6,7,7,7,7,7,7,6,8,8,8,7,7,,30,30,TRUE
1882YKBROWN-M,2,3,3,3,2,2,2,2,0,0,0,0,0,0,0,1,1,1,1,1,1,1,1,1,1,1,1,0,0,0,,20,20,TRUE
1882YKBROWN-S,3,3,4,4,3,3,3,3,3,3,3,3,3,3,3,3,3,3,3,3,3,3,3,3,3,3,3,3,3,4,,30,30,TRUE
1882YKBROWN-XL,5,6,6,5,5,5,3,3,0,0,0,0,0,0,0,1,1,1,1,1,1,1,2,2,2,2,2,2,2,2,,23,23,TRUE
1882YKBROWN-XXL,10,10,10,10,10,10,8,8,8,7,6,6,6,6,6,6,6,6,6,5,5,5,5,4,4,4,4,4,4,4,,30,30,TRUE
1883YKPURPLE-3XL,48,111,111,111,111,111,113,113,115,115,115,114,123,123,123,123,123,123,122,122,122,122,124,124,123,116,116,116,118,118,,30,30,TRUE
1883YKPURPLE-4XL,32,87,87,93,93,93,93,93,85,85,85,84,93,93,93,93,93,93,92,91,90,88,90,90,90,90,90,90,90,90,,30,30,TRUE
1883YKPURPLE-5XL,61,61,61,108,108,108,112,112,115,114,113,113,136,136,136,137,137,137,135,135,135,135,135,135,135,129,129,128,134,134,,30,30,TRUE
1883YKPURPLE-6XL,39,42,42,59,59,59,58,58,59,59,59,59,64,64,64,60,60,60,60,60,60,60,63,63,62,62,62,61,62,62,,30,30,TRUE
1883YKPURPLE-7XL,24,31,31,39,39,39,39,39,34,34,34,34,48,48,48,48,48,48,48,48,48,48,50,50,50,50,49,49,53,53,,30,30,TRUE
1883YKPURPLE-8XL,42,45,45,57,57,57,58,58,58,58,58,58,73,73,73,71,71,71,69,69,66,66,67,67,67,67,67,67,72,72,,30,30,TRUE
1883YKPURPLE-L,65,65,65,73,73,73,74,74,74,74,74,74,83,83,83,83,83,83,81,81,81,81,81,82,81,76,77,77,73,73,,30,30,TRUE
1883YKPURPLE-M,31,36,36,42,42,40,39,39,38,38,38,38,37,37,37,37,37,37,37,37,37,37,37,37,37,37,37,37,37,37,,30,30,TRUE
1883YKPURPLE-S,59,59,59,59,59,59,58,58,58,58,58,58,58,58,58,58,58,58,58,58,58,58,58,58,58,58,58,58,58,58,,30,30,TRUE
1883YKPURPLE-XL,17,29,29,60,60,60,65,65,65,65,65,65,85,85,85,84,84,84,85,85,85,85,92,92,91,92,92,92,96,96,,30,30,TRUE
1883YKPURPLE-XXL,36,93,92,99,99,99,99,99,92,92,92,92,96,96,96,96,96,96,96,96,96,96,97,97,97,97,99,99,99,99,,30,30,TRUE
1885YKPISTAGREEN-3XL,0,0,0,1,2,2,2,2,1,1,1,1,1,1,1,1,1,1,1,1,0,0,0,0,4,0,0,0,0,5,,19,18,FALSE
1885YKPISTAGREEN-4XL,8,8,12,12,13,13,13,13,13,12,12,12,12,12,12,12,12,12,12,12,12,12,12,12,11,11,6,6,6,7,,30,30,TRUE
1885YKPISTAGREEN-5XL,7,7,7,8,8,8,8,8,3,3,3,3,4,4,4,3,3,3,3,3,3,2,2,2,7,2,2,2,3,3,,30,30,TRUE
1885YKPISTAGREEN-6XL,5,5,5,5,5,5,5,5,5,5,5,5,5,5,5,5,5,5,5,5,5,5,5,5,5,5,5,5,5,5,,30,30,TRUE
1885YKPISTAGREEN-L,19,19,19,19,19,19,19,19,19,19,19,19,19,19,19,19,19,19,16,16,16,16,16,16,15,12,12,12,8,8,,30,30,TRUE
1885YKPISTAGREEN-M,29,29,29,31,31,31,30,30,29,29,29,29,29,29,29,29,29,29,29,29,29,29,29,29,29,25,25,25,19,19,,30,30,TRUE
1885YKPISTAGREEN-S,1,1,0,1,1,1,1,1,1,1,1,1,1,1,1,0,0,0,0,0,0,0,0,1,1,1,1,1,1,1,,21,20,FALSE
1885YKPISTAGREEN-XL,2,2,2,2,2,2,2,2,2,2,2,2,2,2,2,2,2,2,2,2,2,1,1,1,7,1,1,1,1,1,,30,30,TRUE
1885YKPISTAGREEN-XS,0,0,0,0,0,0,0,0,0,0,0,0,0,0,0,0,0,0,0,0,0,0,0,0,0,0,0,0,0,0,,0,0,TRUE
1885YKPISTAGREEN-XXL,0,0,0,0,0,0,0,0,0,0,0,0,0,0,0,0,0,0,0,0,0,1,2,2,2,2,3,3,3,2,,9,9,TRUE
1886YKLAVENDER-3XL,13,13,13,13,13,11,11,10,8,8,8,8,7,7,7,8,8,8,7,7,7,7,7,7,7,7,7,8,8,8,,30,30,TRUE
1886YKLAVENDER-4XL,2,2,2,2,2,2,2,2,2,2,2,1,1,1,1,1,1,1,1,1,1,1,1,1,5,1,1,1,1,1,,30,30,TRUE
1886YKLAVENDER-5XL,10,10,10,10,10,9,9,8,8,8,8,8,8,7,7,4,4,4,4,4,4,4,4,4,4,5,5,5,6,6,,30,30,TRUE
1886YKLAVENDER-6XL,4,3,3,3,2,1,1,1,1,1,1,1,0,0,0,0,0,0,0,0,0,0,0,0,0,0,0,1,1,1,,15,15,TRUE
1886YKLAVENDER-7XL,4,4,4,4,3,3,3,3,2,2,1,1,1,1,1,1,1,1,1,1,1,2,2,2,2,2,2,2,2,2,,30,30,TRUE
1886YKLAVENDER-8XL,2,1,0,0,0,0,0,0,0,0,0,0,0,0,0,0,0,0,0,0,0,0,0,0,0,0,0,0,0,2,,3,2,FALSE
1886YKLAVENDER-L,15,16,16,16,16,16,16,16,16,16,16,16,16,13,13,13,13,13,13,13,13,13,13,13,13,13,13,13,13,13,,30,30,TRUE
1886YKLAVENDER-M,38,38,38,38,38,37,37,37,36,36,36,36,36,36,36,34,34,34,34,34,34,34,35,35,35,35,35,35,35,35,,30,30,TRUE
1886YKLAVENDER-S,12,12,12,12,12,12,12,12,12,12,12,12,12,12,12,12,12,12,12,12,12,12,12,12,12,12,12,12,12,12,,30,30,TRUE
1886YKLAVENDER-XL,3,3,3,3,3,3,3,3,3,3,3,3,5,5,5,5,5,5,5,5,5,5,4,3,3,3,3,3,3,3,,30,30,TRUE
1886YKLAVENDER-XS,7,7,7,7,7,7,7,7,7,7,7,7,7,7,7,7,7,7,7,7,7,7,7,8,8,8,8,8,8,8,,30,30,TRUE
1886YKLAVENDER-XXL,3,3,3,3,3,2,2,2,0,0,0,0,0,0,0,0,0,0,0,0,0,0,0,0,1,0,0,0,0,0,,9,8,FALSE
1887YKBLACK-3XL,28,30,29,28,26,25,23,22,22,21,21,20,19,18,18,54,55,54,39,40,38,35,38,48,48,43,43,43,34,33,,30,30,TRUE
1887YKBLACK-4XL,34,33,33,33,33,33,33,32,33,32,31,30,27,36,36,76,77,78,78,78,77,77,82,82,81,82,82,83,83,83,,30,30,TRUE
1887YKBLACK-5XL,4,4,4,3,2,2,2,2,0,0,0,0,1,16,16,43,43,43,23,24,24,24,36,35,34,34,34,33,28,27,,26,26,TRUE
1887YKBLACK-6XL,13,13,17,17,16,16,15,15,15,15,15,15,15,35,35,34,34,34,27,27,26,23,32,32,30,31,24,25,19,19,,30,30,TRUE
1887YKBLACK-7XL,3,6,6,7,8,8,10,10,14,14,14,13,13,13,13,33,33,33,28,28,28,28,29,29,28,28,28,28,23,23,,30,30,TRUE
1887YKBLACK-8XL,0,0,0,0,2,2,1,1,1,0,0,1,1,0,0,51,51,46,35,35,35,35,45,45,45,44,44,44,44,44,,22,22,TRUE
1887YKBLACK-L,14,19,18,18,18,12,11,9,10,6,8,9,6,13,13,22,22,22,7,6,6,6,33,32,32,25,25,26,20,19,,30,30,TRUE
1887YKBLACK-M,2,5,5,4,2,2,2,1,2,0,0,0,1,1,1,71,71,70,70,70,69,68,83,80,80,84,84,82,77,77,,27,27,TRUE
1887YKBLACK-S,16,19,18,16,15,14,12,12,13,13,13,13,14,14,14,11,11,11,6,6,6,6,9,8,8,5,5,5,4,3,,30,30,TRUE
1887YKBLACK-XL,60,60,58,57,55,55,52,53,52,51,49,46,44,44,44,48,47,47,35,34,28,28,39,39,38,38,38,37,26,20,,30,30,TRUE
1887YKBLACK-XS,3,5,5,5,3,3,3,3,3,3,3,3,2,2,2,2,2,2,2,2,2,2,7,7,7,7,7,7,7,7,,30,30,TRUE
1887YKBLACK-XXL,22,22,21,15,16,16,16,16,15,15,14,15,16,16,16,61,61,61,50,50,45,45,56,55,55,54,54,54,42,41,,30,30,TRUE
1888YKPURPLE-3XL,23,24,24,23,22,22,22,23,23,23,22,22,24,24,24,24,24,24,24,23,23,23,23,12,15,12,12,12,12,11,,30,30,TRUE
1888YKPURPLE-4XL,46,46,46,46,46,46,46,44,40,40,34,34,34,34,34,33,33,33,33,32,32,32,32,31,31,31,31,31,31,31,,30,30,TRUE
1888YKPURPLE-5XL,26,26,26,26,24,24,24,23,19,14,18,18,19,19,19,19,19,19,18,18,18,18,18,18,18,17,17,17,17,17,,30,30,TRUE
1888YKPURPLE-6XL,10,10,9,8,8,8,8,8,8,8,8,8,8,8,8,8,8,8,8,8,8,6,8,8,8,8,7,7,7,7,,30,30,TRUE
1888YKPURPLE-7XL,18,19,18,17,17,17,17,17,17,18,18,18,18,18,18,17,17,17,17,17,17,18,18,18,18,18,18,19,19,19,,30,30,TRUE
1888YKPURPLE-8XL,15,17,17,17,15,15,15,15,15,15,15,15,15,15,15,14,13,13,14,14,14,13,13,13,13,13,13,13,13,13,,30,30,TRUE
1888YKPURPLE-L,8,8,8,7,7,7,7,7,6,6,6,6,6,6,6,6,6,6,4,4,4,4,4,2,5,3,3,3,3,3,,30,30,TRUE
1888YKPURPLE-M,14,14,14,14,14,14,14,15,15,15,15,15,15,15,15,16,16,16,16,16,16,15,15,15,15,15,14,14,14,14,,30,30,TRUE
1888YKPURPLE-S,10,10,15,16,16,16,16,16,16,16,16,16,16,16,16,16,16,16,16,16,16,16,16,16,16,16,16,16,16,16,,30,30,TRUE
1888YKPURPLE-XL,1,1,1,1,1,1,1,1,1,1,1,1,1,1,1,1,1,1,1,1,1,1,1,1,6,1,1,1,1,1,,30,30,TRUE
1888YKPURPLE-XXL,3,3,3,3,3,3,3,3,0,0,0,0,1,1,1,0,0,0,0,0,0,0,0,1,1,1,1,11,6,4,,18,17,FALSE
1889YKWHITE-3XL,14,14,14,14,14,13,13,14,14,14,14,14,14,13,13,13,13,13,12,12,12,11,11,10,10,10,10,10,11,7,,30,30,TRUE
1889YKWHITE-4XL,0,0,0,0,0,0,0,0,0,0,0,0,0,0,0,0,0,0,0,0,0,0,0,0,0,0,0,0,0,0,,0,0,TRUE
1889YKWHITE-5XL,2,2,2,2,1,1,1,0,0,0,0,0,2,2,2,0,2,2,1,1,1,1,1,0,0,0,0,0,0,1,,18,16,FALSE
1889YKWHITE-L,4,4,3,2,2,2,2,2,2,2,1,1,1,1,1,2,2,2,2,2,2,2,2,2,2,2,2,2,2,2,,30,30,TRUE
1889YKWHITE-M,10,10,10,10,10,10,8,8,8,7,7,7,6,6,6,6,6,6,6,6,6,6,6,6,6,6,6,6,6,6,,30,30,TRUE
1889YKWHITE-S,3,3,3,3,3,3,3,3,3,3,3,3,3,3,3,3,3,3,3,3,3,3,3,3,3,3,3,3,3,2,,30,30,TRUE
1889YKWHITE-XL,0,0,0,0,0,0,0,0,0,0,0,0,3,3,3,3,3,3,3,3,2,2,2,2,2,2,2,1,0,2,,17,16,FALSE
1889YKWHITE-XS,0,0,0,0,0,0,0,0,0,0,0,0,0,0,0,0,0,0,0,0,0,0,0,0,0,0,0,0,0,0,,0,0,TRUE
1889YKWHITE-XXL,0,0,0,0,0,0,0,0,1,1,1,1,3,3,3,3,4,4,4,4,2,2,2,1,1,1,1,1,1,2,,22,22,TRUE
188YK83NAVY-L,15,15,15,20,19,18,18,17,17,15,14,13,10,14,14,17,17,17,17,17,11,11,12,12,12,13,12,13,13,13,,30,30,TRUE
188YK83NAVY-M,16,16,16,18,17,17,17,19,1,1,1,1,3,3,3,3,4,6,9,9,9,9,9,8,33,8,8,8,8,5,,30,30,TRUE
188YK83NAVY-S,20,21,21,23,23,23,23,24,25,26,24,24,25,25,25,25,25,25,24,24,24,22,24,24,24,24,24,24,25,25,,30,30,TRUE
188YK83NAVY-XL,20,22,22,22,22,22,22,22,22,21,21,20,21,21,21,23,23,23,23,23,23,23,23,24,24,24,24,24,24,24,,30,30,TRUE
188YK83NAVY-XS,26,26,26,27,27,26,26,26,24,24,13,20,20,20,20,20,19,19,18,18,17,17,18,18,18,18,18,18,18,18,,30,30,TRUE
188YK83NAVY-XXL,12,12,12,9,9,9,8,8,7,8,8,8,8,8,8,8,8,8,6,6,6,7,8,8,23,8,8,8,8,7,,30,30,TRUE
1890YKMULTI-L,202,202,206,206,207,207,207,207,207,207,205,204,204,204,204,204,204,204,204,204,204,204,204,204,204,204,204,204,204,205,,30,30,TRUE
1890YKMULTI-M,188,190,190,190,189,189,189,191,191,191,191,191,190,190,190,190,191,190,189,189,188,188,188,189,188,183,183,180,180,180,,30,30,TRUE
1890YKMULTI-S,70,71,71,72,72,72,72,72,72,72,72,72,72,72,72,72,72,72,72,71,71,71,71,71,71,65,65,65,65,65,,30,30,TRUE
1890YKMULTI-XL,146,150,156,156,156,156,156,156,156,156,156,156,156,156,156,156,156,156,140,140,140,140,140,139,139,139,138,138,139,139,,30,30,TRUE
1890YKMULTI-XS,25,25,25,25,25,25,24,24,24,24,24,24,24,24,24,24,24,24,24,24,24,24,24,24,24,20,20,20,20,19,,30,30,TRUE
1891YKWHITE-L,6,6,11,11,11,11,11,11,11,11,11,11,10,10,10,10,10,10,10,10,10,10,10,10,10,10,10,10,10,10,,30,30,TRUE
1891YKWHITE-M,8,8,14,14,14,14,14,14,14,13,13,13,13,13,13,13,13,13,13,13,13,13,13,13,13,13,13,13,13,13,,30,30,TRUE
1891YKWHITE-S,14,14,18,18,18,18,18,18,18,18,18,18,18,18,18,18,18,19,19,19,19,19,19,19,19,19,19,19,19,19,,30,30,TRUE
1891YKWHITE-XS,15,15,15,15,15,15,15,15,15,15,15,15,15,15,15,15,15,15,15,15,15,15,15,15,15,15,15,15,15,14,,30,30,TRUE
1892YKMULTI-3XL,17,21,21,22,22,22,22,22,22,22,19,18,18,18,18,18,18,18,16,16,16,16,16,9,9,14,14,14,14,14,,30,30,TRUE
1892YKMULTI-4XL,23,23,23,23,23,23,23,23,23,23,23,22,22,21,21,21,21,21,21,21,21,21,21,21,21,21,21,21,21,21,,30,30,TRUE
1892YKMULTI-5XL,9,9,9,11,10,10,9,9,8,6,5,4,1,4,4,4,4,4,3,3,3,3,3,2,3,2,2,2,3,3,,30,30,TRUE
1892YKMULTI-6XL,10,10,9,9,8,8,8,8,6,6,5,5,5,5,5,5,5,5,5,5,5,5,5,5,5,5,5,5,5,5,,30,30,TRUE
1892YKMULTI-7XL,28,28,28,27,27,27,27,27,27,27,27,27,27,26,26,26,26,26,25,25,25,25,25,25,25,25,25,25,25,25,,30,30,TRUE
1892YKMULTI-8XL,16,16,21,20,20,19,19,19,19,19,19,19,18,19,19,17,17,18,17,17,15,17,17,17,17,17,17,18,18,18,,30,30,TRUE
1892YKMULTI-M,0,0,0,0,0,0,0,0,0,0,0,0,0,0,0,0,0,0,0,0,0,0,0,0,0,0,0,0,0,0,,0,0,TRUE
1892YKMULTI-S,0,0,0,0,0,0,0,0,0,0,0,0,0,0,0,0,0,0,0,0,0,0,0,0,0,0,0,0,0,0,,0,0,TRUE
1892YKMULTI-XL,22,22,22,21,20,20,20,20,20,20,20,20,19,18,18,18,19,19,19,19,19,19,19,19,19,20,20,20,21,21,,30,30,TRUE
1892YKMULTI-XXL,13,13,13,12,12,12,12,12,12,12,12,12,12,12,12,12,12,12,11,10,7,9,9,9,8,9,9,9,9,9,,30,30,TRUE
1893YKBLUE-3XL,1,1,0,3,3,3,3,2,0,0,0,0,0,0,0,0,0,0,0,0,0,0,0,0,0,0,0,0,0,8,,8,7,FALSE
1893YKBLUE-4XL,2,2,2,2,1,1,1,1,1,1,1,1,1,1,1,1,3,3,3,3,3,3,4,4,3,3,3,3,3,2,,30,30,TRUE
1893YKBLUE-5XL,1,1,0,0,0,0,0,0,0,0,0,0,0,0,0,0,0,0,0,0,0,0,0,0,0,0,0,0,0,0,,2,2,TRUE
1893YKBLUE-6XL,0,0,0,0,0,0,0,0,0,0,0,0,0,0,0,0,0,0,0,0,0,0,0,0,0,0,0,0,0,1,,1,0,FALSE
1893YKBLUE-L,0,0,0,0,0,0,0,0,0,0,0,0,0,0,0,0,0,0,0,0,0,0,0,0,0,0,0,0,0,0,,0,0,TRUE
1893YKBLUE-M,2,2,2,2,2,2,2,2,2,1,1,1,1,1,1,0,0,0,0,0,0,0,0,0,1,0,0,0,0,0,,16,14,FALSE
1893YKBLUE-S,4,5,5,5,5,5,5,5,6,6,6,6,6,6,6,5,5,5,5,5,5,5,5,5,4,4,3,3,3,3,,30,30,TRUE
1893YKBLUE-XL,0,1,1,2,2,2,2,2,2,2,2,2,1,1,1,1,1,1,1,1,1,1,1,1,1,1,1,1,2,2,,29,29,TRUE
1893YKBLUE-XXL,0,0,0,0,0,0,0,0,0,0,0,0,1,1,1,0,0,0,0,0,0,0,0,0,0,0,0,0,1,1,,5,5,TRUE
1894YKGREEN-3XL,19,20,20,21,21,21,21,21,21,20,20,20,20,20,20,13,13,13,13,13,13,12,12,12,30,11,11,11,11,11,,30,30,TRUE
1894YKGREEN-4XL,5,7,6,4,4,1,1,1,1,1,1,1,4,10,10,10,10,10,9,9,7,9,9,8,26,8,8,8,8,8,,30,30,TRUE
1894YKGREEN-5XL,4,4,4,4,4,4,4,4,4,4,3,3,3,11,11,11,11,11,7,7,7,7,7,8,22,7,7,7,7,7,,30,30,TRUE
1894YKGREEN-L,10,10,11,11,11,11,11,11,11,11,11,12,12,12,12,11,11,11,10,9,9,9,9,9,11,10,10,10,11,11,,30,30,TRUE
1894YKGREEN-M,26,27,26,27,27,27,26,27,26,27,26,25,25,25,25,14,14,14,13,13,13,13,13,13,13,13,13,13,14,14,,30,30,TRUE
1894YKGREEN-S,16,16,16,16,16,16,16,16,16,16,16,16,16,16,16,11,11,11,11,11,11,11,11,11,11,10,10,10,10,10,,30,30,TRUE
1894YKGREEN-XL,8,8,8,9,9,9,9,8,9,8,6,6,5,5,5,4,4,4,4,4,4,4,5,5,13,3,3,3,3,3,,30,30,TRUE
1894YKGREEN-XXL,18,18,18,18,18,18,18,17,16,16,16,16,16,22,22,21,20,20,20,20,19,19,19,19,19,14,7,8,13,13,,30,30,TRUE
1895YKDGREY-3XL,27,27,26,29,30,30,30,30,25,25,25,25,25,25,25,25,25,25,25,25,25,25,25,25,23,25,25,25,25,25,,30,30,TRUE
1895YKDGREY-4XL,8,9,9,10,10,10,10,10,10,10,9,9,9,10,10,10,10,10,10,10,10,9,9,8,20,8,8,8,8,8,,30,30,TRUE
1895YKDGREY-5XL,7,7,7,10,11,11,11,11,11,11,11,11,12,12,12,10,10,10,10,10,10,10,10,10,43,11,10,11,11,11,,30,30,TRUE
1895YKDGREY-L,53,53,53,53,53,53,53,53,53,53,53,53,53,53,53,53,53,53,53,53,53,53,53,53,53,53,53,53,53,53,,30,30,TRUE
1895YKDGREY-M,43,44,44,50,50,50,50,50,50,49,48,49,49,49,49,49,49,49,49,49,49,49,49,49,49,49,49,49,44,44,,30,30,TRUE
1895YKDGREY-S,32,33,33,33,33,30,30,30,30,30,29,30,30,30,30,30,30,30,30,30,30,30,30,30,30,30,30,30,30,30,,30,30,TRUE
1895YKDGREY-XL,29,29,29,29,29,29,29,29,29,29,29,29,29,29,29,29,29,29,29,29,29,29,29,29,29,29,29,29,29,29,,30,30,TRUE
1895YKDGREY-XXL,12,13,13,13,13,13,13,13,9,9,9,10,10,10,10,10,10,10,10,10,10,10,10,10,10,6,6,3,4,4,,30,30,TRUE
1896YKBLUE-L,62,62,64,66,67,66,66,67,67,67,66,66,66,66,66,66,66,66,66,66,66,66,67,67,65,63,63,62,58,58,,30,30,TRUE
1896YKBLUE-M,60,60,64,64,64,60,60,60,61,60,60,59,60,60,60,55,55,55,55,55,55,55,55,55,54,54,54,53,53,53,,30,30,TRUE
1896YKBLUE-S,66,66,70,73,74,67,67,65,65,65,65,64,64,64,64,62,62,62,61,61,55,55,56,56,56,56,56,56,56,58,,30,30,TRUE
1896YKBLUE-XS,63,62,62,62,62,62,61,61,61,61,61,61,58,60,60,57,57,57,57,57,53,53,53,53,52,52,52,52,53,53,,30,30,TRUE
1897YKBLUE-3XL,31,31,31,42,42,42,42,42,42,42,42,42,42,42,42,42,42,42,42,42,42,42,43,43,43,43,43,43,43,43,,30,30,TRUE
1897YKBLUE-4XL,29,30,30,37,37,37,37,38,38,38,38,36,35,35,35,35,35,35,35,35,34,34,34,34,34,34,34,34,34,34,,30,30,TRUE
1897YKBLUE-5XL,22,22,26,25,25,25,25,25,25,25,25,25,26,26,26,26,26,26,26,26,26,26,26,26,26,26,26,27,28,28,,30,30,TRUE
1897YKBLUE-6XL,16,16,16,16,16,16,16,16,16,16,15,16,16,16,16,16,16,16,16,16,16,16,16,15,15,15,15,15,16,16,,30,30,TRUE
1897YKBLUE-7XL,16,16,16,16,16,16,16,16,16,16,16,16,16,16,16,16,16,16,16,16,16,17,17,17,17,13,13,13,13,13,,30,30,TRUE
1897YKBLUE-8XL,11,11,11,10,11,11,10,11,11,11,11,11,11,11,11,11,11,11,11,11,11,11,11,11,11,11,11,11,11,11,,30,30,TRUE
1897YKBLUE-M,1,1,1,1,1,1,1,1,1,1,1,1,1,1,1,1,1,1,1,1,1,1,1,0,0,0,0,0,1,1,,25,24,FALSE
1897YKBLUE-XL,16,16,17,17,17,16,16,15,15,15,14,15,15,15,15,15,15,15,15,15,15,15,15,13,13,13,13,14,12,11,,30,30,TRUE
1897YKBLUE-XXL,39,39,39,40,40,40,40,39,39,39,39,39,40,40,40,41,41,41,41,41,41,41,41,41,41,41,41,41,41,41,,30,30,TRUE
1898YKYELLOW-3XL,6,25,25,25,25,15,15,16,16,15,15,15,15,15,15,10,10,10,10,10,10,10,10,52,52,52,52,52,53,53,,30,30,TRUE
1898YKYELLOW-4XL,1,31,25,30,30,30,30,30,30,30,30,30,30,30,30,30,30,30,30,30,30,29,29,29,29,25,25,25,33,33,,30,30,TRUE
1898YKYELLOW-5XL,3,22,22,22,22,21,21,21,15,15,15,15,15,15,15,37,37,37,37,37,37,37,37,36,36,36,36,36,41,41,,30,30,TRUE
1898YKYELLOW-6XL,19,19,19,19,19,19,19,19,19,19,19,19,19,19,19,19,20,20,20,20,20,20,20,20,20,20,20,20,40,40,,30,30,TRUE
1898YKYELLOW-7XL,14,23,23,23,23,23,22,22,22,22,22,22,22,22,22,22,22,22,22,21,16,21,21,21,21,21,21,21,22,22,,30,30,TRUE
1898YKYELLOW-8XL,18,18,22,21,21,21,21,21,20,20,20,20,20,20,20,20,20,20,20,20,20,20,20,20,20,20,20,20,20,20,,30,30,TRUE
1898YKYELLOW-L,1,16,11,31,31,28,14,13,12,125,124,124,123,123,123,109,109,109,109,109,109,109,109,109,108,108,108,108,109,109,,30,30,TRUE
1898YKYELLOW-M,42,42,42,42,42,21,20,20,20,41,41,40,39,39,39,102,102,102,101,101,101,101,102,102,102,96,96,96,101,101,,30,30,TRUE
1898YKYELLOW-S,31,32,32,31,32,29,29,29,29,57,57,57,57,56,56,54,54,54,53,53,49,49,49,63,63,62,59,59,66,65,,30,30,TRUE
1898YKYELLOW-XL,1,74,69,77,77,36,36,36,34,56,52,51,46,51,51,40,40,40,40,39,39,39,39,147,147,148,148,148,152,152,,30,30,TRUE
1898YKYELLOW-XS,1,20,15,23,23,21,21,21,21,21,19,19,19,19,19,16,16,16,16,16,16,16,16,16,15,16,16,16,16,15,,30,30,TRUE
1898YKYELLOW-XXL,1,20,15,21,21,15,15,15,15,15,15,15,14,14,14,71,71,71,71,71,66,66,66,83,83,83,83,83,83,83,,30,30,TRUE
1899YKOFFWHITE-3XL,31,31,32,32,32,22,22,22,22,22,22,21,22,22,22,16,16,16,16,16,16,14,14,15,12,13,12,12,41,27,,30,30,TRUE
1899YKOFFWHITE-4XL,4,2,1,14,14,14,10,10,0,0,0,0,1,1,1,1,1,1,1,1,1,1,1,1,11,0,0,0,0,0,,21,21,TRUE
1899YKOFFWHITE-5XL,0,0,0,14,14,13,11,11,7,7,6,6,4,4,4,4,4,4,3,3,3,3,4,4,6,4,4,4,28,28,,27,27,TRUE
1899YKOFFWHITE-6XL,7,7,7,14,14,14,14,14,12,12,11,12,12,12,12,12,12,12,12,12,12,12,12,12,12,11,11,11,8,8,,30,30,TRUE
1899YKOFFWHITE-7XL,4,4,4,10,10,10,10,10,10,10,10,10,10,10,10,10,10,10,10,10,10,10,10,10,10,8,8,8,24,24,,30,30,TRUE
1899YKOFFWHITE-8XL,5,5,5,14,13,13,11,10,8,8,8,8,8,8,8,9,9,9,9,9,9,9,9,9,9,9,9,9,23,22,,30,30,TRUE
1899YKOFFWHITE-L,44,43,42,42,42,21,21,21,20,20,19,17,12,17,17,39,39,39,37,35,37,37,38,54,53,48,48,48,45,43,,30,30,TRUE
1899YKOFFWHITE-M,49,49,47,46,45,24,23,23,23,22,21,21,21,20,20,9,9,10,10,10,10,8,9,36,34,37,37,36,21,21,,30,30,TRUE
1899YKOFFWHITE-S,0,0,1,10,11,11,9,9,9,9,9,9,8,8,8,5,5,5,4,3,1,2,2,27,26,21,21,20,20,20,,28,28,TRUE
1899YKOFFWHITE-XL,0,1,3,1,3,3,2,2,2,1,1,1,1,1,1,77,77,72,56,56,55,54,54,53,53,49,49,52,63,63,,29,29,TRUE
1899YKOFFWHITE-XS,0,1,1,10,9,9,7,7,7,7,7,6,5,5,5,5,5,5,5,5,5,5,5,34,34,30,30,28,28,28,,29,29,TRUE
1899YKOFFWHITE-XXL,1,3,3,17,17,17,12,10,10,9,9,9,9,8,8,6,5,5,4,1,3,3,3,3,3,4,2,2,31,28,,30,30,TRUE
189YK214RED-3XL,0,0,0,0,0,0,0,0,0,0,0,0,0,0,0,0,0,0,0,0,0,0,0,0,0,0,0,0,0,0,,0,0,TRUE
189YK214RED-L,0,0,0,0,0,0,0,0,0,0,0,0,0,0,0,0,0,0,0,0,0,0,0,0,0,0,0,0,0,0,,0,0,TRUE
189YK214RED-M,0,0,0,0,0,0,0,0,0,0,0,0,0,0,0,0,0,0,0,0,0,0,0,0,0,0,0,0,0,0,,0,0,TRUE
189YK214RED-S,0,0,0,0,0,0,0,0,0,0,0,0,0,0,0,0,0,0,0,0,0,0,0,0,0,0,0,0,0,0,,0,0,TRUE
189YK214RED-XL,0,0,0,0,0,0,0,0,0,0,0,0,0,0,0,0,0,0,0,0,0,0,0,0,0,0,0,0,0,0,,0,0,TRUE
189YK214RED-XXL,0,0,0,0,0,0,0,0,0,0,0,0,0,0,0,0,0,0,0,0,0,0,0,0,0,0,0,0,0,0,,0,0,TRUE
1900YKYELLOW-3XL,54,54,59,60,61,61,61,61,61,61,60,60,60,60,60,59,59,59,58,58,58,58,58,58,58,56,56,56,56,56,,30,30,TRUE
1900YKYELLOW-4XL,51,51,56,57,57,57,57,57,57,57,57,57,57,57,57,57,57,57,56,56,56,56,56,56,56,54,54,54,54,54,,30,30,TRUE
1900YKYELLOW-5XL,53,53,53,54,55,53,53,52,48,48,48,48,48,48,48,48,48,48,48,48,48,48,48,48,48,48,48,48,48,48,,30,30,TRUE
1900YKYELLOW-6XL,0,1,1,1,1,1,1,1,1,1,1,1,0,0,0,0,0,0,0,0,0,0,0,0,0,0,0,0,0,1,,12,11,FALSE
1900YKYELLOW-L,36,36,38,38,38,38,38,38,39,39,39,39,39,39,39,39,39,39,38,38,38,37,37,37,37,37,41,41,41,41,,30,30,TRUE
1900YKYELLOW-M,43,43,43,43,43,43,43,43,43,43,43,43,43,43,43,42,42,42,42,42,42,42,42,42,42,42,42,42,42,41,,30,30,TRUE
1900YKYELLOW-S,25,25,25,25,25,25,24,24,24,24,23,23,23,23,23,23,23,23,23,23,23,23,23,23,23,23,23,23,23,23,,30,30,TRUE
1900YKYELLOW-XL,36,36,36,36,36,36,36,36,36,36,36,36,36,36,36,36,36,36,36,36,36,36,36,36,36,37,37,37,37,37,,30,30,TRUE
1900YKYELLOW-XS,12,12,17,17,17,17,17,17,17,17,15,17,17,16,16,16,16,16,16,16,16,16,16,16,16,16,16,16,16,16,,30,30,TRUE
1900YKYELLOW-XXL,68,68,68,68,68,68,68,68,68,68,68,68,68,68,68,68,68,68,68,68,68,68,68,68,68,68,68,68,68,68,,30,30,TRUE
1901YKBLUE-3XL,26,26,27,26,26,26,26,26,26,26,26,26,26,26,26,26,26,26,26,26,26,25,26,26,25,25,25,25,25,25,,30,30,TRUE
1901YKBLUE-4XL,11,11,10,10,10,10,10,10,2,2,2,2,2,2,2,2,2,2,2,2,2,2,2,2,16,2,2,2,2,2,,30,30,TRUE
1901YKBLUE-5XL,14,14,14,22,22,22,22,21,21,21,21,21,21,21,21,21,21,21,21,21,21,20,21,21,20,17,17,17,17,16,,30,30,TRUE
1901YKBLUE-L,9,9,9,11,11,11,9,9,6,6,6,6,6,6,6,6,7,7,7,7,7,7,7,6,15,5,5,5,5,5,,30,30,TRUE
1901YKBLUE-M,10,10,9,10,9,9,9,9,9,9,9,9,10,10,10,5,5,5,5,5,5,5,5,5,6,4,4,5,5,5,,30,30,TRUE
1901YKBLUE-S,13,13,13,14,14,14,13,13,14,16,16,16,17,17,17,18,18,18,18,17,17,17,17,17,16,13,13,11,12,11,,30,30,TRUE
1901YKBLUE-XL,17,17,17,17,17,17,16,16,14,11,14,13,13,12,12,14,14,14,14,14,14,14,15,15,19,12,12,12,12,13,,30,30,TRUE
1901YKBLUE-XS,0,0,0,0,0,0,0,0,0,0,0,0,0,0,0,0,0,0,0,0,0,0,0,0,0,0,0,0,0,0,,0,0,TRUE
1901YKBLUE-XXL,14,14,14,15,15,15,15,15,15,14,14,14,14,15,15,15,15,15,15,15,15,15,15,14,14,14,14,14,14,14,,30,30,TRUE
1902YKGREEN-3XL,29,28,27,27,27,27,27,27,27,27,27,27,27,27,27,27,27,27,27,27,27,27,27,27,27,27,27,28,28,28,,30,30,TRUE
1902YKGREEN-4XL,3,3,3,3,3,3,3,3,3,3,3,3,4,3,3,3,3,3,3,3,3,2,2,2,2,2,2,2,2,2,,30,30,TRUE
1902YKGREEN-5XL,3,3,3,2,2,2,2,1,1,1,1,1,2,2,2,2,2,2,2,2,2,2,1,1,1,1,1,1,1,1,,30,30,TRUE
1902YKGREEN-6XL,0,0,0,0,0,0,0,0,0,0,0,0,0,0,0,0,0,0,0,0,0,0,0,0,0,0,0,0,0,0,,0,0,TRUE
1902YKGREEN-L,9,9,9,9,9,9,9,10,10,10,10,10,15,15,15,15,15,15,11,9,9,9,9,7,6,7,4,4,6,6,,30,30,TRUE
1902YKGREEN-M,0,0,0,1,1,1,1,2,2,2,1,1,1,1,1,1,1,1,1,1,1,1,1,1,4,1,1,11,7,7,,27,27,TRUE
1902YKGREEN-S,21,23,26,26,25,25,25,25,26,26,26,27,27,27,27,27,27,27,29,29,29,29,29,15,15,15,15,15,15,15,,30,30,TRUE
1902YKGREEN-XL,1,1,1,0,0,0,0,0,0,0,0,0,0,0,0,0,0,0,0,0,0,0,0,1,13,1,1,16,16,16,,10,10,TRUE
1902YKGREEN-XS,21,21,24,14,14,14,14,14,14,14,14,14,15,15,15,15,15,14,14,14,14,14,14,14,14,13,13,13,15,15,,30,30,TRUE
1902YKGREEN-XXL,25,25,26,26,26,26,26,26,26,26,26,26,27,27,27,27,27,27,27,27,27,27,28,14,16,13,13,13,13,13,,30,30,TRUE
1903YKPISTAGREEN-3XL-4XL,1,1,1,1,1,1,1,1,1,1,1,2,2,2,2,2,2,2,2,1,1,2,3,3,8,3,3,3,3,3,,30,30,TRUE
1903YKPISTAGREEN-5XL-6XL,3,3,3,3,2,1,1,1,1,1,1,1,2,2,2,2,2,2,1,1,1,0,0,0,0,0,0,0,0,0,,21,21,TRUE
1903YKPISTAGREEN-7XL-8XL,2,2,2,3,4,4,3,3,1,0,0,0,1,0,0,1,1,1,1,1,1,1,1,1,1,1,1,2,2,2,,25,25,TRUE
1903YKPISTAGREEN-M-L,70,70,70,72,72,72,72,72,73,73,73,73,73,73,73,71,62,62,62,62,59,59,59,59,59,59,70,70,70,70,,30,30,TRUE
1903YKPISTAGREEN-XL-XXL,8,8,8,8,8,8,8,8,4,4,4,4,4,4,4,4,5,4,4,4,4,4,4,5,24,6,6,6,6,6,,30,30,TRUE
1903YKPISTAGREEN-XS-S,62,63,63,63,63,63,63,63,63,63,56,63,63,63,63,63,63,63,63,63,63,61,61,61,61,61,61,61,61,61,,30,30,TRUE
1904YKPINK-3XL-4XL,2,3,3,8,8,8,3,3,2,4,5,5,8,8,8,4,4,4,4,4,4,4,4,4,13,4,4,4,4,4,,30,30,TRUE
1904YKPINK-5XL-6XL,20,20,19,19,19,19,18,18,21,22,22,22,22,22,22,22,22,22,19,20,20,20,20,21,21,11,11,11,11,11,,30,30,TRUE
1904YKPINK-7XL-8XL,12,13,13,13,14,14,18,18,16,18,18,18,18,18,18,18,18,18,18,18,18,18,18,18,18,16,16,16,16,16,,30,30,TRUE
1904YKPINK-M-L,11,11,10,10,10,10,10,10,15,16,16,16,16,16,16,14,14,14,12,12,12,12,12,12,20,12,12,12,12,12,,30,30,TRUE
1904YKPINK-XL-XXL,16,16,14,16,16,16,17,17,18,20,20,20,20,20,20,20,21,21,21,21,21,21,21,21,27,17,17,17,17,17,,30,30,TRUE
1904YKPINK-XS-S,47,47,47,47,48,47,47,47,44,44,44,44,44,44,44,44,44,44,44,44,44,44,44,45,45,45,45,45,45,45,,30,30,TRUE
1905YKTEAL-3XL,23,23,23,24,25,25,25,25,25,25,25,25,25,25,25,23,23,23,23,23,23,23,23,22,22,22,21,21,22,21,,30,30,TRUE
1905YKTEAL-4XL,33,34,34,34,34,34,34,33,33,33,32,32,33,33,33,32,32,32,32,32,32,32,32,32,31,32,32,32,32,32,,30,30,TRUE
1905YKTEAL-5XL,5,5,4,4,5,5,3,3,0,0,0,0,1,0,0,0,0,0,0,0,0,0,0,0,3,0,0,0,0,0,,10,9,FALSE
1905YKTEAL-6XL,6,6,6,6,6,6,6,5,5,5,5,5,6,6,6,7,7,7,7,7,6,5,5,5,5,4,4,4,4,4,,30,30,TRUE
1905YKTEAL-7XL,1,1,1,0,0,0,0,0,0,0,0,0,0,0,0,0,0,0,0,0,0,0,0,0,0,0,0,0,0,0,,3,3,TRUE
1905YKTEAL-8XL,7,7,7,7,7,7,7,7,6,6,6,6,6,6,6,6,6,6,6,6,6,6,6,6,6,4,4,4,4,4,,30,30,TRUE
1905YKTEAL-L,59,59,61,61,61,61,61,61,60,60,60,60,60,60,60,58,58,58,58,58,58,58,58,58,58,58,58,58,58,58,,30,30,TRUE
1905YKTEAL-M,67,67,67,67,67,67,67,67,67,67,67,67,67,67,67,67,67,67,67,67,67,67,67,66,66,66,66,66,66,66,,30,30,TRUE
1905YKTEAL-S,46,46,50,50,50,50,50,50,50,50,50,50,50,50,50,50,50,50,50,50,50,50,50,49,49,49,49,49,49,49,,30,30,TRUE
1905YKTEAL-XL,38,38,38,38,38,38,38,38,38,38,38,38,38,38,38,37,37,37,37,37,37,37,37,37,37,37,37,37,37,37,,30,30,TRUE
1905YKTEAL-XS,18,18,18,19,19,19,19,19,19,19,19,19,19,19,19,19,19,19,19,19,19,19,19,19,19,19,19,19,18,18,,30,30,TRUE
1905YKTEAL-XXL,35,34,34,33,33,33,33,32,32,32,32,32,32,32,32,30,30,30,30,30,30,30,30,30,30,29,29,29,29,29,,30,30,TRUE
1906YKWINE-3XL,3,3,1,1,1,1,1,1,1,1,1,1,1,1,1,1,1,1,1,1,1,1,1,2,2,1,1,2,3,1,,30,30,TRUE
1906YKWINE-4XL,1,1,1,0,0,0,0,0,0,0,0,0,0,0,0,1,1,1,1,0,0,0,0,0,1,0,0,0,0,0,,8,7,FALSE
1906YKWINE-5XL,1,1,1,1,1,1,1,1,1,1,1,1,1,1,1,1,1,1,1,1,1,1,1,1,1,1,1,1,1,1,,30,30,TRUE
1906YKWINE-6XL,2,2,2,1,1,1,1,1,1,1,1,1,1,1,1,1,1,1,1,1,1,1,1,2,2,2,2,1,1,1,,30,30,TRUE
1906YKWINE-7XL,4,3,2,2,2,1,1,1,1,1,1,1,1,1,1,1,1,1,1,1,1,1,1,1,1,1,1,2,2,2,,30,30,TRUE
1906YKWINE-8XL,7,7,7,7,7,6,6,6,5,5,5,4,3,2,2,2,2,2,2,2,2,2,2,2,2,2,2,2,2,2,,30,30,TRUE
1906YKWINE-L,0,0,0,0,0,0,0,0,0,0,0,0,0,0,0,0,0,0,0,0,0,0,0,0,2,0,0,0,0,0,,1,0,FALSE
1906YKWINE-M,6,6,6,5,5,5,5,6,3,3,3,3,3,3,3,3,3,3,3,3,3,3,3,2,3,1,1,1,1,1,,30,30,TRUE
1906YKWINE-S,11,11,11,11,11,11,11,11,11,11,11,11,11,11,11,11,11,11,11,11,11,11,11,11,11,11,11,11,11,11,,30,30,TRUE
1906YKWINE-XL,1,1,1,1,1,1,1,1,1,1,1,1,1,1,1,1,1,1,1,1,1,1,1,1,1,1,1,1,1,1,,30,30,TRUE
1906YKWINE-XS,9,9,9,9,7,7,7,7,7,7,7,7,7,7,7,7,7,7,7,7,7,7,7,7,7,7,7,7,7,7,,30,30,TRUE
1906YKWINE-XXL,0,1,1,0,0,0,0,0,0,0,0,0,1,1,1,2,2,2,2,2,2,2,2,2,2,3,3,3,3,3,,20,20,TRUE
1907YKBEIGE-3XL,0,0,0,0,0,0,0,0,0,0,0,0,0,0,0,0,0,0,0,0,0,0,0,0,0,0,0,0,0,3,,1,0,FALSE
1907YKBEIGE-4XL,0,0,0,0,1,1,1,1,1,1,1,1,2,2,2,2,2,2,2,2,2,2,2,2,2,1,1,1,1,1,,26,26,TRUE
1907YKBEIGE-5XL,0,0,0,0,0,0,0,0,0,0,0,0,0,0,0,0,0,0,0,0,0,0,0,0,0,0,0,0,0,0,,0,0,TRUE
1907YKBEIGE-XL,0,0,0,0,0,0,0,0,0,0,0,0,0,0,0,0,0,0,0,0,0,0,0,0,0,0,0,0,0,0,,0,0,TRUE
1907YKBEIGE-XXL,4,3,3,3,4,4,4,4,4,4,3,3,3,3,3,4,4,4,4,4,4,4,4,4,4,4,4,4,4,4,,30,30,TRUE
1908YKMUAVE-3XL,13,13,13,13,13,11,11,11,9,9,9,9,9,9,9,9,9,9,9,9,9,9,9,9,9,9,9,9,9,9,,30,30,TRUE
1908YKMUAVE-4XL,1,1,1,1,1,1,1,1,1,0,0,0,0,0,0,0,0,0,0,0,0,0,0,0,0,0,0,0,0,0,,9,9,TRUE
1908YKMUAVE-5XL,0,0,0,4,4,2,1,1,1,1,0,0,0,0,0,0,0,0,0,0,0,0,0,0,0,0,0,0,0,0,,7,7,TRUE
1908YKMUAVE-L,6,6,6,6,6,6,6,6,6,6,5,5,5,5,5,5,5,5,5,5,5,5,5,5,5,5,5,5,5,5,,30,30,TRUE
1908YKMUAVE-XL,8,8,8,8,8,8,8,8,8,8,8,8,8,8,8,8,8,8,8,8,8,8,8,7,7,7,7,7,7,6,,30,30,TRUE
1908YKMUAVE-XXL,9,10,11,11,11,11,11,11,11,11,11,11,11,11,11,11,11,11,11,11,11,11,11,11,11,11,11,11,11,11,,30,30,TRUE
1909YKGREEN-3XL,17,17,17,17,17,17,17,17,17,17,17,17,17,17,17,17,17,17,15,15,15,14,14,14,14,14,14,14,13,13,,30,30,TRUE
1909YKGREEN-4XL,9,9,9,9,10,11,10,10,9,9,9,9,9,9,9,9,9,9,9,9,9,9,9,9,9,8,8,8,8,8,,30,30,TRUE
1909YKGREEN-5XL,1,2,2,2,2,2,2,2,2,2,2,2,2,2,2,2,2,2,1,1,1,1,1,1,7,1,1,1,1,1,,30,30,TRUE
1909YKGREEN-6XL,24,24,24,24,24,23,23,23,23,23,23,23,23,23,23,23,23,23,23,23,23,23,23,23,23,23,23,23,23,23,,30,30,TRUE
1909YKGREEN-7XL,47,47,47,47,45,45,45,45,45,45,45,45,45,45,45,45,45,45,45,45,45,45,46,46,45,46,46,46,46,46,,30,30,TRUE
1909YKGREEN-8XL,49,48,50,49,48,48,48,48,48,48,48,48,48,48,48,48,48,48,48,48,46,47,47,47,47,47,47,47,47,47,,30,30,TRUE
1909YKGREEN-L,63,63,63,63,63,63,63,63,63,63,63,63,63,63,63,63,63,63,63,63,63,63,63,63,63,64,64,64,64,64,,30,30,TRUE
1909YKGREEN-M,60,60,64,64,64,64,64,64,64,64,64,64,64,64,64,64,64,64,64,64,64,64,64,64,64,64,64,64,65,65,,30,30,TRUE
1909YKGREEN-S,38,38,42,42,42,42,42,42,42,42,42,42,42,42,42,42,42,42,42,42,42,42,42,42,42,42,42,42,42,42,,30,30,TRUE
1909YKGREEN-XL,55,55,55,55,55,55,55,55,55,55,55,55,55,55,55,55,55,55,55,55,55,55,55,55,55,55,55,55,55,55,,30,30,TRUE
1909YKGREEN-XS,17,17,17,17,17,17,17,17,17,17,17,17,17,17,17,17,17,17,17,17,17,17,17,19,19,19,19,19,19,19,,30,30,TRUE
1909YKGREEN-XXL,32,32,32,32,32,32,32,31,31,31,31,31,31,31,31,31,31,31,31,31,31,31,31,31,31,32,32,32,32,32,,30,30,TRUE
190YK214MEHROON-3XL,6,9,6,9,12,12,12,12,8,9,6,6,6,5,5,6,6,6,3,3,3,12,12,13,108,7,7,8,8,8,,30,30,TRUE
190YK214MEHROON-4XL,128,129,123,122,117,115,110,109,108,118,115,114,116,117,117,101,101,101,84,84,84,85,85,83,79,41,39,39,29,28,,30,30,TRUE
190YK214MEHROON-5XL,79,78,78,80,80,80,79,78,76,77,76,75,77,76,76,61,61,61,57,51,56,58,58,54,67,25,17,16,21,21,,30,30,TRUE
190YK214MEHROON-6XL,50,51,51,54,54,53,53,53,53,54,54,54,56,55,55,56,56,57,55,55,55,55,55,56,55,45,44,43,42,42,,30,30,TRUE
190YK214MEHROON-7XL,36,37,37,39,41,41,40,39,39,39,39,38,38,37,37,36,36,36,36,36,33,31,31,30,29,29,29,28,28,27,,30,30,TRUE
190YK214MEHROON-8XL,35,35,29,34,34,32,31,33,32,32,32,33,32,32,32,30,30,27,23,23,23,23,23,22,22,18,17,19,18,18,,30,30,TRUE
190YK214MEHROON-L,90,106,101,101,105,103,98,94,96,101,80,78,73,71,71,53,54,53,30,21,31,44,44,38,118,22,22,26,25,21,,30,30,TRUE
190YK214MEHROON-M,59,59,53,53,57,55,53,50,50,53,51,52,52,51,51,37,36,36,31,31,30,38,38,38,75,17,17,15,17,16,,30,30,TRUE
190YK214MEHROON-S,13,13,10,7,7,7,7,10,10,10,8,9,8,7,7,5,5,6,7,7,9,25,25,25,31,9,8,12,9,7,,30,30,TRUE
190YK214MEHROON-XL,40,50,47,52,51,50,46,43,38,37,17,17,22,21,21,16,16,16,11,11,14,11,16,15,106,14,11,13,11,11,,30,30,TRUE
190YK214MEHROON-XS,164,169,164,164,164,162,162,163,163,170,170,170,170,170,170,168,168,168,168,168,167,167,167,165,163,154,154,154,156,156,,30,30,TRUE
190YK214MEHROON-XXL,8,13,7,16,15,14,12,12,12,14,10,10,10,9,9,8,8,8,8,7,17,8,16,18,95,12,12,12,14,11,,30,30,TRUE
1911YKMULTI-3XL,1,1,1,1,1,1,1,1,1,1,1,2,2,2,2,1,1,1,1,1,1,1,1,1,1,1,1,3,1,1,,30,30,TRUE
1911YKMULTI-4XL,1,2,1,1,1,1,1,1,1,1,1,1,1,1,1,2,2,2,2,2,2,2,2,2,2,2,1,1,1,1,,30,30,TRUE
1911YKMULTI-5XL,1,1,1,1,1,1,1,1,1,1,1,1,3,3,3,3,3,3,3,3,1,1,1,1,1,1,1,1,1,1,,30,30,TRUE
1911YKMULTI-6XL,0,0,0,0,0,0,0,0,0,0,0,0,0,0,0,0,0,0,0,0,0,0,0,0,1,0,0,0,0,0,,1,0,FALSE
1911YKMULTI-7XL,6,6,6,6,6,5,3,3,0,0,0,0,0,0,0,0,0,0,0,0,0,0,0,0,3,0,0,0,0,0,,9,8,FALSE
1911YKMULTI-8XL,6,6,6,6,6,5,5,5,3,3,3,3,3,3,3,2,2,2,2,2,2,2,2,2,4,2,2,2,2,2,,30,30,TRUE
1911YKMULTI-L,10,10,10,9,9,9,6,6,6,6,5,5,5,5,5,5,5,5,5,5,5,5,5,5,5,6,6,6,2,2,,30,30,TRUE
1911YKMULTI-M,22,22,23,23,22,22,22,22,20,20,20,20,20,20,20,18,18,18,18,18,18,18,18,18,18,18,18,18,18,18,,30,30,TRUE
1911YKMULTI-S,48,48,50,50,50,50,50,50,50,50,50,49,49,49,49,49,49,49,47,47,47,47,47,47,47,47,48,48,48,48,,30,30,TRUE
1911YKMULTI-XL,3,3,3,2,2,2,2,2,2,2,2,2,2,2,2,2,2,2,2,2,2,2,2,2,2,2,2,2,2,2,,30,30,TRUE
1911YKMULTI-XS,40,40,41,42,42,42,41,42,42,42,42,42,42,42,42,42,42,42,42,42,42,41,41,42,41,41,41,41,42,42,,30,30,TRUE
1911YKMULTI-XXL,6,6,6,6,6,6,6,6,7,7,7,7,7,7,7,7,7,7,7,7,7,7,7,4,7,4,4,4,4,4,,30,30,TRUE
1912YKSKYBLUE-3XL-4XL,2,2,2,5,5,4,4,4,2,2,2,2,2,2,2,2,2,2,2,2,2,2,2,2,2,2,2,2,0,3,,29,20,FALSE
1912YKSKYBLUE-5XL-6XL,0,0,0,0,0,0,0,0,0,0,0,0,0,0,0,1,1,1,0,0,0,0,0,0,0,0,0,0,0,0,,3,2,FALSE
1912YKSKYBLUE-7XL-8XL,1,1,1,1,1,1,1,1,1,1,1,2,2,2,2,2,2,2,0,0,0,0,0,0,0,0,0,0,0,0,,18,17,FALSE
1912YKSKYBLUE-M-L,36,36,36,36,36,36,36,36,36,36,36,36,36,36,36,36,36,36,36,36,36,36,36,36,36,36,36,44,36,44,,30,30,TRUE
1912YKSKYBLUE-XL-XXL,33,33,33,33,33,33,33,33,24,24,10,6,7,7,7,7,7,7,7,7,7,7,7,7,32,7,7,7,7,7,,30,30,TRUE
1912YKSKYBLUE-XS-S,108,108,108,108,108,108,108,108,108,108,106,108,108,108,108,108,108,108,108,108,108,108,108,108,108,108,109,109,109,109,,30,30,TRUE
1913YKBEIGE-3XL,19,18,18,19,19,18,18,18,18,16,16,19,19,19,19,19,19,19,17,17,17,17,17,14,14,15,12,11,13,13,,30,30,TRUE
1913YKBEIGE-4XL,3,5,4,5,5,5,4,4,4,3,3,3,3,3,3,4,4,4,4,3,3,3,3,4,5,3,3,3,3,3,,30,30,TRUE
1913YKBEIGE-5XL,1,1,0,1,1,1,1,0,0,0,0,0,1,1,1,1,1,1,1,1,1,1,2,2,2,1,1,1,3,2,,24,24,TRUE
1913YKBEIGE-6XL,0,0,0,1,3,1,1,1,1,1,1,1,1,1,1,1,1,1,1,1,1,0,0,0,4,0,0,0,1,4,,21,20,FALSE
1913YKBEIGE-7XL,8,7,7,6,6,6,6,6,6,6,6,6,6,6,6,6,6,6,6,6,6,6,6,6,6,6,3,3,3,3,,30,30,TRUE
1913YKBEIGE-8XL,16,16,15,15,17,17,15,15,15,15,15,15,15,15,15,15,15,15,15,15,15,15,15,15,15,15,15,16,16,16,,30,30,TRUE
1913YKBEIGE-L,68,68,68,68,68,67,67,67,67,66,66,66,71,71,71,71,71,71,69,68,68,68,68,68,68,69,69,70,70,70,,30,30,TRUE
1913YKBEIGE-M,62,62,64,64,64,64,63,64,64,64,64,62,61,61,61,61,61,61,61,61,61,61,61,61,61,66,67,69,70,70,,30,30,TRUE
1913YKBEIGE-S,45,45,45,45,45,45,45,44,44,44,43,43,43,42,42,42,42,42,42,42,42,42,43,43,43,43,44,46,46,46,,30,30,TRUE
1913YKBEIGE-XL,59,59,59,59,59,59,59,59,59,59,59,58,58,58,58,56,56,56,55,53,55,55,55,54,54,54,54,53,53,52,,30,30,TRUE
1913YKBEIGE-XS,8,7,7,7,7,7,7,7,7,7,7,7,7,7,7,7,7,7,7,7,7,7,7,7,7,7,7,7,7,7,,30,30,TRUE
1913YKBEIGE-XXL,26,26,25,25,25,25,25,25,24,24,23,23,23,23,23,24,24,24,24,24,24,23,23,23,23,23,23,23,23,23,,30,30,TRUE
1914YKYELLOW-3XL,1,1,1,2,3,3,3,3,3,3,3,2,2,2,2,2,2,2,2,2,2,2,1,1,1,1,1,1,2,5,,30,30,TRUE
1914YKYELLOW-4XL,14,14,14,14,14,11,11,11,9,9,8,8,8,8,8,7,7,7,7,7,7,6,7,7,6,6,3,3,4,4,,30,30,TRUE
1914YKYELLOW-5XL,7,5,5,6,6,6,4,4,2,2,2,2,2,2,2,3,3,3,3,3,3,3,3,3,2,3,3,3,3,3,,30,30,TRUE
1914YKYELLOW-6XL,1,1,1,1,1,1,1,1,1,1,1,1,1,1,1,1,1,1,1,1,1,1,2,2,2,2,1,7,4,4,,30,30,TRUE
1914YKYELLOW-7XL,12,12,14,15,15,15,15,15,13,13,13,13,12,12,12,12,12,12,12,12,12,12,12,6,6,6,6,5,5,3,,30,30,TRUE
1914YKYELLOW-8XL,9,9,9,9,9,9,9,9,8,8,8,8,8,8,8,7,7,7,7,7,7,7,7,6,6,6,6,6,6,6,,30,30,TRUE
1914YKYELLOW-L,2,3,2,2,2,2,2,1,1,1,1,1,1,1,1,1,1,1,1,1,1,1,1,1,1,1,1,2,2,2,,30,30,TRUE
1914YKYELLOW-M,7,7,7,8,8,8,5,5,1,1,1,1,1,1,1,2,3,4,4,4,4,4,4,4,4,2,2,2,2,2,,30,30,TRUE
1914YKYELLOW-S,6,6,6,6,6,6,6,6,6,6,6,6,6,6,6,6,6,6,6,6,6,6,6,6,5,5,0,0,1,1,,28,29,FALSE
1914YKYELLOW-XL,2,2,2,3,3,3,3,3,0,0,0,0,0,0,0,0,0,0,0,0,0,0,0,0,2,0,0,0,0,2,,10,9,FALSE
1914YKYELLOW-XS,4,4,8,8,8,8,8,8,8,8,8,8,8,8,8,8,8,8,8,8,8,8,8,8,7,6,6,6,6,6,,30,30,TRUE
1914YKYELLOW-XXL,10,10,10,9,8,8,8,8,7,7,7,7,8,8,8,8,8,8,8,7,7,7,7,7,7,7,5,5,4,4,,30,30,TRUE
1915YKBLACK-4XL-5XL,0,0,0,1,0,0,0,0,0,0,0,0,1,0,0,0,0,0,0,1,0,0,0,0,0,0,0,0,0,0,,3,3,TRUE
1915YKBLACK-L-XL,0,1,2,0,1,0,0,0,0,0,0,0,0,0,0,0,0,0,0,0,0,0,1,2,2,2,1,1,1,0,,10,10,TRUE
1915YKBLACK-S-M,1,1,1,1,1,1,1,1,1,1,1,1,0,0,0,0,0,0,0,0,0,0,1,1,6,1,1,1,1,1,,20,20,TRUE
1915YKBLACK-XXL-3XL,1,1,1,1,0,0,0,0,0,0,0,0,0,0,0,0,0,0,0,0,0,0,0,0,0,0,0,0,0,0,,4,4,TRUE
1916YKRED-4XL-5XL,6,6,4,5,4,4,4,4,1,2,1,1,6,3,3,3,3,3,3,3,3,3,4,2,6,1,1,1,2,1,,30,30,TRUE
1916YKRED-L-XL,16,19,15,16,16,16,16,16,16,18,18,19,19,19,19,11,12,11,8,8,6,6,6,5,17,5,5,5,5,5,,30,30,TRUE
1916YKRED-S-M,48,50,50,50,50,50,50,51,51,51,51,51,51,51,51,52,55,55,54,52,51,50,52,52,50,40,40,40,39,39,,30,30,TRUE
1916YKRED-XXL-3XL,3,4,2,2,3,2,2,2,0,0,0,1,2,2,2,0,0,0,0,0,0,0,0,1,1,0,0,0,0,1,,15,13,FALSE
1917YKBLUE-4XL-5XL,2,2,2,2,2,2,1,1,1,1,1,1,1,2,2,1,1,1,1,1,1,1,1,1,1,1,1,1,2,1,,30,30,TRUE
1917YKBLUE-L-XL,13,13,12,11,11,11,11,11,11,12,12,12,12,11,11,9,9,9,8,8,8,8,8,8,19,8,8,8,8,8,,30,30,TRUE
1917YKBLUE-S-M,4,4,4,8,8,8,5,5,5,5,5,5,5,5,5,5,5,5,5,5,5,5,5,5,7,5,5,5,5,5,,30,30,TRUE
1917YKBLUE-XXL-3XL,10,8,6,1,6,6,2,2,0,0,0,0,0,0,0,0,1,1,0,2,2,1,0,0,2,0,0,0,0,0,,14,13,FALSE
1918YKYELLOW-4XL-5XL,6,6,4,5,4,3,3,3,0,0,0,0,0,0,0,0,0,0,0,1,1,1,1,0,4,0,0,0,0,0,,13,12,FALSE
1918YKYELLOW-L-XL,46,46,49,49,48,48,48,48,48,47,43,46,45,45,45,45,46,46,46,46,46,46,46,46,46,44,44,44,44,44,,30,30,TRUE
1918YKYELLOW-S-M,54,54,54,55,55,55,55,55,55,55,55,55,55,55,55,55,55,55,55,55,55,54,54,54,52,54,54,54,54,54,,30,30,TRUE
1918YKYELLOW-XXL-3XL,37,37,37,37,37,37,37,37,34,33,33,33,31,33,33,34,34,34,34,35,35,35,35,35,35,33,33,32,32,31,,30,30,TRUE
1919YKBLUE-3XL,2,1,1,2,1,1,1,1,1,1,1,1,2,1,1,1,1,1,1,1,1,1,1,1,1,1,1,8,7,6,,30,30,TRUE
1919YKBLUE-4XL,1,1,1,1,1,1,1,1,1,1,1,1,1,2,2,2,2,2,2,2,2,2,2,1,1,1,1,1,1,1,,30,30,TRUE
1919YKBLUE-5XL,0,0,0,0,0,0,0,0,0,0,0,0,0,0,0,0,0,0,0,0,0,0,0,0,0,0,0,0,0,0,,0,0,TRUE
1919YKBLUE-6XL,0,0,0,0,0,0,0,0,0,0,0,0,0,0,0,0,0,0,0,0,0,0,0,0,0,0,0,0,0,0,,0,0,TRUE
1919YKBLUE-L,2,2,2,2,2,2,1,1,1,1,1,1,2,2,2,2,2,2,2,2,2,2,2,2,2,2,2,1,1,1,,30,30,TRUE
1919YKBLUE-M,17,17,17,17,17,17,17,17,17,17,17,17,17,17,17,17,17,17,17,17,17,17,17,17,17,17,17,17,17,17,,30,30,TRUE
1919YKBLUE-S,8,8,8,8,8,8,8,8,8,8,8,8,8,8,8,8,8,8,8,8,8,8,8,8,8,8,8,8,8,9,,30,30,TRUE
1919YKBLUE-XL,10,9,8,6,8,8,8,8,8,8,8,8,8,8,8,8,8,8,8,8,8,8,8,9,9,9,9,9,7,7,,30,30,TRUE
1919YKBLUE-XXL,9,9,11,11,11,11,11,11,11,11,11,11,11,11,11,11,11,11,11,11,11,11,12,5,4,4,4,4,4,4,,30,30,TRUE
191YK214PEACH-5XL,0,0,0,0,0,0,0,0,0,0,0,0,0,0,0,0,0,0,0,0,0,0,0,0,0,0,0,0,0,0,,0,0,TRUE
191YK214PEACH-L,0,0,0,0,0,0,0,0,0,0,0,0,0,0,0,0,0,0,1,1,0,0,0,0,0,0,0,0,0,0,,2,2,TRUE
191YK214PEACH-M,0,0,0,0,0,0,0,0,0,0,0,0,0,0,0,0,0,0,0,0,0,0,0,0,0,0,0,0,0,0,,0,0,TRUE
191YK214PEACH-S,0,0,0,0,0,0,0,0,0,0,0,0,0,0,0,0,0,0,0,0,0,0,0,0,0,0,0,0,0,0,,0,0,TRUE
191YK214PEACH-XL,0,0,0,0,0,0,0,0,0,0,0,0,0,0,0,0,0,0,0,0,0,0,0,0,0,0,0,0,0,0,,0,0,TRUE
191YK214PEACH-XXL,0,0,0,0,0,0,0,0,0,0,0,0,0,0,0,0,0,0,0,0,0,0,0,0,0,0,0,0,0,0,,0,0,TRUE
1920YKYELLOW-3XL,0,0,0,0,0,0,0,0,0,0,0,0,0,0,0,2,2,2,2,2,2,2,2,2,2,2,2,2,2,2,,15,15,TRUE
1920YKYELLOW-4XL,2,2,2,1,0,0,0,0,0,0,0,0,0,0,0,0,1,1,0,0,0,0,0,0,0,0,0,0,0,4,,7,6,FALSE
1920YKYELLOW-5XL,0,0,0,0,1,0,0,0,0,0,0,0,0,0,0,0,0,0,0,0,0,0,0,0,0,0,0,0,0,0,,1,1,TRUE
1920YKYELLOW-L,14,14,14,14,14,14,14,14,14,14,14,14,14,14,14,14,14,14,14,14,14,13,13,13,13,13,13,13,13,13,,30,30,TRUE
1920YKYELLOW-M,13,13,16,16,16,16,16,16,16,15,15,15,15,15,15,14,14,14,14,14,14,14,14,14,14,14,14,14,14,14,,30,30,TRUE
1920YKYELLOW-S,7,8,11,11,11,11,11,11,11,11,10,10,10,10,10,10,10,10,10,10,10,10,10,10,10,10,10,10,10,10,,30,30,TRUE
1920YKYELLOW-XL,18,18,19,20,20,20,20,20,20,19,18,19,20,20,20,20,20,20,20,20,20,20,20,20,20,20,20,20,20,20,,30,30,TRUE
1920YKYELLOW-XXL,16,16,16,25,26,26,26,26,26,26,26,26,26,26,26,26,26,26,26,26,26,26,26,26,26,24,24,22,15,15,,30,30,TRUE
1921YKOFFWHITE-3XL,1,1,1,1,1,0,0,0,0,1,1,1,1,1,1,1,1,1,1,1,1,1,1,0,0,0,0,0,0,0,,19,19,TRUE
1921YKOFFWHITE-4XL,0,0,0,0,0,0,0,0,0,0,0,0,0,0,0,0,0,0,0,0,0,0,0,0,0,0,0,0,0,1,,1,0,FALSE
1921YKOFFWHITE-5XL,0,0,0,3,3,3,3,2,2,2,2,2,2,2,2,2,2,2,2,2,2,2,2,1,1,1,1,1,1,1,,27,27,TRUE
1921YKOFFWHITE-L,1,1,1,0,0,0,0,0,0,0,0,0,0,0,0,0,0,0,0,0,0,0,0,0,0,0,0,0,0,0,,3,3,TRUE
1921YKOFFWHITE-M,1,1,1,1,1,1,1,1,1,1,1,1,1,1,1,1,1,1,1,1,1,1,1,1,1,1,1,1,1,1,,30,30,TRUE
1921YKOFFWHITE-S,5,5,5,5,5,5,3,3,3,3,3,3,3,3,3,3,3,3,3,3,3,3,3,3,3,3,3,3,3,3,,30,30,TRUE
1921YKOFFWHITE-XL,1,1,1,1,1,1,1,1,1,1,1,1,1,1,1,1,1,1,1,1,1,1,1,1,1,1,1,1,1,1,,30,30,TRUE
1921YKOFFWHITE-XXL,2,2,2,3,3,3,3,3,3,3,3,3,3,3,3,3,3,3,3,3,3,3,3,3,3,3,3,3,3,3,,30,30,TRUE
1922YKBLUE-3XL,0,0,0,0,0,0,0,0,0,0,0,0,0,0,0,0,0,0,0,0,0,0,0,0,0,0,0,0,0,0,,0,0,TRUE
1922YKBLUE-4XL,0,0,0,0,0,0,0,0,0,0,0,0,0,0,0,0,0,0,0,0,0,0,0,0,0,0,0,0,0,2,,1,0,FALSE
1922YKBLUE-XL,0,0,0,0,0,0,0,0,0,0,0,0,0,0,0,0,0,0,0,0,0,0,0,0,0,0,0,0,0,0,,0,0,TRUE
1922YKBLUE-XXL,1,1,1,1,1,1,1,0,0,0,0,0,0,0,0,0,0,0,0,0,0,0,0,0,0,0,0,0,0,2,,8,7,FALSE
1923YKMAROON-3XL,0,0,0,2,2,1,1,1,1,1,1,1,1,1,1,2,2,2,1,1,1,1,2,2,2,2,2,2,0,2,,26,25,FALSE
1923YKMAROON-4XL,0,0,0,0,0,0,0,0,0,0,0,0,0,0,0,0,0,0,0,0,0,0,0,0,0,0,0,0,0,0,,0,0,TRUE
1923YKMAROON-5XL,1,1,1,1,1,1,0,0,0,0,0,0,0,0,0,0,0,0,0,0,0,0,0,0,0,0,0,0,0,0,,6,6,TRUE
1923YKMAROON-XL,2,2,2,3,3,2,2,1,1,1,1,1,1,1,1,2,2,2,2,2,2,2,2,2,2,2,2,3,3,2,,30,30,TRUE
1923YKMAROON-XXL,0,0,0,1,1,1,1,0,0,0,0,0,0,0,0,0,0,0,0,0,0,0,0,0,0,0,0,0,0,3,,5,4,FALSE
1924YKMULTI-3XL,0,0,0,0,1,1,0,0,0,0,0,0,0,0,0,0,0,0,0,0,0,0,0,0,1,0,0,0,0,0,,3,2,FALSE
1924YKMULTI-4XL,0,0,0,0,0,0,0,0,0,0,0,0,0,0,0,0,0,0,0,0,0,0,0,0,0,0,0,0,0,0,,0,0,TRUE
1924YKMULTI-5XL,0,0,0,0,0,0,0,0,0,0,0,0,0,0,0,0,0,0,0,0,0,0,0,0,0,0,0,0,0,0,,0,0,TRUE
1924YKMULTI-XL,1,1,1,1,1,1,1,1,1,1,1,1,1,1,1,1,1,1,1,1,1,1,1,1,1,1,1,1,1,1,,30,30,TRUE
1924YKMULTI-XXL,3,3,3,3,3,3,3,3,1,1,1,1,1,1,1,1,1,1,1,1,1,1,1,1,2,1,1,1,1,1,,30,30,TRUE
1925YKGREY-3XL,1,1,1,1,1,1,1,1,1,1,1,1,1,1,1,1,1,1,1,1,1,1,1,0,0,0,0,0,0,1,,24,22,FALSE
1925YKGREY-4XL,0,0,0,0,0,0,0,0,0,0,0,0,0,0,0,0,0,0,0,0,0,0,0,0,0,0,0,0,0,0,,0,0,TRUE
1925YKGREY-XL,5,5,5,5,5,5,5,5,5,5,5,5,5,5,5,5,5,5,5,5,5,5,5,5,5,5,5,5,5,5,,30,30,TRUE
1925YKGREY-XXL,8,8,8,8,8,7,7,7,5,5,5,5,5,5,5,5,5,5,5,5,5,5,5,5,5,5,5,5,5,5,,30,30,TRUE
1926YKRED-3XL,26,26,26,26,26,26,26,26,26,26,26,26,26,26,26,26,26,26,25,20,25,25,25,25,25,25,25,25,25,25,,30,30,TRUE
1926YKRED-4XL,27,27,27,27,27,27,27,27,27,27,27,27,27,27,27,27,27,27,27,27,27,26,27,27,25,27,27,27,26,24,,30,30,TRUE
1926YKRED-5XL,16,15,13,13,13,12,12,12,12,12,12,12,12,12,12,12,11,11,11,11,11,11,11,11,11,10,10,10,10,10,,30,30,TRUE
1926YKRED-L,35,35,37,37,37,37,37,37,37,37,37,37,37,38,38,38,38,38,38,38,38,38,38,37,37,37,37,37,37,37,,30,30,TRUE
1926YKRED-M,32,32,32,32,32,32,32,32,32,32,32,32,32,32,32,32,32,32,32,32,32,32,32,32,32,32,32,32,32,32,,30,30,TRUE
1926YKRED-S,4,4,4,4,4,4,4,4,4,4,4,4,4,4,4,4,4,4,4,4,4,4,4,4,4,5,5,5,5,5,,30,30,TRUE
1926YKRED-XL,30,30,32,31,31,31,31,31,31,30,30,30,30,30,30,30,30,30,30,30,30,30,30,30,30,30,30,30,31,31,,30,30,TRUE
1926YKRED-XS,10,10,10,10,10,10,10,10,10,10,10,10,10,10,10,10,10,10,10,10,10,10,10,10,10,10,10,10,10,10,,30,30,TRUE
1926YKRED-XXL,31,31,31,31,31,31,31,31,31,31,31,31,31,31,31,31,31,31,31,31,31,31,31,31,31,31,31,31,29,29,,30,30,TRUE
1927YKORANGE-3XL,1,1,1,0,1,1,1,1,1,1,1,1,1,1,1,1,1,1,1,1,1,1,1,1,1,1,1,1,1,1,,29,29,TRUE
1927YKORANGE-4XL,0,0,0,0,0,0,0,0,0,0,0,0,0,0,0,0,0,0,0,0,0,0,0,0,0,0,0,0,0,0,,0,0,TRUE
1927YKORANGE-5XL,0,0,0,0,0,0,0,0,0,0,0,0,0,0,0,0,0,0,0,0,0,0,0,0,0,0,0,0,0,0,,0,0,TRUE
1927YKORANGE-XL,0,0,0,1,1,1,1,1,1,1,1,1,1,1,1,1,1,1,1,1,1,1,1,1,1,1,1,1,0,2,,26,25,FALSE
1927YKORANGE-XXL,0,0,0,0,0,0,0,0,0,0,0,0,0,0,0,0,0,0,0,0,0,0,0,0,0,0,0,0,0,0,,0,0,TRUE
1928YKBLUE-3XL,19,19,19,20,20,20,20,20,19,19,19,19,19,19,19,19,18,18,17,17,17,17,17,17,17,17,17,17,17,17,,30,30,TRUE
1928YKBLUE-4XL,27,27,27,28,28,28,28,28,28,28,28,28,28,28,28,28,28,28,28,27,27,28,28,28,28,25,25,25,26,26,,30,30,TRUE
1928YKBLUE-5XL,8,8,8,8,8,8,8,8,5,5,5,5,5,5,5,5,5,5,5,5,5,5,5,5,5,5,5,5,5,5,,30,30,TRUE
1928YKBLUE-6XL,6,6,6,5,5,5,5,5,5,5,5,5,5,5,5,5,5,5,5,5,5,5,5,5,5,6,6,6,6,6,,30,30,TRUE
1928YKBLUE-7XL,5,5,4,4,4,4,4,3,3,3,3,3,3,3,3,3,3,3,3,3,3,3,3,3,2,3,3,3,3,3,,30,30,TRUE
1928YKBLUE-8XL,1,1,1,1,1,1,1,1,1,1,1,1,1,1,1,1,1,1,1,1,1,1,1,1,1,1,1,1,1,1,,30,30,TRUE
1928YKBLUE-L,23,23,23,24,23,23,23,23,21,20,20,20,15,20,20,20,20,20,20,20,20,20,20,20,20,20,20,20,20,20,,30,30,TRUE
1928YKBLUE-M,31,31,32,32,32,32,32,32,32,32,32,32,32,32,32,32,32,32,30,30,30,30,30,30,30,29,30,30,30,30,,30,30,TRUE
1928YKBLUE-S,18,18,22,22,22,22,22,22,22,22,25,25,25,25,25,25,25,25,25,25,25,25,25,25,25,25,25,27,27,27,,30,30,TRUE
1928YKBLUE-XL,13,13,13,13,13,13,13,13,13,13,13,13,13,13,13,13,13,13,13,13,13,13,13,13,13,10,10,10,10,10,,30,30,TRUE
1928YKBLUE-XS,16,16,18,18,19,19,19,19,19,19,18,19,19,19,19,19,19,19,19,19,19,19,19,19,19,19,19,19,19,19,,30,30,TRUE
1928YKBLUE-XXL,32,32,33,33,33,33,33,32,32,32,32,32,32,32,32,32,32,32,32,32,32,32,32,32,31,32,32,32,32,32,,30,30,TRUE
1929YKBLACK-L,0,0,0,0,0,0,0,0,0,0,0,0,0,0,0,0,0,0,0,0,0,0,0,0,0,0,0,0,0,0,,0,0,TRUE
1929YKBLACK-M,0,0,0,1,1,1,1,2,2,2,1,0,0,0,0,0,0,0,0,0,0,0,1,1,1,1,1,1,1,0,,15,15,TRUE
1929YKBLACK-S,0,0,0,0,0,0,0,0,0,0,0,0,0,0,0,0,0,0,0,0,0,0,0,0,0,0,0,0,1,1,,2,2,TRUE
1929YKBLACK-XL,1,2,2,8,8,6,6,6,3,2,2,2,2,2,2,2,2,2,2,2,2,2,2,2,2,2,2,2,3,3,,30,30,TRUE
1929YKBLACK-XXL,0,0,0,0,0,0,0,0,0,0,0,0,0,0,0,0,0,0,0,0,0,0,0,0,0,0,0,0,0,2,,1,0,FALSE
192YK251GREEN-3XL,7,9,6,8,7,8,7,6,3,20,17,17,17,17,17,14,14,14,10,9,11,10,10,11,11,11,11,12,10,10,,30,30,TRUE
192YK251GREEN-4XL,6,5,5,5,5,5,3,3,0,12,12,11,10,10,10,10,10,10,9,7,9,9,9,9,9,9,9,9,11,11,,29,29,TRUE
192YK251GREEN-5XL,8,9,7,10,8,9,8,8,6,27,24,24,23,26,26,23,22,22,21,22,19,16,16,14,14,6,6,11,13,12,,30,30,TRUE
192YK251GREEN-6XL,2,3,2,2,2,1,1,1,1,1,1,1,1,1,1,1,1,1,1,1,1,1,1,1,2,1,1,1,1,9,,30,30,TRUE
192YK251GREEN-7XL,2,5,1,5,5,25,24,24,22,36,31,30,24,29,29,30,30,30,29,29,27,27,27,26,26,26,16,15,20,20,,30,30,TRUE
192YK251GREEN-8XL,5,9,8,5,7,6,5,5,1,13,13,14,14,14,14,13,13,13,11,11,11,9,9,5,5,7,3,3,11,11,,30,30,TRUE
192YK251GREEN-L,1,1,1,1,1,1,1,2,0,24,22,22,22,22,22,20,20,20,18,17,17,17,17,15,14,13,13,13,13,13,,29,29,TRUE
192YK251GREEN-M,6,34,34,34,34,37,38,38,36,58,58,56,56,55,55,50,50,50,47,46,46,46,46,43,41,44,44,44,44,44,,30,30,TRUE
192YK251GREEN-S,6,18,18,19,19,21,25,25,20,27,26,27,27,27,27,27,27,27,27,26,26,26,26,19,19,24,24,24,24,24,,30,30,TRUE
192YK251GREEN-XL,20,31,35,36,36,38,38,37,38,50,50,50,51,49,49,50,50,50,49,49,48,48,48,48,47,47,46,49,50,50,,30,30,TRUE
192YK251GREEN-XS,7,7,7,7,7,7,7,7,7,7,6,5,5,5,5,6,6,6,5,5,5,5,5,5,5,5,5,5,5,5,,30,30,TRUE
192YK251GREEN-XXL,19,27,26,24,24,24,24,24,19,36,36,34,31,31,31,28,28,28,26,19,24,24,24,26,25,24,23,23,21,13,,30,30,TRUE
1930YKBLUE-3XL,2,2,2,2,2,1,1,0,0,0,0,0,0,0,0,0,0,0,0,0,0,0,1,1,1,1,1,1,2,2,,15,15,TRUE
1930YKBLUE-4XL,0,0,0,0,0,0,0,0,0,0,0,0,0,0,0,0,0,0,0,0,0,0,0,0,0,0,0,0,0,0,,0,0,TRUE
1930YKBLUE-5XL,0,0,0,0,0,0,0,0,0,0,0,0,0,0,0,0,0,0,0,0,0,0,0,0,0,0,0,0,0,0,,0,0,TRUE
1930YKBLUE-XL,7,7,9,9,9,8,8,8,8,8,8,8,8,8,8,8,8,8,8,8,8,8,8,8,8,8,8,8,8,8,,30,30,TRUE
1930YKBLUE-XXL,10,11,11,11,11,10,8,7,5,5,4,4,4,4,4,4,4,4,4,4,4,4,4,2,4,2,2,3,4,4,,30,30,TRUE
1931YKMULTI-L,6,6,6,6,6,6,6,6,4,4,4,4,4,4,4,4,4,4,4,4,4,4,4,4,5,4,4,4,4,4,,30,30,TRUE
1931YKMULTI-M,6,6,6,6,6,6,3,5,3,3,3,3,3,3,3,3,3,3,3,3,3,3,3,3,4,3,3,3,3,3,,30,30,TRUE
1931YKMULTI-S,14,14,14,14,14,14,14,14,14,14,14,14,14,14,14,14,14,14,13,13,13,13,13,13,13,13,13,13,13,13,,30,30,TRUE
1931YKMULTI-XL,7,7,6,6,6,6,4,4,0,0,0,0,0,0,0,0,0,0,0,0,0,0,0,0,5,0,0,0,0,0,,9,8,FALSE
1932YKBLACK-3XL,5,4,4,5,4,4,4,3,0,0,0,0,0,0,0,3,3,3,3,3,3,2,2,2,3,2,2,2,2,2,,23,23,TRUE
1932YKBLACK-4XL,11,10,10,13,13,13,11,9,3,0,0,0,0,0,0,1,1,1,1,1,1,1,1,1,5,1,1,2,4,4,,24,24,TRUE
1932YKBLACK-5XL,0,0,0,0,0,0,0,0,0,0,0,0,0,0,0,0,0,0,0,0,0,0,0,0,2,0,0,0,0,0,,1,0,FALSE
1932YKBLACK-L,1,1,1,2,2,1,1,1,1,1,1,1,1,1,1,1,1,1,1,0,0,0,0,0,0,0,0,6,4,4,,22,22,TRUE
1932YKBLACK-M,4,4,17,17,17,15,15,15,15,15,15,15,15,15,15,15,15,15,15,15,15,15,15,9,9,9,9,8,8,8,,30,30,TRUE
1932YKBLACK-S,3,3,3,3,3,3,3,3,1,1,1,1,1,1,1,1,1,1,1,1,1,1,1,1,1,1,1,1,1,1,,30,30,TRUE
1932YKBLACK-XL,1,1,1,1,1,1,1,1,1,1,1,1,1,0,0,0,0,0,0,0,0,0,0,0,0,0,0,0,0,0,,13,13,TRUE
1932YKBLACK-XXL,1,1,1,1,1,1,1,1,1,1,1,1,2,2,2,3,3,3,2,1,1,1,1,1,1,1,1,1,1,1,,30,30,TRUE
1934YKPINK-3XL,1,1,3,2,4,4,4,3,3,3,3,3,3,43,43,42,42,42,31,31,30,28,31,30,30,30,30,30,30,30,,30,30,TRUE
1934YKPINK-4XL,0,0,0,0,1,1,1,1,1,1,0,0,0,25,25,25,25,25,15,14,14,13,13,14,14,13,13,13,13,13,,23,23,TRUE
1934YKPINK-5XL,0,0,0,0,0,0,0,0,0,0,0,0,0,26,26,26,26,26,16,16,16,15,15,15,15,15,15,15,15,15,,17,17,TRUE
1934YKPINK-6XL,1,1,1,0,1,1,1,1,1,1,1,1,1,27,27,27,27,27,17,17,17,16,16,16,16,16,16,15,16,16,,29,29,TRUE
1934YKPINK-7XL,7,7,7,6,6,5,3,3,0,0,0,0,0,21,21,21,21,21,17,17,17,17,17,17,17,17,17,17,17,17,,25,25,TRUE
1934YKPINK-8XL,1,1,1,1,1,1,1,1,1,1,1,1,1,33,33,33,33,33,25,25,25,25,25,27,27,26,28,28,28,27,,30,30,TRUE
1934YKPINK-L,57,57,57,57,57,57,57,57,57,57,57,57,57,57,57,57,57,57,57,57,57,57,57,57,57,57,57,57,57,57,,30,30,TRUE
1934YKPINK-M,56,56,60,60,60,60,60,60,60,60,60,60,60,60,60,60,60,60,60,60,60,60,60,60,60,60,60,60,60,60,,30,30,TRUE
1934YKPINK-S,74,74,74,74,74,74,74,75,75,75,75,75,75,75,75,75,75,76,76,76,76,75,76,76,76,76,76,76,76,76,,30,30,TRUE
1934YKPINK-XL,18,18,17,12,17,17,17,17,17,17,17,17,17,50,50,50,50,50,50,50,50,50,50,50,50,50,50,50,50,50,,30,30,TRUE
1934YKPINK-XS,11,11,15,15,15,15,15,15,15,15,15,15,15,15,15,15,15,15,15,15,15,15,15,15,15,15,15,15,15,15,,30,30,TRUE
1934YKPINK-XXL,1,1,4,2,3,3,3,3,0,0,0,0,0,28,28,31,31,31,21,21,21,20,20,23,23,23,24,24,24,24,,25,25,TRUE
1935YKMULTI-L,0,0,0,0,0,0,0,0,0,0,0,0,0,0,0,0,0,0,0,0,0,0,0,0,0,0,0,0,0,0,,0,0,TRUE
1935YKMULTI-M,0,0,0,0,0,0,0,0,0,0,0,0,0,0,0,0,0,0,0,0,0,0,0,0,0,0,0,0,0,1,,1,1,TRUE
1935YKMULTI-S,0,1,1,1,0,0,0,0,0,0,0,0,0,0,0,0,0,0,0,0,0,0,0,0,0,0,0,0,0,0,,3,3,TRUE
1935YKMULTI-XL,0,0,0,0,0,0,0,0,0,0,0,0,0,0,0,0,0,0,0,0,0,0,0,0,0,0,0,0,0,0,,0,0,TRUE
1935YKMULTI-XS,4,4,4,4,4,4,4,4,4,4,4,4,4,4,4,4,4,4,4,4,4,4,4,4,4,4,4,4,4,4,,30,30,TRUE
1936YKOFFWHITE-3XL,57,91,91,92,92,92,96,96,97,96,96,96,96,98,98,96,96,96,96,96,96,96,96,95,95,95,95,95,95,95,,30,30,TRUE
1936YKOFFWHITE-4XL,25,57,57,57,57,57,61,61,63,63,63,63,62,64,64,62,62,62,62,61,61,60,60,60,60,60,60,60,60,60,,30,30,TRUE
1936YKOFFWHITE-5XL,49,74,74,74,74,74,76,76,76,76,76,76,76,80,80,78,78,78,78,78,78,78,78,78,76,73,71,71,73,73,,30,30,TRUE
1936YKOFFWHITE-6XL,19,42,42,42,42,42,43,43,43,43,43,43,43,48,48,48,48,48,46,46,46,46,46,46,46,46,46,46,46,46,,30,30,TRUE
1936YKOFFWHITE-7XL,29,40,40,40,40,35,35,35,35,35,35,35,35,40,40,40,40,40,40,40,40,40,40,40,40,40,40,40,40,40,,30,30,TRUE
1936YKOFFWHITE-8XL,40,40,40,40,40,40,40,39,42,42,42,42,41,41,41,41,41,41,41,41,41,41,41,41,41,41,41,41,40,40,,30,30,TRUE
1936YKOFFWHITE-L,31,31,31,31,31,31,31,31,29,30,30,30,30,30,30,28,28,28,28,28,28,28,28,28,28,28,28,28,28,28,,30,30,TRUE
1936YKOFFWHITE-M,34,34,34,34,35,35,35,35,35,35,35,35,35,35,35,33,33,33,33,33,33,33,33,32,32,32,32,32,33,32,,30,30,TRUE
1936YKOFFWHITE-S,27,28,33,31,31,31,31,32,32,32,32,32,32,32,32,28,28,28,29,29,29,29,29,29,29,27,27,27,27,27,,30,30,TRUE
1936YKOFFWHITE-XL,18,18,17,17,17,17,17,17,10,9,9,9,9,9,9,9,9,9,9,9,9,9,9,9,14,9,9,10,10,10,,30,30,TRUE
1936YKOFFWHITE-XS,4,4,4,4,4,4,4,4,2,2,2,2,2,2,2,2,2,2,2,2,2,2,2,2,2,2,2,2,2,2,,30,30,TRUE
1936YKOFFWHITE-XXL,21,41,41,42,41,41,42,42,42,42,42,42,41,55,55,55,55,55,55,55,55,55,55,55,55,54,54,55,56,56,,30,30,TRUE
1937YKPURPLE-3XL,6,5,5,5,5,1,0,0,0,0,0,0,1,1,1,0,0,0,0,0,0,0,0,132,131,24,22,18,18,14,,16,15,FALSE
1937YKPURPLE-4XL,33,31,29,28,27,25,19,16,16,16,11,11,13,11,11,11,10,10,4,4,4,4,4,13,17,9,6,6,7,7,,30,30,TRUE
1937YKPURPLE-5XL,9,7,6,6,5,0,0,0,0,0,0,0,0,0,0,0,0,0,0,0,0,0,83,81,77,25,25,23,32,30,,13,13,TRUE
1937YKPURPLE-L,8,8,3,6,7,6,4,3,1,1,0,1,1,1,1,103,102,82,9,7,7,4,79,69,93,42,41,40,24,24,,29,29,TRUE
1937YKPURPLE-M,47,49,46,43,41,21,19,20,19,19,18,17,18,18,18,13,13,10,6,6,6,6,6,10,32,7,7,7,8,7,,30,30,TRUE
1937YKPURPLE-S,20,20,19,21,21,21,15,16,2,0,2,0,0,0,0,1,1,1,2,0,0,0,0,0,27,0,0,0,0,0,,15,14,FALSE
1937YKPURPLE-XL,37,33,25,23,18,16,11,11,11,11,11,11,14,11,11,11,14,11,9,9,8,8,77,68,65,29,27,27,73,72,,30,30,TRUE
1937YKPURPLE-XS,4,3,2,5,4,3,3,3,0,0,0,0,1,1,1,1,1,2,2,1,0,0,0,14,12,11,10,8,9,8,,23,23,TRUE
1937YKPURPLE-XXL,17,17,8,8,6,6,5,5,1,8,4,0,0,0,0,132,129,107,16,14,13,12,131,123,119,77,75,73,76,61,,26,26,TRUE
1938YKBLACK-3XL,49,49,49,50,50,50,50,50,47,47,47,46,46,46,46,46,46,46,45,45,45,45,45,45,45,45,45,45,45,45,,30,30,TRUE
1938YKBLACK-4XL,42,42,47,47,47,47,47,47,47,47,47,47,47,47,47,47,47,47,46,46,46,46,46,46,46,46,46,46,44,44,,30,30,TRUE
1938YKBLACK-5XL,19,19,19,19,19,19,19,19,19,19,19,18,18,18,18,18,18,18,18,19,19,19,19,19,19,19,19,19,19,19,,30,30,TRUE
1938YKBLACK-6XL,18,18,18,18,18,18,18,18,18,18,18,18,18,18,18,18,18,18,18,18,18,17,17,17,17,17,17,17,16,16,,30,30,TRUE
1938YKBLACK-7XL,24,24,24,24,24,24,24,24,24,24,24,24,24,24,24,24,24,24,24,24,24,24,24,24,24,24,24,24,24,24,,30,30,TRUE
1938YKBLACK-8XL,21,21,21,21,21,21,21,21,21,21,21,21,21,21,21,21,21,21,20,20,20,20,20,20,20,18,18,17,17,17,,30,30,TRUE
1938YKBLACK-L,21,21,21,21,21,21,21,21,21,21,21,21,21,21,21,21,21,21,21,21,21,21,21,21,21,21,21,21,21,21,,30,30,TRUE
1938YKBLACK-M,23,23,23,24,24,24,24,24,24,24,24,24,24,24,24,24,24,24,24,23,23,23,23,23,22,22,22,22,22,22,,30,30,TRUE
1938YKBLACK-S,6,6,6,6,6,6,6,6,6,6,6,6,6,6,6,6,6,6,6,6,6,6,6,6,6,6,6,6,6,7,,30,30,TRUE
1938YKBLACK-XL,15,15,15,15,15,15,15,15,15,15,15,15,15,15,15,15,15,15,15,15,15,15,15,15,15,15,15,15,15,15,,30,30,TRUE
1938YKBLACK-XS,6,6,9,9,9,9,9,9,9,9,9,9,9,9,9,9,9,9,9,9,9,9,9,9,9,9,9,9,9,9,,30,30,TRUE
1938YKBLACK-XXL,41,41,41,41,41,41,41,41,41,41,41,41,41,41,41,41,41,41,41,40,40,40,40,40,40,40,40,40,39,39,,30,30,TRUE
1939YKBLUE-L,1,1,1,1,1,1,1,1,1,1,0,0,0,0,0,0,0,0,0,0,0,0,0,0,0,0,0,0,0,2,,11,10,FALSE
1939YKBLUE-M,0,0,0,0,0,0,0,0,0,0,0,0,0,0,0,0,0,0,0,0,0,0,0,0,0,0,0,0,0,0,,0,0,TRUE
1939YKBLUE-S,0,0,0,0,0,0,0,0,0,0,0,0,0,0,0,0,0,0,0,0,0,0,0,0,0,0,0,0,0,0,,0,0,TRUE
1939YKBLUE-XS,0,0,0,0,0,0,0,0,0,0,0,0,0,0,0,0,0,0,0,0,0,0,0,0,0,0,0,0,0,0,,0,0,TRUE
193YK251FIROZI-3XL,4,3,2,3,2,2,2,2,0,0,0,0,1,1,1,1,1,1,1,1,1,1,1,1,2,1,1,1,1,1,,26,26,TRUE
193YK251FIROZI-4XL,7,6,6,6,5,5,5,5,3,4,3,3,4,4,4,3,3,3,3,3,3,3,3,4,4,4,4,4,4,4,,30,30,TRUE
193YK251FIROZI-5XL,13,11,6,11,12,12,11,10,11,9,9,9,12,12,12,12,12,12,10,11,11,11,12,11,11,11,11,10,10,10,,30,30,TRUE
193YK251FIROZI-6XL,13,13,13,13,13,13,13,13,11,11,11,11,11,11,11,11,11,11,11,10,9,9,9,9,9,8,8,7,7,7,,30,30,TRUE
193YK251FIROZI-7XL,13,13,13,12,12,12,12,12,12,12,12,12,12,12,12,12,12,12,12,12,12,12,12,12,12,12,12,12,12,12,,30,30,TRUE
193YK251FIROZI-8XL,7,8,8,9,9,9,8,8,8,7,7,7,7,7,7,5,5,5,5,5,5,5,5,4,4,4,4,4,4,4,,30,30,TRUE
193YK251FIROZI-L,5,5,5,6,5,4,3,3,3,3,2,1,1,1,1,0,1,0,0,0,0,0,0,1,2,1,0,0,0,0,,19,19,TRUE
193YK251FIROZI-M,6,6,5,5,6,6,4,4,4,4,4,4,4,4,4,5,5,5,4,3,2,2,2,5,5,2,2,3,3,3,,30,30,TRUE
193YK251FIROZI-S,38,38,41,43,41,41,39,40,40,40,40,40,39,38,38,36,36,36,33,28,32,32,32,32,32,29,29,27,28,27,,30,30,TRUE
193YK251FIROZI-XL,1,2,2,1,1,1,1,1,1,1,1,1,1,1,1,2,2,2,1,1,1,1,1,2,2,1,1,2,1,1,,30,30,TRUE
193YK251FIROZI-XS,12,12,14,12,12,11,11,12,12,12,12,12,11,11,11,10,10,10,10,10,9,9,9,9,9,6,6,8,8,8,,30,30,TRUE
193YK251FIROZI-XXL,8,8,9,12,13,12,9,9,9,8,6,6,7,7,7,6,6,6,5,6,5,4,4,8,8,7,7,7,7,7,,30,30,TRUE
1940YKSKYBLUE-L,0,0,0,0,0,0,0,0,1,1,1,1,1,1,1,1,1,1,1,1,1,1,1,1,1,1,1,1,2,3,,22,22,TRUE
1940YKSKYBLUE-M,0,0,0,0,0,0,0,0,0,0,0,0,0,0,0,0,0,0,0,0,0,0,0,0,0,0,0,0,0,0,,0,0,TRUE
1940YKSKYBLUE-S,6,6,6,6,6,6,6,6,5,5,5,5,4,4,4,4,4,4,4,4,4,4,4,4,4,4,4,4,4,4,,30,30,TRUE
1940YKSKYBLUE-XS,10,10,10,10,10,10,8,8,4,1,4,4,4,4,4,4,4,4,4,4,4,4,4,4,6,4,4,4,4,4,,30,30,TRUE
1941YKMUSTARD-3XL,9,10,10,9,9,9,9,8,8,8,7,7,1,6,6,6,6,7,7,6,6,6,6,5,5,4,4,4,4,4,,30,30,TRUE
1941YKMUSTARD-4XL,14,14,14,14,14,14,12,12,11,15,15,15,15,15,15,29,29,29,22,22,22,21,21,21,21,21,35,35,36,35,,30,30,TRUE
1941YKMUSTARD-5XL,3,3,3,2,3,3,3,3,2,2,2,2,3,3,3,20,20,20,12,12,12,12,12,13,13,12,24,24,46,46,,30,30,TRUE
1941YKMUSTARD-6XL,8,14,14,15,14,14,14,14,14,14,14,14,14,14,14,14,14,14,10,9,8,6,8,8,9,8,25,25,25,25,,30,30,TRUE
1941YKMUSTARD-7XL,5,18,18,21,22,22,21,21,18,18,18,18,18,18,18,18,18,18,17,17,17,17,17,17,17,17,21,21,21,21,,30,30,TRUE
1941YKMUSTARD-8XL,15,14,14,20,20,20,20,20,20,20,19,19,19,19,19,19,19,19,19,19,19,19,19,21,21,21,21,22,22,22,,30,30,TRUE
1941YKMUSTARD-L,11,11,11,13,13,13,13,13,13,41,41,41,41,41,41,41,41,42,42,42,42,42,42,42,41,41,53,53,52,50,,30,30,TRUE
1941YKMUSTARD-M,34,38,38,41,40,40,40,40,40,40,40,40,40,40,40,38,38,44,44,44,43,43,44,43,43,44,45,45,45,45,,30,30,TRUE
1941YKMUSTARD-S,17,19,19,22,21,19,19,19,15,15,15,15,15,15,15,15,15,16,16,16,16,16,17,9,9,9,9,9,9,10,,30,30,TRUE
1941YKMUSTARD-XL,27,29,29,30,30,28,22,22,22,22,22,22,22,22,22,19,19,23,23,23,23,23,23,22,21,18,21,24,24,24,,30,30,TRUE
1941YKMUSTARD-XS,0,0,0,0,0,0,0,1,1,1,1,1,1,1,1,1,1,1,1,1,1,1,1,2,1,2,2,10,6,6,,23,23,TRUE
1941YKMUSTARD-XXL,12,19,19,20,19,19,17,18,15,36,36,36,35,35,35,31,31,38,38,38,37,37,37,37,37,34,35,37,37,37,,30,30,TRUE
1942YKMULTI-3XL,0,0,0,0,0,0,0,0,0,0,0,0,0,0,0,0,0,0,0,0,0,0,0,0,0,0,0,0,0,0,,0,0,TRUE
1942YKMULTI-4XL,0,0,0,0,0,0,0,0,0,0,0,0,0,0,0,0,0,0,0,0,0,0,0,2,2,1,1,1,0,1,,6,3,FALSE
1942YKMULTI-5XL,0,0,0,0,0,0,0,0,0,0,0,0,0,0,0,0,0,0,0,0,0,0,0,0,0,0,0,0,0,0,,0,0,TRUE
1942YKMULTI-L,7,8,8,7,7,4,2,2,0,0,0,0,1,1,1,2,2,2,2,2,2,1,1,0,0,0,0,11,7,5,,22,22,TRUE
1942YKMULTI-M,18,18,21,21,21,21,21,21,23,21,21,20,21,21,21,21,21,21,17,17,17,17,18,7,7,7,7,7,7,7,,30,30,TRUE
1942YKMULTI-S,9,9,9,9,8,8,8,8,6,6,6,6,6,6,6,6,6,6,5,5,5,5,5,5,5,4,4,4,4,4,,30,30,TRUE
1942YKMULTI-XL,4,3,3,3,3,3,3,3,0,1,1,0,1,1,1,1,1,1,0,0,0,0,0,0,6,0,0,1,2,2,,20,19,FALSE
1942YKMULTI-XXL,0,1,1,3,3,2,1,0,0,0,0,0,1,0,0,0,0,0,0,0,0,0,1,3,2,1,1,1,1,1,,15,15,TRUE
1943YKGREEN-3XL,2,2,1,83,83,82,80,80,109,108,110,110,106,114,114,114,115,114,112,110,99,108,108,106,103,85,53,51,32,32,,30,30,TRUE
1943YKGREEN-4XL,7,9,8,24,24,24,22,22,32,32,30,25,18,59,59,60,60,60,28,24,19,20,18,18,28,18,18,17,12,42,,30,30,TRUE
1943YKGREEN-5XL,56,56,56,88,88,87,84,84,106,105,103,102,101,100,100,99,99,99,86,85,84,82,82,82,81,61,60,61,33,32,,30,30,TRUE
1943YKGREEN-6XL,2,2,2,2,2,2,2,2,2,2,2,2,2,2,2,2,2,2,2,2,2,2,2,2,2,2,2,2,2,2,,30,30,TRUE
1943YKGREEN-L,12,14,14,17,17,11,9,8,10,10,10,8,9,9,9,7,7,7,7,7,7,7,7,8,8,7,6,6,4,3,,30,30,TRUE
1943YKGREEN-M,24,24,24,24,24,24,24,24,24,24,24,24,24,24,24,24,24,24,20,20,19,19,20,20,19,20,20,21,21,21,,30,30,TRUE
1943YKGREEN-S,21,21,23,23,23,23,23,22,20,21,21,21,21,21,21,21,21,21,17,17,17,16,16,16,16,17,17,17,17,17,,30,30,TRUE
1943YKGREEN-XL,61,61,61,62,62,61,59,56,56,57,59,59,59,59,59,62,62,62,51,51,51,51,52,52,51,51,50,52,42,42,,30,30,TRUE
1943YKGREEN-XXL,19,19,19,18,18,17,17,17,16,14,17,17,17,17,17,18,18,18,7,6,6,6,6,6,26,5,5,6,6,6,,30,30,TRUE
1946YKGREEN-3XL,109,121,119,118,117,115,113,113,113,115,113,115,114,114,114,105,106,105,101,99,79,84,84,81,80,44,43,48,48,48,,30,30,TRUE
1946YKGREEN-4XL,65,68,67,65,63,63,63,63,63,62,61,61,57,57,57,47,47,47,30,30,30,30,30,30,33,20,19,19,63,63,,30,30,TRUE
1946YKGREEN-5XL,57,58,48,47,46,43,43,42,41,43,42,42,44,44,44,44,45,44,36,35,29,27,27,18,25,12,12,11,77,77,,30,30,TRUE
1946YKGREEN-6XL,28,28,21,22,21,19,17,18,19,19,19,19,18,18,18,19,19,19,12,11,11,11,9,9,23,9,9,9,21,21,,30,30,TRUE
1946YKGREEN-7XL,4,5,6,6,7,7,7,7,8,7,7,7,5,5,5,4,4,4,5,5,4,3,3,4,3,2,2,16,55,55,,30,30,TRUE
1946YKGREEN-8XL,59,61,61,60,60,58,58,58,59,59,59,59,58,58,58,56,56,56,45,45,45,45,45,31,30,21,20,20,19,19,,30,30,TRUE
1946YKGREEN-L,86,86,83,82,81,78,75,75,79,81,69,69,68,66,66,67,67,67,31,25,30,30,30,27,50,19,18,18,67,66,,30,30,TRUE
1946YKGREEN-M,75,83,81,79,80,80,80,80,80,82,82,80,80,78,78,78,78,78,57,57,57,55,55,55,53,21,20,15,13,12,,30,30,TRUE
1946YKGREEN-S,20,22,21,21,21,21,19,18,18,19,18,18,19,19,19,17,18,17,17,17,17,17,17,17,17,17,17,17,18,19,,30,30,TRUE
1946YKGREEN-XL,112,117,114,112,110,105,103,101,100,110,87,87,88,88,88,88,88,88,51,50,46,36,46,44,48,20,19,18,193,186,,30,30,TRUE
1946YKGREEN-XS,1,1,2,2,3,3,3,3,2,2,2,2,2,2,2,2,2,2,2,2,2,2,2,3,4,3,3,3,3,3,,30,30,TRUE
1946YKGREEN-XXL,107,110,106,106,104,103,101,100,101,106,106,106,107,107,107,80,80,80,71,69,62,67,67,61,58,26,26,27,81,76,,30,30,TRUE
1947YKGREEN-3XL,37,60,60,62,62,62,62,63,63,78,78,78,78,78,78,74,74,74,74,74,70,70,70,75,75,69,69,69,65,65,,30,30,TRUE
1947YKGREEN-4XL,29,29,26,26,26,23,21,21,21,21,21,21,21,21,21,14,14,14,14,14,9,10,10,10,9,10,10,10,10,10,,30,30,TRUE
1947YKGREEN-5XL,59,60,60,60,60,53,57,57,57,57,57,57,57,57,57,54,55,55,55,55,55,55,55,55,55,55,55,55,55,55,,30,30,TRUE
1947YKGREEN-6XL,13,13,13,13,13,13,12,12,12,34,34,34,34,34,34,34,40,38,38,38,38,38,38,42,42,42,42,42,42,42,,30,30,TRUE
1947YKGREEN-7XL,15,15,15,15,15,12,12,12,9,9,9,9,9,9,9,9,9,9,9,9,9,8,8,8,8,8,8,8,9,9,,30,30,TRUE
1947YKGREEN-8XL,17,23,21,16,21,21,19,19,19,20,20,20,20,20,20,16,16,16,16,16,16,16,16,16,16,16,16,16,16,16,,30,30,TRUE
1947YKGREEN-L,51,54,54,53,53,49,49,49,49,49,49,49,50,50,50,48,51,51,51,51,51,49,49,49,49,49,49,49,45,45,,30,30,TRUE
1947YKGREEN-M,29,29,29,29,29,29,29,29,29,28,28,28,28,28,28,28,28,28,24,24,24,24,24,25,25,24,24,24,24,24,,30,30,TRUE
1947YKGREEN-S,10,11,11,11,11,11,11,11,7,10,10,10,10,10,10,10,11,11,11,11,11,11,11,25,25,25,27,27,27,27,,30,30,TRUE
1947YKGREEN-XL,34,53,53,53,53,52,52,52,52,51,51,50,45,50,50,50,50,50,44,44,44,44,45,45,44,46,46,46,47,47,,30,30,TRUE
1947YKGREEN-XS,31,32,32,32,32,32,32,32,32,32,32,32,32,32,32,32,32,32,28,28,28,28,28,29,29,29,29,29,28,23,,30,30,TRUE
1947YKGREEN-XXL,51,84,84,83,83,78,78,77,77,77,77,77,77,77,77,74,75,74,71,68,71,71,71,73,73,73,73,72,68,68,,30,30,TRUE
1948YKORANGE-L,0,0,0,0,0,0,0,0,0,0,0,0,0,0,0,0,0,0,0,0,0,0,0,0,0,0,0,0,0,0,,0,0,TRUE
1948YKORANGE-M,0,0,0,0,0,0,0,0,0,0,0,0,0,0,0,0,0,0,0,0,0,0,0,0,0,0,0,0,0,0,,0,0,TRUE
1948YKORANGE-S,0,0,0,0,0,0,0,0,0,0,0,0,0,0,0,0,0,0,0,0,0,0,0,0,0,0,0,0,0,0,,0,0,TRUE
1948YKORANGE-XL,0,0,0,0,0,0,0,0,0,0,0,1,1,0,0,0,0,0,0,0,0,0,1,0,0,0,0,0,0,0,,3,3,TRUE
1948YKORANGE-XS,0,0,0,0,0,0,0,0,0,0,0,2,2,2,2,1,1,1,1,1,1,1,1,1,0,0,0,0,0,1,,14,14,TRUE
1948YKORANGE-XXL,0,0,0,0,0,0,0,0,0,0,0,0,0,0,0,0,0,0,0,0,0,0,0,1,1,1,1,1,0,1,,6,1,FALSE
1949YKPINK-L,0,0,0,1,1,1,0,0,0,0,0,0,0,0,0,0,0,0,0,0,0,0,0,0,0,0,0,0,0,0,,3,3,TRUE
1949YKPINK-M,0,0,0,0,0,0,0,0,0,0,0,0,0,0,0,0,0,0,0,0,0,0,0,0,0,0,0,0,0,0,,0,0,TRUE
1949YKPINK-S,2,2,1,1,1,1,1,1,0,0,0,0,0,0,0,0,0,1,0,0,0,0,0,0,5,0,0,0,2,2,,12,11,FALSE
1949YKPINK-XL,0,0,0,0,0,0,0,0,0,0,0,0,1,0,0,0,0,0,0,0,0,0,0,1,1,1,1,1,1,1,,8,3,FALSE
1949YKPINK-XS,1,1,1,1,2,1,0,0,0,0,0,0,1,1,1,0,1,1,1,1,1,1,1,0,2,0,0,0,0,0,,17,16,FALSE
1949YKPINK-XXL,0,0,0,0,0,0,0,0,0,0,0,0,0,0,0,0,0,0,0,1,0,0,0,0,0,0,0,0,0,2,,2,1,FALSE
194YK313MAROON-M,0,0,0,0,0,0,0,0,0,0,0,0,0,0,0,0,0,0,0,0,0,0,0,0,0,0,0,0,0,0,,0,0,TRUE
1950YKGREY-L,13,13,13,13,13,13,13,13,12,12,12,12,12,12,12,12,12,12,12,12,12,12,12,12,12,12,12,12,12,12,,30,30,TRUE
1950YKGREY-M,12,11,20,20,20,20,20,20,20,20,20,20,20,20,20,20,20,20,20,20,20,20,20,20,20,19,19,19,20,20,,30,30,TRUE
1950YKGREY-S,19,19,19,19,19,19,19,19,19,19,19,19,19,19,19,19,19,19,19,19,17,17,17,17,17,17,17,17,17,17,,30,30,TRUE
1950YKGREY-XL,20,21,20,20,20,20,20,20,18,19,19,19,19,19,19,19,19,19,19,19,19,18,19,19,19,19,17,17,16,16,,30,30,TRUE
1950YKGREY-XXL,7,7,7,7,6,6,6,6,6,6,6,6,6,6,6,4,4,4,4,4,4,4,4,4,6,5,5,5,5,5,,30,30,TRUE
1953YKGREY-L,33,33,37,37,37,37,37,37,35,35,35,35,35,35,35,35,35,35,35,35,35,35,35,35,35,29,29,29,29,30,,30,30,TRUE
1953YKGREY-M,29,29,29,29,29,29,29,29,29,29,29,29,29,29,29,29,29,29,29,29,29,29,29,29,29,25,25,25,25,25,,30,30,TRUE
1953YKGREY-S,20,20,20,20,20,20,18,18,12,12,12,12,12,12,12,12,11,11,9,9,9,9,9,9,9,9,9,9,10,11,,30,30,TRUE
1953YKGREY-XL,33,33,33,33,33,32,32,32,32,32,32,32,32,32,32,32,32,32,32,32,32,32,32,32,32,22,22,22,22,22,,30,30,TRUE
1953YKGREY-XS,20,20,22,21,21,21,21,21,21,21,21,21,21,21,21,19,19,19,19,19,17,17,17,18,18,17,17,17,17,17,,30,30,TRUE
1954YKBLUE-3XL,0,0,0,0,0,0,0,0,0,0,0,0,0,0,0,0,0,0,0,0,0,0,0,0,0,0,0,0,0,0,,0,0,TRUE
1954YKBLUE-4XL,0,0,0,0,0,0,0,0,0,0,0,0,0,0,0,0,0,0,0,0,0,0,0,0,0,0,0,0,0,0,,0,0,TRUE
1954YKBLUE-5XL,0,0,0,0,0,0,0,0,0,0,0,0,0,0,0,0,0,0,0,0,0,0,0,0,0,0,0,0,0,0,,0,0,TRUE
1954YKBLUE-L,0,0,0,0,0,0,0,0,0,0,0,0,0,0,0,0,0,0,0,0,0,0,0,0,0,0,0,0,0,1,,1,0,FALSE
1954YKBLUE-M,6,6,6,6,6,6,6,6,6,5,5,5,5,5,5,5,5,5,5,5,4,4,4,4,5,4,4,4,4,4,,30,30,TRUE
1954YKBLUE-S,4,4,4,4,4,4,4,4,4,4,4,4,4,3,3,3,3,3,3,3,3,3,3,3,3,3,3,3,3,3,,30,30,TRUE
1954YKBLUE-XL,0,0,0,0,0,0,0,0,0,0,0,0,0,0,0,0,0,0,0,0,0,0,0,0,0,0,0,0,0,0,,0,0,TRUE
1954YKBLUE-XS,10,10,10,10,10,10,10,10,10,10,10,10,10,10,10,11,11,11,10,10,10,10,10,10,10,10,10,10,13,13,,30,30,TRUE
1954YKBLUE-XXL,0,0,0,0,0,0,0,0,0,0,0,0,0,0,0,0,0,0,0,0,0,0,0,0,0,0,0,0,0,0,,0,0,TRUE
1955YKTEAL-3XL,12,12,11,11,11,11,11,11,7,8,8,8,9,9,9,9,9,9,9,9,9,9,9,9,9,9,9,9,9,9,,30,30,TRUE
1955YKTEAL-4XL,8,8,8,8,8,8,8,8,8,8,8,8,7,7,7,7,7,7,6,6,6,6,6,6,10,6,6,6,7,7,,30,30,TRUE
1955YKTEAL-5XL,8,8,8,8,8,7,7,7,4,4,4,4,4,4,4,4,4,4,4,4,4,4,4,4,10,4,4,4,4,4,,30,30,TRUE
1955YKTEAL-6XL,5,5,5,5,5,5,3,3,0,0,0,0,0,0,0,0,0,0,0,0,0,0,0,0,4,0,0,0,0,0,,9,8,FALSE
1955YKTEAL-7XL,4,4,4,4,5,5,5,4,2,2,2,2,2,2,2,3,3,3,3,3,3,3,3,3,3,4,4,3,3,3,,30,30,TRUE
1955YKTEAL-8XL,1,1,1,1,1,1,1,1,1,1,1,1,1,1,1,1,1,1,1,1,1,1,1,1,1,1,1,1,1,1,,30,30,TRUE
1955YKTEAL-L,12,11,12,12,12,12,12,12,12,12,12,12,12,12,12,10,10,10,10,10,10,10,10,11,11,11,11,11,11,11,,30,30,TRUE
1955YKTEAL-M,17,17,21,21,21,21,21,21,21,21,21,21,21,21,21,21,21,21,21,21,21,21,21,21,21,21,21,21,21,21,,30,30,TRUE
1955YKTEAL-S,12,12,12,12,12,12,12,12,12,12,12,12,12,12,12,10,10,10,10,10,10,9,9,9,9,9,9,9,9,9,,30,30,TRUE
1955YKTEAL-XL,8,8,8,8,8,8,6,6,0,0,0,0,0,0,0,0,0,0,0,0,0,0,0,1,8,1,1,5,5,5,,15,15,TRUE
1955YKTEAL-XS,5,5,5,5,5,5,5,5,5,5,5,5,5,5,5,5,5,5,5,5,5,5,5,6,6,4,4,4,4,4,,30,30,TRUE
1955YKTEAL-XXL,12,12,12,12,12,12,12,12,12,12,12,12,12,12,12,12,12,12,12,12,12,12,12,8,8,8,8,8,8,8,,30,30,TRUE
1956YKBLACK-3XL,31,31,31,31,31,31,31,31,31,31,31,31,31,31,31,31,31,31,31,31,31,32,32,32,32,32,32,32,32,32,,30,30,TRUE
1956YKBLACK-4XL,20,20,24,26,26,26,26,26,26,26,26,26,26,26,26,26,26,26,26,26,26,25,25,24,24,24,24,24,24,24,,30,30,TRUE
1956YKBLACK-5XL,28,28,28,28,28,28,28,28,28,28,27,27,27,27,27,24,24,24,24,24,24,23,23,23,23,23,23,23,23,23,,30,30,TRUE
1956YKBLACK-6XL,24,24,28,28,28,28,28,28,28,28,28,28,27,27,27,25,25,25,25,25,23,22,22,23,23,23,23,23,23,23,,30,30,TRUE
1956YKBLACK-7XL,21,21,26,26,26,26,26,26,26,26,26,25,25,25,25,22,22,22,22,22,20,20,20,20,20,20,19,19,19,19,,30,30,TRUE
1956YKBLACK-8XL,27,32,32,32,32,32,30,30,30,30,30,30,30,30,30,28,28,28,28,28,27,27,27,30,30,29,29,28,28,28,,30,30,TRUE
1956YKBLACK-L,14,14,16,16,16,16,16,16,16,16,16,16,16,16,16,16,16,16,16,16,16,16,16,16,16,14,14,12,13,13,,30,30,TRUE
1956YKBLACK-M,17,17,17,17,17,17,17,17,17,16,16,16,16,16,16,16,16,16,16,16,16,16,16,16,16,16,16,16,16,16,,30,30,TRUE
1956YKBLACK-S,16,16,16,16,16,16,16,16,16,16,16,16,16,16,16,15,15,15,15,15,15,15,16,16,16,16,16,16,16,16,,30,30,TRUE
1956YKBLACK-XL,21,21,21,33,33,33,33,33,33,33,33,33,33,33,33,33,33,33,33,33,33,33,33,33,33,34,34,34,22,22,,30,30,TRUE
1956YKBLACK-XS,9,9,9,9,9,9,9,9,9,9,9,9,9,9,9,9,9,9,9,9,9,9,9,9,9,9,9,9,9,9,,30,30,TRUE
1956YKBLACK-XXL,48,48,51,51,51,50,50,50,50,47,47,47,47,47,47,47,47,47,47,47,47,47,47,47,47,47,47,47,47,47,,30,30,TRUE
1957YKMULTI-3XL,0,0,0,0,0,0,0,0,0,0,0,0,0,0,0,0,0,0,0,0,0,0,0,0,0,0,0,0,0,0,,0,0,TRUE
1957YKMULTI-4XL,1,1,1,1,1,1,1,1,1,1,1,1,1,1,1,1,1,1,1,1,1,1,1,1,1,1,1,1,1,1,,30,30,TRUE
1957YKMULTI-5XL,0,0,0,0,0,0,0,0,0,0,0,0,0,0,0,0,0,0,0,0,0,0,0,0,0,0,0,0,0,0,,0,0,TRUE
1957YKMULTI-L,0,0,0,0,0,0,0,0,0,0,0,0,0,1,1,1,1,1,1,1,1,1,1,1,1,1,1,2,2,2,,17,17,TRUE
1957YKMULTI-M,0,0,0,0,0,0,0,0,0,0,0,0,0,0,0,0,0,0,0,0,0,0,1,1,1,1,1,4,4,4,,8,8,TRUE
1957YKMULTI-S,5,5,8,8,8,8,6,6,6,6,6,6,6,6,6,6,6,6,6,6,6,6,6,3,3,3,3,3,3,3,,30,30,TRUE
1957YKMULTI-XL,0,0,1,0,1,1,1,1,1,1,1,2,3,3,3,1,1,1,1,1,1,1,1,1,1,1,0,0,0,0,,23,24,FALSE
1957YKMULTI-XXL,0,1,1,1,1,1,1,1,1,1,1,1,1,1,1,1,1,1,1,1,1,1,1,1,1,1,1,1,2,2,,29,29,TRUE
1958YKPINK-3XL,1,1,1,1,0,0,0,0,0,0,0,0,0,0,0,0,0,0,0,0,0,0,1,1,1,1,1,1,1,1,,12,12,TRUE
1958YKPINK-4XL,2,2,2,4,4,4,0,0,0,1,1,1,1,1,1,1,1,1,1,1,1,1,1,1,1,1,1,1,1,1,,27,27,TRUE
1958YKPINK-5XL,1,1,1,1,1,1,1,1,0,0,0,0,0,0,0,0,0,0,0,0,0,0,0,0,0,0,0,0,0,0,,8,8,TRUE
1958YKPINK-L,2,2,2,2,2,2,2,2,2,2,0,0,0,0,0,0,0,0,0,0,0,0,0,0,0,0,0,0,0,1,,11,11,TRUE
1958YKPINK-M,4,4,6,6,6,6,4,4,4,4,4,4,4,5,5,5,5,5,5,5,5,4,4,4,4,4,2,2,2,2,,30,30,TRUE
1958YKPINK-S,7,7,7,8,8,8,8,8,8,8,8,8,8,8,8,8,8,8,8,8,8,8,8,8,8,8,8,9,9,9,,30,30,TRUE
1958YKPINK-XL,1,2,3,3,2,1,1,1,1,1,1,1,1,1,1,1,1,1,1,1,1,1,1,1,1,2,2,2,2,3,,30,30,TRUE
1958YKPINK-XS,5,5,5,5,5,5,3,3,2,2,2,2,2,2,2,2,2,2,2,2,2,2,2,2,2,2,2,2,3,3,,30,30,TRUE
1958YKPINK-XXL,4,3,3,2,2,2,2,2,0,0,0,1,2,2,2,2,2,2,2,2,2,2,2,4,4,5,5,5,5,5,,27,27,TRUE
1959YKBLACK-3XL,10,33,33,33,33,33,33,33,33,32,32,32,37,36,36,35,34,31,28,28,28,27,27,25,24,23,17,17,17,17,,30,30,TRUE
1959YKBLACK-4XL,0,0,0,0,0,0,0,0,0,0,0,0,20,20,20,20,20,20,16,16,16,16,16,15,15,15,13,12,11,11,,18,18,TRUE
1959YKBLACK-5XL,24,37,37,37,37,37,37,37,37,37,37,37,37,37,37,37,37,37,32,32,30,30,30,30,29,26,25,28,28,28,,30,30,TRUE
1959YKBLACK-L,0,0,0,0,0,0,0,0,0,0,0,0,37,37,37,37,37,37,31,27,31,31,31,31,31,29,29,28,24,24,,18,18,TRUE
1959YKBLACK-M,30,30,30,30,30,30,30,30,30,29,29,28,37,37,37,37,36,36,32,32,31,26,31,31,30,30,30,29,28,28,,30,30,TRUE
1959YKBLACK-S,0,0,0,0,0,0,0,0,0,0,0,0,19,19,19,19,19,19,15,15,14,14,14,12,10,4,4,9,9,8,,18,18,TRUE
1959YKBLACK-XL,0,0,0,0,0,0,0,0,0,0,0,0,42,42,42,42,42,42,37,37,35,34,34,32,32,32,32,32,32,29,,18,18,TRUE
1959YKBLACK-XXL,37,37,37,37,37,37,37,37,37,37,37,37,43,43,43,43,43,43,38,37,37,37,37,34,34,32,32,32,32,32,,30,30,TRUE
195YK314MULTI-5XL,0,0,0,0,0,0,0,0,0,0,0,0,0,0,0,0,0,0,0,0,0,0,0,0,0,0,0,0,0,0,,0,0,TRUE
195YK314MULTI-M,0,0,0,0,0,0,0,0,0,0,0,0,0,0,0,0,0,0,0,0,0,0,0,0,0,0,0,0,0,0,,0,0,TRUE
195YK314MULTI-S,0,0,0,0,0,0,0,0,0,0,0,0,0,0,0,0,0,0,0,0,0,0,0,0,0,0,0,0,0,0,,0,0,TRUE
1960YKTEAL-3XL,2,2,2,2,2,2,1,1,1,1,1,1,3,3,3,3,3,11,12,12,12,12,13,13,19,13,12,12,13,13,,30,30,TRUE
1960YKTEAL-4XL,11,11,10,6,10,10,10,10,10,10,10,10,8,8,8,7,7,20,20,19,16,17,17,17,17,17,17,18,18,18,,30,30,TRUE
1960YKTEAL-5XL,3,3,3,3,4,3,3,3,2,2,2,2,3,3,3,3,4,36,36,37,37,36,36,35,34,27,26,30,30,30,,30,30,TRUE
1960YKTEAL-L,1,2,2,2,2,1,0,0,1,0,0,1,0,0,0,0,0,21,23,18,23,22,22,23,22,23,23,22,18,18,,21,21,TRUE
1960YKTEAL-M,19,17,14,9,14,14,12,12,6,1,4,3,3,3,3,3,3,21,22,17,22,22,22,22,22,11,11,11,12,12,,30,30,TRUE
1960YKTEAL-S,3,3,3,3,3,3,3,3,0,0,0,0,1,1,1,1,1,25,25,20,25,25,25,25,24,24,24,24,24,24,,26,26,TRUE
1960YKTEAL-XL,14,14,14,16,14,14,9,9,0,0,0,0,1,1,1,0,0,17,17,12,17,17,18,18,21,18,17,17,11,10,,24,23,FALSE
1960YKTEAL-XXL,15,15,15,15,15,10,7,6,4,3,4,4,4,4,4,2,2,38,38,36,38,38,38,38,38,38,38,38,38,38,,30,30,TRUE
1961YKBROWN-3XL,17,17,17,17,16,15,15,15,15,16,16,16,16,16,16,16,16,22,22,22,22,22,22,22,22,16,16,15,16,16,,30,30,TRUE
1961YKBROWN-4XL,12,10,9,7,9,7,7,7,7,7,7,7,7,7,7,9,10,19,19,18,18,18,18,18,18,14,14,14,14,13,,30,30,TRUE
1961YKBROWN-5XL,18,18,18,19,19,16,15,15,12,12,12,12,12,12,12,11,11,13,12,12,12,12,12,11,12,7,7,9,9,8,,30,30,TRUE
1961YKBROWN-L,31,31,31,31,32,28,28,28,29,29,29,29,29,29,29,27,27,32,32,32,32,32,32,32,30,30,24,24,24,23,,30,30,TRUE
1961YKBROWN-M,19,19,19,18,18,17,15,15,14,14,14,14,14,14,14,10,10,13,13,13,10,10,10,10,10,8,6,6,8,8,,30,30,TRUE
1961YKBROWN-S,18,17,17,17,17,17,17,17,17,17,17,17,17,17,17,16,16,39,39,39,39,37,37,37,37,37,37,37,36,36,,30,30,TRUE
1961YKBROWN-XL,15,15,15,14,14,14,11,11,2,2,2,2,2,2,2,2,2,14,15,14,12,14,14,14,16,13,13,14,14,14,,30,30,TRUE
1961YKBROWN-XXL,20,20,20,19,19,19,19,19,19,19,19,19,19,19,19,14,14,19,19,19,16,16,17,17,17,17,17,16,10,10,,30,30,TRUE
1964YKMAROON-3XL,21,21,24,24,24,24,24,23,23,23,23,22,22,22,22,22,22,22,22,22,22,17,17,13,13,13,13,13,13,12,,30,30,TRUE
1964YKMAROON-4XL,17,17,17,17,17,17,17,17,17,17,17,16,15,15,15,15,15,15,12,11,8,6,6,2,2,1,1,1,1,1,,30,30,TRUE
1964YKMAROON-5XL,20,20,20,20,20,20,20,20,20,19,19,18,17,17,17,17,17,17,17,17,17,13,13,9,9,9,9,9,9,9,,30,30,TRUE
1964YKMAROON-6XL,18,18,17,17,17,17,16,16,16,16,16,16,15,15,15,14,14,14,14,14,14,10,10,7,7,7,7,6,6,6,,30,30,TRUE
1964YKMAROON-7XL,18,18,18,18,18,18,18,18,18,18,16,16,16,16,16,16,16,16,16,16,16,13,13,10,10,6,6,9,10,10,,30,30,TRUE
1964YKMAROON-8XL,14,14,14,14,14,14,14,14,15,15,15,15,15,15,15,15,15,15,14,14,14,11,10,7,7,7,7,7,7,7,,30,30,TRUE
1964YKMAROON-L,26,26,26,26,26,26,26,26,26,26,26,25,26,26,26,26,26,26,26,25,25,20,20,15,15,16,16,16,16,16,,30,30,TRUE
1964YKMAROON-M,26,26,26,26,26,26,26,26,26,26,26,26,26,26,26,26,26,26,26,26,26,26,25,25,25,25,25,25,25,25,,30,30,TRUE
1964YKMAROON-S,20,20,20,20,20,20,20,20,20,20,20,20,20,20,20,20,20,20,20,20,20,20,20,20,20,20,20,20,20,20,,30,30,TRUE
1964YKMAROON-XL,16,16,19,19,19,18,18,18,18,18,18,20,20,20,20,20,19,19,18,18,18,13,12,8,7,7,7,7,8,8,,30,30,TRUE
1964YKMAROON-XXL,25,25,25,25,25,25,25,24,24,24,24,24,25,25,25,24,23,23,23,23,23,19,19,15,14,10,10,13,14,14,,30,30,TRUE
1966YKYELLOW-3XL,52,55,55,54,53,53,52,52,52,52,52,52,52,52,52,43,43,43,43,43,39,39,39,40,40,40,40,40,40,40,,30,30,TRUE
1966YKYELLOW-4XL,57,59,59,59,59,59,59,59,59,59,59,59,58,58,58,49,49,49,49,49,45,45,45,45,45,45,45,45,45,45,,30,30,TRUE
1966YKYELLOW-5XL,51,52,52,52,52,52,52,52,52,52,52,52,52,52,52,44,45,45,45,45,41,41,41,41,41,41,41,41,41,41,,30,30,TRUE
1966YKYELLOW-6XL,26,28,28,28,28,28,28,28,28,28,28,28,28,28,28,24,24,24,24,24,20,20,20,20,20,20,20,20,20,20,,30,30,TRUE
1966YKYELLOW-7XL,24,28,28,28,28,28,28,28,28,28,28,28,28,28,28,24,24,24,24,24,24,25,25,25,25,25,25,25,25,25,,30,30,TRUE
1966YKYELLOW-8XL,27,30,30,30,30,30,30,30,30,29,29,29,29,29,29,25,25,25,24,24,21,21,21,20,20,20,20,20,20,20,,30,30,TRUE
1966YKYELLOW-L,57,58,58,58,56,56,55,55,54,54,54,53,53,53,53,46,46,46,46,45,38,40,40,40,38,40,40,40,38,38,,30,30,TRUE
1966YKYELLOW-M,55,57,57,57,57,56,56,56,56,56,56,55,56,55,55,47,47,47,47,48,44,44,44,44,44,44,44,44,44,44,,30,30,TRUE
1966YKYELLOW-S,29,30,30,30,30,30,30,30,30,30,30,30,30,30,30,26,26,26,26,26,26,26,26,26,26,26,26,26,26,26,,30,30,TRUE
1966YKYELLOW-XL,52,54,54,54,53,51,49,48,48,48,47,47,48,48,48,44,44,44,44,44,39,39,38,39,38,33,33,33,33,33,,30,30,TRUE
1966YKYELLOW-XS,26,29,29,29,29,27,27,28,28,28,28,28,28,28,28,24,24,24,24,24,22,22,22,23,23,23,23,23,23,23,,30,30,TRUE
1966YKYELLOW-XXL,55,58,57,57,57,57,57,57,57,56,56,56,56,56,56,48,48,48,47,47,43,43,42,42,42,42,42,42,42,42,,30,30,TRUE
1967YKPINK-3XL,53,54,54,54,53,53,53,53,53,53,53,53,53,53,53,45,45,45,45,46,43,43,43,43,43,43,43,43,43,43,,30,30,TRUE
1967YKPINK-4XL,57,58,58,58,58,58,58,58,57,57,57,57,58,58,58,51,51,51,51,51,49,48,49,48,48,48,48,48,48,48,,30,30,TRUE
1967YKPINK-5XL,59,59,59,58,58,58,58,58,58,58,58,58,58,58,58,50,50,50,50,50,48,48,49,49,49,49,49,49,49,49,,30,30,TRUE
1967YKPINK-6XL,39,39,39,39,39,39,39,39,39,39,39,39,39,39,39,33,33,33,33,33,31,31,31,31,31,31,31,31,31,31,,30,30,TRUE
1967YKPINK-7XL,37,37,37,37,37,37,37,37,37,37,37,37,37,37,37,33,33,33,33,33,31,32,32,32,32,32,32,32,32,32,,30,30,TRUE
1967YKPINK-8XL,38,39,39,39,39,39,39,39,38,38,38,38,38,38,38,34,34,34,33,33,31,31,31,31,31,31,31,31,31,31,,30,30,TRUE
1967YKPINK-L,56,56,55,55,55,53,52,52,52,52,52,51,51,51,51,40,40,40,39,37,33,31,33,33,33,33,33,34,34,34,,30,30,TRUE
1967YKPINK-M,58,58,58,58,57,57,56,56,55,54,54,54,54,54,54,49,49,49,49,49,45,45,44,44,44,44,44,44,45,45,,30,30,TRUE
1967YKPINK-S,38,39,39,39,39,39,39,38,38,38,38,38,38,38,38,29,28,28,28,28,24,24,24,24,24,24,24,24,24,24,,30,30,TRUE
1967YKPINK-XL,51,51,51,51,51,47,47,47,47,47,47,47,48,48,48,40,40,40,40,40,36,36,36,36,35,37,37,37,37,37,,30,30,TRUE
1967YKPINK-XS,40,40,40,40,40,40,40,40,40,39,39,39,39,39,39,31,31,31,31,31,29,29,29,29,29,29,29,29,29,29,,30,30,TRUE
1967YKPINK-XXL,56,55,55,55,55,55,55,55,55,55,55,55,54,54,54,46,46,46,44,44,39,39,39,39,39,39,39,39,39,39,,30,30,TRUE
1968YKBLACK-3XL,28,48,48,47,47,45,42,42,45,45,45,45,45,45,45,39,39,39,38,38,33,33,33,33,32,33,33,33,26,26,,30,30,TRUE
1968YKBLACK-4XL,47,58,58,57,56,56,55,55,55,55,55,55,55,55,55,44,43,43,43,44,40,39,39,39,39,39,39,39,39,39,,30,30,TRUE
1968YKBLACK-5XL,51,56,55,54,54,54,54,54,54,52,51,51,52,52,52,44,44,44,42,40,38,38,38,38,38,39,39,39,39,39,,30,30,TRUE
1968YKBLACK-6XL,20,26,26,25,25,25,25,25,25,25,25,25,24,24,24,16,16,16,16,16,12,12,12,12,12,12,12,12,12,12,,30,30,TRUE
1968YKBLACK-7XL,18,24,24,24,24,24,24,24,26,26,26,26,26,26,26,22,22,22,21,21,19,19,19,19,18,19,19,19,19,19,,30,30,TRUE
1968YKBLACK-8XL,18,23,23,23,23,22,21,21,24,24,24,24,24,24,24,20,20,20,20,20,17,17,17,17,17,17,17,17,17,17,,30,30,TRUE
1968YKBLACK-L,40,47,47,47,47,47,47,47,50,50,50,48,48,48,48,41,41,41,40,40,36,33,33,33,33,33,33,33,29,29,,30,30,TRUE
1968YKBLACK-M,43,56,56,56,56,56,56,56,56,56,56,56,55,55,55,46,46,46,45,45,41,41,41,41,40,40,40,40,40,40,,30,30,TRUE
1968YKBLACK-S,12,23,23,23,23,23,23,22,25,25,25,25,25,25,25,17,18,18,18,18,16,16,16,16,16,16,16,16,17,17,,30,30,TRUE
1968YKBLACK-XL,46,53,53,53,53,52,51,51,49,49,49,49,48,48,48,40,40,40,37,32,31,29,29,30,29,30,30,30,26,26,,30,30,TRUE
1968YKBLACK-XS,21,24,24,24,24,24,24,24,25,25,25,25,25,25,25,20,20,20,20,21,18,18,19,19,19,19,19,19,20,20,,30,30,TRUE
1968YKBLACK-XXL,17,44,44,44,44,44,42,42,45,45,45,45,45,45,45,38,40,40,40,40,40,40,39,39,39,39,39,39,39,39,,30,30,TRUE
196YK315MUSTARD-L,1,1,1,1,1,1,1,1,1,1,1,1,1,1,1,1,1,1,1,1,1,1,1,1,1,1,1,1,1,1,,30,30,TRUE
196YK315MUSTARD-M,0,0,0,0,0,0,0,0,0,0,0,0,0,0,0,0,0,0,0,0,0,0,0,0,0,0,0,0,0,0,,0,0,TRUE
196YK315MUSTARD-S,0,0,0,0,0,0,0,0,0,0,0,0,0,0,0,0,0,0,0,0,0,0,0,0,0,0,0,0,0,0,,0,0,TRUE
196YK315MUSTARD-XL,8,8,8,8,8,8,8,8,8,8,8,8,8,8,8,8,8,8,8,8,8,8,8,8,8,8,8,8,8,8,,30,30,TRUE
196YK315MUSTARD-XXL,6,6,6,6,6,6,6,6,6,6,6,6,6,6,6,5,5,5,5,5,5,5,5,5,5,5,5,5,5,5,,30,30,TRUE
1975YKGREY-3XL,0,29,24,29,29,29,30,30,30,30,30,30,30,30,30,30,30,30,30,30,30,30,30,30,30,30,30,30,26,26,,29,29,TRUE
1975YKGREY-4XL,0,29,24,29,29,29,31,31,31,31,31,31,31,31,31,31,31,31,31,31,31,31,31,31,31,31,31,31,27,27,,29,29,TRUE
1975YKGREY-5XL,0,24,19,24,24,24,29,29,29,29,29,29,29,29,29,29,29,29,29,29,29,29,29,28,27,20,18,23,19,19,,29,29,TRUE
1975YKGREY-XL,0,26,21,26,26,26,27,27,27,27,27,27,27,27,27,27,27,27,27,27,27,27,27,27,27,27,27,27,23,22,,29,29,TRUE
1975YKGREY-XXL,0,21,16,21,21,21,30,30,30,30,30,30,30,30,30,30,30,30,30,30,30,30,30,30,30,30,30,30,26,25,,29,29,TRUE
1977YKMUSTARD-3XL,0,0,48,43,48,48,48,48,48,48,48,48,47,47,47,47,47,47,47,47,46,46,46,46,46,46,46,45,44,39,,28,28,TRUE
1977YKMUSTARD-4XL,0,0,44,39,44,45,45,45,46,46,46,46,46,46,46,46,46,46,46,46,46,45,45,45,45,45,45,44,43,43,,28,28,TRUE
1977YKMUSTARD-5XL,0,0,50,45,50,50,50,50,50,50,50,49,49,48,48,48,48,48,46,41,45,45,45,44,44,45,43,43,42,39,,28,28,TRUE
1977YKMUSTARD-L,0,0,38,33,38,40,40,40,40,39,39,39,39,39,39,38,38,38,38,38,38,38,38,37,37,37,37,37,38,36,,28,28,TRUE
1977YKMUSTARD-M,0,0,46,41,46,46,46,46,47,47,47,47,47,47,47,47,47,47,47,46,46,46,46,45,45,44,44,44,43,36,,28,28,TRUE
1977YKMUSTARD-S,0,0,44,39,44,46,46,46,47,47,47,47,47,47,47,47,47,47,46,46,46,45,45,45,45,45,45,44,44,43,,28,28,TRUE
1977YKMUSTARD-XL,0,0,52,47,52,52,52,52,52,52,52,52,51,51,51,51,51,51,49,48,43,48,48,48,48,48,48,48,48,48,,28,28,TRUE
1977YKMUSTARD-XXL,0,0,41,36,41,46,46,46,48,48,48,48,48,48,48,48,48,48,48,48,47,47,47,46,46,46,46,46,45,44,,28,28,TRUE
1979YKBLACK-3XL,57,55,52,53,54,52,49,48,46,47,47,48,50,48,48,48,48,48,43,42,40,32,37,36,36,38,30,30,34,33,,30,30,TRUE
1979YKBLACK-4XL,24,19,15,17,18,18,18,17,17,18,16,13,14,12,12,12,12,12,10,9,8,6,6,5,4,5,5,30,28,25,,30,30,TRUE
1979YKBLACK-5XL,126,126,125,124,122,121,119,118,116,118,121,121,121,119,119,117,117,117,115,114,108,112,113,90,87,85,80,79,83,82,,30,30,TRUE
1979YKBLACK-6XL,30,31,31,32,33,33,32,32,32,32,32,32,32,32,32,28,28,28,28,27,26,26,27,29,29,29,29,29,30,30,,30,30,TRUE
1979YKBLACK-7XL,55,55,55,56,57,57,57,57,57,57,57,57,57,57,57,57,57,57,57,57,57,57,57,57,57,57,57,58,58,58,,30,30,TRUE
1979YKBLACK-8XL,36,36,36,37,37,37,37,37,37,39,39,38,38,38,38,38,38,38,38,38,38,38,38,38,38,38,38,38,38,38,,30,30,TRUE
1979YKBLACK-L,32,33,31,33,33,33,33,33,33,33,32,32,32,32,32,32,32,32,31,31,31,31,31,14,13,12,5,5,10,10,,30,30,TRUE
1979YKBLACK-M,44,44,45,45,45,45,45,45,45,45,45,45,45,45,45,45,45,45,45,45,45,45,45,45,45,45,45,43,42,26,,30,30,TRUE
1979YKBLACK-S,34,34,32,32,33,33,33,33,33,35,35,35,35,35,35,35,35,35,35,35,34,34,34,34,34,34,34,34,34,34,,30,30,TRUE
1979YKBLACK-XL,18,18,17,15,15,15,14,14,14,14,14,13,13,12,12,12,12,12,7,1,1,1,1,1,0,0,0,13,13,23,,27,27,TRUE
1979YKBLACK-XXL,60,60,57,53,61,60,59,51,51,54,53,51,44,48,48,45,45,45,38,37,37,32,36,35,35,35,23,23,22,22,,30,30,TRUE
197YK316GREY-L,1,1,1,1,1,1,1,1,1,1,1,1,1,1,1,1,1,1,1,1,1,1,1,1,1,1,1,1,1,1,,30,30,TRUE
197YK316GREY-M,0,0,0,0,0,0,0,0,0,0,0,0,0,0,0,0,0,0,0,0,0,0,0,0,0,0,0,0,0,0,,0,0,TRUE
197YK316GREY-S,2,2,2,2,2,2,2,2,2,2,2,2,2,2,2,2,2,2,2,2,2,2,2,2,2,2,2,2,2,2,,30,30,TRUE
197YK316GREY-XL,3,3,3,3,3,3,3,3,3,3,3,3,3,3,3,3,3,3,3,3,3,2,2,2,2,2,2,2,2,2,,30,30,TRUE
197YK316GREY-XXL,2,2,2,2,2,2,2,2,2,2,2,2,2,2,2,2,2,2,2,2,2,2,2,2,2,2,2,2,2,2,,30,30,TRUE
1984YKMUSTARD-3XL,0,0,0,0,0,0,0,0,0,0,0,0,0,0,0,0,0,0,0,0,0,0,0,0,0,0,0,0,0,44,,1,1,TRUE
1984YKMUSTARD-5XL,0,0,0,0,0,0,0,0,0,0,0,0,0,0,0,0,0,0,0,0,0,0,0,0,0,0,0,0,0,35,,1,1,TRUE
1984YKMUSTARD-XL,0,0,0,0,0,0,0,0,0,0,0,0,0,0,0,0,0,0,0,0,0,0,0,0,0,0,0,0,0,44,,1,1,TRUE
1984YKMUSTARD-XXL,0,0,0,0,0,0,0,0,0,0,0,0,0,0,0,0,0,0,0,0,0,0,0,0,0,0,0,0,0,33,,1,1,TRUE
1985YKOFFWHITE-L,29,29,29,29,29,29,29,29,29,29,29,29,29,29,29,29,29,29,29,29,29,29,29,29,29,29,29,29,29,29,,30,30,TRUE
1985YKOFFWHITE-M,31,31,31,31,31,31,31,31,31,31,31,31,31,31,31,31,31,31,31,31,31,31,31,31,31,31,31,31,31,31,,30,30,TRUE
1985YKOFFWHITE-S,32,32,32,32,32,32,32,32,32,32,32,32,32,32,32,32,32,32,32,32,32,32,32,32,32,32,32,32,32,32,,30,30,TRUE
1985YKOFFWHITE-XL,31,31,31,31,31,31,31,31,31,31,31,31,31,31,31,31,31,31,31,31,31,31,31,31,31,31,31,31,31,31,,30,30,TRUE
1989YKBLACK-M-L,48,48,48,48,48,48,48,48,48,48,48,48,48,48,48,48,48,48,48,48,48,48,48,48,48,48,48,48,48,48,,30,30,TRUE
1989YKBLACK-XL-XXL,45,45,45,45,45,45,45,45,45,45,45,45,45,45,45,45,45,45,45,45,45,45,45,45,45,45,45,45,49,49,,30,30,TRUE
1989YKBLACK-XS-S,18,18,18,18,18,18,18,18,18,18,18,18,18,18,18,18,18,18,18,18,18,18,18,18,18,18,18,18,22,22,,30,30,TRUE
198YK317NAVY-S,0,0,0,0,0,0,0,0,0,0,0,0,0,0,0,0,0,0,0,0,0,0,0,0,0,0,0,0,0,0,,0,0,TRUE
198YK317NAVY-XL,1,1,1,1,1,1,1,1,1,1,1,1,1,1,1,1,1,1,1,1,1,1,1,1,1,1,1,1,1,1,,30,30,TRUE
198YK317NAVY-XXL,1,1,1,1,1,1,1,1,1,1,1,1,1,1,1,1,1,1,1,1,1,1,1,1,1,1,1,1,1,1,,30,30,TRUE
1990YKWHITE-M-L,26,26,26,26,26,26,26,26,26,26,26,26,26,26,26,26,26,26,26,26,26,26,26,26,26,26,26,26,26,26,,30,30,TRUE
1990YKWHITE-XL-XXL,21,21,21,21,21,21,21,21,21,21,21,21,21,21,21,21,21,21,21,21,21,21,21,21,21,21,21,21,21,21,,30,30,TRUE
1990YKWHITE-XS-S,18,18,18,18,18,18,18,18,18,18,18,18,18,18,18,18,18,18,18,18,18,18,18,18,18,18,18,18,18,18,,30,30,TRUE
1992YKOFFWHITE-3XL,0,0,0,0,0,0,0,0,0,0,0,0,0,0,0,0,0,0,0,0,0,0,0,0,0,0,0,0,0,0,,0,#N/A,#N/A
1992YKOFFWHITE-4XL,0,0,0,0,0,0,0,0,0,0,0,0,0,0,0,0,0,0,0,0,0,0,0,0,0,0,0,0,0,0,,0,#N/A,#N/A
1992YKOFFWHITE-4XL-5XL,60,60,60,60,60,60,60,60,60,60,60,60,60,60,60,60,60,60,60,60,60,60,60,59,59,59,59,59,70,70,,30,30,TRUE
1992YKOFFWHITE-5XL,0,0,0,0,0,0,0,0,0,0,0,0,0,0,0,0,0,0,0,0,0,0,0,0,0,0,0,0,0,0,,0,#N/A,#N/A
1992YKOFFWHITE-L,0,0,0,0,0,0,0,0,0,0,0,0,0,0,0,0,0,0,0,0,0,0,0,0,0,0,0,0,0,0,,0,#N/A,#N/A
1992YKOFFWHITE-L-XL,76,76,76,76,76,76,76,76,76,76,76,76,76,76,76,76,76,76,76,76,76,76,76,76,76,76,76,76,76,76,,30,30,TRUE
1992YKOFFWHITE-M,0,0,0,0,0,0,0,0,0,0,0,0,0,0,0,0,0,0,0,0,0,0,0,0,0,0,0,0,0,0,,0,#N/A,#N/A
1992YKOFFWHITE-S,0,0,0,0,0,0,0,0,0,0,0,0,0,0,0,0,0,0,0,0,0,0,0,0,0,0,0,0,0,0,,0,#N/A,#N/A
1992YKOFFWHITE-S-M,31,31,31,31,31,31,31,31,31,31,31,31,31,31,31,31,31,31,31,31,31,31,31,30,30,30,30,30,38,38,,30,30,TRUE
1992YKOFFWHITE-XL,0,0,0,0,0,0,0,0,0,0,0,0,0,0,0,0,0,0,0,0,0,0,0,0,0,0,0,0,0,0,,0,#N/A,#N/A
1992YKOFFWHITE-XXL,0,0,0,0,0,0,0,0,0,0,0,0,0,0,0,0,0,0,0,0,0,0,0,0,0,0,0,0,0,0,,0,#N/A,#N/A
1992YKOFFWHITE-XXL-3XL,67,67,67,67,67,67,67,67,67,67,67,67,67,67,67,67,67,67,67,67,67,67,67,67,67,67,67,67,75,75,,30,30,TRUE
1992YKWHITE-4XL-5XL,0,0,0,0,0,0,0,0,0,0,0,0,0,0,0,0,0,0,0,0,0,0,0,0,0,0,0,0,0,0,,0,#N/A,#N/A
1992YKWHITE-L-XL,0,0,0,0,0,0,0,0,0,0,0,0,0,0,0,0,0,0,0,0,0,0,0,0,0,0,0,0,0,0,,0,#N/A,#N/A
1992YKWHITE-S-M,0,0,0,0,0,0,0,0,0,0,0,0,0,0,0,0,0,0,0,0,0,0,0,0,0,0,0,0,0,0,,0,#N/A,#N/A
1992YKWHITE-XXL-3XL,0,0,0,0,0,0,0,0,0,0,0,0,0,0,0,0,0,0,0,0,0,0,0,0,0,0,0,0,0,0,,0,#N/A,#N/A
1994YKOFFWHITE-L,39,39,39,58,58,58,58,58,58,58,58,58,58,57,57,57,57,57,57,57,57,57,57,57,57,57,57,57,57,57,,30,30,TRUE
1994YKOFFWHITE-M,13,13,13,53,53,53,53,53,53,53,53,53,53,53,53,53,53,53,53,53,53,53,53,53,53,53,53,53,53,53,,30,30,TRUE
1994YKOFFWHITE-S,20,20,20,38,38,38,38,38,38,38,38,38,38,38,38,38,38,38,38,38,38,38,38,38,38,38,38,38,38,38,,30,30,TRUE
1994YKOFFWHITE-XL,32,32,32,55,55,55,55,55,55,55,55,55,55,55,55,55,55,55,55,55,55,55,55,55,55,55,55,55,55,55,,30,30,TRUE
1995YKBLACK-L,44,44,44,44,44,44,44,44,44,44,44,44,44,44,44,44,44,44,44,44,44,44,44,44,44,44,44,44,44,44,,30,30,TRUE
1995YKBLACK-M,42,42,42,42,42,42,42,42,42,42,42,41,41,41,41,41,41,41,41,41,41,41,41,41,41,41,41,41,41,41,,30,30,TRUE
1995YKBLACK-S,32,32,32,32,32,32,32,32,32,32,32,32,32,32,32,32,32,32,32,32,32,32,32,32,32,32,32,32,32,32,,30,30,TRUE
1995YKBLACK-XL,40,40,39,39,39,39,39,39,39,39,39,39,39,39,39,39,39,39,39,39,39,39,39,39,39,39,39,39,39,39,,30,30,TRUE
1996YKMULTI-L,0,0,0,0,0,0,0,0,58,53,58,58,58,58,58,58,58,58,58,58,58,58,58,58,58,58,58,58,58,58,,22,22,TRUE
1996YKMULTI-M,0,0,0,0,0,0,0,0,58,53,58,58,58,58,58,58,58,58,58,58,58,58,58,58,58,58,58,58,58,58,,22,22,TRUE
1996YKMULTI-S,0,0,0,0,0,0,0,0,58,53,58,58,58,58,58,58,58,58,58,58,58,58,58,56,56,55,55,55,55,55,,22,22,TRUE
1996YKMULTI-XL,0,0,0,0,0,0,0,0,59,54,59,59,59,59,59,59,59,59,59,59,59,59,59,59,59,59,59,59,59,59,,22,22,TRUE
199YK318AQUA-L,0,0,0,0,0,0,0,0,0,0,0,0,0,0,0,0,0,0,0,0,0,0,0,0,0,0,0,0,0,0,,0,0,TRUE
199YK318AQUA-M,0,0,0,0,0,0,0,0,0,0,0,0,0,0,0,0,0,0,0,0,0,0,0,0,0,0,0,0,0,0,,0,0,TRUE
199YK318AQUA-S,0,0,0,0,0,0,0,0,0,0,0,0,0,0,0,0,0,0,0,0,0,0,0,0,0,0,0,0,0,0,,0,0,TRUE
19YK185ORANGE-L,0,0,0,0,0,0,0,0,0,0,0,0,0,0,0,0,0,0,0,0,0,0,0,0,0,0,0,0,0,0,,0,0,TRUE
19YK185ORANGE-S,0,0,0,0,0,0,0,0,0,0,0,0,0,0,0,0,0,0,0,0,0,0,0,0,0,0,0,0,0,0,,0,0,TRUE
2000YKGREEN-4XL-5XL,0,0,62,57,62,62,62,62,62,62,62,62,62,61,61,61,61,61,61,61,61,61,61,61,61,61,62,62,62,62,,28,28,TRUE
2000YKGREEN-L-XL,0,0,61,56,60,62,62,62,62,62,62,62,62,62,62,62,62,62,62,62,62,62,62,62,62,62,62,62,62,62,,28,28,TRUE
2000YKGREEN-S-M,0,0,19,14,19,48,48,48,48,48,48,48,48,48,48,48,48,48,48,48,48,48,48,48,48,48,48,48,48,48,,28,28,TRUE
2000YKGREEN-XXL-3XL,0,0,61,56,61,62,62,62,62,62,62,62,62,62,62,62,62,62,61,61,61,61,61,61,61,61,61,61,61,61,,28,28,TRUE
2001YKNAVY-L,0,0,0,0,0,46,46,46,46,46,46,46,46,46,46,46,46,46,46,46,46,46,46,46,46,46,46,46,48,48,,25,25,TRUE
2001YKNAVY-M,0,0,0,0,0,44,44,44,44,44,44,44,44,44,44,44,44,44,44,44,44,44,44,44,44,44,44,44,45,45,,25,25,TRUE
2001YKNAVY-S,0,0,0,0,0,44,44,44,44,44,44,44,44,44,44,44,44,44,44,44,44,44,44,44,44,44,44,44,47,47,,25,25,TRUE
2001YKNAVY-XL,0,0,0,0,0,44,44,44,44,44,44,44,44,44,44,44,44,44,44,44,44,44,44,44,44,44,44,44,44,44,,25,25,TRUE
2001YKNAVY-XS,0,0,0,0,0,20,20,20,20,20,20,20,20,20,20,20,20,20,20,20,20,20,20,20,20,20,20,20,20,20,,25,25,TRUE
200YK319YELLOW-S,1,1,1,1,1,1,1,1,1,1,1,1,1,1,1,1,1,1,1,1,1,1,1,1,1,1,1,1,1,1,,30,30,TRUE
200YK319YELLOW-XL,0,0,0,0,0,0,0,0,0,0,0,0,0,0,0,0,0,0,0,0,0,0,0,0,0,0,0,0,0,0,,0,0,TRUE
201YK320WHITE-L,0,0,0,0,0,0,0,0,0,0,0,0,0,0,0,0,0,0,0,0,0,0,0,0,0,0,0,0,0,0,,0,0,TRUE
201YK320WHITE-M,0,0,0,0,0,0,0,0,0,0,0,0,0,0,0,0,0,0,0,0,0,0,0,0,0,0,0,0,0,0,,0,0,TRUE
201YK320WHITE-S,1,1,1,1,1,1,1,1,1,1,1,1,1,1,1,1,1,1,1,1,1,1,1,1,1,1,1,1,1,1,,30,30,TRUE
202YK321BLUE-L,0,0,0,0,0,0,0,0,0,0,0,0,0,0,0,0,0,0,0,0,0,0,0,0,0,0,0,0,0,0,,0,0,TRUE
202YK321BLUE-M,0,0,0,0,0,0,0,0,0,0,0,0,0,0,0,0,0,0,0,0,0,0,0,0,0,0,0,0,-1,0,,0,0,TRUE
202YK321BLUE-XL,0,0,0,0,0,0,0,0,0,0,0,0,0,0,0,0,0,0,0,0,0,0,0,0,0,0,0,0,0,0,,0,0,TRUE
202YK321BLUE-XXL,1,1,1,1,1,1,1,1,1,1,1,1,1,1,1,1,1,1,1,1,1,1,1,1,1,1,1,1,1,1,,30,30,TRUE
203YK312MUSTARD-4XL,0,0,0,0,0,0,0,0,0,0,0,0,0,0,0,0,0,0,0,0,0,0,0,0,0,0,0,0,0,0,,0,0,TRUE
203YK312MUSTARD-XL,0,0,0,0,0,0,0,0,0,0,0,0,0,0,0,0,0,0,0,0,0,0,0,0,0,0,0,0,0,0,,0,0,TRUE
204YK216BLUE-L,0,0,0,0,0,0,0,0,0,0,0,0,0,0,0,0,0,0,0,0,0,0,0,0,0,0,0,0,0,0,,0,0,TRUE
204YK216BLUE-M,0,0,0,0,0,0,0,0,0,0,0,0,0,0,0,0,0,0,0,0,0,0,0,0,0,0,0,0,0,0,,0,0,TRUE
204YK216BLUE-S,0,0,0,0,0,0,0,0,0,0,0,0,0,0,0,0,0,0,0,0,0,0,0,0,0,0,0,0,0,0,,0,0,TRUE
204YK216BLUE-XL,0,0,0,0,0,0,0,0,0,0,0,0,0,0,0,0,0,0,0,0,0,0,0,0,0,0,0,0,0,0,,0,0,TRUE
204YK216BLUE-XXL,0,0,0,0,0,0,0,0,0,0,0,0,0,0,0,0,0,0,0,0,0,0,0,0,0,0,0,0,0,0,,0,0,TRUE
205YK323WHITE-L,0,0,0,0,0,0,0,0,0,0,0,0,0,0,0,0,0,0,0,0,0,0,0,0,0,0,0,0,0,0,,0,0,TRUE
205YK323WHITE-M,0,0,0,0,0,0,0,0,0,0,0,0,0,0,0,0,0,0,0,0,0,0,0,0,0,0,0,0,0,0,,0,0,TRUE
205YK323WHITE-S,0,0,0,0,0,0,0,0,0,0,0,0,0,0,0,0,0,0,0,0,0,0,0,0,0,0,0,0,0,0,,0,0,TRUE
205YK323WHITE-XL,0,0,0,0,0,0,0,0,0,0,0,0,0,0,0,0,0,0,0,0,0,0,0,0,0,0,0,0,0,0,,0,0,TRUE
206YK324MUSTARD-3XL,115,116,112,114,114,114,113,113,109,112,112,112,112,112,112,185,185,185,185,185,185,187,188,270,268,274,274,273,282,282,,30,30,TRUE
206YK324MUSTARD-4XL,53,53,50,51,52,52,51,51,49,51,51,49,52,52,52,116,116,116,116,116,113,114,114,174,174,184,184,184,191,191,,30,30,TRUE
206YK324MUSTARD-5XL,51,50,47,48,48,46,45,45,43,45,45,45,48,48,48,46,46,46,46,46,46,45,47,164,163,170,170,170,199,198,,30,30,TRUE
206YK324MUSTARD-6XL,15,15,10,12,12,12,12,12,12,16,16,16,16,16,16,90,90,90,90,90,90,90,92,92,92,92,92,92,92,91,,30,30,TRUE
206YK324MUSTARD-7XL,6,7,7,7,7,7,7,7,7,7,7,7,7,7,7,8,8,8,8,8,8,7,7,100,100,113,113,113,127,127,,30,30,TRUE
206YK324MUSTARD-8XL,6,7,7,8,8,8,8,8,8,8,8,8,8,7,7,24,24,24,24,23,23,29,29,30,30,30,30,30,31,31,,30,30,TRUE
206YK324MUSTARD-L,68,69,65,65,65,65,65,65,66,69,68,68,332,332,332,335,335,335,332,332,332,330,330,349,349,372,372,373,375,375,,30,30,TRUE
206YK324MUSTARD-M,240,240,233,233,233,232,232,234,234,240,240,240,240,240,240,321,321,321,320,320,318,317,318,319,318,308,308,305,304,304,,30,30,TRUE
206YK324MUSTARD-S,151,151,151,151,151,151,151,153,153,154,153,153,153,153,153,153,152,152,151,150,147,149,149,147,147,149,149,148,150,149,,30,30,TRUE
206YK324MUSTARD-XL,43,43,39,43,43,43,42,42,43,48,48,47,62,83,83,322,322,322,320,320,320,320,320,365,365,368,368,366,381,379,,30,30,TRUE
206YK324MUSTARD-XS,31,31,31,31,31,31,31,30,29,29,29,29,29,29,29,54,54,54,52,52,52,52,53,53,53,53,53,52,53,53,,30,30,TRUE
206YK324MUSTARD-XXL,17,17,14,14,14,14,14,14,10,13,11,11,146,158,158,158,158,158,157,157,156,171,172,367,366,379,379,379,417,417,,30,30,TRUE
207YK325BLACK-L,0,0,0,0,0,0,0,0,0,0,0,0,0,0,0,0,0,0,0,0,0,0,0,0,0,0,0,0,0,0,,0,0,TRUE
207YK325BLACK-M,0,0,0,0,0,0,0,0,0,0,0,0,0,0,0,0,0,0,0,0,0,0,0,0,0,0,0,0,0,0,,0,0,TRUE
207YK325BLACK-XL,0,0,0,0,0,0,0,0,0,0,0,0,0,0,0,0,0,0,0,0,0,0,0,0,0,0,0,0,0,0,,0,0,TRUE
208YK322YELLOW-L,1,1,1,1,1,1,1,1,1,1,1,1,1,1,1,1,1,1,1,1,1,1,1,1,1,1,1,1,0,1,,29,26,FALSE
208YK322YELLOW-M,1,1,1,1,1,1,1,1,1,1,1,1,1,1,1,1,1,1,1,1,1,1,1,1,1,1,1,1,1,1,,30,30,TRUE
208YK322YELLOW-S,0,0,0,0,0,0,0,0,0,0,0,0,0,0,0,0,0,0,0,0,0,0,0,0,0,0,0,0,0,0,,0,0,TRUE
208YK322YELLOW-XL,0,0,0,0,0,0,0,0,0,0,0,0,0,0,0,0,0,0,0,0,0,0,0,0,0,0,0,0,0,0,,0,0,TRUE
209YK148BLACK-M,0,0,0,0,0,0,0,0,0,0,0,0,0,0,0,0,0,0,0,0,0,0,0,0,0,0,0,0,0,0,,0,0,TRUE
209YK148BLACK-XL,0,0,0,0,0,0,0,0,0,0,0,0,0,0,0,0,0,0,0,0,0,0,0,0,0,0,0,0,0,0,,0,0,TRUE
212YK148TRUQ-L,0,0,0,0,0,0,0,0,0,0,0,0,0,0,0,0,0,0,0,0,0,0,0,0,0,0,0,0,0,0,,0,0,TRUE
213YK231ORANGE-L,3,3,3,3,3,3,3,3,3,3,3,3,3,3,3,3,3,3,3,3,3,3,3,3,3,3,3,3,3,3,,30,30,TRUE
213YK231ORANGE-M,0,0,0,0,0,0,0,0,0,0,0,0,0,0,0,0,0,0,0,0,0,0,0,0,0,0,0,0,0,0,,0,0,TRUE
213YK231ORANGE-S,2,2,2,2,2,2,2,2,2,2,2,2,2,2,2,2,2,2,2,2,2,2,2,2,2,2,2,2,2,2,,30,30,TRUE
213YK231ORANGE-XL,0,0,0,0,0,0,0,0,0,0,0,0,0,0,0,0,0,0,0,0,0,0,0,0,0,0,0,0,0,0,,0,0,TRUE
213YK231ORANGE-XXL,0,0,0,0,0,0,0,0,0,0,0,0,0,0,0,0,0,0,0,0,0,0,0,0,0,0,0,0,0,0,,0,0,TRUE
214YK332MULTI-L,0,0,0,0,0,0,0,0,0,0,0,0,0,0,0,0,0,0,0,0,0,0,0,0,0,0,0,0,0,0,,0,0,TRUE
214YK332MULTI-S,0,0,0,0,0,0,0,0,0,0,0,0,0,0,0,0,0,0,0,0,0,0,0,0,0,0,0,0,0,0,,0,0,TRUE
214YK332MULTI-XL,0,0,0,0,0,0,0,0,0,0,0,0,0,0,0,0,0,0,0,0,0,0,0,0,0,0,0,0,0,0,,0,0,TRUE
214YK332MULTI-XXL,0,0,0,0,0,0,0,0,0,0,0,0,0,0,0,0,0,0,0,0,0,0,0,0,0,0,0,0,0,0,,0,0,TRUE
215YK204TEAL-L,3,3,3,3,3,3,3,3,3,3,3,3,3,3,3,3,3,3,3,3,3,3,3,3,3,3,3,3,3,3,,30,30,TRUE
215YK204TEAL-M,0,0,0,0,0,0,0,0,0,0,0,0,0,0,0,0,0,0,0,0,0,0,0,0,0,0,0,0,0,0,,0,0,TRUE
215YK204TEAL-S,0,0,0,0,0,0,0,0,0,0,0,0,0,0,0,0,0,0,0,0,0,0,0,0,0,0,0,0,0,1,,1,0,FALSE
215YK204TEAL-XL,1,1,1,1,1,1,1,1,1,1,1,1,1,1,1,1,1,1,1,1,1,1,1,1,1,1,1,1,1,1,,30,30,TRUE
215YK204TEAL-XXL,5,5,5,5,5,5,5,5,5,5,5,5,5,5,5,4,4,4,4,4,4,4,4,4,4,4,5,5,5,5,,30,30,TRUE
216YK321BLUE-5XL,0,0,0,0,0,0,0,0,0,0,0,0,0,0,0,0,0,0,0,0,0,0,0,0,0,0,0,0,0,0,,0,0,TRUE
216YK321BLUE-L,0,0,0,0,0,0,0,0,0,0,0,0,0,0,0,0,0,0,0,0,0,0,0,0,0,0,0,0,0,0,,0,0,TRUE
216YK321BLUE-S,0,0,0,0,0,0,0,0,0,0,0,0,0,0,0,0,0,0,0,0,0,0,0,0,0,0,0,0,0,0,,0,0,TRUE
216YK321BLUE-XL,1,1,1,1,1,1,1,1,1,1,1,1,1,1,1,1,1,1,1,1,1,1,1,1,1,1,1,1,1,1,,30,30,TRUE
216YK321BLUE-XXL,2,2,2,2,2,2,2,2,2,2,2,2,2,2,2,2,2,2,2,2,2,2,2,2,2,2,2,2,2,2,,30,30,TRUE
217YK252PINK-L,0,0,0,0,0,0,0,0,0,0,0,0,0,0,0,0,0,0,0,0,0,0,0,0,0,0,0,0,0,0,,0,0,TRUE
217YK252PINK-M,0,0,0,0,0,0,0,0,0,0,0,0,0,0,0,0,0,0,0,0,0,0,0,0,0,0,0,0,0,0,,0,0,TRUE
217YK252PINK-S,0,0,0,0,0,0,0,0,0,0,0,0,0,0,0,0,0,0,0,0,0,0,0,0,0,0,0,0,0,1,,1,0,FALSE
217YK252PINK-XL,4,4,4,4,4,4,4,4,4,4,4,4,4,4,4,4,4,4,4,4,4,4,4,4,4,4,4,4,4,4,,30,30,TRUE
217YK252PINK-XXL,1,1,1,1,1,1,1,1,1,1,1,1,1,1,1,1,1,1,1,1,1,1,1,1,1,1,1,1,1,1,,30,30,TRUE
218YK200GREEN-L,0,0,0,0,0,0,0,0,0,0,0,0,0,0,0,0,0,0,0,0,0,0,0,0,0,0,0,0,0,0,,0,0,TRUE
218YK200GREEN-S,0,0,0,0,0,0,0,0,0,0,0,0,0,0,0,0,0,0,0,0,0,0,0,0,0,0,0,0,0,0,,0,0,TRUE
218YK200GREEN-XL,2,2,2,2,2,2,2,2,2,2,2,2,2,2,2,2,2,2,2,2,2,2,2,2,2,2,2,2,2,2,,30,30,TRUE
218YK200GREEN-XXL,1,1,1,1,1,1,1,1,1,1,1,1,1,1,1,1,1,1,1,1,1,1,1,1,1,1,1,1,1,1,,30,30,TRUE
219YK333MEHROON-L,0,0,0,0,0,0,0,0,0,0,0,0,0,0,0,0,0,0,0,0,0,0,0,0,0,0,0,0,0,0,,0,0,TRUE
219YK333MEHROON-M,0,0,0,0,0,0,0,0,0,0,0,0,0,0,0,0,0,0,0,0,0,0,0,0,0,0,0,0,0,0,,0,0,TRUE
219YK333MEHROON-XXL,0,0,0,0,0,0,0,0,0,0,0,0,0,0,0,0,0,0,0,0,0,0,0,0,0,0,0,0,0,0,,0,0,TRUE
220YK200PINK-L,1,1,1,1,1,1,1,1,1,1,1,1,1,1,1,1,1,1,1,1,1,1,1,1,1,1,1,1,1,1,,30,30,TRUE
220YK200PINK-M,0,0,0,0,0,0,0,0,0,0,0,0,0,0,0,0,0,0,0,0,0,0,0,0,0,0,0,0,0,0,,0,0,TRUE
220YK200PINK-S,0,0,0,0,0,0,0,0,0,0,0,0,0,0,0,0,0,0,0,0,0,0,0,0,0,0,0,0,0,0,,0,0,TRUE
220YK200PINK-XL,0,0,0,0,0,0,0,0,0,0,0,0,0,0,0,0,0,0,0,0,0,0,0,0,0,0,0,0,0,0,,0,0,TRUE
220YK200PINK-XXL,0,0,0,0,0,0,0,0,0,0,0,0,0,0,0,0,0,0,0,0,0,0,0,0,0,0,0,0,0,0,,0,0,TRUE
221YK207N BLUE-L,0,0,0,0,0,0,0,0,0,0,0,0,0,0,0,0,0,0,0,0,0,0,0,0,0,0,0,0,0,0,,0,0,TRUE
221YK207N BLUE-M,0,0,0,0,0,0,0,0,0,0,0,0,0,0,0,0,0,0,0,0,0,0,0,0,0,0,0,0,0,0,,0,0,TRUE
221YK207N BLUE-S,0,0,0,0,0,0,0,0,0,0,0,0,0,0,0,0,0,0,0,0,0,0,0,0,0,0,0,0,0,0,,0,0,TRUE
221YK207N BLUE-XL,0,0,0,0,0,0,0,0,0,0,0,0,0,0,0,0,0,0,0,0,0,0,0,0,0,0,0,0,0,0,,0,0,TRUE
221YK207N BLUE-XXL,2,2,2,2,2,2,2,2,2,2,2,2,2,2,2,2,2,2,2,2,2,2,2,2,2,2,2,2,2,2,,30,30,TRUE
222YK192BLUE-L,0,0,0,0,0,0,0,0,0,0,0,0,0,0,0,0,0,0,0,0,0,0,0,0,0,0,0,0,0,0,,0,0,TRUE
222YK192BLUE-S,0,0,0,0,0,0,0,0,0,0,0,0,0,0,0,0,0,0,0,0,0,0,0,0,0,0,0,0,0,0,,0,0,TRUE
223YK320PINK-3XL,0,0,0,0,0,0,0,0,0,0,0,0,0,0,0,0,0,0,0,0,0,0,0,0,0,0,0,0,0,0,,0,0,TRUE
223YK320PINK-L,0,0,0,0,0,0,0,0,0,0,0,0,0,0,0,0,0,0,0,0,0,0,0,0,0,0,0,0,0,0,,0,0,TRUE
223YK320PINK-S,0,0,0,0,0,0,0,0,0,0,0,0,0,0,0,0,0,0,0,0,0,0,0,0,0,0,0,0,0,0,,0,0,TRUE
224KD148BNDJ-11-12,1,1,1,1,1,1,1,1,1,1,1,1,1,1,1,1,1,1,1,1,1,1,1,1,1,1,1,1,1,1,,30,30,TRUE
224KD148BNDJ-13-14,0,0,0,0,0,0,0,0,0,0,0,0,0,0,0,0,0,0,0,0,0,0,0,0,0,0,0,0,0,0,,0,0,TRUE
224KD148BNDJ-7-8,15,15,15,15,15,15,15,15,15,15,11,15,15,15,15,15,15,15,15,15,15,15,15,15,15,15,15,15,15,15,,30,30,TRUE
224KD148BNDJ-9-10,7,7,7,7,7,7,7,7,7,7,7,7,7,7,7,7,7,7,7,7,7,7,7,7,7,7,7,7,7,7,,30,30,TRUE
224YK148BNDJ-3XL,72,75,72,81,81,81,81,81,86,87,87,86,86,86,86,80,80,80,80,77,73,73,74,73,73,72,69,69,72,71,,30,30,TRUE
224YK148BNDJ-4XL,67,71,67,76,76,76,76,75,76,80,80,80,80,105,105,101,101,101,84,84,69,69,69,71,69,70,70,70,70,69,,30,30,TRUE
224YK148BNDJ-5XL,121,128,124,125,126,126,126,126,129,132,131,130,132,132,132,113,113,113,109,109,94,94,94,87,83,70,70,69,72,70,,30,30,TRUE
224YK148BNDJ-6XL,51,53,49,49,49,48,47,47,47,51,51,51,50,50,50,44,44,44,43,43,42,41,42,42,42,42,42,42,42,42,,30,30,TRUE
224YK148BNDJ-7XL,10,10,6,9,13,12,12,12,12,13,13,12,13,14,14,15,15,15,13,13,12,11,11,7,23,7,3,5,8,8,,30,30,TRUE
224YK148BNDJ-8XL,22,23,23,25,24,23,23,22,22,22,22,22,22,23,23,23,23,23,22,22,22,22,22,22,32,21,21,21,21,21,,30,30,TRUE
224YK148BNDJ-L,15,20,20,21,22,21,21,22,22,22,22,22,23,22,22,15,15,15,12,10,10,9,9,10,9,3,3,8,8,7,,30,30,TRUE
224YK148BNDJ-M,33,33,31,32,31,31,31,30,29,31,31,30,30,30,30,28,28,28,26,24,23,21,23,23,23,23,22,23,23,23,,30,30,TRUE
224YK148BNDJ-S,27,37,40,41,40,39,39,38,36,36,36,36,36,36,36,32,32,32,31,31,31,31,31,32,31,31,31,31,32,32,,30,30,TRUE
224YK148BNDJ-XL,33,35,35,40,40,41,39,39,39,39,38,36,36,33,33,25,25,25,25,24,23,23,23,18,18,19,12,15,20,21,,30,30,TRUE
224YK148BNDJ-XS,19,19,20,21,21,20,20,20,20,20,20,20,20,20,20,18,18,19,19,19,19,19,19,19,19,19,18,18,18,18,,30,30,TRUE
224YK148BNDJ-XXL,155,156,153,154,153,151,151,150,150,151,150,149,146,145,145,140,140,140,137,138,128,128,128,128,125,110,115,116,116,116,,30,30,TRUE
225KD148OWHTE-13-14,0,0,0,0,0,0,0,0,0,0,0,0,0,0,0,0,0,0,0,0,0,0,0,0,0,0,0,0,0,0,,0,0,TRUE
225KD148OWHTE-7-8,1,1,1,1,1,1,1,1,1,1,1,1,1,1,1,1,1,1,1,1,1,1,1,1,1,1,1,1,1,1,,30,30,TRUE
225YK148OWHTE-3XL,0,0,0,0,0,0,0,0,0,0,0,0,0,0,0,0,0,0,0,0,0,0,0,0,0,0,0,0,0,0,,0,1,FALSE
225YK148OWHTE-4XL,3,3,3,3,3,3,3,3,0,0,0,0,1,1,1,0,0,0,0,0,0,0,0,0,8,0,0,0,0,0,,12,10,FALSE
225YK148OWHTE-5XL,3,3,3,3,3,3,3,3,0,0,0,0,0,0,0,0,0,0,0,0,0,0,0,0,7,0,0,0,0,0,,9,8,FALSE
225YK148OWHTE-8XL,0,0,0,0,0,0,0,0,0,0,0,0,0,0,0,0,0,0,0,0,0,0,0,0,0,0,0,0,0,1,,1,0,FALSE
225YK148OWHTE-L,1,1,1,5,5,5,3,3,4,4,3,2,3,2,2,2,3,2,2,2,2,2,2,2,4,2,2,2,2,2,,30,30,TRUE
225YK148OWHTE-M,4,4,4,3,3,3,3,3,2,2,2,1,1,1,1,1,1,1,1,1,1,1,1,1,1,0,0,0,0,0,,25,24,FALSE
225YK148OWHTE-S,3,5,5,6,7,7,5,5,3,3,3,3,3,3,3,3,3,3,3,3,3,3,3,4,4,4,4,3,3,3,,30,30,TRUE
225YK148OWHTE-XL,4,4,4,3,3,2,1,1,1,1,1,1,1,1,1,1,1,1,1,1,1,1,1,1,2,1,1,2,2,2,,30,30,TRUE
225YK148OWHTE-XXL,2,2,2,2,2,2,2,2,0,0,0,0,0,0,0,0,0,0,0,0,0,0,0,0,1,0,0,0,0,0,,9,8,FALSE
226YK346GREEN-3XL,30,29,29,30,30,28,27,27,27,28,28,27,28,28,28,24,24,24,24,24,19,19,19,19,18,19,19,19,15,9,,30,30,TRUE
226YK346GREEN-4XL,10,12,12,14,13,9,9,9,7,7,6,6,6,6,6,7,7,7,7,7,7,7,7,5,4,3,3,2,1,1,,30,30,TRUE
226YK346GREEN-5XL,24,23,20,22,22,16,14,14,14,14,14,14,14,14,14,13,13,13,13,13,13,13,13,13,12,13,13,13,13,13,,30,30,TRUE
226YK346GREEN-6XL,10,10,10,10,10,10,10,10,6,7,7,7,7,7,7,7,7,7,7,7,7,7,7,7,7,7,7,7,7,7,,30,30,TRUE
226YK346GREEN-7XL,13,13,13,13,12,12,9,9,9,9,9,9,9,9,9,9,9,9,9,9,9,9,9,9,9,9,9,8,8,8,,30,30,TRUE
226YK346GREEN-8XL,15,15,15,15,15,15,17,17,17,17,17,17,17,17,17,17,17,17,17,17,17,17,17,17,17,17,17,17,17,17,,30,30,TRUE
226YK346GREEN-L,18,18,18,17,17,17,16,16,16,17,17,17,16,16,16,10,10,10,10,10,6,5,5,4,4,4,4,4,4,4,,30,30,TRUE
226YK346GREEN-M,26,26,26,30,30,30,29,27,27,27,27,27,27,27,27,24,24,24,24,24,18,16,18,18,17,18,18,18,19,10,,30,30,TRUE
226YK346GREEN-S,22,22,22,22,22,22,22,22,22,22,22,22,22,22,22,20,20,20,19,19,19,19,19,19,19,19,19,19,19,19,,30,30,TRUE
226YK346GREEN-XL,20,21,21,22,22,22,23,23,23,23,23,23,24,24,24,17,17,17,17,17,12,12,13,13,12,13,13,13,9,9,,30,30,TRUE
226YK346GREEN-XS,26,25,27,29,29,29,27,27,27,27,31,31,31,31,31,31,32,32,32,32,32,31,32,32,31,32,32,32,32,32,,30,30,TRUE
226YK346GREEN-XXL,44,44,45,52,52,48,49,48,47,49,49,49,49,49,49,45,45,45,44,44,40,40,40,40,37,40,38,39,34,34,,30,30,TRUE
227YK302GREEN-XL,0,0,0,0,0,0,0,0,0,0,0,0,0,0,0,0,0,0,0,0,0,0,0,0,0,0,0,0,0,0,,0,0,TRUE
230YK323GREEN-L,0,0,0,0,0,0,0,0,0,0,0,0,0,0,0,0,0,0,0,0,0,0,0,0,0,0,0,0,0,0,,0,0,TRUE
230YK323GREEN-M,0,0,0,0,0,0,0,0,0,0,0,0,0,0,0,0,0,0,0,0,0,0,0,0,0,0,0,0,0,0,,0,0,TRUE
231YK336BLUE-L,0,0,0,0,0,0,0,0,0,0,0,0,0,0,0,0,0,0,0,0,0,0,0,0,0,0,0,0,0,0,,0,0,TRUE
231YK336BLUE-M,0,0,0,0,0,0,0,0,0,0,0,0,0,0,0,0,0,0,0,0,0,0,0,0,0,0,0,0,0,0,,0,0,TRUE
231YK336BLUE-S,0,0,0,0,0,0,0,0,0,0,0,0,0,0,0,0,0,0,0,0,0,0,0,0,0,0,0,0,0,0,,0,0,TRUE
231YK336BLUE-XL,0,0,0,0,0,0,0,0,0,0,0,0,0,0,0,0,0,0,0,0,0,0,0,0,0,0,0,0,0,0,,0,0,TRUE
233YK338MULTI-L,0,0,0,0,0,0,0,0,0,0,0,0,0,0,0,0,0,0,0,0,0,0,0,0,0,0,0,0,0,0,,0,0,TRUE
233YK338MULTI-M,1,1,1,1,1,1,1,1,1,1,1,1,1,1,1,1,1,1,1,1,1,1,1,1,1,1,1,1,1,1,,30,30,TRUE
233YK338MULTI-S,1,1,1,1,1,1,1,1,1,1,1,1,1,1,1,0,0,0,0,0,0,0,0,0,0,0,1,1,1,1,,19,18,FALSE
234YK340FIROZI-3XL,55,55,55,55,54,54,54,54,54,54,54,54,54,53,53,51,51,51,50,50,50,50,50,50,50,50,50,50,47,47,,30,30,TRUE
234YK340FIROZI-4XL,60,60,59,59,59,59,59,59,58,58,58,58,58,58,58,58,58,58,58,58,58,59,59,59,59,59,59,59,59,59,,30,30,TRUE
234YK340FIROZI-5XL,41,41,43,43,43,42,41,41,41,41,41,41,41,41,41,41,41,41,40,40,39,39,40,41,40,41,41,41,39,39,,30,30,TRUE
234YK340FIROZI-L,2,2,2,2,2,2,2,2,2,2,2,2,2,2,2,2,2,2,2,2,2,2,2,2,2,2,2,2,2,2,,30,30,TRUE
234YK340FIROZI-M,5,5,5,5,5,5,4,3,0,0,0,0,0,0,0,0,0,0,0,0,0,0,0,0,1,1,1,1,1,1,,14,12,FALSE
234YK340FIROZI-S,47,47,47,47,47,47,47,47,47,47,47,47,47,47,47,47,47,47,45,45,45,45,45,45,45,45,47,47,47,47,,30,30,TRUE
234YK340FIROZI-XL,5,5,5,5,5,5,3,3,1,1,1,1,0,0,0,0,0,0,0,0,0,0,0,0,3,0,0,1,1,1,,16,15,FALSE
234YK340FIROZI-XS,17,17,20,20,20,20,20,20,20,20,20,20,20,20,20,20,20,20,20,20,20,20,20,20,20,20,20,20,20,20,,30,30,TRUE
234YK340FIROZI-XXL,14,14,14,14,14,14,14,14,14,14,14,14,14,14,14,13,13,13,13,13,13,13,13,12,12,12,12,13,10,9,,30,30,TRUE
235YK341GREY-4XL,0,0,0,0,0,0,0,0,0,0,0,0,0,0,0,0,0,0,0,0,0,0,0,0,0,0,0,0,0,0,,0,0,TRUE
235YK341GREY-M,0,0,0,0,0,0,0,0,0,0,0,0,0,0,0,0,0,0,0,0,0,0,0,0,0,0,0,0,0,0,,0,0,TRUE
235YK341GREY-S,0,0,0,0,0,0,0,0,0,0,0,0,0,0,0,0,0,0,0,0,0,0,0,0,0,0,0,0,0,0,,0,0,TRUE
235YK341GREY-XXL,0,0,0,0,0,0,0,0,0,0,0,0,0,0,0,0,0,0,0,0,0,0,0,0,0,0,0,0,0,0,,0,0,TRUE
237YK345PINK-3XL,10,9,9,30,31,31,33,32,41,42,41,41,40,42,42,40,41,40,30,30,30,31,37,36,36,26,26,27,28,28,,30,30,TRUE
237YK345PINK-4XL,34,38,38,49,49,49,50,50,56,60,59,57,58,58,58,58,58,58,56,56,56,56,62,62,62,57,57,56,56,56,,30,30,TRUE
237YK345PINK-5XL,16,17,17,25,26,26,25,25,29,31,31,30,30,31,31,28,28,28,27,27,26,26,30,29,29,29,29,28,28,28,,30,30,TRUE
237YK345PINK-6XL,10,12,13,19,19,17,17,17,17,17,17,17,18,18,18,17,17,17,17,18,18,18,27,27,27,27,27,27,27,27,,30,30,TRUE
237YK345PINK-7XL,12,14,14,14,14,14,14,14,14,14,14,14,14,14,14,14,14,14,14,14,14,14,14,14,14,14,14,14,14,14,,30,30,TRUE
237YK345PINK-8XL,20,20,20,20,21,20,20,20,21,19,19,19,19,19,19,19,19,19,19,19,23,23,24,24,24,24,24,24,24,24,,30,30,TRUE
237YK345PINK-L,35,46,38,81,89,88,85,81,88,128,133,135,134,168,168,154,154,154,151,151,121,121,137,136,134,135,132,131,130,131,,30,30,TRUE
237YK345PINK-M,9,7,6,64,63,62,62,59,103,171,150,147,142,164,164,164,164,164,149,149,138,136,146,154,154,124,126,128,131,127,,30,30,TRUE
237YK345PINK-S,21,23,21,60,59,56,54,51,51,64,63,61,56,66,66,66,66,66,63,63,63,63,66,67,65,49,42,46,53,53,,30,30,TRUE
237YK345PINK-XL,15,12,4,31,27,24,24,23,19,29,27,26,26,46,46,41,41,41,30,30,15,14,34,34,36,20,21,22,22,21,,30,30,TRUE
237YK345PINK-XS,1,1,1,10,7,7,7,6,3,9,7,7,6,4,4,2,3,4,3,3,3,3,11,15,14,11,11,11,12,11,,30,30,TRUE
237YK345PINK-XXL,33,36,32,54,54,54,55,55,63,73,72,71,71,71,71,66,65,65,63,62,42,42,77,77,76,66,66,66,65,65,,30,30,TRUE
238YK343PINK-L,4,4,4,4,4,4,4,4,4,3,3,3,3,3,3,3,3,3,3,3,3,3,3,3,3,3,3,3,3,3,,30,30,TRUE
238YK343PINK-M,0,0,0,0,0,0,0,0,0,0,0,0,0,0,0,0,0,0,0,0,0,0,0,0,0,0,0,0,0,0,,0,0,TRUE
238YK343PINK-S,1,1,1,1,1,1,1,1,1,1,1,1,1,1,1,1,1,1,1,1,1,1,1,1,1,1,1,1,1,1,,30,30,TRUE
238YK343PINK-XL,2,2,2,2,2,2,2,2,2,2,2,2,2,2,2,2,2,2,2,2,2,2,2,2,2,2,2,2,2,2,,30,30,TRUE
239YK344WHITE-5XL,0,0,0,0,0,0,0,0,0,0,0,0,0,0,0,0,0,0,0,0,0,0,0,0,0,0,0,0,0,0,,0,0,TRUE
239YK344WHITE-L,0,0,0,0,0,0,0,0,0,0,0,0,0,0,0,0,0,0,0,0,0,0,0,0,0,0,0,0,0,0,,0,0,TRUE
239YK344WHITE-M,0,0,0,0,0,0,0,0,0,0,0,0,0,0,0,0,0,0,0,0,0,0,0,0,0,0,0,0,0,0,,0,0,TRUE
239YK344WHITE-S,0,0,0,0,0,0,0,0,0,0,0,0,0,0,0,0,0,0,0,0,0,0,0,0,0,0,0,0,0,0,,0,0,TRUE
241YK287BLACKRAY-3XL,17,16,8,13,16,11,8,6,5,4,4,4,4,4,4,5,5,5,4,3,3,3,3,3,6,2,2,2,2,2,,30,30,TRUE
241YK287BLACKRAY-4XL,74,75,74,72,71,70,68,66,62,59,60,56,47,48,48,13,13,24,24,21,14,25,24,33,31,40,40,42,41,41,,30,30,TRUE
241YK287BLACKRAY-5XL,46,46,44,43,43,41,38,37,30,20,28,24,20,25,25,18,18,25,18,8,16,24,24,60,59,56,56,54,54,51,,30,30,TRUE
241YK287BLACKRAY-6XL,1,1,1,0,0,0,0,0,0,0,0,0,0,0,0,0,1,0,0,0,0,12,12,29,29,36,16,16,16,12,,13,13,TRUE
241YK287BLACKRAY-7XL,3,3,3,4,3,3,2,2,1,1,0,0,0,0,0,1,1,1,0,0,0,0,0,0,0,0,0,0,0,19,,14,12,FALSE
241YK287BLACKRAY-8XL,3,2,1,1,1,1,1,1,1,1,1,1,1,1,1,1,1,1,1,1,1,1,1,1,5,1,1,1,1,1,,30,30,TRUE
241YK287BLACKRAY-L,77,76,76,77,77,77,77,76,76,76,75,75,75,74,74,55,53,53,51,49,47,44,44,45,44,37,36,36,36,37,,30,30,TRUE
241YK287BLACKRAY-M,39,39,39,40,40,40,40,41,41,41,41,41,41,41,41,20,17,25,25,23,23,22,22,42,41,36,36,36,37,37,,30,30,TRUE
241YK287BLACKRAY-S,62,62,62,62,61,61,60,60,61,61,61,61,61,61,61,57,57,57,58,58,58,58,58,61,61,55,55,55,55,55,,30,30,TRUE
241YK287BLACKRAY-XL,28,28,26,26,27,27,27,25,24,25,24,24,27,27,27,4,4,13,12,4,7,4,8,13,11,18,18,17,16,16,,30,30,TRUE
241YK287BLACKRAY-XS,23,23,22,21,23,23,23,23,23,24,24,24,24,24,24,22,22,22,22,22,22,24,24,25,24,27,27,27,27,27,,30,30,TRUE
241YK287BLACKRAY-XXL,95,100,100,101,99,99,98,95,93,89,88,83,78,83,83,35,33,59,57,47,55,59,59,57,55,64,64,65,66,46,,30,30,TRUE
242YK287MEHROON-3XL,0,0,0,0,0,0,0,0,0,0,0,0,0,0,0,0,0,0,0,0,0,0,0,0,0,0,0,0,0,0,,0,0,TRUE
242YK287MEHROON-4XL,0,0,0,0,0,0,0,0,0,0,0,0,0,0,0,0,0,0,0,0,0,0,0,0,0,0,0,0,0,0,,0,0,TRUE
242YK287MEHROON-5XL,0,0,0,0,0,0,0,0,0,0,0,0,0,0,0,0,0,0,0,0,0,0,0,0,0,0,0,0,0,0,,0,0,TRUE
242YK287MEHROON-L,4,4,4,4,3,3,3,3,1,1,1,1,3,2,2,2,4,4,3,3,3,2,2,3,2,2,2,2,3,3,,30,30,TRUE
242YK287MEHROON-M,1,1,1,0,0,0,0,0,0,0,0,0,0,0,0,0,0,0,0,0,0,0,0,0,0,0,0,0,0,1,,4,3,FALSE
242YK287MEHROON-S,1,1,1,1,1,1,1,1,1,1,1,1,1,1,1,1,1,1,1,1,1,1,1,1,1,1,1,1,1,1,,30,30,TRUE
242YK287MEHROON-XL,3,3,3,3,3,3,2,2,2,2,2,2,3,3,3,3,3,3,3,3,3,3,3,3,3,2,2,2,2,2,,30,30,TRUE
242YK287MEHROON-XS,0,0,0,0,0,0,0,0,0,0,0,0,0,0,0,0,0,0,0,0,0,0,0,0,0,0,0,0,0,0,,0,0,TRUE
242YK287MEHROON-XXL,1,2,1,1,1,1,0,0,0,0,0,0,0,0,0,0,0,0,0,0,0,0,0,0,0,0,0,0,0,3,,7,6,FALSE
244YK295MULTI-7XL,0,0,0,0,0,0,0,0,0,0,0,0,0,0,0,0,0,0,0,0,0,0,0,0,0,0,0,0,0,0,,0,0,TRUE
244YK295MULTI-L,0,0,0,0,0,0,0,0,0,0,0,0,0,0,0,0,0,0,0,0,0,0,0,0,0,0,0,0,0,0,,0,0,TRUE
244YK295MULTI-M,1,1,1,1,1,1,1,1,1,1,1,1,1,1,1,1,1,1,1,1,0,0,0,0,0,0,0,0,0,0,,20,20,TRUE
244YK295MULTI-S,0,0,0,0,0,0,0,0,0,0,0,0,0,0,0,0,0,0,0,0,0,0,0,0,0,0,0,0,0,0,,0,0,TRUE
244YK295MULTI-XL,0,0,0,0,0,0,0,0,0,0,0,0,0,0,0,0,0,0,0,0,0,0,0,0,0,0,0,0,0,0,,0,0,TRUE
245YK330GREY-XXL,0,0,0,0,0,0,0,0,0,0,0,0,0,0,0,0,0,0,0,0,0,0,0,0,0,0,0,0,0,0,,0,0,TRUE
247YK358DANGRI-L,0,0,0,1,1,1,1,1,1,1,1,1,1,1,1,1,1,1,1,1,1,1,1,1,1,1,1,1,1,1,,27,27,TRUE
247YK358DANGRI-S,0,0,0,0,0,0,0,0,0,0,0,0,0,0,0,0,0,0,0,0,0,0,0,0,0,0,0,0,0,0,,0,0,TRUE
247YK358DANGRI-XL,0,0,0,0,0,0,0,0,0,0,0,0,0,0,0,0,0,0,0,0,0,0,0,0,0,0,0,0,0,0,,0,0,TRUE
248YK360POLKA-L,1,1,1,1,1,1,1,1,1,1,1,1,1,1,1,1,1,1,1,1,1,1,1,1,1,1,1,1,1,1,,30,30,TRUE
248YK360POLKA-M,5,5,5,5,5,5,5,5,5,5,5,5,5,5,5,5,5,5,5,5,5,5,5,5,5,5,5,5,5,5,,30,30,TRUE
248YK360POLKA-S,4,4,7,7,7,7,7,7,7,7,7,7,7,7,7,7,7,7,7,7,7,7,7,7,7,7,7,7,7,7,,30,30,TRUE
248YK360POLKA-XL,0,0,0,0,0,0,0,0,0,0,0,0,0,0,0,0,0,0,0,0,0,0,0,0,0,0,0,0,0,0,,0,0,TRUE
248YK360POLKA-XXL,0,0,0,0,0,0,0,0,0,0,0,0,0,0,0,0,0,0,0,0,0,0,0,0,0,0,0,0,0,0,,0,0,TRUE
249YK361WHITE-L,1,1,1,1,1,1,1,1,1,1,1,1,1,1,1,1,1,1,1,1,1,1,1,1,1,1,1,1,1,1,,30,30,TRUE
249YK361WHITE-M,1,1,1,1,1,1,1,1,1,1,1,1,1,1,1,1,1,1,1,1,1,1,1,1,1,1,1,1,1,1,,30,30,TRUE
249YK361WHITE-S,1,1,1,1,1,1,1,1,1,1,1,1,1,1,1,1,1,1,1,1,1,1,1,1,1,1,1,1,1,2,,30,30,TRUE
249YK361WHITE-XL,1,1,1,1,1,1,1,1,1,1,1,1,1,1,1,1,1,1,1,1,1,1,1,1,1,1,1,1,1,1,,30,30,TRUE
249YK361WHITE-XXL,0,0,0,0,0,0,0,0,0,0,0,0,0,0,0,0,0,0,0,0,0,0,0,0,0,0,0,0,0,0,,0,0,TRUE
250YK366GREEN-L,1,1,1,1,1,1,1,1,1,1,1,1,1,1,1,1,1,1,1,1,1,1,1,1,1,1,1,1,1,1,,30,30,TRUE
250YK366GREEN-M,0,0,0,0,0,0,0,0,0,0,0,0,0,0,0,0,0,0,0,0,0,0,0,0,0,0,0,0,0,0,,0,0,TRUE
250YK366GREEN-S,1,1,1,1,1,1,1,1,1,1,1,1,1,1,1,1,1,1,1,1,1,1,1,1,1,1,1,1,1,1,,30,30,TRUE
250YK366GREEN-XL,1,1,1,1,1,1,1,1,1,1,0,0,0,0,0,0,0,0,0,0,0,0,0,0,0,0,1,1,1,1,,14,14,TRUE
250YK366GREEN-XXL,1,1,1,1,1,1,1,1,1,1,1,1,1,1,1,1,1,1,1,1,1,1,1,1,1,1,1,1,1,1,,30,30,TRUE
251YK366PINK-L,0,0,0,0,0,0,0,0,0,0,0,0,0,0,0,0,0,0,0,0,0,0,0,0,0,0,0,0,0,0,,0,0,TRUE
251YK366PINK-XL,1,1,1,1,1,1,1,1,1,1,1,1,1,1,1,1,1,1,1,1,1,1,1,1,1,1,1,1,1,1,,30,30,TRUE
251YK366PINK-XXL,0,0,0,0,0,0,0,0,0,0,0,0,0,0,0,0,0,0,0,0,0,0,0,0,0,0,0,0,0,0,,0,0,TRUE
252YK366MUSTARD-L,0,0,0,0,0,0,0,0,0,0,0,0,0,0,0,0,0,0,0,0,0,0,0,0,0,0,0,0,0,0,,0,0,TRUE
252YK366MUSTARD-M,0,0,0,0,0,0,0,0,0,0,0,0,0,0,0,0,0,0,0,0,0,0,0,0,0,0,0,0,0,0,,0,0,TRUE
252YK366MUSTARD-XL,0,0,0,0,0,0,0,0,0,0,0,0,0,0,0,0,0,0,0,0,0,0,0,0,0,0,0,0,0,0,,0,0,TRUE
252YK366MUSTARD-XXL,0,0,0,0,0,0,0,0,0,0,0,0,0,0,0,0,0,0,0,0,0,0,0,0,0,0,0,0,0,0,,0,0,TRUE
253YK362RED-M,0,0,0,0,0,0,0,0,0,0,0,0,0,0,0,0,0,0,0,0,0,0,0,0,0,0,0,0,0,0,,0,0,TRUE
253YK362RED-S,0,0,0,0,0,0,0,0,0,0,0,0,0,0,0,0,0,0,0,0,0,0,0,0,0,0,0,0,0,0,,0,0,TRUE
255YK364OWHITE-L,0,0,0,0,0,0,0,0,0,0,0,0,0,0,0,0,0,0,0,0,0,0,0,0,0,0,0,0,0,0,,0,0,TRUE
255YK364OWHITE-M,0,0,0,0,0,0,0,0,0,0,0,0,0,0,0,0,0,0,0,0,0,0,0,0,0,0,0,0,0,0,,0,0,TRUE
255YK364OWHITE-S,1,1,1,1,1,1,1,1,1,1,1,1,1,1,1,0,0,0,0,0,0,0,0,0,0,0,0,0,0,1,,16,14,FALSE
255YK364OWHITE-XL,1,1,1,1,1,1,1,1,1,1,1,1,1,1,1,1,1,1,1,1,1,1,1,1,1,1,1,1,1,1,,30,30,TRUE
256YK365PINK-L,2,2,2,2,2,2,2,2,2,2,2,2,2,2,2,2,2,2,2,2,2,2,2,2,2,2,2,2,2,2,,30,30,TRUE
256YK365PINK-M,3,3,3,3,3,3,3,3,3,3,3,3,3,3,3,2,2,2,1,1,1,1,1,1,1,1,2,2,2,2,,30,30,TRUE
256YK365PINK-S,4,4,4,4,4,4,4,4,4,4,4,4,4,4,4,3,3,3,3,3,3,3,3,3,3,3,4,4,4,4,,30,30,TRUE
256YK365PINK-XL,0,0,0,0,0,0,0,0,0,0,0,0,0,0,0,0,0,0,0,0,0,0,0,0,0,0,0,0,0,0,,0,0,TRUE
258YK368LGREEN-L,0,0,0,0,0,0,0,0,0,0,0,0,0,0,0,0,0,0,0,0,0,0,0,0,0,0,0,0,0,0,,0,0,TRUE
258YK368LGREEN-M,0,0,0,0,0,0,0,0,0,0,0,0,0,0,0,0,0,0,0,0,0,0,0,0,0,0,0,0,0,0,,0,0,TRUE
258YK368LGREEN-S,4,4,4,4,4,4,4,4,4,4,4,4,4,4,4,4,4,4,2,2,2,2,2,2,2,2,2,2,2,2,,30,30,TRUE
258YK368LGREEN-XL,0,0,0,0,0,0,0,0,0,0,0,0,0,0,0,0,0,0,0,0,0,0,0,0,0,0,0,0,0,0,,0,0,TRUE
259YK340PINK-L,0,0,0,0,0,0,0,0,0,0,0,0,0,0,0,0,0,0,0,0,0,0,0,0,0,0,0,0,0,0,,0,0,TRUE
259YK340PINK-M,1,1,1,1,1,1,1,1,0,0,0,0,0,0,0,0,0,0,0,0,0,0,0,0,0,0,0,0,0,1,,9,8,FALSE
259YK340PINK-S,4,4,4,4,4,4,4,4,4,4,4,4,4,4,4,4,4,4,4,4,4,4,4,4,4,4,4,4,4,4,,30,30,TRUE
259YK340PINK-XL,0,0,0,0,0,0,0,0,0,0,0,0,0,0,0,0,0,0,0,0,0,0,0,0,0,0,0,0,0,0,,0,0,TRUE
260YK340GREEN-L,0,0,0,0,0,0,0,0,0,0,0,0,0,0,0,0,0,0,0,0,0,0,0,0,0,0,0,0,0,0,,0,0,TRUE
260YK340GREEN-M,2,2,2,2,2,2,2,2,2,2,2,2,2,2,2,2,2,2,2,2,2,2,2,2,1,1,1,1,1,1,,30,30,TRUE
260YK340GREEN-S,1,1,1,1,1,1,1,1,1,1,1,1,1,1,1,0,0,0,0,0,0,0,0,0,0,0,0,0,0,0,,15,14,FALSE
260YK340GREEN-XL,0,0,0,0,0,0,0,0,0,0,0,0,0,0,0,0,0,0,0,0,0,0,0,0,0,0,0,0,0,0,,0,0,TRUE
260YK340GREEN-XS,0,0,0,0,0,0,0,0,0,0,0,0,0,0,0,0,0,0,0,0,0,0,0,0,0,0,0,0,0,0,,0,0,TRUE
260YK340GREEN-XXL,0,0,0,0,0,0,0,0,0,0,0,0,0,0,0,0,0,0,0,0,0,0,0,0,0,0,0,0,0,0,,0,0,TRUE
261YK380ORANGE-L,0,0,0,0,0,0,0,0,0,0,0,0,0,0,0,0,0,0,0,0,0,0,0,0,0,0,0,0,0,0,,0,0,TRUE
261YK380ORANGE-S,0,0,0,0,0,0,0,0,0,0,0,0,0,0,0,0,0,0,0,0,0,0,0,0,0,0,0,0,0,0,,0,0,TRUE
262YK380FIROZI-S,0,0,0,0,0,0,0,0,0,0,0,0,0,0,0,0,0,0,0,0,0,0,0,0,0,0,0,0,0,0,,0,0,TRUE
262YK380FIROZI-XXL,0,0,0,0,0,0,0,0,0,0,0,0,0,0,0,0,0,0,0,0,0,0,0,0,0,0,0,0,0,0,,0,0,TRUE
263YK294TEAL-S,0,0,0,0,0,0,0,0,0,0,1,1,1,1,1,1,1,1,1,1,1,1,1,1,1,1,1,1,1,1,,20,20,TRUE
264YK346TEAL-3XL,16,16,15,15,15,15,15,15,15,15,15,15,15,15,15,15,15,15,15,15,15,13,13,13,13,13,13,13,13,13,,30,30,TRUE
264YK346TEAL-4XL,13,13,13,13,13,13,13,13,12,12,13,12,12,12,12,10,10,10,10,10,9,3,8,8,6,3,2,2,3,3,,30,30,TRUE
264YK346TEAL-5XL,1,1,1,1,1,1,1,1,1,1,1,1,1,1,1,1,1,1,1,1,1,1,1,1,1,1,1,1,1,1,,30,30,TRUE
264YK346TEAL-L,11,12,12,12,12,12,12,12,12,12,10,10,10,10,10,10,10,10,10,10,10,10,10,9,8,9,9,10,10,10,,30,30,TRUE
264YK346TEAL-M,4,4,4,4,4,4,4,4,4,4,4,4,4,4,4,4,4,4,4,4,4,4,4,4,4,4,4,4,4,4,,30,30,TRUE
264YK346TEAL-S,9,9,11,11,11,11,11,11,11,11,11,11,11,11,11,11,11,11,11,11,10,10,11,11,11,11,11,11,11,11,,30,30,TRUE
264YK346TEAL-XL,2,2,2,2,2,2,2,2,2,2,2,2,2,2,2,2,2,2,2,2,2,2,2,2,2,2,2,2,2,2,,30,30,TRUE
264YK346TEAL-XS,17,17,17,17,17,17,17,17,17,17,17,17,17,17,17,17,15,15,15,15,15,15,15,15,15,15,15,15,16,16,,30,30,TRUE
264YK346TEAL-XXL,2,2,2,3,3,3,3,3,0,0,0,0,0,0,0,0,0,0,0,0,0,0,0,0,4,2,2,2,2,2,,14,14,TRUE
265YK346YELLOW-3XL,0,0,0,0,0,0,0,0,0,0,0,0,0,0,0,0,0,0,0,0,0,0,0,0,0,0,0,0,0,0,,0,0,TRUE
265YK346YELLOW-4XL,0,0,0,0,0,0,0,0,0,0,0,0,0,0,0,0,0,0,0,0,0,0,0,0,0,0,0,0,0,0,,0,0,TRUE
265YK346YELLOW-5XL,0,0,0,0,0,0,0,0,0,0,0,0,0,0,0,0,0,0,0,0,0,0,0,0,0,0,0,0,0,0,,0,0,TRUE
265YK346YELLOW-L,0,0,0,0,0,0,0,0,0,0,0,0,0,0,0,0,0,0,0,0,0,0,0,0,0,0,0,0,0,0,,0,0,TRUE
265YK346YELLOW-M,0,0,0,0,0,0,0,0,0,0,0,0,0,0,0,0,0,0,0,0,0,0,0,0,0,0,0,0,0,0,,0,0,TRUE
265YK346YELLOW-S,0,0,0,0,0,0,0,0,0,0,0,0,0,0,0,0,0,0,0,0,0,0,0,0,0,0,0,0,0,0,,0,0,TRUE
265YK346YELLOW-XL,0,0,0,0,0,0,0,0,0,0,0,0,0,0,0,0,0,0,0,0,0,0,0,0,0,0,0,0,0,0,,0,0,TRUE
265YK346YELLOW-XS,0,0,0,0,0,0,0,0,0,0,0,0,0,0,0,0,0,0,0,0,0,0,0,0,0,0,0,0,0,0,,0,0,TRUE
265YK346YELLOW-XXL,0,0,0,0,0,0,0,0,0,0,0,0,0,0,0,0,0,0,0,0,0,0,0,0,0,0,0,0,0,0,,0,0,TRUE
266YK372BLACK-3XL,9,8,8,8,8,6,4,4,2,1,2,2,2,2,2,1,1,1,1,1,1,1,1,1,1,1,1,1,1,3,,30,30,TRUE
266YK372BLACK-4XL,15,15,15,15,14,12,12,12,12,12,12,12,12,12,12,10,9,9,8,7,8,5,7,7,5,4,1,1,1,1,,30,30,TRUE
266YK372BLACK-5XL,5,5,5,6,6,6,1,0,0,0,0,0,1,1,1,1,1,1,0,0,14,9,14,14,13,8,8,8,7,3,,23,23,TRUE
266YK372BLACK-6XL,7,8,8,8,8,8,7,7,3,3,2,2,2,2,2,2,2,2,2,2,2,1,1,1,4,1,1,1,1,1,,30,30,TRUE
266YK372BLACK-7XL,6,6,6,6,6,6,6,6,6,6,4,6,6,6,6,6,6,6,6,6,6,6,6,6,6,6,6,6,6,6,,30,30,TRUE
266YK372BLACK-8XL,19,19,19,19,19,19,19,19,19,19,19,19,18,18,18,18,18,18,16,16,16,16,16,16,16,16,16,16,16,16,,30,30,TRUE
266YK372BLACK-L,0,0,0,1,1,1,1,1,1,1,1,1,2,2,2,2,2,2,2,2,2,2,2,2,2,2,2,2,2,2,,27,27,TRUE
266YK372BLACK-M,32,32,31,31,31,29,28,28,28,28,28,28,28,28,28,28,28,28,28,28,27,27,27,27,27,28,28,28,28,28,,30,30,TRUE
266YK372BLACK-S,3,3,3,4,4,4,4,4,4,3,3,3,3,3,3,3,2,2,2,2,2,2,2,2,2,2,2,2,2,2,,30,30,TRUE
266YK372BLACK-XL,14,14,6,7,7,7,4,4,4,4,4,4,4,3,3,3,4,4,4,4,15,15,17,17,17,13,13,13,13,14,,30,30,TRUE
266YK372BLACK-XXL,9,10,10,11,11,11,9,9,9,9,8,8,8,8,8,8,8,8,8,6,8,8,8,8,8,4,4,4,4,4,,30,30,TRUE
267YK373LBLUE-L,0,0,0,0,0,0,0,0,0,0,0,0,0,0,0,0,0,0,0,0,0,0,0,0,0,0,0,0,0,0,,0,0,TRUE
267YK373LBLUE-S,2,2,2,2,2,2,2,2,2,2,2,2,2,2,2,2,2,2,2,2,2,2,2,2,2,2,2,2,2,2,,30,30,TRUE
268YK370PINK-M,1,1,1,1,1,1,1,1,1,1,1,1,1,1,1,1,1,1,1,1,1,1,1,1,1,1,1,1,1,1,,30,30,TRUE
268YK370PINK-S,1,1,1,1,1,1,1,1,1,1,1,1,1,1,1,1,1,1,1,1,1,1,1,1,1,1,1,1,1,1,,30,30,TRUE
269YK349MUSTARD-L,0,0,0,0,0,0,0,0,0,0,0,0,0,0,0,0,0,0,0,0,0,0,0,0,0,0,0,0,0,0,,0,0,TRUE
269YK349MUSTARD-M,0,0,0,0,0,0,0,0,0,0,0,0,0,0,0,0,0,0,0,0,0,0,0,0,0,0,0,0,0,0,,0,0,TRUE
269YK349MUSTARD-S,0,0,0,0,0,0,0,0,0,0,0,0,0,0,0,0,0,0,0,0,0,0,0,0,0,0,0,0,0,0,,0,0,TRUE
269YK349MUSTARD-XL,1,1,1,1,1,1,1,1,1,1,1,1,1,1,1,1,1,1,1,1,1,1,1,1,1,1,1,1,1,1,,30,30,TRUE
269YK349MUSTARD-XXL,0,0,0,0,0,0,0,0,0,0,0,0,0,0,0,0,0,0,0,0,0,0,0,0,0,0,0,0,0,0,,0,0,TRUE
26YK148BROWN-3XL,0,0,0,0,0,0,0,0,0,0,0,0,0,0,0,0,0,0,0,0,0,0,0,0,0,0,0,0,0,0,,0,0,TRUE
26YK148BROWN-4XL,0,0,0,0,0,0,0,0,0,0,0,0,0,0,0,0,0,0,0,0,0,0,0,0,0,0,0,0,0,0,,0,0,TRUE
26YK148BROWN-5XL,0,0,0,0,0,0,0,0,0,0,0,0,0,0,0,0,0,0,0,0,0,0,0,0,0,0,0,0,0,0,,0,0,TRUE
26YK148BROWN-L,0,0,0,0,0,0,0,0,0,0,0,0,0,0,0,0,0,0,0,0,0,0,0,0,0,0,0,0,0,0,,0,0,TRUE
26YK148BROWN-M,0,0,0,0,0,0,0,0,0,0,0,0,0,0,0,0,0,0,0,0,0,0,0,0,0,0,0,0,0,0,,0,0,TRUE
26YK148BROWN-S,0,0,0,0,0,0,0,0,0,0,0,0,0,0,0,0,0,0,0,0,0,0,0,0,0,0,0,0,0,0,,0,0,TRUE
26YK148BROWN-XL,0,0,0,0,0,0,0,0,0,0,0,0,0,0,0,0,0,0,0,0,0,0,0,0,0,0,0,0,0,0,,0,0,TRUE
26YK148BROWN-XXL,0,0,0,0,0,0,0,0,0,0,0,0,0,0,0,0,0,0,0,0,0,0,0,0,0,0,0,0,0,0,,0,0,TRUE
270YK350BLACK-S,0,0,0,0,0,0,0,0,0,0,0,0,0,0,0,0,0,0,0,0,0,0,0,0,0,0,0,0,0,0,,0,0,TRUE
271YK348GREEN-3XL,3,3,3,3,2,2,2,2,0,0,0,0,0,0,0,0,0,0,0,0,0,0,0,0,1,0,0,0,0,0,,9,8,FALSE
271YK348GREEN-4XL,11,11,11,11,11,10,10,10,10,10,10,10,10,9,9,8,8,8,6,6,6,6,6,6,5,7,7,8,9,2,,30,30,TRUE
271YK348GREEN-5XL,5,5,5,5,5,5,5,5,5,3,3,3,2,2,2,2,2,2,2,2,2,0,0,0,2,0,0,0,0,0,,22,21,FALSE
271YK348GREEN-L,1,3,3,3,3,3,3,2,2,2,2,2,2,2,2,2,2,2,1,1,1,1,1,1,1,1,1,1,1,1,,30,30,TRUE
271YK348GREEN-M,7,7,11,11,11,11,9,9,7,7,6,6,6,6,6,6,6,6,6,6,6,6,6,6,6,6,4,4,4,4,,30,30,TRUE
271YK348GREEN-S,4,4,6,6,6,6,6,6,6,6,5,5,4,4,4,4,4,4,4,4,4,4,4,4,4,4,1,1,3,3,,30,30,TRUE
271YK348GREEN-XL,2,1,1,2,2,1,1,1,1,1,1,1,1,1,1,1,1,1,1,1,1,1,1,1,1,1,1,1,1,1,,30,30,TRUE
271YK348GREEN-XS,7,7,9,9,9,9,9,9,9,9,9,9,9,9,9,9,9,9,9,9,9,9,9,9,9,9,9,9,9,9,,30,30,TRUE
271YK348GREEN-XXL,1,1,1,1,1,1,1,1,1,1,1,1,1,1,1,1,1,1,1,1,1,1,1,1,1,1,1,1,1,1,,30,30,TRUE
272YK294PINK-L,0,0,0,0,0,0,0,0,0,0,0,0,0,0,0,0,0,0,0,0,0,0,0,0,0,0,0,0,0,0,,0,0,TRUE
272YK294PINK-M,0,0,0,0,0,0,0,0,0,0,0,0,0,0,0,0,0,0,0,0,0,0,0,0,0,0,0,0,0,0,,0,0,TRUE
272YK294PINK-S,0,0,0,0,0,0,0,0,0,0,0,0,0,0,0,0,0,0,0,0,0,0,0,0,0,0,0,0,0,0,,0,0,TRUE
272YK294PINK-XL,0,0,0,0,0,0,0,0,0,0,0,0,0,0,0,0,0,0,0,0,0,0,0,0,0,0,0,0,0,0,,0,0,TRUE
272YK294PINK-XXL,0,0,0,0,0,0,0,0,0,0,0,0,0,0,0,0,0,0,0,0,0,0,0,0,0,0,0,0,0,0,,0,0,TRUE
273YK377MULTI-L,0,0,0,0,0,0,0,0,0,0,0,0,0,0,0,0,0,0,0,0,0,0,0,0,0,0,0,0,0,0,,0,0,TRUE
273YK377MULTI-M,0,0,0,0,0,0,0,0,0,0,0,0,0,0,0,0,0,0,0,0,0,0,0,0,0,0,0,0,0,0,,0,0,TRUE
273YK377MULTI-XL,0,0,0,0,0,0,0,0,0,0,0,0,0,0,0,0,0,0,0,0,0,0,0,0,0,0,0,0,0,0,,0,0,TRUE
274YK159MUSTARD-L,0,0,0,0,0,0,0,0,0,0,0,0,0,0,0,0,0,0,0,0,0,0,0,0,0,0,0,0,0,0,,0,0,TRUE
274YK159MUSTARD-M,0,0,0,0,0,0,0,0,0,0,0,0,0,0,0,0,0,0,0,0,0,0,0,0,0,0,0,0,0,0,,0,0,TRUE
274YK159MUSTARD-S,0,0,0,0,0,0,0,0,0,0,0,0,0,0,0,0,0,0,0,0,0,0,0,0,0,0,0,0,0,0,,0,0,TRUE
274YK159MUSTARD-XL,0,0,0,0,0,0,0,0,0,0,0,0,0,0,0,0,0,0,0,0,0,0,0,0,0,0,0,0,0,0,,0,0,TRUE
274YK159MUSTARD-XXL,0,0,0,0,0,0,0,0,0,0,0,0,0,0,0,0,0,0,0,0,0,0,0,0,0,0,0,0,0,0,,0,0,TRUE
275YK146MULTI-3XL,16,16,11,11,12,11,6,6,4,11,11,11,11,17,17,68,68,68,66,66,61,112,112,112,112,112,112,113,112,112,,30,30,TRUE
275YK146MULTI-4XL,40,39,39,39,38,36,34,34,34,34,34,34,34,43,43,68,69,69,70,70,67,66,66,66,66,60,60,60,60,60,,30,30,TRUE
275YK146MULTI-5XL,49,48,50,50,50,50,50,50,49,50,50,50,49,48,48,118,118,118,112,112,112,113,113,113,113,113,113,113,113,113,,30,30,TRUE
275YK146MULTI-6XL,6,6,6,6,6,6,6,6,5,5,5,5,5,11,11,43,43,43,41,41,41,41,41,41,41,42,42,42,42,42,,30,30,TRUE
275YK146MULTI-7XL,13,13,13,13,12,12,12,12,4,4,3,3,4,6,6,11,11,11,11,11,11,11,11,11,11,11,11,11,10,10,,30,30,TRUE
275YK146MULTI-8XL,17,17,17,17,17,17,17,17,17,17,17,17,17,17,17,18,18,18,18,18,18,18,18,17,16,17,17,18,18,18,,30,30,TRUE
275YK146MULTI-L,68,67,70,70,71,71,69,68,67,67,67,67,67,79,79,86,86,86,84,84,84,85,85,87,86,76,76,76,76,75,,30,30,TRUE
275YK146MULTI-M,89,89,94,93,93,93,93,94,94,94,94,94,95,95,95,85,85,85,85,85,85,85,85,85,85,79,79,79,79,79,,30,30,TRUE
275YK146MULTI-S,25,27,27,27,28,28,28,28,25,25,25,26,26,26,26,24,24,24,23,23,23,23,23,24,24,24,24,24,24,24,,30,30,TRUE
275YK146MULTI-XL,66,66,60,63,62,52,52,51,51,52,51,52,52,52,52,69,70,70,70,70,70,69,69,69,69,70,70,70,70,71,,30,30,TRUE
275YK146MULTI-XS,19,19,19,19,19,19,19,19,19,19,19,19,19,19,19,19,20,20,21,21,21,21,21,21,21,23,23,23,23,23,,30,30,TRUE
275YK146MULTI-XXL,96,95,60,62,62,60,59,58,58,93,93,92,91,90,90,86,86,86,85,85,85,85,85,84,84,74,74,74,74,74,,30,30,TRUE
276YK238BLUE-L,0,0,0,0,0,0,0,0,0,0,0,0,0,0,0,0,0,0,0,0,0,0,0,0,0,0,0,0,0,0,,0,0,TRUE
276YK238BLUE-S,0,0,0,0,0,0,0,0,0,0,0,0,0,0,0,0,0,0,0,0,0,0,0,0,0,0,0,0,0,0,,0,0,TRUE
276YK238BLUE-XXL,0,0,0,0,0,0,0,0,0,0,0,0,0,0,0,0,0,0,0,0,0,0,0,0,0,0,0,0,0,0,,0,0,TRUE
277YK162BLUE-L,1,1,1,1,1,1,1,1,1,1,1,1,1,1,1,1,1,1,1,1,1,1,1,2,2,2,2,2,2,2,,30,30,TRUE
277YK162BLUE-M,1,1,1,1,1,1,1,1,1,1,1,1,1,1,1,1,1,1,1,1,1,1,1,1,1,1,1,1,1,1,,30,30,TRUE
277YK162BLUE-S,0,0,0,0,0,0,0,0,0,0,0,0,0,0,0,0,0,0,0,0,0,0,0,0,0,0,1,1,1,1,,4,4,TRUE
277YK162BLUE-XL,1,1,1,1,1,1,1,1,1,1,0,0,0,0,0,0,0,0,0,0,0,0,0,0,0,0,0,0,0,1,,11,10,FALSE
278YK241NAVY-3XL,0,0,0,0,0,0,0,0,0,0,0,0,0,0,0,0,0,0,0,0,0,0,0,0,0,0,0,0,0,0,,0,0,TRUE
278YK241NAVY-4XL,0,0,0,0,0,0,0,0,0,0,0,0,0,0,0,0,0,0,0,0,0,0,0,0,0,0,0,0,0,0,,0,0,TRUE
278YK241NAVY-5XL,0,0,0,0,0,0,0,0,0,0,0,0,0,0,0,0,0,0,0,0,0,0,0,0,0,0,0,0,0,0,,0,0,TRUE
278YK241NAVY-L,0,0,0,0,0,0,0,0,0,0,0,0,0,0,0,0,0,0,0,0,0,0,0,0,0,0,0,0,0,0,,0,0,TRUE
278YK241NAVY-M,0,0,0,0,0,0,0,0,0,0,0,0,0,0,0,0,0,0,0,0,0,0,0,0,0,0,0,0,0,0,,0,0,TRUE
278YK241NAVY-S,0,0,0,0,0,0,0,0,0,0,0,0,0,0,0,0,0,0,0,0,0,0,0,0,0,0,0,0,0,0,,0,0,TRUE
278YK241NAVY-XL,0,0,0,0,0,0,0,0,0,0,0,0,0,0,0,0,0,0,0,0,0,0,0,0,0,0,0,0,0,0,,0,0,TRUE
278YK241NAVY-XS,0,0,0,0,0,0,0,0,0,0,0,0,0,0,0,0,0,0,0,0,0,0,0,0,0,0,0,0,0,0,,0,0,TRUE
278YK241NAVY-XXL,0,0,0,0,0,0,0,0,0,0,0,0,0,0,0,0,0,0,0,0,0,0,0,0,0,0,0,0,0,0,,0,0,TRUE
279YK58WHITE-L,0,0,0,0,0,0,0,0,0,0,0,0,0,0,0,0,0,0,0,0,0,0,0,0,0,0,0,0,0,0,,0,0,TRUE
279YK58WHITE-M,1,1,1,1,1,1,1,1,1,1,1,1,1,1,1,1,1,1,1,1,1,1,1,1,1,1,1,1,1,1,,30,30,TRUE
279YK58WHITE-S,0,0,0,0,0,0,0,0,0,0,0,0,0,0,0,0,0,0,0,0,0,0,0,0,0,0,0,0,0,0,,0,0,TRUE
279YK58WHITE-XL,0,0,0,0,0,0,0,0,0,0,0,0,0,0,0,0,0,0,0,0,0,0,0,0,0,0,0,0,0,0,,0,0,TRUE
281YK364OWHITE-M,0,0,0,0,0,0,0,0,0,0,0,0,0,0,0,0,0,0,0,0,0,0,0,0,0,0,0,0,0,0,,0,0,TRUE
281YK364OWHITE-XL,0,0,0,0,0,0,0,0,0,0,0,0,0,0,0,0,0,0,0,0,0,0,0,0,0,0,0,0,0,1,,1,1,TRUE
283YK367BLACK-L,0,0,0,0,0,0,0,0,0,0,0,0,0,0,0,0,0,0,0,0,0,0,0,0,0,0,0,0,0,0,,0,0,TRUE
283YK367BLACK-M,0,0,0,0,0,0,0,0,0,0,0,0,0,0,0,0,0,0,0,0,0,0,0,0,0,0,0,0,0,0,,0,0,TRUE
283YK367BLACK-S,1,1,1,1,1,1,1,1,1,1,1,1,1,1,1,1,1,1,1,1,1,1,1,1,1,1,1,1,1,1,,30,30,TRUE
283YK367BLACK-XL,0,0,0,0,0,0,0,0,0,0,0,0,0,0,0,0,0,0,0,0,0,0,0,0,0,0,0,0,0,0,,0,0,TRUE
284YK199WHITE-L,0,0,0,0,0,0,0,0,0,0,0,0,0,0,0,0,0,0,0,0,0,0,0,0,0,0,0,0,0,0,,0,0,TRUE
284YK199WHITE-M,0,0,0,0,0,0,0,0,0,0,0,0,0,0,0,0,0,0,0,0,0,0,0,0,0,0,0,0,0,0,,0,0,TRUE
284YK199WHITE-XXL,0,0,0,0,0,0,0,0,0,0,0,0,0,0,0,0,0,0,0,0,0,0,0,0,0,0,0,0,0,0,,0,0,TRUE
286YK228PINK-L,0,0,0,0,0,0,0,0,0,0,0,0,0,0,0,0,0,0,0,0,0,0,0,0,0,0,0,0,0,0,,0,0,TRUE
286YK228PINK-M,0,0,0,0,0,0,0,0,0,0,0,0,0,0,0,0,0,0,0,0,0,0,0,0,0,0,0,0,0,0,,0,0,TRUE
286YK228PINK-S,0,0,0,0,0,0,0,0,0,0,0,0,0,0,0,0,0,0,0,0,0,0,0,0,0,0,0,0,0,0,,0,0,TRUE
286YK228PINK-XL,0,0,0,0,0,0,0,0,0,0,0,0,0,0,0,0,0,0,0,0,0,0,0,0,0,0,0,0,0,0,,0,0,TRUE
286YK228PINK-XXL,1,1,1,1,1,1,1,1,1,1,1,1,1,1,1,1,1,1,1,1,1,1,1,1,1,1,1,1,0,2,,29,26,FALSE
287YK253GREEN-3XL,0,0,0,0,0,0,0,0,0,0,0,0,0,0,0,0,0,0,0,0,0,0,0,0,0,0,0,0,0,0,,0,0,TRUE
287YK253GREEN-4XL,0,0,0,0,0,0,0,0,0,0,0,0,0,0,0,0,0,0,0,0,0,0,0,0,0,0,0,0,0,0,,0,0,TRUE
287YK253GREEN-5XL,0,0,0,0,0,0,0,0,0,0,0,0,0,0,0,0,0,0,0,0,0,0,0,0,0,0,0,0,0,0,,0,0,TRUE
287YK253GREEN-L,0,0,0,0,0,0,0,0,0,0,0,0,0,0,0,0,0,0,0,0,0,0,0,0,0,0,0,0,-1,0,,0,0,TRUE
287YK253GREEN-M,0,0,0,0,0,0,0,0,0,0,0,0,0,0,0,0,0,0,0,0,0,0,0,0,0,0,0,0,0,0,,0,0,TRUE
287YK253GREEN-S,0,0,0,0,0,0,0,0,0,0,0,0,0,0,0,0,0,0,0,0,0,0,0,0,0,0,0,0,0,0,,0,0,TRUE
287YK253GREEN-XL,0,0,0,0,0,0,0,0,0,0,0,0,0,0,0,0,0,0,0,0,0,0,0,0,0,0,0,0,0,0,,0,0,TRUE
287YK253GREEN-XXL,0,0,0,0,0,0,0,0,0,0,0,0,0,0,0,0,0,0,0,0,0,0,0,0,0,0,0,0,0,0,,0,0,TRUE
288YK395MUSTARD-3XL,21,21,21,21,21,21,19,18,17,17,17,17,17,17,17,17,16,16,15,15,15,15,16,16,16,12,12,11,12,12,,30,30,TRUE
288YK395MUSTARD-4XL,17,17,17,17,17,15,14,14,11,11,9,9,9,9,9,9,9,9,9,9,6,5,5,0,9,0,0,0,0,0,,24,22,FALSE
288YK395MUSTARD-5XL,67,67,67,67,67,66,66,66,66,66,66,66,66,66,66,66,66,66,66,65,65,65,65,65,65,63,63,63,63,63,,30,30,TRUE
288YK395MUSTARD-L,3,3,3,3,3,3,3,3,2,2,2,1,1,1,1,1,1,1,1,1,1,1,1,1,1,1,1,1,1,6,,30,30,TRUE
288YK395MUSTARD-M,3,3,3,4,4,4,4,3,0,0,0,0,0,0,0,0,0,0,0,0,0,0,0,0,1,0,0,0,0,0,,9,8,FALSE
288YK395MUSTARD-S,5,5,5,5,5,5,5,5,5,5,5,5,5,5,5,5,5,5,5,5,5,4,5,5,5,5,5,5,5,2,,30,30,TRUE
288YK395MUSTARD-XL,34,34,34,34,34,34,34,34,29,29,29,29,29,29,29,29,29,29,28,27,27,27,27,27,27,27,20,20,20,20,,30,30,TRUE
288YK395MUSTARD-XS,16,16,18,18,18,18,18,18,18,18,18,18,18,17,17,17,15,15,15,15,15,15,15,15,15,17,17,17,17,17,,30,30,TRUE
288YK395MUSTARD-XXL,12,12,12,11,11,11,7,7,3,3,3,3,3,3,3,3,3,3,3,3,3,3,3,3,7,4,4,4,4,4,,30,30,TRUE
289YK345YELLOW-3XL,26,26,27,29,29,28,27,27,27,28,28,28,28,28,28,27,27,27,27,27,27,26,26,26,26,25,25,26,26,26,,30,30,TRUE
289YK345YELLOW-4XL,19,19,18,18,18,18,18,18,18,18,18,18,19,19,19,18,18,18,18,18,18,18,18,18,16,16,16,16,16,16,,30,30,TRUE
289YK345YELLOW-5XL,32,32,31,31,30,30,30,29,28,29,28,28,28,27,27,27,27,27,27,27,27,27,27,27,26,22,22,22,22,22,,30,30,TRUE
289YK345YELLOW-6XL,17,18,18,18,18,18,18,19,18,18,17,17,17,17,17,17,17,17,17,17,17,17,17,17,15,17,17,16,17,17,,30,30,TRUE
289YK345YELLOW-7XL,19,19,19,19,19,19,19,19,15,14,14,14,14,14,14,14,14,14,14,14,14,13,13,13,12,12,12,12,12,12,,30,30,TRUE
289YK345YELLOW-8XL,24,24,24,26,26,25,25,25,23,23,23,23,23,23,23,23,23,23,21,21,20,15,20,20,20,20,20,20,20,20,,30,30,TRUE
289YK345YELLOW-L,58,59,61,63,65,34,30,30,29,29,27,27,27,27,27,19,20,20,20,20,14,13,16,20,25,16,16,18,16,19,,30,30,TRUE
289YK345YELLOW-M,61,62,62,63,63,41,38,38,38,36,34,34,32,32,32,18,18,18,18,18,12,11,12,13,21,13,12,13,13,13,,30,30,TRUE
289YK345YELLOW-S,24,24,24,24,23,11,10,10,10,8,8,6,2,6,6,7,7,7,6,6,6,6,6,6,9,2,2,2,2,2,,30,30,TRUE
289YK345YELLOW-XL,72,72,71,75,73,73,41,40,39,41,41,40,40,39,39,28,28,28,27,26,16,16,16,21,33,19,19,20,20,22,,30,30,TRUE
289YK345YELLOW-XS,9,9,9,8,8,8,8,8,6,6,6,6,6,6,6,5,5,5,4,3,3,3,3,3,3,3,3,3,3,3,,30,30,TRUE
289YK345YELLOW-XXL,81,80,79,79,79,38,38,38,37,36,36,37,38,38,38,18,18,18,18,18,12,12,12,14,34,13,13,13,13,13,,30,30,TRUE
290YK371WHITE-L,0,0,0,0,0,0,0,0,0,0,0,0,0,0,0,0,0,0,0,0,0,0,0,0,0,0,0,0,0,0,,0,0,TRUE
290YK371WHITE-M,0,0,0,0,0,0,0,0,0,0,0,0,0,0,0,0,0,0,0,0,0,0,0,0,0,0,0,0,0,0,,0,0,TRUE
290YK371WHITE-S,0,0,0,0,0,0,0,0,0,0,0,0,0,0,0,0,0,0,0,0,0,0,0,0,0,0,0,0,0,0,,0,0,TRUE
290YK371WHITE-XL,0,0,0,0,0,0,0,0,0,0,0,0,0,0,0,0,0,0,0,0,0,0,0,0,0,0,0,0,0,0,,0,0,TRUE
290YK371WHITE-XXL,0,0,0,0,0,0,0,0,0,0,0,0,0,0,0,0,0,0,0,0,0,0,0,0,0,0,0,0,0,0,,0,0,TRUE
291YK376OFFWHITE-L,0,0,0,0,0,0,0,0,0,0,0,0,0,0,0,0,0,0,0,0,0,0,0,0,0,0,0,0,0,0,,0,0,TRUE
291YK376OFFWHITE-M,0,0,0,0,0,0,0,0,0,0,0,0,0,0,0,0,0,0,0,0,0,0,0,0,0,0,0,0,0,0,,0,0,TRUE
291YK376OFFWHITE-S,0,0,0,0,0,0,0,0,0,0,0,0,0,0,0,0,0,0,0,0,0,0,0,0,0,0,0,0,0,0,,0,0,TRUE
291YK376OFFWHITE-XL,0,0,0,0,0,0,0,0,0,0,0,0,0,0,0,0,0,0,0,0,0,0,0,0,0,0,0,0,0,0,,0,0,TRUE
291YK376OFFWHITE-XXL,0,0,0,0,0,0,0,0,0,0,0,0,0,0,0,0,0,0,0,0,0,0,0,0,0,0,0,0,0,0,,0,0,TRUE
292YK392MAROON-3XL,0,0,0,0,0,0,0,0,0,0,0,0,0,0,0,0,0,0,0,0,0,0,0,0,0,0,0,0,0,0,,0,0,TRUE
292YK392MAROON-4XL,0,0,0,0,0,0,0,0,0,0,0,0,0,0,0,0,0,0,0,0,0,0,0,0,0,0,0,0,0,0,,0,0,TRUE
292YK392MAROON-5XL,0,0,0,0,0,0,0,0,0,0,0,0,0,0,0,0,0,0,0,0,0,0,0,0,0,0,0,0,0,0,,0,0,TRUE
292YK392MAROON-L,0,0,0,0,0,0,0,0,0,0,0,0,0,0,0,0,0,0,0,0,0,0,0,0,0,0,0,0,0,0,,0,0,TRUE
292YK392MAROON-M,0,0,0,0,0,0,0,0,0,0,0,0,0,0,0,0,0,0,0,0,0,0,0,0,0,0,0,0,0,0,,0,0,TRUE
292YK392MAROON-S,1,1,1,1,1,1,1,1,1,1,1,1,1,1,1,1,1,1,1,1,1,1,1,1,1,1,1,1,1,1,,30,30,TRUE
292YK392MAROON-XL,0,0,0,0,0,0,0,0,0,0,0,0,0,0,0,0,0,0,0,0,0,0,0,0,0,0,0,0,0,0,,0,0,TRUE
292YK392MAROON-XXL,0,0,0,0,0,0,0,0,0,0,0,0,0,0,0,0,0,0,0,0,0,0,0,0,0,0,0,0,0,0,,0,0,TRUE
293YK393GREEN-3XL,2,2,0,1,1,1,1,1,1,1,1,1,2,1,1,1,1,1,1,1,1,1,2,2,1,1,1,1,1,1,,29,29,TRUE
293YK393GREEN-4XL,0,0,0,0,0,0,0,0,0,0,0,0,0,0,0,0,0,0,0,0,0,0,0,0,0,0,0,0,0,0,,0,0,TRUE
293YK393GREEN-5XL,7,7,7,7,8,7,7,7,7,6,5,5,6,6,6,7,7,7,5,5,5,5,6,5,5,4,3,3,4,4,,30,30,TRUE
293YK393GREEN-L,9,9,9,9,9,8,7,6,6,11,10,10,10,10,10,8,8,8,8,8,8,8,8,8,7,8,8,7,8,8,,30,30,TRUE
293YK393GREEN-M,10,10,10,11,10,10,10,10,10,10,10,10,10,10,10,10,10,10,10,10,10,8,8,7,6,8,8,8,8,8,,30,30,TRUE
293YK393GREEN-S,30,30,31,31,31,31,31,31,29,29,29,29,29,29,29,29,29,29,29,29,29,29,29,29,29,29,29,29,29,29,,30,30,TRUE
293YK393GREEN-XL,22,22,22,22,22,22,22,22,18,18,18,18,18,18,18,11,11,11,10,10,8,9,9,8,8,8,8,10,10,4,,30,30,TRUE
293YK393GREEN-XS,6,5,5,5,5,5,5,5,5,5,3,5,5,4,4,4,4,4,3,3,3,3,3,3,3,2,2,2,2,2,,30,30,TRUE
293YK393GREEN-XXL,5,6,5,5,5,5,3,2,2,2,2,3,3,2,2,0,0,0,0,0,0,0,0,0,4,0,0,0,0,0,,16,14,FALSE
294YK394BLACK-S,0,0,0,0,0,0,0,0,0,0,0,0,0,0,0,0,0,0,0,0,0,0,0,0,0,0,0,0,0,0,,0,0,TRUE
294YK394BLACK-XS,0,0,0,0,0,0,0,0,0,0,0,0,0,0,0,0,0,0,0,0,0,0,0,0,0,0,0,0,0,0,,0,0,TRUE
294YK394BLACK-XXL,0,0,0,0,0,0,0,0,0,0,0,0,0,0,0,0,0,0,0,0,0,0,0,0,0,0,0,0,0,0,,0,0,TRUE
295KD148CHECKS-11-12,0,0,0,0,0,0,0,0,0,0,0,0,0,0,0,0,0,0,0,0,0,0,0,0,0,0,0,0,0,0,,0,0,TRUE
295KD148CHECKS-13-14,0,0,0,0,0,0,0,0,0,0,0,0,0,0,0,0,0,0,0,0,0,0,0,0,0,0,0,0,0,0,,0,0,TRUE
295KD148CHECKS-7-8,2,2,2,2,2,2,2,2,2,2,2,2,2,2,2,2,2,2,2,2,2,2,2,2,2,2,2,2,2,2,,30,30,TRUE
295KD148CHECKS-9-10,1,1,1,1,1,1,1,1,1,1,1,1,1,1,1,1,1,1,1,1,1,1,1,1,1,1,1,1,1,1,,30,30,TRUE
295YK148CHECKS-3XL,0,0,0,1,0,0,0,0,0,0,0,0,0,0,0,0,0,0,0,0,0,0,0,0,0,0,0,0,0,0,,1,1,TRUE
295YK148CHECKS-4XL,0,0,0,0,0,0,0,0,0,0,0,0,0,0,0,0,0,0,0,0,0,0,0,0,0,0,0,0,0,0,,0,0,TRUE
295YK148CHECKS-5XL,0,0,0,0,0,0,0,0,0,0,0,0,1,1,1,1,1,1,0,0,0,0,0,0,1,1,1,1,1,0,,11,9,FALSE
295YK148CHECKS-6XL,5,5,5,6,6,6,4,3,1,2,2,2,2,2,2,1,1,1,1,1,1,1,1,1,4,1,1,1,1,1,,30,30,TRUE
295YK148CHECKS-7XL,8,8,9,9,9,8,8,7,7,7,7,7,6,6,6,7,7,7,7,7,7,7,7,7,7,7,6,6,6,6,,30,30,TRUE
295YK148CHECKS-8XL,2,2,2,2,3,3,3,3,0,0,0,0,0,0,0,1,1,1,0,0,0,0,0,0,4,0,0,0,0,0,,12,9,FALSE
295YK148CHECKS-L,1,1,1,1,1,1,1,1,1,1,1,1,1,1,1,1,2,2,2,2,1,1,2,1,1,1,1,1,0,1,,29,24,FALSE
295YK148CHECKS-M,0,2,2,2,2,2,2,2,0,0,0,0,0,0,0,0,0,0,0,0,0,0,0,0,0,0,0,4,4,2,,10,10,TRUE
295YK148CHECKS-S,15,15,15,15,15,15,15,15,11,11,11,11,11,11,11,10,10,10,10,10,10,10,10,5,5,5,5,5,5,3,,30,30,TRUE
295YK148CHECKS-XL,1,1,1,0,1,1,1,1,1,2,2,2,3,3,3,2,2,2,2,2,1,1,1,1,1,2,2,2,1,1,,29,29,TRUE
295YK148CHECKS-XS,10,10,14,13,13,12,12,12,12,12,12,12,12,12,12,10,10,10,10,10,10,10,10,10,10,11,11,11,11,11,,30,30,TRUE
295YK148CHECKS-XXL,0,0,0,0,0,0,0,1,0,0,0,0,0,0,0,0,0,0,0,0,0,0,0,0,0,0,0,0,0,1,,2,1,FALSE
297YK340BLUE-L,0,0,0,0,0,0,0,0,0,0,0,0,0,0,0,0,0,0,0,0,0,0,0,0,0,0,0,0,0,0,,0,0,TRUE
297YK340BLUE-M,0,0,0,0,0,0,0,0,0,0,0,0,0,0,0,0,0,0,0,0,0,0,0,0,0,0,0,0,0,0,,0,0,TRUE
297YK340BLUE-S,0,0,0,0,0,0,0,0,0,0,0,0,0,0,0,0,0,0,0,0,0,0,0,0,0,0,0,0,0,0,,0,0,TRUE
297YK340BLUE-XL,0,0,0,0,0,0,0,0,0,0,0,0,0,0,0,0,0,0,0,0,0,0,0,0,0,0,0,0,0,0,,0,0,TRUE
298YK340MEHROON-L,0,0,0,0,0,0,0,0,0,0,0,0,0,0,0,0,0,0,0,0,0,0,0,0,0,0,0,0,0,1,,1,0,FALSE
298YK340MEHROON-M,0,0,0,0,0,0,0,0,0,0,0,0,0,0,0,0,0,0,0,0,0,0,0,0,0,0,0,0,-1,0,,0,0,TRUE
298YK340MEHROON-S,0,0,0,0,0,0,0,0,0,0,0,0,0,0,0,0,0,0,0,0,0,0,0,0,0,0,0,0,0,0,,0,0,TRUE
298YK340MEHROON-XL,0,0,0,0,0,0,0,0,0,0,0,0,0,0,0,0,0,0,0,0,0,0,0,0,0,0,0,0,0,0,,0,0,TRUE
298YK340MEHROON-XS,0,0,0,0,0,0,0,0,0,0,0,0,0,0,0,0,0,0,0,0,0,0,0,0,0,0,0,0,0,0,,0,0,TRUE
298YK340MEHROON-XXL,1,1,1,1,1,1,1,1,1,1,1,1,1,1,1,1,1,1,1,1,1,1,1,1,1,1,1,1,1,1,,30,30,TRUE
299YK340MUSTARD-L,1,1,1,1,1,1,1,1,1,1,1,1,1,1,1,1,1,1,1,1,1,1,1,1,1,1,1,1,1,1,,30,30,TRUE
299YK340MUSTARD-M,3,3,3,4,4,4,4,4,0,0,0,0,0,0,0,0,0,0,0,0,0,0,0,0,3,0,0,0,0,0,,9,8,FALSE
299YK340MUSTARD-S,8,8,8,8,7,7,5,4,2,2,1,1,2,2,2,3,3,3,3,3,3,3,3,3,3,3,3,2,2,3,,30,30,TRUE
299YK340MUSTARD-XL,1,1,1,2,2,2,2,2,2,2,2,2,2,2,2,1,1,1,1,1,1,1,1,1,1,1,1,1,1,1,,30,30,TRUE
300YK340TEAL-L,3,3,3,2,2,2,2,2,2,2,2,2,2,2,2,2,2,2,2,2,2,2,2,2,2,2,2,2,2,2,,30,30,TRUE
300YK340TEAL-M,3,3,3,3,3,3,3,3,3,3,3,3,3,3,3,3,3,3,3,3,3,3,3,3,3,3,3,3,3,3,,30,30,TRUE
300YK340TEAL-S,23,23,23,23,23,23,23,23,23,23,23,23,23,23,23,23,23,23,23,23,23,23,23,23,23,23,27,27,27,27,,30,30,TRUE
300YK340TEAL-XL,2,2,2,2,2,2,2,2,2,2,2,2,2,2,2,2,2,2,2,2,2,2,2,2,2,2,2,2,2,2,,30,30,TRUE
301YK340TYEDYE-3XL,136,136,137,137,137,137,137,137,137,137,137,136,136,136,136,135,129,129,128,129,129,129,129,129,128,128,128,128,128,128,,30,30,TRUE
301YK340TYEDYE-4XL,16,16,16,16,16,16,16,16,15,15,14,14,14,14,14,14,14,14,14,14,14,14,14,14,14,13,13,13,13,13,,30,30,TRUE
301YK340TYEDYE-5XL,73,74,74,75,75,75,75,74,71,71,71,71,71,71,71,71,71,71,71,71,71,71,71,71,71,71,71,71,71,71,,30,30,TRUE
301YK340TYEDYE-6XL,14,14,14,14,14,14,14,14,14,14,9,14,14,14,14,14,14,14,9,10,10,10,10,10,9,9,9,9,9,9,,30,30,TRUE
301YK340TYEDYE-7XL,2,2,2,2,2,2,2,2,2,2,2,2,2,2,2,2,2,2,2,2,2,2,2,2,2,2,2,2,2,2,,30,30,TRUE
301YK340TYEDYE-8XL,0,0,0,0,0,0,0,0,0,0,0,0,0,0,0,0,0,0,0,0,0,0,0,0,0,0,0,0,0,0,,0,0,TRUE
301YK340TYEDYE-L,148,148,150,151,151,151,151,151,146,146,142,146,146,146,146,146,146,146,146,146,146,146,146,145,145,145,145,145,146,146,,30,30,TRUE
301YK340TYEDYE-M,347,347,347,347,347,347,347,347,347,347,328,347,347,347,347,347,347,347,345,345,345,343,343,343,343,344,346,346,346,346,,30,30,TRUE
301YK340TYEDYE-S,175,176,177,177,177,177,177,177,176,175,169,175,175,175,175,175,175,175,174,174,174,174,174,174,174,175,175,175,176,176,,30,30,TRUE
301YK340TYEDYE-XL,238,238,240,240,240,240,240,240,240,240,240,240,240,240,240,239,239,239,237,236,236,236,236,236,236,236,237,238,238,238,,30,30,TRUE
301YK340TYEDYE-XS,32,32,34,34,34,34,34,34,34,34,34,34,34,34,34,34,34,34,34,34,34,34,34,35,35,33,33,33,33,33,,30,30,TRUE
301YK340TYEDYE-XXL,138,138,138,138,138,138,138,138,138,138,138,138,138,138,138,137,137,137,135,135,135,134,136,136,136,136,139,138,138,138,,30,30,TRUE
302YK340YELLOW-L,4,6,6,6,6,6,6,6,6,6,6,6,6,6,6,6,6,6,6,6,6,6,6,6,6,6,6,6,6,6,,30,30,TRUE
302YK340YELLOW-M,6,6,6,6,6,6,6,6,6,6,5,6,6,6,6,5,5,5,5,5,5,5,5,5,5,4,4,4,4,4,,30,30,TRUE
302YK340YELLOW-S,2,2,2,2,2,2,2,2,2,2,2,2,2,2,2,2,2,2,2,2,2,2,2,2,2,2,2,2,2,2,,30,30,TRUE
302YK340YELLOW-XL,0,0,0,0,0,0,0,0,0,0,0,0,0,0,0,0,0,0,0,0,0,0,0,0,0,0,0,0,0,0,,0,0,TRUE
303YK403BLACK-3XL,2,2,2,2,2,2,2,2,2,2,2,2,2,2,2,1,1,1,1,1,1,1,1,1,1,1,1,1,1,1,,30,30,TRUE
303YK403BLACK-4XL,0,0,0,0,0,0,0,0,0,0,0,0,0,0,0,0,0,0,0,0,0,0,0,0,0,0,0,0,0,0,,0,0,TRUE
303YK403BLACK-5XL,0,0,0,0,0,0,0,0,0,0,0,0,0,0,0,0,0,0,0,0,0,0,0,0,0,0,0,0,0,0,,0,0,TRUE
303YK403BLACK-L,4,4,4,4,4,4,4,4,4,4,4,4,4,4,4,4,4,4,4,4,4,4,4,4,4,4,4,4,4,4,,30,30,TRUE
303YK403BLACK-M,4,4,4,4,4,4,4,4,4,4,4,4,4,3,3,3,3,3,3,3,3,3,3,4,4,4,4,4,4,4,,30,30,TRUE
303YK403BLACK-S,19,19,19,19,19,19,19,19,19,19,19,19,19,19,19,16,16,16,16,16,16,16,16,16,16,16,19,19,19,19,,30,30,TRUE
303YK403BLACK-XL,0,0,0,0,0,0,0,0,0,0,0,0,0,0,0,0,0,0,0,0,0,0,0,0,0,0,0,0,0,0,,0,0,TRUE
303YK403BLACK-XS,8,8,8,8,8,8,8,8,8,8,8,8,8,8,8,8,8,8,8,8,8,8,8,8,8,8,8,8,8,8,,30,30,TRUE
303YK403BLACK-XXL,2,2,2,2,2,2,2,2,2,2,2,2,2,2,2,2,2,2,1,1,1,1,1,1,1,1,1,1,1,1,,30,30,TRUE
305YK397BEIGE-3XL,4,3,2,4,4,4,3,3,0,0,0,0,1,1,1,1,1,1,0,0,0,0,0,0,2,0,0,0,0,0,,15,13,FALSE
305YK397BEIGE-4XL,2,3,3,3,3,3,4,4,0,0,0,0,1,0,0,0,0,0,0,0,0,0,0,0,1,0,0,0,2,2,,12,11,FALSE
305YK397BEIGE-5XL,2,2,2,2,2,2,3,3,1,1,1,1,1,1,1,1,1,1,1,1,1,1,1,1,1,1,1,1,1,1,,30,30,TRUE
305YK397BEIGE-L,21,21,19,19,19,19,19,19,18,20,20,20,21,21,21,18,18,18,18,17,16,16,16,16,15,15,15,15,14,14,,30,30,TRUE
305YK397BEIGE-M,12,11,11,11,11,11,11,11,6,6,6,7,7,7,7,4,4,4,4,4,4,4,4,4,13,4,4,4,4,4,,30,30,TRUE
305YK397BEIGE-S,14,13,13,14,14,14,14,14,13,13,13,13,13,13,13,13,13,13,10,10,10,10,10,9,9,7,7,7,8,5,,30,30,TRUE
305YK397BEIGE-XL,21,21,21,22,22,20,20,17,17,15,17,17,18,18,18,12,12,12,10,10,10,10,10,10,10,10,10,10,10,8,,30,30,TRUE
305YK397BEIGE-XS,2,2,2,2,1,1,1,1,1,1,1,1,1,1,1,1,1,1,1,1,1,1,1,1,1,1,1,1,1,1,,30,30,TRUE
305YK397BEIGE-XXL,5,5,5,5,4,4,4,4,0,0,0,0,0,0,0,0,0,0,0,0,0,0,1,1,3,1,1,1,1,1,,16,16,TRUE
306YK398BLUE-L,0,0,0,0,0,0,0,0,0,0,0,0,0,0,0,0,0,0,0,0,0,0,0,0,0,0,0,0,0,0,,0,0,TRUE
306YK398BLUE-M,1,1,1,1,1,1,1,1,1,1,1,1,1,1,1,1,1,1,1,1,1,1,1,1,1,1,1,1,1,1,,30,30,TRUE
306YK398BLUE-S,2,2,2,2,2,2,2,2,2,2,2,2,2,2,2,2,2,2,2,2,2,2,2,2,2,2,3,3,3,3,,30,30,TRUE
306YK398BLUE-XL,1,1,1,1,1,1,1,1,1,1,1,1,1,1,1,1,1,1,1,1,1,1,1,1,1,1,1,1,1,1,,30,30,TRUE
306YK398BLUE-XXL,7,7,7,7,7,7,7,7,7,7,6,7,7,7,7,7,7,7,7,7,7,7,7,7,7,7,7,7,7,7,,30,30,TRUE
308YK400BLUE-M,0,0,0,0,0,0,0,0,0,0,0,0,0,0,0,0,0,0,0,0,0,0,0,0,0,0,0,0,0,0,,0,0,TRUE
311KD148BBNDJ-11-12,2,2,2,2,2,2,2,2,2,2,2,2,2,3,3,3,3,3,3,3,3,3,3,3,3,3,3,3,3,3,,30,30,TRUE
311KD148BBNDJ-13-14,7,7,7,7,7,6,4,4,4,4,4,4,4,4,4,4,4,4,4,4,4,4,4,4,4,4,4,4,4,4,,30,30,TRUE
311KD148BBNDJ-7-8,26,26,26,26,26,26,26,26,26,26,26,26,26,26,26,26,26,26,26,26,26,26,26,26,26,26,26,26,26,26,,30,30,TRUE
311KD148BBNDJ-9-10,21,21,21,21,21,21,21,21,21,21,20,21,22,24,24,24,24,24,24,24,24,24,24,24,24,24,24,24,24,24,,30,30,TRUE
311YK148BBNDJ-3XL,116,116,116,117,117,115,113,113,113,112,111,111,111,111,111,106,106,106,106,105,105,105,105,105,105,106,106,106,106,106,,30,30,TRUE
311YK148BBNDJ-4XL,85,85,85,86,86,86,86,86,83,121,119,119,121,121,121,121,121,121,120,120,120,119,119,120,119,120,120,119,118,118,,30,30,TRUE
311YK148BBNDJ-5XL,75,76,75,74,74,74,74,74,73,37,36,35,34,34,34,32,32,32,32,32,32,32,32,32,32,31,29,29,32,31,,30,30,TRUE
311YK148BBNDJ-6XL,21,23,23,23,22,21,21,21,19,14,19,19,19,19,19,19,19,19,20,20,20,20,20,20,20,20,20,20,21,21,,30,30,TRUE
311YK148BBNDJ-7XL,28,28,28,28,28,26,26,26,26,25,25,25,25,25,25,25,25,25,25,25,25,25,25,25,24,22,20,21,23,23,,30,30,TRUE
311YK148BBNDJ-8XL,16,16,16,16,16,16,16,16,16,16,16,16,16,16,16,16,16,16,16,16,15,15,15,15,15,15,15,15,15,15,,30,30,TRUE
311YK148BBNDJ-L,117,117,117,118,118,118,117,117,116,116,112,115,115,115,115,114,114,114,113,113,113,113,113,112,112,107,108,108,108,108,,30,30,TRUE
311YK148BBNDJ-M,55,55,55,56,56,55,55,55,55,54,53,54,54,54,54,49,49,49,48,48,48,48,48,48,48,48,48,48,49,49,,30,30,TRUE
311YK148BBNDJ-S,67,67,67,68,68,68,68,68,68,68,68,68,68,67,67,61,61,61,59,59,59,59,59,59,59,59,59,59,60,60,,30,30,TRUE
311YK148BBNDJ-XL,165,165,165,165,165,157,157,156,156,163,162,161,159,159,159,142,137,137,137,137,137,137,137,137,136,137,144,145,145,145,,30,30,TRUE
311YK148BBNDJ-XS,16,16,16,16,16,16,16,16,14,14,14,14,14,14,14,14,14,14,14,14,14,14,14,14,14,14,14,14,15,15,,30,30,TRUE
311YK148BBNDJ-XXL,235,236,236,238,238,235,234,232,230,225,228,228,228,227,227,222,221,221,221,220,220,220,220,213,213,214,214,215,215,215,,30,30,TRUE
312YK261BLACK-M,0,0,0,0,0,0,0,0,0,0,0,0,0,0,0,0,0,0,0,0,0,0,0,0,0,0,0,0,0,0,,0,0,TRUE
313DPT38BLUE-3XL,9,9,9,11,11,11,11,10,1,2,2,2,1,1,1,1,1,0,0,0,0,0,0,1,1,1,1,1,0,4,,23,17,FALSE
313DPT38BLUE-4XL,8,8,8,7,7,7,7,7,5,6,5,5,8,7,7,2,2,2,0,0,0,1,1,1,1,1,1,1,0,12,,26,20,FALSE
313DPT38BLUE-5XL,5,6,6,5,5,3,3,2,0,1,1,1,1,2,2,0,0,0,0,0,0,0,3,1,1,1,1,1,0,5,,21,15,FALSE
313DPT38BLUE-6XL,0,0,0,0,0,0,0,0,0,0,0,0,0,0,0,0,0,0,0,0,0,0,0,1,1,1,1,1,1,1,,7,7,TRUE
313DPT38BLUE-7XL,20,20,20,19,19,19,19,19,19,19,19,19,19,19,19,19,19,19,19,19,18,18,18,18,18,18,18,20,20,20,,30,30,TRUE
313DPT38BLUE-8XL,4,4,4,4,4,4,4,4,4,4,4,4,4,4,4,4,4,4,4,4,3,3,3,3,3,3,3,3,3,3,,30,30,TRUE
313DPT38BLUE-L,32,32,32,32,32,32,32,32,31,31,31,31,31,31,31,21,21,21,21,21,21,21,21,21,21,17,17,17,17,16,,30,30,TRUE
313DPT38BLUE-M,21,20,20,20,20,20,20,21,18,18,18,18,18,18,18,18,18,18,18,18,18,18,18,18,18,18,18,18,18,18,,30,30,TRUE
313DPT38BLUE-S,23,23,23,23,23,23,23,23,23,23,23,23,23,23,23,23,23,23,23,23,23,23,23,25,25,25,25,25,25,25,,30,30,TRUE
313DPT38BLUE-XL,14,11,11,13,13,13,13,13,13,13,13,13,13,13,13,0,0,0,0,0,0,0,0,1,1,1,1,1,0,27,,21,16,FALSE
313DPT38BLUE-XS,7,7,7,7,7,7,7,7,7,7,7,7,7,7,7,7,7,7,7,7,7,7,7,7,7,7,7,7,7,7,,30,30,TRUE
313DPT38BLUE-XXL,28,28,27,28,28,28,27,27,27,27,23,23,23,27,27,11,11,11,10,10,6,4,4,6,6,5,7,8,8,8,,30,30,TRUE
313KD411BLUE-11-12,0,0,1,0,1,1,1,1,1,1,1,1,3,3,3,3,3,3,2,1,1,1,1,1,1,1,1,1,3,3,,27,27,TRUE
313KD411BLUE-13-14,0,0,0,0,0,0,0,0,0,0,0,0,0,4,4,4,2,2,2,2,2,1,1,1,1,1,1,1,1,1,,17,17,TRUE
313KD411BLUE-7-8,1,1,4,1,4,4,4,4,0,0,0,0,0,0,0,0,0,0,0,0,0,0,0,0,4,0,0,0,0,0,,9,8,FALSE
313KD411BLUE-9-10,29,29,29,29,29,29,29,29,29,29,29,29,34,35,35,17,17,17,11,11,11,11,11,11,26,11,11,11,11,11,,30,30,TRUE
313YK411BLUE-3XL,18,17,17,18,19,19,19,19,9,8,8,8,7,7,7,3,3,3,2,2,2,2,2,2,15,2,2,2,2,2,,30,30,TRUE
313YK411BLUE-4XL,19,19,19,18,18,18,18,18,16,17,17,17,19,18,18,13,13,13,11,10,8,9,9,10,14,6,6,8,8,8,,30,30,TRUE
313YK411BLUE-5XL,14,14,15,15,14,12,12,11,7,7,7,7,7,6,6,0,0,0,0,0,0,0,2,2,15,0,0,0,0,0,,18,19,FALSE
313YK411BLUE-6XL,3,3,3,3,3,3,3,3,0,0,0,0,0,0,0,0,0,0,0,0,0,0,0,1,5,1,1,1,1,1,,15,15,TRUE
313YK411BLUE-7XL,26,26,26,26,25,25,25,25,25,25,25,25,25,25,25,25,25,25,25,25,25,24,24,24,23,24,24,26,26,26,,30,30,TRUE
313YK411BLUE-8XL,7,7,7,7,7,7,7,7,7,7,7,7,7,7,7,7,7,7,7,7,6,6,6,6,6,6,6,6,6,6,,30,30,TRUE
313YK411BLUE-L,40,40,40,40,40,40,40,40,39,39,39,39,39,39,39,29,29,29,29,29,29,29,29,29,29,25,25,25,25,24,,30,30,TRUE
313YK411BLUE-M,28,27,27,27,27,27,27,28,25,25,25,25,25,25,25,25,25,25,25,25,25,25,25,25,25,25,25,25,25,25,,30,30,TRUE
313YK411BLUE-S,29,29,29,29,29,29,29,29,29,29,28,29,29,29,29,29,29,29,29,29,29,29,29,29,29,31,31,31,31,31,,30,30,TRUE
313YK411BLUE-XL,22,21,19,21,21,21,21,21,21,21,21,21,21,21,21,6,6,6,6,5,5,5,5,6,6,2,2,2,2,2,,30,30,TRUE
313YK411BLUE-XS,12,12,12,12,12,12,12,12,12,12,12,12,12,12,12,12,12,12,12,12,12,12,12,12,12,12,12,12,12,12,,30,30,TRUE
313YK411BLUE-XXL,37,40,40,40,40,40,39,39,39,39,38,37,35,37,37,23,23,23,22,22,20,16,16,18,18,17,18,19,19,19,,30,30,TRUE
314DPT37RED-3XL,36,36,35,34,34,27,26,25,28,28,25,25,25,27,27,27,27,27,27,27,27,30,30,47,47,47,47,47,42,42,,30,30,TRUE
314DPT37RED-4XL,36,36,35,34,34,27,26,25,28,28,25,25,25,27,27,27,27,27,27,27,27,30,30,47,47,47,47,47,42,42,,30,30,TRUE
314DPT37RED-5XL,36,36,35,34,34,27,26,25,28,28,25,25,25,27,27,27,27,27,27,27,27,30,30,47,47,47,47,47,42,42,,30,30,TRUE
314DPT37RED-6XL,16,16,16,17,17,16,16,16,16,16,16,16,17,17,17,15,15,15,15,14,14,14,14,15,15,11,11,11,11,11,,30,30,TRUE
314DPT37RED-7XL,36,36,35,34,34,27,26,25,28,28,25,25,25,27,27,27,27,27,27,27,27,30,30,34,34,34,34,34,32,32,,30,30,TRUE
314DPT37RED-8XL,36,36,35,34,34,27,26,25,28,28,25,25,25,27,27,27,27,27,27,27,27,30,30,47,47,47,47,47,42,42,,30,30,TRUE
314DPT37RED-L,36,36,35,34,34,27,26,25,28,28,25,25,25,27,27,27,27,27,27,27,27,30,30,47,47,47,47,47,42,42,,30,30,TRUE
314DPT37RED-M,36,36,35,34,34,27,26,25,28,28,25,25,25,27,27,27,27,27,27,27,27,30,30,47,47,47,47,47,42,42,,30,30,TRUE
314DPT37RED-S,36,36,35,34,34,27,26,25,28,28,25,25,25,27,27,27,27,27,27,27,27,30,30,47,47,47,47,47,42,42,,30,30,TRUE
314DPT37RED-XL,36,36,35,34,34,27,26,25,28,28,25,25,25,27,27,27,27,27,27,27,27,30,30,47,47,47,47,47,42,42,,30,30,TRUE
314DPT37RED-XS,36,36,35,34,34,27,26,25,28,28,25,25,25,27,27,27,27,27,27,27,27,30,30,36,36,36,36,36,36,36,,30,30,TRUE
314DPT37RED-XXL,36,36,35,34,34,27,26,25,28,28,25,25,25,27,27,27,27,27,27,27,27,30,30,47,47,47,47,47,42,42,,30,30,TRUE
314KD411RED-11-12,0,0,18,0,18,18,4,4,3,3,1,1,2,9,9,9,9,9,5,5,5,4,2,2,1,2,2,2,6,6,,27,27,TRUE
314KD411RED-13-14,1,1,12,1,11,11,8,8,8,8,7,7,13,14,14,8,8,8,1,1,1,1,1,1,4,1,1,1,2,2,,30,30,TRUE
314KD411RED-7-8,5,5,6,6,6,6,6,6,6,6,6,6,6,7,7,7,7,7,7,7,7,7,7,7,6,5,5,3,3,3,,30,30,TRUE
314KD411RED-9-10,4,4,4,4,3,3,3,3,3,3,3,3,3,6,6,6,6,6,4,4,4,4,4,2,2,2,2,2,2,2,,30,30,TRUE
314YK411RED-3XL,135,136,136,135,135,133,133,133,132,132,132,133,132,132,132,131,131,132,132,131,131,131,131,130,130,123,123,124,124,123,,30,30,TRUE
314YK411RED-4XL,83,82,82,82,81,80,78,76,75,76,79,79,79,79,79,81,80,80,80,80,79,77,77,77,77,71,71,76,76,75,,30,30,TRUE
314YK411RED-5XL,157,157,154,153,152,150,149,148,148,149,149,149,150,150,150,140,137,137,138,137,136,136,136,137,136,131,131,131,164,164,,30,30,TRUE
314YK411RED-6XL,21,21,21,22,22,21,21,21,21,21,21,21,22,22,22,20,20,20,20,19,19,19,19,20,20,16,16,16,16,16,,30,30,TRUE
314YK411RED-7XL,42,42,42,42,42,42,42,42,42,42,42,42,42,42,42,40,40,40,40,40,40,40,40,40,40,40,40,40,38,38,,30,30,TRUE
314YK411RED-8XL,71,71,71,72,73,71,71,71,71,67,67,66,66,66,66,61,61,62,62,62,62,62,63,63,63,63,61,62,62,62,,30,30,TRUE
314YK411RED-L,125,125,125,125,126,126,124,121,122,106,106,106,106,105,105,104,104,104,102,102,102,102,102,103,102,92,98,99,96,96,,30,30,TRUE
314YK411RED-M,276,277,279,280,279,279,279,279,279,279,274,275,275,275,275,275,275,275,273,273,263,263,263,264,264,242,244,244,247,246,,30,30,TRUE
314YK411RED-S,87,86,86,86,86,86,86,86,86,86,85,85,85,85,85,85,85,85,85,85,85,85,85,85,85,85,85,85,88,88,,30,30,TRUE
314YK411RED-XL,259,259,258,261,259,259,258,258,258,258,258,258,258,258,258,258,258,258,258,258,248,247,247,248,248,238,239,239,239,239,,30,30,TRUE
314YK411RED-XS,46,46,46,46,46,46,46,46,46,46,46,46,46,46,46,42,42,42,42,42,42,42,42,42,41,42,42,42,42,42,,30,30,TRUE
314YK411RED-XXL,221,221,218,219,219,215,214,214,214,201,201,200,199,198,198,173,173,173,172,171,165,165,165,165,165,165,165,166,169,168,,30,30,TRUE
315YK251TEAL-3XL,43,53,63,65,64,64,63,64,66,66,66,66,66,66,66,67,67,67,64,61,64,64,64,63,63,62,62,62,61,61,,30,30,TRUE
315YK251TEAL-4XL,20,45,67,67,67,64,64,63,68,68,68,67,67,66,66,65,65,65,63,63,62,60,62,62,62,62,61,61,70,70,,30,30,TRUE
315YK251TEAL-5XL,38,51,64,65,63,62,62,61,61,61,61,60,60,60,60,61,61,61,59,57,56,55,56,56,56,56,56,55,57,57,,30,30,TRUE
315YK251TEAL-L,59,75,91,90,89,84,83,81,78,76,78,79,79,78,78,69,70,70,71,71,71,71,71,70,70,70,70,71,71,70,,30,30,TRUE
315YK251TEAL-M,72,85,99,99,98,99,99,98,95,89,93,94,94,94,94,85,85,85,84,84,84,84,84,84,84,85,85,84,105,105,,30,30,TRUE
315YK251TEAL-S,31,31,31,33,34,34,34,34,34,34,34,34,34,33,33,31,31,31,31,31,31,31,31,31,31,29,29,29,36,36,,30,30,TRUE
315YK251TEAL-XL,32,57,81,82,82,82,81,83,82,83,81,80,80,80,80,72,72,72,71,71,70,70,70,70,69,70,70,70,72,70,,30,30,TRUE
315YK251TEAL-XS,39,42,43,46,46,46,46,46,46,46,46,46,46,46,46,47,49,49,48,48,48,48,48,48,48,48,48,48,51,51,,30,30,TRUE
315YK251TEAL-XXL,64,84,99,99,98,98,96,95,94,93,92,91,93,92,92,82,82,82,80,79,79,80,80,81,81,81,81,80,80,80,,30,30,TRUE
316YK251YELLOW-3XL,0,0,0,0,0,0,0,0,0,0,0,0,0,0,0,0,0,0,0,0,0,0,0,0,0,0,0,0,0,0,,0,0,TRUE
316YK251YELLOW-4XL,0,0,0,0,0,0,0,0,0,0,0,0,0,0,0,0,0,0,0,0,0,0,0,0,0,0,0,0,0,0,,0,0,TRUE
316YK251YELLOW-5XL,0,0,0,0,0,0,0,0,0,0,0,0,0,0,0,0,0,0,0,0,0,0,0,0,0,0,0,0,0,0,,0,0,TRUE
316YK251YELLOW-L,0,0,0,0,0,0,0,0,0,0,0,0,0,0,0,0,0,0,0,0,0,0,0,0,0,0,0,0,0,0,,0,0,TRUE
316YK251YELLOW-M,0,0,0,0,0,0,0,0,0,0,0,0,0,0,0,0,0,0,0,0,0,0,0,0,0,0,0,0,0,0,,0,0,TRUE
316YK251YELLOW-S,0,0,0,0,0,0,0,0,0,0,0,0,0,0,0,0,0,0,0,0,0,0,0,0,0,0,0,0,0,0,,0,0,TRUE
316YK251YELLOW-XL,0,0,0,0,0,0,0,0,0,0,0,0,0,0,0,0,0,0,0,0,0,0,0,0,0,0,0,0,0,0,,0,0,TRUE
316YK251YELLOW-XXL,0,0,0,0,0,0,0,0,0,0,0,0,0,0,0,1,1,1,1,1,1,0,0,0,0,0,0,0,0,0,,6,6,TRUE
317YK405PINK-L,0,0,0,0,0,0,0,0,0,0,0,0,0,0,0,0,0,0,0,0,0,0,0,0,0,0,0,0,0,0,,0,0,TRUE
317YK405PINK-M,0,0,0,0,0,0,0,0,0,0,0,0,0,0,0,0,0,0,0,0,0,0,0,0,0,0,0,0,0,0,,0,0,TRUE
317YK405PINK-S,0,0,0,0,0,0,0,0,0,0,0,0,0,0,0,0,0,0,0,0,0,0,0,0,0,0,0,0,0,0,,0,0,TRUE
317YK405PINK-XL,0,0,0,0,0,0,0,0,0,0,0,0,0,0,0,0,0,0,0,0,0,0,0,0,0,0,0,0,0,0,,0,0,TRUE
317YK405PINK-XS,0,0,0,0,0,0,0,0,0,0,0,0,0,0,0,0,0,0,0,0,0,0,0,0,0,0,0,0,0,0,,0,0,TRUE
318YK406YELLOW-3XL,19,19,17,18,17,17,17,16,16,16,16,16,17,17,17,7,7,7,7,9,9,9,9,9,9,9,9,9,7,7,,30,30,TRUE
318YK406YELLOW-4XL,25,25,24,24,23,21,21,21,21,21,20,20,20,20,20,10,10,10,9,9,8,9,9,8,8,8,8,8,8,8,,30,30,TRUE
318YK406YELLOW-5XL,70,70,68,67,68,64,64,64,63,63,63,62,63,61,61,38,38,37,36,37,36,36,36,39,38,39,39,40,38,38,,30,30,TRUE
318YK406YELLOW-L,28,28,28,29,29,29,29,29,27,27,22,23,23,23,23,23,23,23,23,23,23,23,22,24,24,24,24,24,24,24,,30,30,TRUE
318YK406YELLOW-M,41,41,40,40,40,40,40,40,36,36,36,37,37,37,37,37,37,37,37,37,37,37,38,38,38,38,38,38,38,38,,30,30,TRUE
318YK406YELLOW-S,20,20,22,23,23,23,23,23,23,23,22,23,23,23,23,23,23,23,23,23,23,23,24,23,23,23,23,23,23,23,,30,30,TRUE
318YK406YELLOW-XL,46,46,46,46,46,46,46,46,46,46,46,46,46,46,46,46,46,46,46,46,46,46,46,45,45,45,45,45,45,45,,30,30,TRUE
318YK406YELLOW-XS,18,19,21,21,21,21,21,21,19,19,19,19,19,19,19,19,19,19,17,17,17,16,17,17,17,17,17,17,18,18,,30,30,TRUE
318YK406YELLOW-XXL,17,17,19,19,19,19,19,19,17,17,17,18,18,18,18,9,9,9,8,7,7,7,7,8,8,7,7,7,7,7,,30,30,TRUE
322YK300PINK-L,0,0,0,0,0,0,0,0,0,0,0,0,0,0,0,0,0,0,0,0,0,0,0,0,0,0,0,0,0,0,,0,0,TRUE
322YK300PINK-M,0,0,0,0,0,0,0,0,0,0,0,0,0,0,0,0,0,0,0,0,0,0,0,0,0,0,0,0,0,0,,0,0,TRUE
322YK300PINK-S,0,0,0,0,0,0,0,0,0,0,0,0,0,0,0,0,0,0,0,0,0,0,0,0,0,0,0,0,0,0,,0,0,TRUE
322YK300PINK-XL,2,2,2,2,2,2,2,2,2,2,2,2,2,2,2,2,2,2,2,2,2,2,2,2,2,2,2,2,2,2,,30,30,TRUE
322YK300PINK-XXL,0,0,0,0,0,0,0,0,0,0,0,0,0,0,0,0,0,0,0,0,0,0,0,0,0,0,0,0,0,0,,0,0,TRUE
323YK350BLACK-L,0,0,0,0,0,0,0,0,0,0,0,0,0,0,0,0,0,0,0,0,0,0,0,0,0,0,0,0,0,0,,0,0,TRUE
323YK350BLACK-M,0,0,0,0,0,0,0,0,0,0,0,0,0,0,0,0,0,0,0,0,0,0,0,0,0,0,0,0,0,0,,0,0,TRUE
323YK350BLACK-S,0,0,0,0,0,0,0,0,0,0,0,0,0,0,0,0,0,0,0,0,0,0,0,0,0,0,0,0,0,0,,0,0,TRUE
323YK350BLACK-XL,1,1,1,1,1,1,1,1,1,1,1,1,1,1,1,1,1,1,0,0,0,0,0,0,0,0,0,0,0,1,,19,18,FALSE
323YK350BLACK-XXL,0,0,0,0,0,0,0,0,0,0,0,0,0,0,0,0,0,0,0,0,0,0,0,0,0,0,0,0,0,0,,0,0,TRUE
324YK393RANI-3XL,4,4,5,5,5,4,4,4,2,1,2,2,2,2,2,2,2,2,2,2,2,2,2,3,2,2,2,2,2,2,,30,30,TRUE
324YK393RANI-4XL,9,9,9,9,9,7,3,4,1,1,1,1,2,1,1,1,1,1,1,1,1,1,1,1,1,1,1,1,2,2,,30,30,TRUE
324YK393RANI-5XL,3,2,2,2,2,2,2,2,0,0,0,0,0,0,0,0,0,0,0,0,0,0,0,0,0,0,0,0,0,3,,9,8,FALSE
324YK393RANI-6XL,2,2,2,2,2,2,2,2,0,0,0,0,0,0,0,0,0,0,0,0,0,0,0,0,2,0,0,0,0,0,,9,8,FALSE
324YK393RANI-7XL,1,1,1,1,1,1,1,1,1,1,1,1,1,1,1,1,1,1,1,1,1,1,1,1,1,1,1,1,1,1,,30,30,TRUE
324YK393RANI-8XL,1,1,1,2,2,2,2,2,2,2,1,1,1,1,1,1,1,1,1,1,1,1,1,1,1,1,1,1,1,1,,30,30,TRUE
324YK393RANI-L,3,3,3,3,3,3,3,3,2,2,2,2,2,2,2,2,2,2,2,2,2,1,1,1,6,1,1,1,1,1,,30,30,TRUE
324YK393RANI-M,33,33,33,33,34,34,34,35,35,35,35,37,37,37,37,38,38,38,36,36,36,36,36,34,34,34,33,33,33,33,,30,30,TRUE
324YK393RANI-S,9,9,9,9,9,9,7,6,6,6,6,6,6,6,6,6,6,6,6,6,6,6,6,6,6,6,6,6,6,6,,30,30,TRUE
324YK393RANI-XL,6,6,6,5,4,4,4,4,0,0,0,1,1,1,1,0,0,0,0,0,0,0,0,1,2,1,1,1,1,5,,19,18,FALSE
324YK393RANI-XS,13,13,13,14,14,14,14,14,14,14,6,13,13,13,13,13,13,13,13,13,13,13,13,13,13,13,13,13,13,13,,30,30,TRUE
324YK393RANI-XXL,28,31,29,27,29,29,28,25,22,19,20,20,20,20,20,20,20,20,19,19,18,15,16,14,12,15,7,7,9,9,,30,30,TRUE
325YK399TEAL-3XL,1,1,1,2,2,2,2,2,2,2,2,2,2,2,2,2,2,2,2,2,2,2,2,2,2,2,2,2,2,2,,30,30,TRUE
325YK399TEAL-4XL,1,2,2,2,2,1,0,0,0,1,1,1,0,0,0,0,0,0,0,0,0,0,0,0,0,0,0,0,1,1,,11,11,TRUE
325YK399TEAL-5XL,1,2,2,2,2,2,1,1,0,0,0,0,0,0,0,0,0,0,0,0,0,0,0,0,0,0,0,0,0,3,,9,8,FALSE
325YK399TEAL-L,5,4,4,4,2,2,2,1,1,1,1,1,1,1,1,1,1,1,1,1,1,1,1,1,1,1,1,1,1,1,,30,30,TRUE
325YK399TEAL-M,3,3,3,3,3,3,3,3,3,3,3,3,3,3,3,3,3,3,3,3,3,3,3,3,3,4,4,4,4,4,,30,30,TRUE
325YK399TEAL-S,4,4,4,4,4,4,4,4,4,4,4,4,4,4,4,2,2,2,2,2,2,2,2,2,3,2,2,2,2,2,,30,30,TRUE
325YK399TEAL-XL,2,2,2,3,3,3,1,1,1,1,1,1,1,1,1,1,1,1,1,1,1,1,1,1,4,2,1,3,3,3,,30,30,TRUE
325YK399TEAL-XS,4,4,4,4,4,4,4,4,4,4,4,4,4,4,4,4,4,4,4,4,4,4,4,4,4,4,4,4,4,4,,30,30,TRUE
325YK399TEAL-XXL,2,2,2,2,2,2,2,2,0,0,0,0,0,0,0,0,0,0,0,0,0,0,0,0,1,0,0,0,0,0,,9,8,FALSE
327YK409PBLUE-L,0,0,0,0,0,0,0,0,0,0,0,0,0,0,0,0,0,0,0,0,0,0,0,0,0,0,0,0,0,0,,0,0,TRUE
327YK409PBLUE-M,0,0,0,0,0,0,0,0,0,0,0,0,0,0,0,0,0,0,0,0,0,0,0,0,0,0,0,0,0,0,,0,0,TRUE
327YK409PBLUE-S,0,0,0,0,0,0,0,0,0,0,0,0,0,0,0,0,0,0,0,0,0,0,0,0,0,0,0,0,0,0,,0,0,TRUE
327YK409PBLUE-XL,0,0,0,0,0,0,0,0,0,0,0,0,0,0,0,0,0,0,0,0,0,0,0,0,0,0,0,0,0,0,,0,0,TRUE
327YK409PBLUE-XXL,0,0,0,0,0,0,0,0,0,0,0,0,0,0,0,0,0,0,0,0,0,0,0,0,0,0,0,0,1,1,,2,2,TRUE
328YK410GREY-XL,0,0,0,0,0,0,0,0,0,0,0,0,0,0,0,0,0,0,0,0,0,0,0,0,0,0,0,0,-1,0,,0,0,TRUE
329YK83FIROZI-L,12,13,13,13,13,11,11,12,12,11,9,9,10,9,9,9,9,9,8,5,7,7,7,7,6,6,8,7,7,7,,30,30,TRUE
329YK83FIROZI-M,5,5,5,5,5,5,5,5,5,5,5,5,5,4,4,4,4,4,4,4,4,4,4,4,4,4,4,4,4,4,,30,30,TRUE
329YK83FIROZI-S,21,20,16,18,17,17,17,18,18,22,22,22,22,22,22,22,22,22,22,22,22,21,21,21,21,21,21,21,18,18,,30,30,TRUE
329YK83FIROZI-XL,20,20,20,20,20,20,20,20,19,19,18,18,18,18,18,19,19,19,18,18,18,17,17,16,15,14,14,14,15,15,,30,30,TRUE
329YK83FIROZI-XXL,11,11,11,11,11,11,9,9,9,9,8,9,9,9,9,6,6,6,6,6,6,6,6,6,6,7,7,8,8,7,,30,30,TRUE
330YK408GREEN-L,0,0,0,0,0,0,0,0,0,0,0,0,0,0,0,0,0,0,0,0,0,0,0,0,0,0,0,0,0,0,,0,0,TRUE
330YK408GREEN-M,0,0,0,0,0,0,0,0,0,0,0,0,0,0,0,0,0,0,0,0,0,0,0,0,0,0,0,0,0,0,,0,0,TRUE
330YK408GREEN-S,0,0,0,0,0,0,0,0,0,0,0,0,0,0,0,0,0,0,0,0,0,0,0,0,0,0,0,0,0,0,,0,0,TRUE
330YK408GREEN-XL,0,0,0,0,0,0,0,0,0,0,0,0,0,0,0,0,0,0,0,0,0,0,0,0,0,0,0,0,0,0,,0,0,TRUE
34YK150MAROON-L,0,0,0,0,0,0,0,0,0,0,0,0,0,0,0,0,0,0,0,0,0,0,0,0,0,0,0,0,0,0,,0,0,TRUE
34YK150MAROON-M,0,0,0,0,0,0,0,0,0,0,0,0,0,0,0,0,0,0,0,0,0,0,0,0,0,0,0,0,0,0,,0,0,TRUE
34YK150MAROON-XL,0,0,0,0,0,0,0,0,0,0,0,0,0,0,0,0,0,0,0,0,0,0,0,0,0,0,0,0,0,0,,0,0,TRUE
38YK150BLACK-L,0,0,0,0,0,0,0,0,0,0,0,0,0,0,0,0,0,0,0,0,0,0,0,0,0,0,0,0,0,0,,0,0,TRUE
38YK150BLACK-XL,0,0,0,0,0,0,0,0,0,0,0,0,0,0,0,0,0,0,0,0,0,0,0,0,0,0,0,0,0,0,,0,0,TRUE
38YK150BLACK-XXL,0,0,0,0,0,0,0,0,0,0,0,0,0,0,0,0,0,0,0,0,0,0,0,0,0,0,0,0,0,0,,0,0,TRUE
3YK144INDIGO-M,0,0,0,0,0,0,0,0,0,0,0,0,0,0,0,0,0,0,0,0,0,0,0,0,0,0,0,0,0,0,,0,0,TRUE
3YK144INDIGO-S,0,0,0,0,0,0,0,0,0,0,0,0,0,0,0,0,0,0,0,0,0,0,0,0,0,0,0,0,0,0,,0,0,TRUE
4001DRSRED-L,82,82,82,90,90,90,90,90,90,90,90,90,90,90,90,90,90,90,90,90,90,90,90,90,90,90,93,93,85,85,,30,30,TRUE
4001DRSRED-M,80,80,79,87,87,85,85,85,85,85,85,85,85,85,85,85,85,85,83,83,83,83,83,83,83,83,83,83,75,75,,30,30,TRUE
4001DRSRED-S,31,31,31,31,31,31,31,31,31,31,24,31,31,30,30,30,30,30,29,29,29,29,29,29,29,29,29,29,29,29,,30,30,TRUE
4001DRSRED-XL,71,71,75,75,75,75,75,75,75,74,69,74,75,75,75,75,75,75,75,75,75,75,75,75,75,75,75,75,75,75,,30,30,TRUE
4001DRSRED-XXL,76,76,76,99,99,99,99,99,99,99,99,99,99,99,99,99,99,99,99,99,99,99,99,99,99,99,99,99,76,76,,30,30,TRUE
4002DRSYELLOW-L,34,34,35,35,35,35,35,35,35,35,35,35,35,35,35,35,35,35,33,33,33,33,34,34,34,34,34,34,34,34,,30,30,TRUE
4002DRSYELLOW-M,3,3,2,3,3,3,3,3,0,0,0,0,0,0,0,0,0,0,0,0,0,0,0,0,3,0,0,0,1,1,,11,10,FALSE
4002DRSYELLOW-S,4,4,4,4,4,4,4,4,4,2,2,2,2,2,2,2,2,2,2,2,2,2,2,2,2,2,2,1,1,1,,30,30,TRUE
4002DRSYELLOW-XL,42,42,45,45,45,45,45,45,45,44,44,44,44,44,44,44,44,44,44,44,44,44,44,44,44,44,44,44,44,44,,30,30,TRUE
4002DRSYELLOW-XXL,55,55,55,55,55,55,55,55,55,55,55,55,55,55,55,55,55,55,55,55,55,55,55,55,55,55,55,55,55,55,,30,30,TRUE
4003DRSBLACK-XS,5,5,5,5,5,5,5,5,5,5,5,5,5,6,6,6,6,6,6,6,6,5,5,7,7,7,7,7,8,8,,30,30,TRUE
4003DRSGREEN-3XL,25,25,25,25,26,26,26,26,22,22,22,22,22,22,22,22,22,22,22,22,21,20,20,20,20,20,20,19,19,19,,30,30,TRUE
4003DRSGREEN-4XL,17,17,17,17,17,17,15,15,14,14,14,14,14,14,14,14,14,14,14,14,14,14,14,13,13,13,11,11,11,11,,30,30,TRUE
4003DRSGREEN-5XL,19,19,19,19,19,19,19,19,19,19,19,19,19,18,18,18,18,18,18,18,16,16,16,14,14,14,13,13,9,9,,30,30,TRUE
4003DRSGREEN-L,10,10,10,8,10,9,7,7,6,5,5,5,6,6,6,5,5,5,4,3,3,3,3,3,8,2,2,2,2,2,,30,30,TRUE
4003DRSGREEN-M,19,19,19,25,26,24,24,24,25,25,25,27,29,29,29,29,29,29,28,27,27,27,28,31,31,31,31,30,25,24,,30,30,TRUE
4003DRSGREEN-S,6,5,5,5,6,6,6,8,8,7,7,8,6,4,4,3,3,3,3,3,3,3,4,4,3,4,4,4,4,4,,30,30,TRUE
4003DRSGREEN-XL,14,14,12,14,14,14,14,14,14,14,14,14,14,14,14,14,14,14,14,14,14,14,14,14,13,14,14,13,13,13,,30,30,TRUE
4003DRSGREEN-XS,10,10,10,11,11,10,6,6,2,2,2,2,2,2,2,2,2,2,2,2,2,2,4,5,7,5,5,4,4,6,,30,30,TRUE
4003DRSGREEN-XXL,25,25,25,25,25,25,25,25,25,24,23,23,23,23,23,16,16,16,15,15,15,15,16,16,15,16,15,15,15,15,,30,30,TRUE
4003DRSMULTI-L,0,0,0,0,0,0,0,0,0,0,0,0,0,0,0,0,0,0,0,0,0,0,0,0,0,0,0,0,0,0,,0,0,TRUE
4003DRSMULTI-M,0,0,0,0,0,0,0,0,0,0,0,0,0,0,0,0,0,0,0,0,0,0,0,0,0,0,0,0,0,0,,0,0,TRUE
4004DRSBLACK-L,11,11,11,10,10,10,8,8,7,6,3,4,4,4,4,4,4,4,4,4,4,4,4,4,11,4,4,4,4,4,,30,30,TRUE
4004DRSBLACK-M,13,13,13,13,13,13,13,13,11,11,10,10,10,10,10,11,12,12,12,12,12,12,12,12,12,13,13,13,13,13,,30,30,TRUE
4004DRSBLACK-S,27,27,27,27,27,27,27,27,25,25,23,23,23,23,23,23,23,23,22,22,22,22,22,23,23,23,23,23,23,23,,30,30,TRUE
4004DRSBLACK-XS,24,24,24,24,24,24,24,24,24,24,24,24,25,25,25,25,25,25,25,25,25,25,25,26,26,26,26,26,29,29,,30,30,TRUE
4005DRSBROWN-3XL,2,2,2,2,2,2,2,2,2,2,2,2,2,2,2,2,2,2,2,2,2,2,2,2,2,2,2,2,2,2,,30,30,TRUE
4005DRSBROWN-L,13,13,16,16,16,16,16,16,16,16,16,16,16,16,16,16,16,16,16,16,15,15,15,16,16,16,16,16,16,16,,30,30,TRUE
4005DRSBROWN-M,14,14,16,16,16,16,16,16,16,16,16,16,16,16,16,16,16,16,16,16,16,16,16,16,16,16,16,16,16,16,,30,30,TRUE
4005DRSBROWN-S,25,25,25,45,45,45,45,45,45,45,45,45,46,46,46,46,46,46,46,46,46,46,46,46,46,46,46,46,26,26,,30,30,TRUE
4005DRSBROWN-XL,8,9,9,11,11,11,11,11,6,6,3,3,3,3,3,3,3,3,3,3,3,3,3,3,9,3,3,3,3,3,,30,30,TRUE
4005DRSBROWN-XS,25,25,27,27,27,27,27,27,26,26,26,26,26,26,26,26,26,26,26,26,26,26,26,26,26,26,26,26,26,26,,30,30,TRUE
4005DRSBROWN-XXL,6,6,6,6,6,6,5,5,5,5,5,5,5,5,5,5,5,5,4,4,4,4,4,4,4,4,4,4,4,4,,30,30,TRUE
4006DRSRED-3XL,5,9,9,9,9,9,7,7,7,11,11,10,10,54,54,55,55,55,55,55,60,60,60,60,59,54,56,57,57,57,,30,30,TRUE
4006DRSRED-4XL,3,11,12,11,11,11,10,10,10,9,9,9,4,65,65,65,65,65,64,65,71,71,71,71,71,71,73,73,73,73,,30,30,TRUE
4006DRSRED-5XL,6,8,8,10,10,10,9,9,10,13,12,12,12,12,12,12,12,12,11,11,55,55,55,55,55,55,61,61,63,63,,30,30,TRUE
4006DRSRED-L,5,5,5,5,5,5,5,5,5,5,5,5,5,12,12,12,12,12,10,10,59,59,59,59,58,59,60,60,62,62,,30,30,TRUE
4006DRSRED-M,8,11,11,11,11,11,11,10,10,10,10,10,10,10,10,10,10,10,10,9,92,92,92,91,91,91,99,99,103,101,,30,30,TRUE
4006DRSRED-S,28,30,30,30,30,26,26,26,26,27,26,26,26,26,26,22,22,22,22,22,52,52,53,53,53,53,55,55,55,55,,30,30,TRUE
4006DRSRED-XL,9,14,14,13,13,13,13,11,10,11,11,11,12,12,12,10,10,10,10,9,53,53,53,53,52,49,49,49,51,51,,30,30,TRUE
4006DRSRED-XS,6,10,10,10,10,10,10,10,10,11,11,11,11,11,11,9,9,9,7,7,28,28,28,29,29,29,39,39,39,39,,30,30,TRUE
4006DRSRED-XXL,7,10,9,9,8,8,6,6,6,6,6,6,7,7,7,6,6,6,6,6,77,78,78,78,77,78,78,78,77,77,,30,30,TRUE
4007DRSBLACK-3XL,29,32,32,32,32,32,32,31,31,34,34,34,34,34,34,34,34,34,32,32,72,72,72,71,71,70,70,70,63,63,,30,30,TRUE
4007DRSBLACK-4XL,30,33,33,32,32,32,30,30,30,30,30,30,30,30,30,27,27,27,27,27,64,63,63,63,63,63,67,67,67,67,,30,30,TRUE
4007DRSBLACK-5XL,27,30,34,34,34,34,34,34,34,36,36,36,36,35,35,34,34,34,34,34,64,69,69,69,69,69,71,71,69,69,,30,30,TRUE
4007DRSBLACK-L,33,36,39,39,39,38,37,37,37,39,39,39,38,38,38,33,33,33,33,33,58,58,58,57,57,57,65,66,61,61,,30,30,TRUE
4007DRSBLACK-M,18,20,20,20,20,20,20,20,20,21,21,21,22,22,22,22,22,22,22,22,117,117,117,117,116,113,134,134,131,131,,30,30,TRUE
4007DRSBLACK-S,36,39,39,39,39,39,39,39,39,42,42,42,42,42,42,42,42,42,41,41,59,59,59,59,59,59,59,59,59,59,,30,30,TRUE
4007DRSBLACK-XL,27,35,35,35,35,31,30,30,30,31,31,31,31,31,31,25,26,26,26,26,51,52,52,52,51,52,53,53,54,54,,30,30,TRUE
4007DRSBLACK-XXL,42,42,42,42,42,38,38,38,38,38,38,38,39,39,39,36,36,36,36,36,64,64,64,64,64,64,64,64,64,64,,30,30,TRUE
4008DRSMAROON-L,0,0,0,0,0,0,0,0,0,0,0,0,0,0,0,0,0,0,0,0,0,0,0,0,0,0,0,0,0,0,,0,0,TRUE
4008DRSMAROON-M,0,0,0,0,0,0,0,0,0,0,0,0,0,0,0,0,0,0,0,0,0,0,0,0,0,0,0,0,0,0,,0,0,TRUE
4008DRSMAROON-S,1,1,1,1,1,1,1,1,1,1,1,1,1,1,1,1,1,1,1,1,1,1,1,1,1,1,1,1,1,1,,30,30,TRUE
4008DRSMAROON-XL,0,0,0,0,0,0,0,0,0,0,0,0,0,0,0,0,0,0,0,0,0,0,0,0,0,0,0,0,0,0,,0,0,TRUE
4009DRSGREEN-L,0,0,0,0,0,0,0,0,0,0,0,0,0,0,0,0,0,0,0,0,0,0,0,0,0,0,0,0,0,1,,1,0,FALSE
4009DRSGREEN-M,0,0,0,0,0,0,0,0,0,0,0,0,0,0,0,0,0,0,0,0,0,0,0,0,0,0,0,0,0,0,,0,0,TRUE
4009DRSGREEN-S,0,0,0,0,0,0,0,0,0,0,0,0,0,0,0,0,0,0,0,0,0,0,0,0,0,0,0,0,0,0,,0,0,TRUE
4009DRSGREEN-XL,1,1,1,1,1,1,1,1,1,1,1,1,1,1,1,1,1,1,1,1,1,1,1,1,1,1,1,1,0,1,,29,26,FALSE
4010DRSMULTI-L,115,116,116,117,117,117,117,117,117,117,117,117,117,117,117,118,208,208,208,208,206,206,206,206,205,207,207,207,207,208,,30,30,TRUE
4010DRSMULTI-M,111,111,110,111,111,111,111,111,111,111,111,112,113,115,115,115,260,260,260,260,260,259,259,259,259,259,259,262,266,266,,30,30,TRUE
4010DRSMULTI-S,126,126,123,123,123,123,123,123,123,124,122,122,122,122,122,122,210,212,212,212,212,212,212,212,212,206,206,207,207,207,,30,30,TRUE
4010DRSMULTI-XL,36,37,36,38,37,37,36,36,29,29,29,29,29,29,29,29,127,127,127,127,127,127,127,128,128,128,128,129,129,129,,30,30,TRUE
4010DRSMULTI-XS,99,99,102,102,102,102,102,102,102,102,102,102,102,102,102,100,138,137,137,137,136,136,136,139,139,134,134,134,136,135,,30,30,TRUE
4011DRSBLUE-L,13,13,14,14,14,14,14,14,14,14,14,14,14,14,14,14,14,14,11,10,10,10,11,11,11,11,11,11,11,12,,30,30,TRUE
4011DRSBLUE-M,20,20,20,20,20,20,20,20,20,20,20,20,20,20,20,20,20,20,20,20,20,20,20,15,15,14,14,14,14,14,,30,30,TRUE
4011DRSBLUE-S,6,5,5,5,5,5,3,3,0,0,0,0,0,0,0,0,0,0,0,0,0,0,0,0,1,0,0,6,5,6,,12,11,FALSE
4011DRSBLUE-XL,18,18,18,18,16,16,14,14,14,14,14,14,14,14,14,12,12,12,11,11,11,11,11,11,11,11,11,11,11,11,,30,30,TRUE
4012DRSWHITE-L,1,2,1,1,1,1,1,0,0,0,0,0,2,0,0,0,0,0,0,0,0,0,0,0,0,0,0,0,0,0,,8,8,TRUE
4012DRSWHITE-M,2,3,1,1,1,0,0,0,0,0,0,0,0,0,0,0,0,0,0,1,0,0,0,0,0,0,0,0,0,1,,7,6,FALSE
4012DRSWHITE-S,2,1,1,1,1,1,1,1,1,1,0,0,0,0,0,0,0,0,0,0,0,0,0,0,0,0,0,0,0,2,,11,10,FALSE
4012DRSWHITE-XL,0,0,0,0,1,1,1,1,1,0,0,0,1,1,1,0,0,0,0,0,0,0,1,1,1,0,0,0,0,0,,11,9,FALSE
4012DRSWHITE-XS,1,2,2,2,2,1,1,1,1,1,1,1,1,1,1,1,1,1,1,1,1,1,1,1,1,1,1,1,1,1,,30,30,TRUE
4013DRSWHITE-3XL,1,2,2,3,1,1,1,1,1,1,1,2,2,2,2,2,2,2,1,0,0,0,1,1,1,1,1,0,1,1,,26,26,TRUE
4013DRSWHITE-4XL,4,4,2,3,3,2,2,2,0,0,0,0,0,0,0,0,0,0,0,0,0,0,0,0,0,0,0,0,0,0,,8,9,FALSE
4013DRSWHITE-5XL,1,1,1,1,2,2,0,0,1,0,0,0,0,0,0,0,0,0,0,0,0,0,3,3,3,3,3,3,5,4,,15,15,TRUE
4013DRSWHITE-L,6,6,6,6,7,7,5,5,5,5,4,4,4,4,4,4,4,4,4,4,3,3,3,5,5,5,5,5,5,5,,30,30,TRUE
4013DRSWHITE-M,3,3,3,3,3,3,3,3,3,3,3,3,3,3,3,3,3,3,3,3,3,3,3,3,7,3,3,3,3,3,,30,30,TRUE
4013DRSWHITE-S,7,7,7,7,7,7,7,7,6,6,6,6,6,6,6,6,6,6,6,6,6,6,6,6,6,6,5,5,5,5,,30,30,TRUE
4013DRSWHITE-XL,2,2,2,3,3,3,3,3,0,0,0,0,1,1,1,1,1,1,1,1,1,0,1,2,3,2,2,2,2,2,,25,25,TRUE
4013DRSWHITE-XS,12,12,16,16,16,16,16,16,14,14,14,14,14,14,14,14,14,14,14,14,14,14,14,14,14,14,14,14,14,14,,30,30,TRUE
4013DRSWHITE-XXL,1,1,1,1,1,1,1,1,1,1,1,1,1,1,1,2,2,2,2,2,2,2,3,3,3,3,3,3,4,4,,30,30,TRUE
4014DRSBLUE-3XL,0,0,0,0,0,0,0,0,0,0,0,0,1,0,0,0,0,0,0,0,0,0,0,1,1,1,0,0,0,0,,4,4,TRUE
4014DRSBLUE-4XL,0,2,2,2,1,1,1,1,0,0,0,0,1,1,1,0,0,0,0,0,0,0,0,0,0,0,0,1,1,1,,13,12,FALSE
4014DRSBLUE-5XL,0,0,0,0,0,0,0,0,0,0,0,0,0,0,0,0,0,0,0,0,0,0,1,2,1,2,2,2,2,2,,8,8,TRUE
4014DRSBLUE-L,0,2,2,3,3,3,3,3,3,2,2,2,2,2,2,1,1,1,1,1,1,1,1,1,3,1,1,2,2,2,,29,29,TRUE
4014DRSBLUE-M,3,3,3,3,3,3,3,3,0,0,0,0,0,0,0,0,0,1,0,0,0,0,0,0,6,0,0,0,0,0,,10,9,FALSE
4014DRSBLUE-S,12,12,12,12,11,11,9,9,9,9,9,9,9,9,9,5,1,1,1,1,1,1,1,1,3,1,1,1,1,1,,30,30,TRUE
4014DRSBLUE-XL,1,2,2,2,2,2,2,2,2,3,3,2,2,2,2,1,1,1,1,1,1,1,1,1,1,2,2,2,2,2,,30,30,TRUE
4014DRSBLUE-XXL,1,1,1,1,1,1,1,1,1,1,1,0,1,1,1,1,1,1,1,1,1,1,1,1,1,2,2,2,2,2,,29,29,TRUE
4015DRSBLUE-L,28,28,28,28,28,28,27,25,22,16,17,17,16,15,15,8,5,5,5,3,2,2,2,4,3,2,2,2,2,2,,30,30,TRUE
4015DRSBLUE-M,22,22,22,22,21,21,21,21,21,21,18,18,13,19,19,15,12,12,6,6,5,5,5,4,4,4,4,4,4,4,,30,30,TRUE
4015DRSBLUE-S,30,29,28,28,28,28,28,28,28,28,28,28,28,26,26,20,20,20,13,8,13,12,12,1,2,8,8,8,8,8,,30,30,TRUE
4015DRSBLUE-XL,23,23,23,23,22,22,21,20,20,20,19,18,18,17,17,8,5,4,5,5,3,4,4,4,4,2,2,2,2,2,,30,30,TRUE
4015DRSBLUE-XS,26,25,25,25,24,23,22,22,22,22,21,21,21,21,21,19,19,19,16,14,8,13,13,12,11,11,11,11,11,11,,30,30,TRUE
4016DRSWHITE-L,5,5,4,4,4,4,4,4,4,4,4,4,4,4,4,4,4,4,4,3,3,3,3,2,2,2,2,2,2,2,,30,30,TRUE
4016DRSWHITE-M,13,13,13,13,13,11,11,11,11,11,11,11,11,11,11,8,8,8,7,7,7,6,6,6,6,6,6,6,6,6,,30,30,TRUE
4016DRSWHITE-S,8,8,8,8,8,8,8,8,7,7,7,7,7,6,6,4,4,4,4,4,4,4,4,5,5,5,5,5,6,7,,30,30,TRUE
4016DRSWHITE-XL,4,4,4,4,4,4,4,4,0,0,0,0,1,1,1,1,1,1,1,1,1,1,1,1,1,1,1,1,1,1,,26,26,TRUE
4017DRSBLUE-3XL,52,52,52,53,52,51,51,50,50,51,51,50,50,50,50,39,38,34,31,31,39,57,57,51,51,54,51,51,45,45,,30,30,TRUE
4017DRSBLUE-4XL,22,22,21,21,21,21,21,21,21,24,24,24,24,24,24,19,19,19,19,17,26,49,48,48,47,48,48,48,45,45,,30,30,TRUE
4017DRSBLUE-5XL,14,14,15,16,16,9,9,9,9,9,9,9,10,10,10,7,7,7,6,6,42,58,57,57,57,53,53,52,45,45,,30,30,TRUE
4017DRSBLUE-L,43,43,43,44,44,44,44,44,44,45,45,45,45,45,45,41,41,41,31,31,140,161,161,161,159,157,157,157,158,158,,30,30,TRUE
4017DRSBLUE-M,34,34,39,39,39,39,39,40,39,39,39,39,39,39,39,35,35,35,35,35,80,112,112,113,111,106,106,106,106,106,,30,30,TRUE
4017DRSBLUE-S,17,17,17,17,17,17,16,16,16,16,16,16,17,17,17,14,15,14,11,10,69,80,80,80,80,72,72,72,72,72,,30,30,TRUE
4017DRSBLUE-XL,11,11,11,11,11,11,7,7,7,7,7,7,8,8,8,6,6,6,2,2,68,71,73,77,77,71,71,71,68,68,,30,30,TRUE
4017DRSBLUE-XXL,79,78,79,80,80,76,76,76,77,83,83,81,81,81,81,66,66,66,66,66,98,102,102,103,103,103,103,103,105,105,,30,30,TRUE
4018DRSBLUE-L,105,107,107,108,108,108,107,108,104,104,104,104,104,104,104,104,105,105,107,107,107,107,107,92,92,92,92,92,92,93,,30,30,TRUE
4018DRSBLUE-M,105,105,107,111,111,111,110,110,110,109,109,109,109,109,109,109,110,110,110,110,110,110,111,111,111,111,111,112,114,114,,30,30,TRUE
4018DRSBLUE-S,144,146,146,147,147,146,146,148,148,148,147,148,148,148,148,148,148,149,148,148,148,148,149,150,150,150,150,151,150,151,,30,30,TRUE
4018DRSBLUE-XL,2,1,0,1,1,0,0,0,0,0,0,0,1,1,1,1,1,1,0,0,0,0,0,0,0,0,0,15,16,16,,13,12,FALSE
4018DRSBLUE-XS,200,202,200,200,202,202,202,202,201,201,201,200,201,201,201,201,202,203,202,201,201,201,201,204,203,203,203,202,205,205,,30,30,TRUE
4019DRSWHITE-L,2,2,2,2,2,2,2,2,0,0,0,0,0,0,0,0,0,0,0,0,0,0,0,0,1,0,0,0,0,0,,9,8,FALSE
4019DRSWHITE-M,4,4,4,4,4,4,3,3,1,0,0,0,0,0,0,0,0,0,0,0,0,0,1,1,3,1,1,1,2,1,,17,17,TRUE
4019DRSWHITE-S,1,1,1,1,1,1,1,1,1,1,1,1,1,0,0,0,0,1,1,1,1,0,0,0,3,0,1,1,1,1,,22,21,FALSE
4019DRSWHITE-XL,7,7,7,7,7,5,3,2,0,0,0,0,0,0,0,0,1,1,0,0,0,0,0,0,2,1,1,3,3,3,,16,16,TRUE
4020DRSWHITE-3XL,0,0,0,0,0,0,0,0,0,0,0,0,0,0,0,0,0,0,0,0,0,0,0,0,0,0,0,0,0,0,,0,0,TRUE
4020DRSWHITE-4XL,0,0,0,0,0,0,0,0,0,0,0,0,0,0,0,0,0,0,0,0,0,0,0,0,0,0,0,0,0,0,,0,0,TRUE
4020DRSWHITE-5XL,0,0,0,0,0,0,0,0,0,0,0,0,0,0,0,0,0,0,0,0,0,0,0,0,0,0,0,0,0,0,,0,0,TRUE
4020DRSWHITE-L,1,1,1,1,1,1,1,1,1,1,1,1,1,1,1,0,0,0,0,0,0,0,0,0,0,0,0,0,0,0,,15,14,FALSE
4020DRSWHITE-M,0,0,1,0,1,1,1,1,1,1,1,1,1,1,1,0,1,1,1,1,0,0,0,0,0,0,0,0,0,0,,16,16,TRUE
4020DRSWHITE-S,0,0,0,0,0,0,0,0,0,0,0,0,0,0,0,0,0,0,0,0,0,0,0,0,0,0,0,0,0,0,,0,0,TRUE
4020DRSWHITE-XL,0,0,0,0,0,0,0,0,0,0,0,0,0,0,0,0,0,0,0,0,0,0,0,0,0,0,0,0,0,0,,0,0,TRUE
4020DRSWHITE-XXL,0,0,0,0,0,0,0,0,1,1,1,1,1,1,1,0,0,0,0,0,0,0,0,0,0,0,0,0,0,0,,7,7,TRUE
4021DRSGREEN-L,8,8,8,8,8,8,6,6,6,6,6,6,6,6,6,6,6,6,7,7,4,4,4,4,4,4,3,3,2,3,,30,30,TRUE
4021DRSGREEN-M,8,8,8,9,8,8,6,6,0,0,0,0,0,0,0,0,0,0,0,0,0,0,1,1,6,1,1,1,1,1,,16,16,TRUE
4021DRSGREEN-S,18,20,20,21,21,21,21,21,20,20,20,20,20,20,20,20,20,20,18,18,18,18,18,18,18,18,18,18,18,18,,30,30,TRUE
4021DRSGREEN-XL,5,5,5,7,7,7,4,4,0,0,0,0,1,1,1,1,2,2,2,2,2,2,2,2,3,2,3,3,3,3,,26,26,TRUE
4022DRSGREEN-L,11,13,12,12,12,12,9,9,9,9,8,8,10,10,10,4,3,3,0,0,0,0,0,0,3,0,0,0,0,0,,19,18,FALSE
4022DRSGREEN-M,7,8,7,7,7,7,5,5,4,3,3,3,2,1,1,1,3,3,2,2,2,0,1,0,0,0,0,0,0,0,,22,22,TRUE
4022DRSGREEN-S,8,7,6,6,6,6,4,4,4,4,4,4,4,4,4,4,4,4,4,4,4,4,4,4,4,4,4,4,5,5,,30,30,TRUE
4022DRSGREEN-XL,12,16,15,13,13,13,8,8,8,8,8,8,8,8,8,6,6,6,7,7,7,7,7,7,7,7,7,6,6,5,,30,30,TRUE
4022DRSGREEN-XS,1,2,1,1,1,1,0,0,0,0,0,0,0,0,0,0,0,0,0,0,0,0,0,0,0,0,0,0,0,0,,6,6,TRUE
4022DRSGREEN-XXL,13,14,14,14,14,13,13,13,13,13,13,13,13,13,13,13,13,13,12,12,12,12,13,13,13,5,5,5,5,5,,30,30,TRUE
4026DRSGREEN-L,0,0,0,0,0,0,0,0,0,0,0,0,0,0,0,0,0,0,0,0,0,0,0,0,0,0,0,0,0,1,,1,1,TRUE
4026DRSGREEN-M,0,0,0,0,0,0,0,0,0,0,0,0,0,0,0,0,0,0,0,0,0,0,0,0,0,0,0,0,0,1,,1,1,TRUE
4026DRSGREEN-S,0,0,0,0,0,0,0,0,0,0,0,0,0,0,0,0,0,1,1,1,1,1,1,0,0,0,0,0,0,0,,6,5,FALSE
4026DRSGREEN-XL,0,0,0,0,0,0,0,0,0,0,0,0,0,0,0,0,0,0,0,0,0,0,0,0,0,0,0,0,0,0,,0,0,TRUE
4026DRSGREEN-XS,0,0,0,0,0,0,0,0,0,0,0,0,0,0,0,0,0,0,0,0,0,0,0,0,0,0,0,0,0,0,,0,0,TRUE
4027DRSGREY-L,25,25,25,25,25,25,25,25,21,21,21,21,21,21,21,21,21,21,20,20,20,20,20,20,20,20,20,21,21,21,,30,30,TRUE
4027DRSGREY-M,23,23,23,23,23,23,23,23,23,23,23,23,23,23,23,23,23,23,23,23,23,23,23,23,23,22,22,22,22,22,,30,30,TRUE
4027DRSGREY-S,32,32,32,32,32,32,32,32,32,32,32,32,32,31,31,31,31,31,31,31,31,31,31,31,31,32,32,33,33,33,,30,30,TRUE
4027DRSGREY-XS,30,30,33,33,33,33,33,33,33,30,28,28,27,27,27,27,27,27,27,27,27,27,27,28,28,28,28,28,28,28,,30,30,TRUE
4028DRSPINK-3XL,8,7,7,9,6,4,4,5,1,1,1,1,2,2,2,2,2,2,1,2,2,2,3,3,3,3,1,0,0,0,,27,27,TRUE
4028DRSPINK-4XL,6,7,6,7,5,5,3,3,1,0,0,0,2,2,2,0,0,0,0,1,1,1,2,2,1,1,1,1,0,45,,22,17,FALSE
4028DRSPINK-5XL,4,4,4,5,4,3,3,3,1,1,1,1,1,1,1,1,1,1,0,0,0,0,1,0,1,1,1,1,1,0,,24,23,FALSE
4028DRSPINK-6XL,4,5,5,7,7,6,3,3,0,0,0,0,0,0,0,0,0,0,0,0,0,0,0,3,4,3,3,3,3,2,,15,15,TRUE
4028DRSPINK-7XL,1,5,5,5,6,5,5,6,4,4,4,3,3,2,2,2,2,2,2,2,2,2,3,4,6,4,4,4,4,4,,30,30,TRUE
4028DRSPINK-8XL,15,15,14,14,14,14,14,14,13,13,13,12,12,12,12,10,10,10,5,2,5,5,5,5,5,5,5,5,5,5,,30,30,TRUE
4028DRSPINK-L,24,24,24,25,25,25,25,25,25,25,25,25,25,25,25,25,25,25,25,25,25,25,25,25,25,25,25,25,25,24,,30,30,TRUE
4028DRSPINK-M,20,20,22,22,23,23,23,23,23,23,23,24,24,24,24,19,19,19,13,13,13,13,13,13,13,11,11,11,11,11,,30,30,TRUE
4028DRSPINK-S,39,39,41,41,41,41,41,41,41,41,41,41,41,41,41,36,36,36,32,32,32,32,32,32,32,32,32,32,32,32,,30,30,TRUE
4028DRSPINK-XL,41,41,41,41,42,42,41,41,41,40,39,39,38,38,38,31,31,31,21,21,21,21,21,21,21,22,22,21,21,11,,30,30,TRUE
4028DRSPINK-XXL,7,7,7,6,6,6,6,6,0,0,0,1,1,1,1,1,2,2,2,2,2,2,2,1,11,1,1,1,1,1,,27,27,TRUE
4029DRSWHITE-L,9,9,11,11,10,10,8,6,6,6,6,6,6,6,6,6,6,6,4,2,2,2,2,2,3,2,2,2,2,2,,30,30,TRUE
4029DRSWHITE-M,18,18,18,18,18,18,18,18,18,18,18,18,18,18,18,18,18,18,18,18,18,18,18,18,18,16,16,16,16,16,,30,30,TRUE
4029DRSWHITE-S,21,22,24,25,25,25,25,25,25,24,22,22,22,22,22,22,22,22,22,22,22,20,21,21,21,21,21,20,20,21,,30,30,TRUE
4029DRSWHITE-XL,0,0,0,0,0,0,0,0,0,0,0,0,0,0,0,0,0,0,0,0,0,0,0,0,0,0,0,0,0,0,,0,0,TRUE
4029DRSWHITE-XS,22,22,22,22,21,21,21,21,21,21,21,21,21,21,21,21,21,21,21,21,21,21,21,21,21,21,21,21,21,21,,30,30,TRUE
4031DRSBLUE-L,2,4,1,8,12,8,8,8,11,8,7,4,10,11,11,12,12,12,10,10,8,2,7,12,12,10,7,10,12,9,,30,30,TRUE
4031DRSBLUE-M,37,47,43,29,43,38,36,34,31,27,30,31,35,33,33,38,37,37,35,34,32,28,27,30,29,25,26,24,26,23,,30,30,TRUE
4031DRSBLUE-S,41,40,37,35,34,31,29,31,30,33,31,34,34,33,33,35,35,35,34,34,33,30,32,37,36,38,37,35,40,39,,30,30,TRUE
4031DRSBLUE-XL,84,84,79,86,84,78,78,75,76,77,71,72,81,80,80,83,84,83,78,76,75,72,76,79,79,79,73,74,75,74,,30,30,TRUE
4032DRSGREEN-L,0,1,1,0,0,0,0,0,0,0,0,0,0,0,0,0,0,0,0,0,0,0,0,0,0,0,0,0,0,0,,2,2,TRUE
4032DRSGREEN-M,2,2,2,2,2,2,2,2,1,1,1,1,1,1,1,0,0,0,0,0,0,0,0,0,1,0,0,1,2,2,,19,17,FALSE
4032DRSGREEN-S,0,0,0,0,0,0,0,0,0,0,0,0,0,0,0,0,0,0,0,0,0,0,0,0,6,0,0,0,1,1,,3,2,FALSE
4032DRSGREEN-XL,0,0,0,0,0,0,0,0,0,0,0,0,0,0,0,0,0,0,0,0,0,0,0,1,1,1,1,1,0,1,,6,5,FALSE
4032DRSGREEN-XS,4,4,4,4,3,3,3,2,0,0,0,1,1,1,1,1,1,1,1,1,1,1,1,1,3,1,1,1,2,2,,27,27,TRUE
4032DRSGREEN-XXL,1,1,1,2,2,0,0,0,0,0,0,0,0,0,0,0,0,0,0,0,0,0,0,0,0,0,0,0,0,0,,5,5,TRUE
4033DRSBLUE-3XL,14,14,9,9,9,6,4,2,0,3,3,2,2,1,1,1,1,1,1,0,0,1,1,3,3,2,2,2,3,2,,27,27,TRUE
4033DRSBLUE-4XL,10,9,8,7,5,5,4,4,1,2,1,0,1,1,1,2,3,3,1,0,0,1,2,5,5,3,3,2,2,2,,27,27,TRUE
4033DRSBLUE-5XL,8,9,8,8,7,7,5,5,1,1,1,1,2,1,1,1,1,1,1,1,1,1,1,1,1,1,1,1,1,1,,30,30,TRUE
4033DRSBLUE-6XL,2,6,2,4,4,2,2,2,0,0,0,0,0,0,0,1,1,2,2,2,2,2,2,3,3,3,2,2,3,8,,23,23,TRUE
4033DRSBLUE-7XL,18,18,17,17,18,18,18,18,15,16,16,16,16,16,16,16,16,16,10,10,10,11,11,13,12,12,7,7,7,7,,30,30,TRUE
4033DRSBLUE-8XL,7,7,7,8,10,10,10,10,10,10,10,10,10,9,9,7,7,7,5,5,5,4,4,4,8,4,4,4,4,4,,30,30,TRUE
4033DRSBLUE-L,22,22,22,22,22,20,19,18,15,15,15,15,15,15,15,17,17,17,11,11,9,8,8,8,11,8,8,8,8,8,,30,30,TRUE
4033DRSBLUE-M,19,19,19,19,19,18,18,18,17,17,17,17,17,17,17,17,17,17,17,17,17,16,16,18,18,18,18,18,18,18,,30,30,TRUE
4033DRSBLUE-S,24,24,27,27,27,27,27,26,26,26,26,26,26,26,26,26,26,26,22,22,22,22,22,22,22,22,22,22,22,22,,30,30,TRUE
4033DRSBLUE-XL,34,34,35,35,34,33,33,34,28,29,27,27,27,27,27,27,27,27,17,16,15,15,15,3,17,8,8,8,9,6,,30,30,TRUE
4033DRSBLUE-XXL,8,8,8,10,10,10,5,4,2,2,2,2,2,1,1,1,1,1,2,2,2,2,2,3,2,2,2,7,4,4,,30,30,TRUE
4034DRSNAVY-L,16,16,16,16,16,16,16,16,14,14,14,14,14,14,14,14,14,14,14,14,14,14,14,14,14,14,14,14,14,14,,30,30,TRUE
4034DRSNAVY-M,18,18,21,21,21,21,21,21,21,21,21,21,21,21,21,21,21,21,21,21,21,21,21,21,21,21,21,22,22,22,,30,30,TRUE
4034DRSNAVY-S,26,27,27,27,27,27,27,27,27,27,27,27,27,27,27,27,27,27,27,27,27,27,27,27,27,27,27,27,27,27,,30,30,TRUE
4034DRSNAVY-XL,23,23,25,25,25,25,25,25,25,25,25,25,25,25,25,25,25,25,24,24,24,24,24,24,24,24,24,24,24,24,,30,30,TRUE
4034DRSNAVY-XS,29,29,29,29,29,29,29,29,29,29,29,29,29,29,29,29,29,29,29,29,29,29,29,29,29,29,29,29,29,29,,30,30,TRUE
4035DRSMULTI-L,0,0,1,0,1,1,1,1,1,0,0,0,0,0,0,0,0,0,0,0,0,0,0,0,12,0,0,10,5,5,,10,9,FALSE
4035DRSMULTI-M,24,24,25,25,25,25,25,25,25,24,24,25,26,26,26,26,26,26,26,26,26,26,26,16,16,12,12,12,12,8,,30,30,TRUE
4035DRSMULTI-S,28,28,28,29,29,29,29,29,29,29,29,29,29,29,29,29,29,29,29,29,29,29,29,29,29,28,28,28,28,28,,30,30,TRUE
4035DRSMULTI-XS,33,33,33,33,33,33,33,33,33,33,33,33,33,33,33,33,33,33,33,33,33,33,33,33,33,33,33,33,33,33,,30,30,TRUE
4036DRSMULTI-L,41,41,41,41,41,41,41,41,41,20,20,20,20,20,20,20,20,20,20,20,20,20,20,20,20,20,20,20,20,25,,30,30,TRUE
4036DRSMULTI-M,49,49,49,62,62,62,62,62,62,62,62,62,62,62,62,60,60,60,60,60,60,59,59,58,58,58,58,58,45,47,,30,30,TRUE
4036DRSMULTI-S,16,16,20,20,20,20,20,20,20,19,19,19,19,19,19,19,19,19,19,19,19,19,19,19,19,19,19,19,20,20,,30,30,TRUE
4036DRSMULTI-XL,42,42,42,42,42,42,42,42,38,38,38,38,38,38,38,38,38,38,38,38,37,37,37,37,37,36,36,36,36,37,,30,30,TRUE
4036DRSMULTI-XS,8,8,8,8,8,8,8,8,8,8,8,8,8,8,8,8,8,8,8,8,8,8,8,8,8,8,8,8,8,8,,30,30,TRUE
4038DRSBLACK-L,29,29,34,34,33,25,24,24,24,24,22,22,22,21,21,17,17,17,16,16,7,9,9,9,6,8,8,8,8,8,,30,30,TRUE
4038DRSBLACK-M,23,23,28,28,28,28,28,28,27,27,25,24,18,22,22,17,17,17,16,15,7,12,12,13,13,13,13,13,10,10,,30,30,TRUE
4038DRSBLACK-S,23,23,28,28,28,27,26,26,26,25,22,21,21,21,21,15,13,13,12,12,7,7,7,7,6,6,6,6,6,6,,30,30,TRUE
4038DRSBLACK-XL,16,16,21,21,21,20,20,20,20,19,19,19,14,19,19,14,14,14,12,11,6,8,7,7,7,7,7,7,8,8,,30,30,TRUE
4038DRSBLACK-XS,11,11,11,11,11,11,11,11,12,12,11,11,11,11,11,7,6,6,5,5,3,2,2,1,4,1,1,1,1,1,,30,30,TRUE
4038DRSBLACK-XXL,14,14,19,19,19,15,15,15,15,15,13,12,7,12,12,13,12,12,12,12,11,11,12,11,10,5,4,4,2,2,,30,30,TRUE
4042DRSPINK-3XL-4XL,25,25,25,25,25,25,25,25,25,25,25,25,25,25,25,25,25,25,25,25,25,25,25,25,25,25,25,25,25,25,,30,30,TRUE
4042DRSPINK-5XL-6XL,26,26,26,26,26,26,26,26,26,26,26,26,26,26,26,26,26,26,26,26,26,26,26,26,25,25,25,25,25,25,,30,30,TRUE
4042DRSPINK-7XL-8XL,13,13,13,13,13,13,13,13,13,13,13,13,13,13,13,13,13,13,13,13,13,13,13,13,13,13,13,13,13,13,,30,30,TRUE
4042DRSPINK-M-L,10,10,10,10,10,10,10,10,10,10,10,10,10,10,10,10,10,10,10,10,10,10,10,10,10,10,10,10,10,10,,30,30,TRUE
4042DRSPINK-XL-XXL,26,26,26,26,26,26,26,26,26,26,26,26,26,26,26,26,26,26,26,26,26,26,26,26,26,26,26,26,26,26,,30,30,TRUE
4042DRSPINK-XS-S,14,14,14,14,14,14,14,14,14,14,14,14,14,14,14,14,14,14,14,14,14,14,14,13,13,13,13,13,13,13,,30,30,TRUE
4043DRSMULTI-L,25,25,25,25,25,25,25,25,25,25,25,25,25,25,25,25,25,25,25,25,25,22,22,22,22,22,22,22,23,23,,30,30,TRUE
4043DRSMULTI-M,25,25,25,25,25,25,25,25,25,25,25,25,25,25,25,25,25,25,24,24,24,24,24,23,23,23,23,23,22,22,,30,30,TRUE
4043DRSMULTI-S,25,25,25,25,25,25,25,25,25,25,25,25,25,25,25,25,25,25,25,25,25,25,25,24,24,24,24,24,23,23,,30,30,TRUE
4043DRSMULTI-XL,25,25,25,25,25,25,25,25,25,25,25,25,25,25,25,25,25,25,24,24,24,23,23,23,23,23,23,21,21,22,,30,30,TRUE
42YK187WHITE-L,0,0,0,0,0,0,0,0,0,0,0,0,0,0,0,0,0,0,0,0,0,0,0,0,0,0,0,0,0,1,,1,0,FALSE
42YK187WHITE-M,4,4,4,4,4,4,4,4,4,4,4,4,4,4,4,4,4,4,3,3,3,3,3,3,3,3,4,4,4,4,,30,30,TRUE
42YK187WHITE-S,9,9,9,9,9,9,9,9,9,9,9,9,9,9,9,9,9,9,8,8,8,8,8,8,8,8,8,8,8,8,,30,30,TRUE
42YK187WHITE-XL,0,0,0,0,0,0,0,0,0,0,0,0,0,0,0,0,0,0,0,0,0,0,0,0,0,0,0,0,0,0,,0,0,TRUE
42YK187WHITE-XS,2,2,2,2,2,2,2,2,2,2,2,2,2,2,2,2,2,2,2,2,2,2,2,2,2,2,2,2,2,2,,30,30,TRUE
42YK187WHITE-XXL,0,0,0,0,0,0,0,0,0,0,0,0,0,0,0,0,0,0,0,0,0,0,0,0,0,0,0,0,0,0,,0,0,TRUE
43YK128BLUE-M,0,0,0,0,0,0,0,0,0,0,0,0,0,0,0,0,0,0,0,0,0,0,0,0,0,0,0,0,0,0,,0,0,TRUE
43YK128BLUE-S,0,0,0,0,0,0,0,0,0,0,0,0,0,0,0,0,0,0,0,0,0,0,0,0,0,0,0,0,0,0,,0,0,TRUE
48YK151NAVY-L,0,0,0,0,0,0,0,0,0,0,0,0,0,0,0,0,0,0,0,0,0,0,0,0,0,0,0,0,0,0,,0,0,TRUE
49YK151MAROON-L,0,0,0,0,0,0,0,0,0,0,0,0,0,0,0,0,0,0,0,0,0,0,0,0,0,0,0,0,0,0,,0,0,TRUE
49YK151MAROON-S,2,2,2,2,2,2,2,2,2,2,1,2,2,2,2,2,2,2,2,2,2,2,2,2,2,2,2,2,2,2,,30,30,TRUE
49YK151MAROON-XL,0,0,0,0,0,0,0,0,0,0,0,0,0,0,0,0,0,0,0,0,0,0,0,0,0,0,0,0,0,0,,0,0,TRUE
49YK151MAROON-XXL,0,0,0,0,0,0,0,0,0,0,0,0,0,0,0,0,0,0,0,0,0,0,0,0,0,0,0,0,0,0,,0,0,TRUE
5001YK363BLACK-L,0,0,0,0,0,0,0,0,0,0,0,0,0,0,0,0,0,0,0,0,0,0,0,0,0,0,0,0,0,0,,0,0,TRUE
5001YK363BLACK-M,0,0,0,0,0,0,0,0,0,0,0,0,0,0,0,0,0,0,0,0,0,0,0,0,0,0,0,0,0,0,,0,0,TRUE
5002YK364PINK-L,0,0,0,0,0,0,0,0,0,0,0,0,0,0,0,0,0,0,0,0,0,0,0,0,0,0,0,0,0,0,,0,0,TRUE
5002YK364PINK-M,0,0,0,0,0,0,0,0,0,0,0,0,0,0,0,0,0,0,0,0,0,0,0,0,0,0,0,0,0,0,,0,0,TRUE
5002YK364PINK-S,0,0,0,0,0,0,0,0,0,0,0,0,0,0,0,0,0,0,0,0,0,0,0,0,0,0,0,0,0,0,,0,0,TRUE
5002YK364PINK-XL,0,0,0,0,0,0,0,0,0,0,0,0,0,0,0,0,0,0,0,0,0,0,0,0,0,0,0,0,0,0,,0,0,TRUE
5003YK364BLACK-L,0,0,0,0,0,0,0,0,0,0,0,0,0,0,0,0,0,0,0,0,0,0,0,0,0,0,0,0,0,0,,0,0,TRUE
5003YK364BLACK-M,0,0,0,0,0,0,0,0,0,0,0,0,0,0,0,0,0,0,0,0,0,0,0,0,0,0,0,0,0,0,,0,0,TRUE
5003YK364BLACK-S,0,0,0,0,0,0,0,0,0,0,0,0,0,0,0,0,0,0,0,0,0,0,0,0,0,0,0,0,0,0,,0,0,TRUE
5003YK364BLACK-XL,0,0,0,0,0,0,0,0,0,0,0,0,0,0,0,0,0,0,0,0,0,0,0,0,0,0,0,0,0,0,,0,0,TRUE
5004YK364WHITE-L,0,0,0,0,0,0,0,0,0,0,0,0,0,0,0,0,0,0,0,0,0,0,0,0,0,0,0,0,0,0,,0,0,TRUE
5004YK364WHITE-M,0,0,0,0,0,0,0,0,0,0,0,0,0,0,0,0,0,0,0,0,0,0,0,0,0,0,0,0,0,0,,0,0,TRUE
5004YK364WHITE-S,0,0,0,0,0,0,0,0,0,0,0,0,0,0,0,0,0,0,0,0,0,0,0,0,0,0,0,0,0,0,,0,0,TRUE
5004YK364WHITE-XL,0,0,0,0,0,0,0,0,0,0,0,0,0,0,0,0,0,0,0,0,0,0,0,0,0,0,0,0,0,0,,0,0,TRUE
5005YKBROWN-3XL,7,7,7,7,7,6,3,3,0,0,0,0,0,0,0,0,0,0,0,0,0,0,0,0,2,0,0,1,30,25,,12,11,FALSE
5005YKBROWN-4XL,9,9,10,10,9,9,7,8,8,8,8,8,8,8,8,6,6,6,6,6,4,4,4,4,4,4,3,3,34,34,,30,30,TRUE
5005YKBROWN-5XL,6,6,8,8,8,8,8,8,8,8,8,8,8,8,8,7,7,7,7,7,5,5,5,6,6,6,6,6,46,46,,30,30,TRUE
5005YKBROWN-6XL,5,5,5,5,5,5,3,3,1,1,1,1,1,1,1,1,1,1,1,1,1,1,1,60,60,58,58,58,58,58,,30,30,TRUE
5005YKBROWN-7XL,21,21,21,21,21,21,21,21,19,19,19,19,19,19,19,19,19,19,15,15,15,15,15,15,15,15,15,15,60,60,,30,30,TRUE
5005YKBROWN-8XL,19,19,21,21,21,19,19,19,19,19,19,19,19,19,19,20,20,20,20,20,20,20,22,23,23,23,23,23,23,23,,30,30,TRUE
5005YKBROWN-L,0,0,0,0,0,0,0,0,0,0,0,0,0,0,0,0,0,0,0,0,0,0,0,0,0,0,1,1,46,47,,4,4,TRUE
5005YKBROWN-M,1,1,1,1,1,1,1,1,2,2,2,2,2,2,2,2,2,2,2,2,2,2,2,35,35,10,4,4,4,4,,30,30,TRUE
5005YKBROWN-S,7,7,6,6,6,6,6,8,8,7,6,6,6,6,6,4,4,4,4,4,4,4,4,4,4,4,4,4,39,39,,30,30,TRUE
5005YKBROWN-XL,1,1,1,3,3,3,3,2,0,0,0,1,1,1,1,1,1,1,1,1,1,1,1,1,25,0,0,0,10,5,,24,23,FALSE
5005YKBROWN-XXL,3,3,3,3,3,3,2,2,0,0,0,0,0,0,0,0,0,0,0,0,0,0,0,0,0,0,0,0,30,25,,10,10,TRUE
5006YKBLUE-3XL,19,19,20,21,21,21,21,21,21,21,21,21,21,21,21,21,21,21,21,21,21,21,21,21,26,21,21,21,21,21,,30,30,TRUE
5006YKBLUE-4XL,3,3,3,4,4,4,3,3,3,3,3,3,3,3,3,3,3,3,3,3,3,3,3,3,9,2,2,3,3,3,,30,30,TRUE
5006YKBLUE-5XL,13,13,13,13,14,10,10,10,9,9,9,9,11,12,12,12,12,12,12,12,12,12,12,12,13,4,3,3,3,3,,30,30,TRUE
5006YKBLUE-6XL,23,23,23,23,23,19,19,19,19,19,19,19,19,19,19,19,19,19,19,19,19,19,19,19,19,14,14,14,14,14,,30,30,TRUE
5006YKBLUE-7XL,12,12,14,14,14,14,14,14,14,14,14,14,14,14,14,15,15,15,15,15,15,15,15,15,15,15,15,15,15,15,,30,30,TRUE
5006YKBLUE-8XL,15,15,15,15,16,16,16,16,12,12,11,12,12,12,12,12,12,12,10,10,10,10,10,10,10,10,10,10,10,10,,30,30,TRUE
5006YKBLUE-L,1,1,1,3,3,3,3,3,0,0,0,0,0,0,0,0,0,0,0,0,0,0,0,0,1,0,0,0,0,4,,10,9,FALSE
5006YKBLUE-M,6,6,6,7,7,7,7,7,7,7,7,7,7,7,7,7,7,7,7,7,7,7,7,7,13,7,3,3,3,3,,30,30,TRUE
5006YKBLUE-S,0,0,0,0,0,0,0,0,0,0,0,0,0,0,0,0,0,0,0,0,0,0,0,0,6,0,1,1,1,1,,5,4,FALSE
5006YKBLUE-XL,0,0,0,0,0,0,0,0,0,0,0,0,0,0,0,0,0,0,0,0,0,0,0,0,17,0,0,0,0,5,,2,1,FALSE
5006YKBLUE-XXL,26,26,25,25,25,20,20,20,20,20,19,19,19,19,19,19,19,19,18,18,18,18,18,18,21,14,7,7,7,7,,30,30,TRUE
5007YKBLACK-3XL,9,10,10,11,11,11,11,11,62,62,62,62,62,62,62,62,62,62,42,42,32,32,33,33,56,13,13,14,14,14,,30,30,TRUE
5007YKBLACK-4XL,38,38,36,36,36,36,36,36,44,45,45,56,57,57,57,58,58,58,44,44,34,35,36,36,41,26,26,26,26,26,,30,30,TRUE
5007YKBLACK-5XL,33,34,35,34,34,34,32,31,69,69,69,68,65,68,68,48,48,48,38,33,23,23,22,23,44,21,20,20,19,18,,30,30,TRUE
5007YKBLACK-6XL,15,15,15,16,16,16,16,16,19,19,19,36,36,37,37,22,22,22,14,14,10,9,9,9,30,9,9,10,10,10,,30,30,TRUE
5007YKBLACK-7XL,15,15,15,15,15,15,13,13,43,43,43,53,53,53,53,38,38,38,38,38,23,23,23,23,22,23,23,23,23,23,,30,30,TRUE
5007YKBLACK-8XL,21,21,21,21,22,12,12,12,15,15,15,45,45,45,45,32,32,32,32,32,26,26,26,26,38,26,26,26,27,27,,30,30,TRUE
5007YKBLACK-L,98,98,96,98,98,98,98,98,99,122,122,121,121,121,121,113,113,113,103,102,77,77,77,77,77,57,57,58,58,59,,30,30,TRUE
5007YKBLACK-M,85,85,85,86,86,86,86,86,86,84,84,84,84,84,84,74,74,74,64,64,42,42,42,42,59,42,42,42,42,42,,30,30,TRUE
5007YKBLACK-S,18,19,19,20,19,12,12,12,29,29,29,38,38,39,39,39,39,39,39,39,39,39,39,39,39,29,29,29,28,28,,30,30,TRUE
5007YKBLACK-XL,25,25,23,23,23,23,23,23,47,51,31,81,81,81,81,79,79,79,69,69,69,69,69,69,95,49,49,49,49,49,,30,30,TRUE
5007YKBLACK-XS,9,9,9,9,9,9,9,9,36,36,36,35,35,35,35,35,35,35,35,35,30,30,30,30,29,22,22,27,27,27,,30,30,TRUE
5007YKBLACK-XXL,99,99,99,98,98,98,97,97,139,139,138,147,147,146,146,147,147,147,132,132,132,132,133,133,132,112,113,113,114,113,,30,30,TRUE
5008YKGREEN-3XL,58,58,57,57,57,57,57,57,57,58,58,58,58,58,58,58,58,58,57,57,47,47,47,47,47,47,46,46,46,46,,30,30,TRUE
5008YKGREEN-4XL,7,7,7,7,7,7,7,7,7,7,7,7,7,7,7,7,7,7,7,7,7,7,7,7,10,5,5,5,5,5,,30,30,TRUE
5008YKGREEN-5XL,15,15,15,15,15,11,10,10,10,10,10,10,10,10,10,10,10,10,9,9,9,9,9,9,13,9,9,9,8,8,,30,30,TRUE
5008YKGREEN-6XL,20,20,20,20,20,16,16,16,16,16,16,16,16,16,16,16,16,16,16,16,16,16,16,16,16,16,16,16,16,16,,30,30,TRUE
5008YKGREEN-7XL,14,14,14,14,14,14,14,14,14,14,14,14,14,14,14,14,14,15,15,15,15,15,15,15,15,13,13,13,13,13,,30,30,TRUE
5008YKGREEN-8XL,16,16,16,16,16,16,16,16,14,14,13,13,13,13,13,12,12,12,12,12,12,12,12,13,13,13,13,13,13,13,,30,30,TRUE
5008YKGREEN-L,2,2,2,4,3,1,0,0,0,0,0,0,0,0,0,1,1,1,2,1,1,1,1,3,2,2,2,1,1,1,,21,21,TRUE
5008YKGREEN-M,71,71,71,70,70,60,60,60,60,60,59,59,59,59,59,53,53,53,53,53,53,53,54,53,52,42,32,33,33,34,,30,30,TRUE
5008YKGREEN-S,16,16,16,16,16,16,16,15,11,11,6,6,0,0,0,0,0,0,0,0,0,0,0,0,16,0,0,0,0,0,,13,12,FALSE
5008YKGREEN-XL,70,70,73,73,73,53,53,53,53,53,53,53,53,53,53,43,43,43,43,43,43,43,43,43,62,37,37,36,37,37,,30,30,TRUE
5008YKGREEN-XS,22,22,22,22,22,22,22,23,22,22,22,22,22,22,22,23,23,23,22,22,22,22,22,22,22,20,20,20,20,20,,30,30,TRUE
5008YKGREEN-XXL,54,54,54,53,53,53,53,52,52,52,52,52,52,52,52,53,53,53,53,53,43,43,44,44,44,28,28,27,26,26,,30,30,TRUE
5009YKGREY-3XL,57,57,57,57,57,51,51,51,51,51,45,47,47,47,47,42,43,43,43,43,43,43,43,43,43,42,42,42,37,37,,30,30,TRUE
5009YKGREY-4XL,10,11,11,13,13,13,13,13,13,13,13,13,13,13,13,13,13,13,13,13,13,13,13,13,14,13,13,13,13,13,,30,30,TRUE
5009YKGREY-5XL,21,21,24,25,25,19,19,19,16,16,13,13,13,13,13,13,13,13,13,13,13,13,13,13,16,13,13,13,13,13,,30,30,TRUE
5009YKGREY-6XL,22,22,22,22,23,19,19,19,17,17,16,17,17,17,17,14,14,14,14,14,14,14,14,14,14,14,14,14,14,14,,30,30,TRUE
5009YKGREY-7XL,16,16,19,19,19,19,19,19,19,19,19,19,19,19,19,17,17,17,17,17,17,17,17,17,17,17,17,17,17,17,,30,30,TRUE
5009YKGREY-8XL,14,14,14,14,15,15,15,15,14,14,14,14,13,13,13,10,10,10,10,10,6,6,6,6,6,6,6,6,6,6,,30,30,TRUE
5009YKGREY-L,34,34,34,35,36,32,31,31,31,31,31,31,29,29,29,25,25,25,25,25,9,9,10,3,18,3,3,3,3,3,,30,30,TRUE
5009YKGREY-M,22,22,22,25,25,19,18,18,18,18,18,18,18,18,18,18,18,18,18,18,18,18,18,18,18,12,12,11,11,11,,30,30,TRUE
5009YKGREY-S,37,37,39,39,39,37,37,38,38,38,38,38,38,38,38,38,38,38,38,38,38,38,38,38,38,38,37,37,37,37,,30,30,TRUE
5009YKGREY-XL,50,50,50,51,51,51,51,51,51,51,51,51,51,50,50,50,50,50,46,46,36,36,36,36,36,26,26,26,26,26,,30,30,TRUE
5009YKGREY-XXL,20,20,20,20,20,16,16,16,16,16,16,16,16,16,16,9,9,9,9,9,9,9,9,7,15,8,9,9,6,7,,30,30,TRUE
5010YKWHITE-3XL,166,167,166,167,167,167,167,167,167,171,171,175,176,176,176,175,175,175,173,173,173,173,173,174,173,159,159,159,149,149,,30,30,TRUE
5010YKWHITE-4XL,121,121,121,121,122,122,122,122,122,125,125,128,128,128,128,128,128,128,128,128,128,128,128,128,128,128,128,128,188,188,,30,30,TRUE
5010YKWHITE-5XL,139,139,139,140,140,140,140,140,140,158,158,161,162,162,162,152,152,152,152,152,132,132,132,131,131,131,131,131,241,241,,30,30,TRUE
5010YKWHITE-6XL,29,29,29,29,29,21,21,21,21,20,20,21,23,23,23,18,18,18,18,18,18,17,17,17,22,17,17,17,12,12,,30,30,TRUE
5010YKWHITE-7XL,51,53,53,52,52,52,52,53,53,53,53,56,55,55,55,55,55,55,50,50,50,50,50,50,50,50,50,50,51,51,,30,30,TRUE
5010YKWHITE-8XL,56,56,56,56,56,54,54,54,53,53,53,53,51,51,51,51,51,51,41,41,41,41,41,41,41,41,41,43,33,33,,30,30,TRUE
5010YKWHITE-L,270,276,274,274,273,273,271,270,267,268,247,253,255,255,255,251,251,251,221,220,219,219,219,220,219,181,179,179,349,349,,30,30,TRUE
5010YKWHITE-M,240,243,242,242,240,240,240,240,239,237,237,248,248,247,247,251,252,253,253,253,253,253,253,346,345,295,295,295,381,381,,30,30,TRUE
5010YKWHITE-S,92,94,94,95,94,94,94,93,93,106,105,105,104,104,104,104,104,104,103,103,103,103,103,102,102,102,101,101,110,110,,30,30,TRUE
5010YKWHITE-XL,260,260,258,258,258,257,255,255,256,259,229,244,244,244,244,247,247,247,247,247,247,245,245,436,434,334,333,333,432,432,,30,30,TRUE
5010YKWHITE-XS,30,30,30,30,30,29,29,29,29,29,29,31,31,31,31,31,31,31,31,31,31,31,31,31,31,24,24,24,71,71,,30,30,TRUE
5010YKWHITE-XXL,139,137,135,131,137,137,137,137,137,155,155,180,181,181,181,181,181,181,181,181,181,182,182,182,179,151,150,151,301,301,,30,30,TRUE
5011YKOWHITE-3XL,18,18,19,21,21,21,20,20,20,20,20,32,33,33,33,33,33,33,33,33,33,33,33,33,33,24,24,23,23,23,,30,30,TRUE
5011YKOWHITE-4XL,55,55,55,55,55,55,55,55,55,55,55,64,64,64,64,64,64,64,64,64,64,64,64,64,64,64,64,64,64,64,,30,30,TRUE
5011YKOWHITE-5XL,14,14,14,14,13,12,11,11,11,11,11,47,48,48,48,48,49,49,49,49,49,49,49,49,49,49,49,49,49,49,,30,30,TRUE
5011YKOWHITE-6XL,52,52,52,54,54,54,53,53,53,53,53,73,73,73,73,68,69,69,69,69,66,66,66,66,66,66,66,66,67,67,,30,30,TRUE
5011YKOWHITE-7XL,18,18,18,18,19,16,15,15,15,15,15,34,34,34,34,30,30,30,30,29,29,29,29,29,29,29,29,29,29,29,,30,30,TRUE
5011YKOWHITE-8XL,49,50,49,49,49,49,49,49,44,44,44,46,46,46,46,47,47,47,46,46,46,46,46,46,46,46,46,46,47,47,,30,30,TRUE
5011YKOWHITE-L,65,66,66,66,67,66,66,65,65,64,63,89,87,88,88,78,78,78,78,76,61,61,61,61,61,61,61,62,63,63,,30,30,TRUE
5011YKOWHITE-M,26,26,26,25,25,25,25,24,24,24,24,77,78,78,78,78,78,78,78,78,78,78,78,162,161,148,148,149,150,150,,30,30,TRUE
5011YKOWHITE-S,37,37,37,37,37,37,37,38,38,38,38,38,38,38,38,39,39,39,39,39,39,39,39,40,40,40,41,41,40,42,,30,30,TRUE
5011YKOWHITE-XL,52,51,51,52,52,52,52,51,51,51,49,93,89,94,94,94,94,94,92,92,92,92,92,93,93,83,83,83,83,83,,30,30,TRUE
5011YKOWHITE-XS,9,9,9,10,10,10,10,10,10,10,10,14,14,14,14,15,15,15,15,15,15,15,15,15,15,14,14,14,14,14,,30,30,TRUE
5011YKOWHITE-XXL,86,86,86,86,86,86,85,85,85,85,85,114,114,114,114,114,114,114,112,110,112,112,112,112,112,102,102,101,100,100,,30,30,TRUE
5012YKPINK-3XL,47,52,54,54,54,54,53,53,49,49,49,49,49,49,49,52,52,52,52,52,52,52,52,54,54,54,54,54,54,54,,30,30,TRUE
5012YKPINK-4XL,18,22,22,22,22,18,18,18,16,16,16,16,17,17,17,15,18,15,12,12,12,12,12,14,14,14,14,14,14,14,,30,30,TRUE
5012YKPINK-5XL,44,49,49,49,49,49,49,49,49,49,49,49,50,50,50,49,49,49,49,49,49,49,49,49,48,49,49,49,49,49,,30,30,TRUE
5012YKPINK-L,31,33,33,33,32,20,20,19,19,19,19,19,19,19,19,14,14,14,9,9,9,9,9,8,25,8,10,11,11,11,,30,30,TRUE
5012YKPINK-M,74,81,80,80,80,80,80,80,80,81,81,81,81,81,81,77,77,77,72,71,70,70,70,71,71,71,71,71,71,71,,30,30,TRUE
5012YKPINK-S,44,59,59,60,60,56,56,56,54,53,53,52,52,52,52,53,53,53,53,53,53,53,53,53,53,53,56,56,56,56,,30,30,TRUE
5012YKPINK-XL,49,63,63,64,64,64,64,64,63,63,63,65,64,64,64,65,65,65,61,61,61,61,61,62,58,41,40,40,40,40,,30,30,TRUE
5012YKPINK-XS,29,31,31,31,31,31,29,29,29,29,29,28,28,28,28,28,28,28,28,28,28,28,28,28,28,28,28,28,28,28,,30,30,TRUE
5012YKPINK-XXL,51,61,61,61,61,61,61,61,61,60,60,60,59,59,59,61,61,61,56,56,56,56,56,57,57,46,47,47,47,46,,30,30,TRUE
5013YKRED-3XL,15,15,14,14,14,14,14,14,26,26,26,210,210,210,210,210,211,211,211,211,211,211,211,211,210,201,201,201,201,201,,30,30,TRUE
5013YKRED-4XL,73,73,73,73,73,73,73,72,155,155,154,218,218,218,218,218,218,218,218,218,217,217,217,217,217,208,208,209,209,209,,30,30,TRUE
5013YKRED-5XL,13,13,13,14,14,10,10,10,89,89,89,192,192,192,192,184,184,184,184,184,184,184,184,184,184,183,183,183,183,183,,30,30,TRUE
5013YKRED-6XL,22,22,26,26,26,26,26,26,53,53,53,53,53,53,53,53,53,53,53,53,53,53,53,53,53,53,53,53,54,54,,30,30,TRUE
5013YKRED-7XL,19,19,19,19,18,18,18,18,18,18,18,18,18,18,18,18,18,18,18,18,18,19,19,19,19,19,19,19,19,19,,30,30,TRUE
5013YKRED-8XL,44,44,42,42,42,42,42,42,48,48,48,54,54,54,54,54,54,54,53,53,53,53,53,53,53,53,53,53,53,53,,30,30,TRUE
5013YKRED-L,60,60,61,61,61,51,51,51,85,85,85,179,177,177,177,178,178,178,178,178,173,173,173,173,173,162,164,164,164,163,,30,30,TRUE
5013YKRED-M,151,151,151,151,151,143,143,143,214,214,213,215,215,214,214,215,215,215,215,215,215,215,215,215,215,206,212,212,212,212,,30,30,TRUE
5013YKRED-S,29,29,29,29,29,29,29,29,30,30,30,45,45,45,45,45,45,45,45,45,45,45,45,45,44,45,45,45,45,45,,30,30,TRUE
5013YKRED-XL,145,145,146,146,146,145,145,145,148,148,148,219,219,219,219,220,220,220,210,210,200,200,200,200,199,190,190,190,180,180,,30,30,TRUE
5013YKRED-XS,41,41,41,41,41,41,41,41,43,43,43,43,43,43,43,43,44,44,44,44,44,44,44,44,44,44,44,44,44,44,,30,30,TRUE
5013YKRED-XXL,195,195,195,194,194,184,184,184,193,193,193,192,191,193,193,187,187,187,187,187,187,187,187,187,184,186,186,186,186,186,,30,30,TRUE
5014YKMAROON-3XL,0,0,0,0,0,0,0,1,1,1,1,1,2,2,2,2,2,2,2,2,2,2,3,4,4,3,3,2,2,2,,23,23,TRUE
5014YKMAROON-4XL,34,34,34,34,34,34,34,34,34,34,34,34,34,34,34,34,34,34,26,26,26,26,26,27,26,27,27,27,27,20,,30,30,TRUE
5014YKMAROON-5XL,101,101,101,101,101,101,101,101,101,101,101,101,101,101,101,101,101,101,99,99,99,99,102,102,102,104,104,105,107,107,,30,30,TRUE
5014YKMAROON-6XL,11,11,11,9,9,9,7,7,3,3,3,3,3,4,4,4,4,4,4,4,4,4,4,3,6,3,3,3,4,4,,30,30,TRUE
5014YKMAROON-7XL,2,2,2,2,2,2,2,2,2,2,2,2,2,2,2,2,2,2,2,2,2,2,2,2,4,2,2,2,2,2,,30,30,TRUE
5014YKMAROON-8XL,23,23,23,23,23,19,19,19,19,18,18,18,18,18,18,18,18,18,18,18,18,18,18,18,18,18,18,18,18,18,,30,30,TRUE
5014YKMAROON-L,0,0,0,1,2,2,1,1,1,1,1,1,1,1,1,0,0,0,0,0,0,0,0,0,0,0,0,1,1,1,,15,14,FALSE
5014YKMAROON-M,1,1,1,3,3,2,2,2,0,0,0,0,0,0,0,0,0,0,0,0,0,0,0,0,3,0,0,0,0,0,,9,8,FALSE
5014YKMAROON-S,6,6,6,6,6,6,4,4,0,0,0,0,0,0,0,0,0,0,0,0,0,0,0,0,5,0,0,0,0,0,,9,8,FALSE
5014YKMAROON-XL,7,7,7,7,7,7,7,6,5,5,5,5,5,5,5,5,4,4,4,4,2,4,4,4,4,4,5,5,5,4,,30,30,TRUE
5014YKMAROON-XS,1,1,1,2,2,2,2,2,0,0,0,0,0,0,0,0,0,0,0,0,0,0,0,0,0,0,0,0,0,0,,8,8,TRUE
5014YKMAROON-XXL,0,0,0,0,0,0,0,0,0,0,0,1,1,1,1,1,1,1,1,1,1,1,1,2,1,2,2,2,2,2,,19,19,TRUE
5015YKMUSTARD-3XL,14,14,14,14,14,14,14,14,6,6,6,6,6,6,6,6,6,6,6,6,6,5,6,6,19,6,6,5,6,6,,30,30,TRUE
5015YKMUSTARD-4XL,12,12,12,12,12,12,10,10,6,6,6,6,6,6,6,6,6,6,6,6,6,7,7,7,11,7,7,7,7,7,,30,30,TRUE
5015YKMUSTARD-5XL,21,21,21,21,21,21,21,21,21,21,21,21,21,21,21,21,21,21,21,21,21,21,21,21,21,21,21,22,22,22,,30,30,TRUE
5015YKMUSTARD-6XL,23,24,24,24,24,24,24,24,24,24,24,24,24,24,24,24,24,24,23,23,23,23,23,23,23,23,23,23,23,23,,30,30,TRUE
5015YKMUSTARD-7XL,17,17,17,17,17,17,17,17,15,15,15,15,15,15,15,15,15,15,15,15,15,15,15,15,15,15,15,15,15,15,,30,30,TRUE
5015YKMUSTARD-8XL,21,21,21,21,21,21,21,21,19,19,17,17,17,17,17,17,17,17,16,16,16,16,16,16,16,16,16,16,16,16,,30,30,TRUE
5015YKMUSTARD-L,22,22,22,22,22,21,21,21,21,21,21,21,21,21,21,18,18,18,17,17,17,17,17,18,29,11,10,11,11,6,,30,30,TRUE
5015YKMUSTARD-M,13,13,13,13,12,12,8,8,4,4,4,4,5,5,5,5,5,6,6,6,6,6,6,6,6,6,6,7,7,7,,30,30,TRUE
5015YKMUSTARD-S,15,15,15,15,15,15,15,15,10,10,9,9,9,9,9,9,9,9,9,9,9,9,9,9,10,9,10,10,10,10,,30,30,TRUE
5015YKMUSTARD-XL,2,2,3,2,2,2,2,2,0,0,0,0,1,1,1,0,0,0,0,0,0,0,0,0,12,0,0,1,1,6,,15,14,FALSE
5015YKMUSTARD-XS,0,0,0,0,0,0,0,0,0,0,0,0,0,0,0,0,0,0,0,0,0,0,0,0,0,0,0,0,0,0,,0,0,TRUE
5015YKMUSTARD-XXL,17,17,17,17,17,17,17,17,8,1,8,8,8,8,8,8,8,8,8,8,8,8,8,8,24,8,3,3,3,3,,30,30,TRUE
5016YKBLUE-L,0,0,0,0,0,0,0,0,0,0,0,0,0,0,0,0,0,0,0,0,0,0,0,0,0,0,0,0,0,0,,0,0,TRUE
5016YKBLUE-M,0,0,0,0,0,0,0,0,0,0,0,0,0,0,0,0,0,0,0,0,0,0,0,0,0,0,0,0,0,0,,0,0,TRUE
5016YKBLUE-S,0,0,0,0,0,0,0,0,0,0,0,0,0,0,0,0,0,0,0,0,0,0,0,0,0,0,0,0,0,0,,0,0,TRUE
5016YKBLUE-XL,0,0,0,0,0,0,0,0,0,0,0,0,0,0,0,0,0,0,0,0,0,0,0,0,0,0,0,0,0,0,,0,0,TRUE
5016YKBLUE-XXL,0,0,0,0,0,0,0,0,0,0,0,0,0,0,0,0,0,0,0,0,0,0,0,0,0,0,0,0,0,0,,0,0,TRUE
5017YKSHARARA-3XL,1,1,1,1,1,1,1,1,1,1,1,1,2,2,2,2,2,2,2,2,2,1,1,1,1,1,1,1,1,1,,30,30,TRUE
5017YKSHARARA-4XL,0,0,0,0,0,0,0,0,0,0,0,0,0,0,0,0,0,0,0,0,0,0,0,0,0,0,0,0,0,0,,0,0,TRUE
5017YKSHARARA-5XL,0,0,0,0,0,0,0,0,0,0,0,0,0,0,0,0,0,0,0,0,0,0,0,0,0,0,0,0,0,0,,0,0,TRUE
5017YKSHARARA-L,0,0,0,0,0,0,0,0,0,0,0,0,0,0,0,0,0,0,0,0,0,0,0,0,0,0,0,0,0,0,,0,0,TRUE
5017YKSHARARA-M,0,0,0,0,0,0,0,0,0,0,0,0,0,0,0,0,0,0,0,0,0,0,0,0,0,0,0,0,0,0,,0,0,TRUE
5017YKSHARARA-S,0,0,0,0,0,0,0,0,0,0,0,0,0,0,0,0,0,0,0,0,0,0,0,0,0,0,0,0,0,0,,0,0,TRUE
5017YKSHARARA-XL,8,8,8,8,8,8,8,8,9,9,9,9,9,8,8,8,8,8,7,7,7,7,7,6,6,6,6,6,6,6,,30,30,TRUE
5017YKSHARARA-XXL,2,2,2,2,2,2,2,1,1,1,1,0,0,0,0,0,0,0,0,0,0,0,0,0,0,0,0,0,0,2,,12,11,FALSE
5018YKRED-3XL,0,0,0,0,0,0,0,0,0,0,0,0,0,0,0,0,0,0,0,0,0,0,0,0,0,0,0,0,0,0,,0,0,TRUE
5018YKRED-4XL,0,0,0,0,0,0,0,0,0,0,0,0,0,0,0,0,0,0,0,0,0,0,0,0,0,0,0,0,0,0,,0,0,TRUE
5018YKRED-5XL,0,0,0,0,0,0,0,0,0,0,0,0,0,0,0,0,0,0,0,0,0,0,0,0,0,0,0,0,0,0,,0,0,TRUE
5018YKRED-L,1,1,1,1,1,1,1,1,1,0,0,0,0,0,0,0,0,0,0,0,0,0,0,0,0,0,0,0,1,2,,11,11,TRUE
5018YKRED-M,0,0,0,0,0,0,0,0,0,0,0,0,0,0,0,0,0,0,0,0,0,0,0,0,0,0,0,0,0,0,,0,0,TRUE
5018YKRED-S,0,0,0,0,0,0,0,0,0,0,0,0,0,0,0,0,0,0,0,0,0,0,0,0,0,0,0,0,0,0,,0,0,TRUE
5018YKRED-XL,2,2,2,2,2,2,2,2,2,2,1,1,1,1,1,1,1,1,1,1,1,1,1,1,1,1,1,1,0,0,,28,28,TRUE
5018YKRED-XXL,4,4,4,4,4,4,4,4,4,4,4,4,4,3,3,2,2,2,2,2,2,1,1,2,2,2,4,4,4,4,,30,30,TRUE
5019YKDENIM-3XL,0,0,0,0,0,0,0,0,0,0,0,0,0,0,0,0,0,1,1,1,1,1,1,2,9,1,0,1,1,1,,12,12,TRUE
5019YKDENIM-4XL,39,39,39,40,40,40,40,41,39,39,39,39,39,41,41,41,41,41,41,41,41,41,41,40,40,40,20,20,20,20,,30,30,TRUE
5019YKDENIM-5XL,1,1,1,0,0,0,0,0,0,0,0,0,1,0,0,0,0,0,0,0,0,0,1,1,4,1,1,1,1,21,,12,12,TRUE
5019YKDENIM-L,0,0,4,1,3,2,1,1,1,1,1,1,1,1,1,1,1,1,1,1,1,1,1,1,13,1,1,1,1,8,,28,28,TRUE
5019YKDENIM-M,21,21,21,21,22,22,22,22,22,22,21,22,22,22,22,20,20,20,19,19,19,19,19,19,19,19,11,10,10,10,,30,30,TRUE
5019YKDENIM-S,9,6,4,7,9,9,8,9,9,9,9,9,9,9,9,10,12,12,13,13,13,12,12,12,12,11,11,11,11,11,,30,30,TRUE
5019YKDENIM-XL,46,46,40,41,41,41,41,41,41,46,46,46,47,47,47,48,48,48,48,48,47,45,48,48,47,41,41,41,43,28,,30,30,TRUE
5019YKDENIM-XS,6,6,7,7,7,7,7,7,7,7,5,5,5,5,5,5,5,5,5,5,5,5,5,5,5,5,5,5,5,5,,30,30,TRUE
5019YKDENIM-XXL,1,1,1,4,4,4,4,4,4,4,3,2,3,2,2,2,2,2,2,2,2,2,2,3,8,3,3,2,2,2,,30,30,TRUE
5020YKYELLOW-L,0,0,0,0,0,0,0,0,0,0,0,0,0,0,0,0,0,0,0,0,0,0,0,0,0,0,0,0,0,0,,0,0,TRUE
5020YKYELLOW-M,10,10,10,9,9,9,9,9,9,9,9,9,9,9,9,9,9,9,9,9,9,9,9,8,8,8,8,8,8,8,,30,30,TRUE
5020YKYELLOW-S,7,7,7,8,8,8,8,8,8,8,7,8,8,8,8,8,8,8,8,8,7,7,7,7,7,7,7,7,7,7,,30,30,TRUE
5020YKYELLOW-XL,0,0,0,0,0,0,0,0,0,0,0,0,0,0,0,0,0,0,0,0,0,0,0,0,0,0,0,0,0,0,,0,0,TRUE
5020YKYELLOW-XS,0,0,0,0,0,0,0,0,0,0,0,0,0,0,0,0,0,0,0,0,0,0,0,0,0,0,0,0,0,0,,0,#N/A,#N/A
5020YKYELLOW-XXL,0,0,0,0,0,0,0,0,0,0,0,0,0,0,0,0,0,0,0,0,0,0,0,0,0,0,0,0,0,0,,0,0,TRUE
5021YKBLUE-S,0,0,0,0,0,0,0,0,0,0,0,0,0,0,0,0,0,0,0,0,0,0,0,0,0,0,0,0,0,0,,0,0,TRUE
5022YKWHITE-L,0,0,0,0,0,0,0,0,0,0,0,0,0,0,0,0,0,0,0,0,0,0,0,0,0,0,0,0,0,0,,0,0,TRUE
5022YKWHITE-M,5,5,5,5,6,6,6,6,6,6,5,6,6,5,5,4,4,4,3,3,3,3,3,3,3,3,4,4,4,4,,30,30,TRUE
5022YKWHITE-S,29,29,29,29,29,29,29,29,29,29,29,29,29,29,29,29,29,29,29,29,29,29,29,29,29,27,27,27,27,27,,30,30,TRUE
5022YKWHITE-XL,0,0,0,0,0,0,0,0,0,0,0,0,0,0,0,0,0,0,0,0,0,0,0,0,0,0,0,0,0,0,,0,0,TRUE
5022YKWHITE-XXL,0,0,0,0,0,0,0,0,0,0,0,0,0,0,0,0,0,0,0,0,0,0,0,0,0,0,0,0,0,0,,0,0,TRUE
5023YKBLUE-3XL,0,0,0,0,0,0,0,0,0,0,0,0,0,0,0,0,0,0,0,0,0,0,0,0,0,0,0,0,0,2,,1,0,FALSE
5023YKBLUE-4XL,4,4,4,4,3,3,3,3,0,0,0,0,0,0,0,0,0,0,0,0,0,0,0,0,3,0,0,0,0,3,,10,9,FALSE
5023YKBLUE-5XL,10,10,10,10,10,10,10,10,10,10,10,10,10,10,10,10,10,10,10,10,10,10,10,10,10,6,3,3,3,3,,30,30,TRUE
5023YKBLUE-L,1,1,1,1,2,2,2,2,0,0,0,0,0,0,0,1,1,1,1,1,1,1,1,1,1,1,1,1,1,1,,23,23,TRUE
5023YKBLUE-M,2,2,2,2,2,2,2,2,2,2,2,2,2,2,2,3,3,3,2,2,2,2,2,2,12,2,2,2,2,2,,30,30,TRUE
5023YKBLUE-S,6,6,6,4,4,3,3,3,0,0,0,0,0,0,0,0,1,1,1,1,1,1,1,1,3,1,1,1,1,1,,22,22,TRUE
5023YKBLUE-XL,1,2,2,2,2,2,2,1,1,1,1,1,1,1,1,1,1,1,1,1,1,1,1,1,1,1,1,1,1,1,,30,30,TRUE
5023YKBLUE-XS,3,3,3,3,3,3,3,3,1,1,1,1,1,1,1,1,1,1,1,1,1,1,1,1,2,1,1,1,1,1,,30,30,TRUE
5023YKBLUE-XXL,1,1,1,1,1,1,1,1,1,1,1,1,1,1,1,1,1,1,1,1,1,1,1,1,5,1,1,1,1,1,,30,30,TRUE
5024YKBLACK-3XL,1,1,1,1,1,1,1,1,1,1,1,1,1,1,1,1,1,1,1,1,1,1,1,1,1,1,1,1,1,1,,30,30,TRUE
5024YKBLACK-4XL,0,0,0,0,0,0,0,0,0,0,0,0,0,0,0,0,0,0,0,0,0,0,0,0,0,0,0,0,0,0,,0,0,TRUE
5024YKBLACK-5XL,2,2,2,2,2,2,2,2,2,2,2,2,2,2,2,2,2,2,2,2,2,2,2,2,2,2,1,1,1,1,,30,30,TRUE
5024YKBLACK-L,2,2,2,2,1,1,1,1,1,1,1,1,1,0,0,0,0,0,0,0,0,0,0,0,0,0,0,0,0,2,,14,13,FALSE
5024YKBLACK-M,1,1,1,1,1,1,1,1,1,1,1,1,1,1,1,1,1,1,1,1,1,1,1,1,1,1,1,1,1,1,,30,30,TRUE
5024YKBLACK-S,0,0,0,0,0,0,0,0,0,0,0,0,0,0,0,0,0,0,0,0,0,0,0,0,0,0,0,0,0,0,,0,0,TRUE
5024YKBLACK-XL,1,1,1,1,1,1,1,1,1,1,1,1,1,1,1,1,1,1,1,1,1,1,1,1,1,1,1,1,1,1,,30,30,TRUE
5024YKBLACK-XXL,7,7,7,7,7,7,7,7,7,7,7,7,7,7,7,7,7,7,7,7,7,7,7,7,7,8,8,8,9,9,,30,30,TRUE
5025YKTEAL-3XL,25,25,28,28,28,28,28,27,19,19,19,19,19,19,19,19,19,19,19,19,19,18,19,19,19,18,18,18,18,18,,30,30,TRUE
5025YKTEAL-4XL,22,22,22,22,22,21,21,21,21,21,21,21,23,23,23,20,20,20,20,20,20,20,20,20,20,20,20,20,20,20,,30,30,TRUE
5025YKTEAL-5XL,19,19,22,22,22,22,22,22,17,17,17,17,17,17,17,17,17,17,15,15,15,14,14,14,14,14,14,14,14,14,,30,30,TRUE
5025YKTEAL-L,7,7,7,7,8,6,6,6,0,0,0,0,0,0,0,0,0,0,0,0,0,0,0,1,5,0,0,0,0,10,,11,10,FALSE
5025YKTEAL-M,35,35,35,36,37,37,37,37,32,32,32,32,32,32,32,32,32,32,29,29,28,28,28,28,28,28,18,18,13,13,,30,30,TRUE
5025YKTEAL-S,12,12,12,12,12,12,12,12,10,10,10,10,10,10,10,10,10,10,10,10,10,10,10,10,10,6,6,6,6,6,,30,30,TRUE
5025YKTEAL-XL,43,43,43,43,43,38,38,38,38,38,38,37,37,37,37,33,33,33,33,33,28,28,28,28,28,23,23,23,23,13,,30,30,TRUE
5025YKTEAL-XXL,53,53,52,52,52,52,52,52,52,53,53,53,53,52,52,48,48,48,46,46,46,46,46,46,46,42,42,42,42,42,,30,30,TRUE
5026YKYELLOW-L,38,38,38,38,38,38,38,38,38,38,38,38,38,38,38,38,38,38,38,38,38,38,38,38,38,38,38,38,38,38,,30,30,TRUE
5026YKYELLOW-M,20,20,20,20,20,20,20,20,20,20,20,20,20,20,20,20,20,20,20,20,20,20,20,20,20,20,20,20,21,21,,30,30,TRUE
5026YKYELLOW-S,12,12,12,11,11,11,11,11,11,11,11,11,11,11,11,11,11,11,11,11,11,11,12,12,12,12,12,12,12,12,,30,30,TRUE
5026YKYELLOW-XL,30,30,30,31,31,31,31,31,31,31,31,31,31,31,31,31,31,31,30,30,30,30,30,30,30,30,30,30,30,30,,30,30,TRUE
5026YKYELLOW-XS,0,0,0,0,0,0,0,0,0,0,0,0,0,0,0,0,0,0,0,0,0,0,0,0,0,0,0,0,0,0,,0,0,TRUE
5026YKYELLOW-XXL,31,31,31,31,31,30,30,30,30,30,30,30,29,29,29,27,27,27,27,27,27,27,27,27,27,27,27,27,28,28,,30,30,TRUE
5027YKMULTI-3XL,0,0,0,0,0,0,0,0,0,0,0,0,0,0,0,0,0,0,0,0,0,0,0,0,0,0,0,0,0,0,,0,0,TRUE
5027YKMULTI-L,18,18,18,18,18,18,18,17,17,15,15,15,15,15,15,15,15,15,15,15,15,15,15,16,16,16,16,16,16,16,,30,30,TRUE
5027YKMULTI-M,19,19,19,19,19,19,19,19,18,18,18,18,19,19,19,19,19,19,18,18,18,18,18,18,18,18,18,18,18,18,,30,30,TRUE
5027YKMULTI-S,19,19,19,19,19,19,19,19,20,20,20,20,20,20,20,20,20,20,20,20,20,20,20,20,20,20,20,20,19,19,,30,30,TRUE
5027YKMULTI-XL,16,16,16,16,16,15,15,15,15,15,15,15,15,15,15,15,15,15,14,14,14,14,14,15,15,15,16,17,17,17,,30,30,TRUE
5027YKMULTI-XXL,7,7,7,8,8,8,8,8,8,8,4,8,8,8,8,8,8,8,8,8,8,8,8,8,7,7,7,7,7,7,,30,30,TRUE
5028YKMUSTARD-L,38,38,41,41,41,41,41,41,41,41,41,41,41,41,41,41,41,41,41,41,41,41,41,42,42,40,40,40,40,40,,30,30,TRUE
5028YKMUSTARD-M,29,29,29,29,29,29,29,29,29,29,29,29,29,29,29,29,29,29,29,29,29,29,29,29,29,29,29,29,29,29,,30,30,TRUE
5028YKMUSTARD-S,12,12,12,12,11,10,10,10,11,11,11,11,11,11,11,11,11,11,11,11,11,11,11,11,11,12,12,12,12,12,,30,30,TRUE
5028YKMUSTARD-XL,14,14,14,15,15,14,14,14,14,14,11,14,14,14,14,14,14,14,14,14,13,13,13,13,13,13,13,13,13,13,,30,30,TRUE
5028YKMUSTARD-XXL,15,15,15,15,15,15,15,15,15,14,14,15,15,15,15,14,14,14,12,12,12,12,12,12,12,12,13,13,13,13,,30,30,TRUE
5029YKMULTI-L,7,7,7,7,7,7,7,7,7,7,6,6,1,6,6,6,6,6,6,6,6,6,6,6,6,6,6,6,6,6,,30,30,TRUE
5029YKMULTI-M,10,10,10,14,14,14,14,14,14,14,14,14,14,14,14,14,14,14,14,14,14,14,14,14,14,12,12,12,9,9,,30,30,TRUE
5029YKMULTI-S,24,24,24,24,24,24,24,24,24,24,24,24,24,24,24,24,24,24,24,24,24,24,24,24,24,24,24,24,24,24,,30,30,TRUE
5029YKMULTI-XL,20,20,20,20,20,20,20,20,20,20,20,20,20,19,19,19,19,19,19,19,19,19,19,19,18,18,18,18,18,18,,30,30,TRUE
5029YKMULTI-XXL,8,8,8,8,8,8,8,8,8,8,8,8,8,8,8,6,6,6,6,6,6,6,6,6,6,6,8,8,8,8,,30,30,TRUE
5030YKMULTI-S,0,0,0,0,0,0,0,0,0,0,0,0,0,0,0,0,0,0,0,0,0,0,0,0,0,0,0,0,0,0,,0,0,TRUE
5030YKMULTI-XL,0,0,0,0,0,0,0,0,0,0,0,0,0,0,0,0,0,0,0,0,0,0,0,0,0,0,0,0,0,0,,0,0,TRUE
5031YKMAROON-L-XL,21,21,21,22,22,22,22,22,22,22,18,18,18,18,18,19,19,19,17,17,17,16,16,17,17,17,19,19,19,19,,30,30,TRUE
5031YKMAROON-S-M,56,56,56,56,56,55,55,55,55,55,40,55,55,55,55,55,55,55,45,45,45,43,43,43,43,43,47,48,48,49,,30,30,TRUE
5031YKMAROON-XXL-3XL,35,35,35,35,35,35,35,35,35,35,34,34,33,31,31,29,29,29,27,27,27,27,27,27,27,27,34,34,34,34,,30,30,TRUE
5032YKBLACK-L-XL,26,26,26,27,27,27,27,27,28,28,28,28,29,29,29,29,29,29,27,27,26,26,27,28,28,28,28,28,28,28,,30,30,TRUE
5032YKBLACK-S-M,54,54,54,54,54,54,54,54,54,54,54,57,57,57,57,57,57,57,50,50,50,50,50,50,50,50,51,51,51,51,,30,30,TRUE
5032YKBLACK-XXL-3XL,45,45,45,47,47,46,46,46,46,46,46,46,46,46,46,46,46,46,44,44,43,43,43,43,43,43,45,45,45,45,,30,30,TRUE
5033YKBEIGE-3XL,20,20,20,21,21,21,21,21,21,21,21,21,21,21,21,21,21,21,21,20,20,20,20,19,17,19,19,19,19,19,,30,30,TRUE
5033YKBEIGE-4XL,21,21,21,21,21,21,21,20,12,12,11,11,11,11,11,11,11,11,7,7,7,7,7,8,13,8,8,8,8,8,,30,30,TRUE
5033YKBEIGE-5XL,8,8,8,11,11,10,10,10,10,10,10,10,10,10,10,10,10,10,10,10,10,10,10,10,9,10,10,9,10,10,,30,30,TRUE
5033YKBEIGE-6XL,13,13,13,13,13,13,13,13,11,11,11,11,11,11,11,11,12,12,12,12,12,11,11,11,11,11,11,11,11,11,,30,30,TRUE
5033YKBEIGE-7XL,0,0,0,0,0,0,0,0,0,0,0,0,0,0,0,0,0,0,0,0,0,0,0,0,0,0,0,0,0,7,,1,0,FALSE
5033YKBEIGE-8XL,21,21,22,22,22,22,22,22,22,22,22,22,22,22,22,22,22,22,22,22,22,22,22,23,23,23,23,23,23,23,,30,30,TRUE
5033YKBEIGE-L,14,14,14,16,16,16,16,16,16,16,16,16,16,17,17,11,12,12,12,12,8,8,8,8,12,8,8,8,8,8,,30,30,TRUE
5033YKBEIGE-M,22,23,23,25,25,25,25,25,25,25,25,25,25,25,25,25,25,25,25,25,25,24,24,26,26,26,26,26,26,26,,30,30,TRUE
5033YKBEIGE-S,34,34,35,36,36,36,36,36,36,36,35,36,36,36,36,35,35,35,34,34,34,34,34,38,38,38,39,39,39,39,,30,30,TRUE
5033YKBEIGE-XL,40,40,40,41,41,41,41,41,41,40,40,40,40,40,40,40,40,40,39,39,39,39,39,39,39,33,34,34,34,35,,30,30,TRUE
5033YKBEIGE-XXL,17,17,17,17,17,17,17,17,17,17,17,17,18,18,18,18,18,18,18,18,18,18,18,18,17,17,16,16,16,16,,30,30,TRUE
5034YKOFFWHITE-3XL,114,114,114,114,114,113,113,113,111,110,110,110,111,111,111,111,111,111,110,109,109,107,107,107,103,106,106,105,135,136,,30,30,TRUE
5034YKOFFWHITE-4XL,68,68,68,70,70,70,70,70,70,70,70,70,70,70,70,118,118,118,118,117,112,112,112,112,111,112,112,112,102,102,,30,30,TRUE
5034YKOFFWHITE-5XL,89,89,87,87,87,87,87,87,88,89,89,89,89,89,89,89,90,89,80,79,74,74,74,73,72,73,73,73,109,109,,30,30,TRUE
5034YKOFFWHITE-6XL,35,34,34,34,35,35,35,35,35,34,34,34,34,34,34,70,70,70,70,70,70,70,69,69,68,65,65,65,65,65,,30,30,TRUE
5034YKOFFWHITE-7XL,34,34,34,34,34,34,34,34,31,31,31,31,31,31,31,32,32,32,31,31,31,31,31,31,31,31,31,31,53,53,,30,30,TRUE
5034YKOFFWHITE-8XL,44,44,44,45,45,45,45,45,45,45,45,45,45,45,45,72,72,72,72,71,71,71,71,72,69,71,70,71,68,68,,30,30,TRUE
5034YKOFFWHITE-L,203,203,201,200,198,198,197,197,196,195,193,192,187,193,193,232,232,232,231,231,231,231,232,232,230,232,231,232,219,219,,30,30,TRUE
5034YKOFFWHITE-M,100,100,100,101,101,101,101,103,103,103,103,104,104,103,103,160,160,161,161,161,161,161,161,161,160,160,160,159,160,160,,30,30,TRUE
5034YKOFFWHITE-S,23,25,25,25,25,25,25,27,27,27,27,27,27,27,27,113,113,113,113,113,112,112,112,114,112,112,111,111,112,112,,30,30,TRUE
5034YKOFFWHITE-XL,174,178,178,178,178,178,177,175,176,175,175,176,176,176,176,246,247,247,247,247,247,247,247,248,248,238,239,238,238,238,,30,30,TRUE
5034YKOFFWHITE-XS,23,25,25,25,25,25,25,25,25,25,25,25,25,25,25,62,62,62,62,62,62,62,62,62,62,62,62,62,63,63,,30,30,TRUE
5034YKOFFWHITE-XXL,122,122,119,119,120,110,110,110,110,114,113,114,114,113,113,193,193,193,193,193,178,178,178,178,175,177,177,178,177,175,,30,30,TRUE
5035YKBLACK-3XL,0,0,0,1,1,0,0,0,0,0,0,0,0,0,0,0,0,0,0,0,0,0,59,54,54,49,48,48,48,47,,10,10,TRUE
5035YKBLACK-4XL,1,2,2,3,2,2,2,1,0,0,0,0,0,0,0,0,0,0,0,0,0,0,57,52,52,47,47,47,47,47,,16,16,TRUE
5035YKBLACK-5XL,1,1,1,2,2,2,2,2,2,1,1,1,1,1,1,1,1,1,1,1,0,0,51,46,46,44,44,44,44,44,,28,28,TRUE
5035YKBLACK-L,1,1,1,1,1,1,1,1,1,1,1,1,1,1,1,1,1,1,1,1,1,1,61,56,56,50,50,50,45,45,,30,30,TRUE
5035YKBLACK-M,9,9,9,9,9,9,9,9,9,9,9,9,9,9,9,9,9,9,9,9,9,9,9,9,9,9,9,9,58,58,,30,30,TRUE
5035YKBLACK-S,6,6,6,6,5,5,5,5,1,1,1,1,1,1,1,1,1,1,1,1,1,1,1,1,4,1,1,1,1,1,,30,30,TRUE
5035YKBLACK-XL,14,14,14,14,14,12,12,12,12,11,11,11,11,11,11,7,7,7,7,7,7,7,7,7,12,7,7,7,7,7,,30,30,TRUE
5035YKBLACK-XXL,10,10,10,10,10,10,10,10,10,10,10,10,10,10,10,8,8,8,8,8,7,7,7,7,7,7,7,7,7,7,,30,30,TRUE
5036YKGREY-L,56,56,56,56,56,56,56,56,56,56,56,56,55,55,55,55,55,55,55,55,55,55,55,55,55,53,53,53,53,53,,30,30,TRUE
5036YKGREY-M,73,73,76,76,76,76,76,76,76,76,76,76,76,76,76,76,76,76,76,76,76,76,76,76,76,76,76,76,76,76,,30,30,TRUE
5036YKGREY-S,22,22,22,22,22,22,22,22,22,22,22,22,22,22,22,22,22,22,22,22,22,22,22,22,22,22,22,22,22,22,,30,30,TRUE
5036YKGREY-XL,11,11,11,12,12,11,11,11,8,8,8,8,8,8,8,8,8,8,8,8,8,8,8,8,8,8,8,8,8,8,,30,30,TRUE
5036YKGREY-XXL,67,67,67,67,67,66,66,66,66,66,66,66,66,66,66,66,66,66,66,66,66,66,66,66,66,66,66,66,66,66,,30,30,TRUE
5037YKBEIGE-5XL,0,0,0,0,0,0,0,0,0,0,0,0,0,0,0,0,0,0,0,0,0,0,0,0,0,0,0,0,0,0,,0,1,FALSE
5037YKPINK-3XL,87,88,89,89,89,89,88,88,88,89,89,88,89,89,89,87,87,87,86,86,86,86,87,127,125,107,107,107,107,107,,30,30,TRUE
5037YKPINK-4XL,78,78,78,82,82,82,82,82,74,74,73,73,73,72,72,72,72,72,72,72,72,73,73,92,92,72,72,72,72,72,,30,30,TRUE
5037YKPINK-5XL,80,80,77,79,79,79,77,77,76,77,77,78,78,78,78,68,69,68,63,63,53,53,53,73,73,62,62,62,62,62,,30,30,TRUE
5037YKPINK-6XL,20,20,16,16,17,14,14,14,14,14,14,14,16,16,16,16,16,16,16,16,16,15,16,57,57,45,45,45,45,45,,30,30,TRUE
5037YKPINK-7XL,26,26,28,28,29,29,29,29,29,28,28,28,28,28,28,28,28,28,28,28,28,28,28,48,48,38,38,37,37,37,,30,30,TRUE
5037YKPINK-8XL,16,16,16,16,18,13,13,13,13,13,13,15,15,15,15,12,12,12,12,12,12,12,12,42,42,32,32,32,32,32,,30,30,TRUE
5037YKPINK-L,207,207,203,202,203,203,203,203,204,205,205,205,205,205,205,204,204,204,203,204,204,202,202,202,202,201,201,201,320,320,,30,30,TRUE
5037YKPINK-M,91,90,72,72,72,72,72,71,70,69,69,69,70,68,68,67,68,68,66,66,66,66,66,67,124,67,67,67,162,162,,30,30,TRUE
5037YKPINK-S,149,149,129,129,129,119,119,119,107,107,107,108,108,108,108,107,109,109,109,109,109,109,109,110,110,110,110,110,129,130,,30,30,TRUE
5037YKPINK-XL,309,310,310,313,313,303,302,301,302,304,304,314,315,315,315,313,312,312,309,309,309,308,308,326,323,224,223,221,222,222,,30,30,TRUE
5037YKPINK-XXL,81,81,81,81,81,81,81,79,79,78,78,77,77,77,77,76,76,76,73,68,73,73,73,172,171,112,111,111,113,112,,30,30,TRUE
5038YKPOWDERBLUE-3XL,45,45,45,45,45,45,45,45,37,37,37,37,37,37,37,37,37,37,37,37,37,37,37,36,36,36,35,35,35,35,,30,30,TRUE
5038YKPOWDERBLUE-4XL,18,18,18,18,18,18,18,18,14,14,14,14,14,14,14,14,14,14,14,14,14,14,14,14,13,14,14,14,14,14,,30,30,TRUE
5038YKPOWDERBLUE-5XL,47,47,47,47,47,47,47,47,47,47,47,47,47,47,47,47,47,47,47,47,47,47,47,47,47,47,47,46,46,46,,30,30,TRUE
5038YKPOWDERBLUE-L,51,51,53,53,54,54,54,54,54,54,54,54,54,54,54,53,53,53,53,53,53,53,54,54,54,54,54,55,51,51,,30,30,TRUE
5038YKPOWDERBLUE-M,40,40,40,40,40,40,40,39,39,39,39,39,39,39,39,39,39,39,39,39,39,39,39,39,39,39,39,39,39,39,,30,30,TRUE
5038YKPOWDERBLUE-S,15,15,15,15,15,15,14,14,14,14,14,14,14,14,14,14,14,14,14,14,14,14,14,14,14,14,14,14,14,14,,30,30,TRUE
5038YKPOWDERBLUE-XL,86,87,87,88,88,88,88,88,87,87,87,87,87,87,87,87,87,87,87,87,86,86,86,86,86,86,85,85,85,85,,30,30,TRUE
5038YKPOWDERBLUE-XXL,42,42,42,41,41,41,41,41,36,35,35,35,35,35,35,34,34,34,34,34,34,34,34,33,33,34,34,34,35,35,,30,30,TRUE
5039YKTEAL-3XL,16,16,16,16,16,12,12,12,12,12,12,12,12,12,12,10,10,10,11,11,9,9,9,9,9,7,7,7,6,6,,30,30,TRUE
5039YKTEAL-4XL,18,18,18,17,17,17,17,17,17,17,17,17,17,17,17,15,15,15,15,15,15,15,15,15,15,11,11,10,10,10,,30,30,TRUE
5039YKTEAL-5XL,3,3,3,3,3,3,3,3,3,3,3,3,4,3,3,4,4,4,3,3,3,3,3,3,10,3,3,3,3,3,,30,30,TRUE
5039YKTEAL-6XL,11,11,11,11,11,11,11,11,11,11,11,11,11,11,11,11,11,11,12,12,12,12,12,12,12,12,12,12,12,12,,30,30,TRUE
5039YKTEAL-7XL,30,30,31,31,31,31,31,31,31,31,31,31,31,31,31,31,31,31,31,31,31,31,31,31,31,31,31,31,31,31,,30,30,TRUE
5039YKTEAL-8XL,21,21,21,22,23,23,23,23,23,23,23,23,24,24,24,25,25,25,25,25,25,24,24,23,23,23,23,23,23,23,,30,30,TRUE
5039YKTEAL-L,13,14,14,15,14,14,14,14,14,14,12,11,11,11,11,11,11,11,10,9,9,8,8,3,27,8,7,7,8,8,,30,30,TRUE
5039YKTEAL-M,45,45,45,45,46,40,40,40,40,40,40,39,40,40,40,40,40,40,39,39,39,39,39,38,35,37,37,37,36,36,,30,30,TRUE
5039YKTEAL-S,15,15,15,14,14,10,9,9,9,9,9,9,9,9,9,7,7,7,7,6,6,6,6,6,6,5,2,2,5,5,,30,30,TRUE
5039YKTEAL-XL,48,49,49,50,50,50,50,49,49,50,50,50,50,49,49,48,48,48,47,47,46,46,49,48,57,39,38,43,43,42,,30,30,TRUE
5039YKTEAL-XXL,26,26,28,25,27,27,26,25,24,22,22,22,26,25,25,25,25,25,24,25,25,25,25,25,29,26,24,22,22,22,,30,30,TRUE
5040YKBEIGE-3XL,0,0,0,0,0,0,0,0,0,0,0,0,0,0,0,0,0,0,0,0,0,0,80,96,96,31,31,29,118,118,,8,8,TRUE
5040YKBEIGE-4XL,1,2,2,2,2,2,2,2,0,0,0,0,0,0,0,0,0,0,0,0,0,0,0,87,87,27,27,27,28,28,,15,15,TRUE
5040YKBEIGE-5XL,13,13,13,14,15,15,13,12,12,12,12,12,12,12,12,8,8,8,8,8,8,8,8,168,167,118,118,118,118,118,,30,30,TRUE
5040YKBEIGE-L,30,30,27,28,29,29,29,29,31,34,34,32,30,30,30,30,30,30,29,28,28,28,181,291,291,190,190,190,187,188,,30,30,TRUE
5040YKBEIGE-M,50,51,51,50,50,50,50,49,49,49,49,49,49,49,49,49,49,49,49,49,49,49,94,96,96,56,56,56,56,56,,30,30,TRUE
5040YKBEIGE-S,32,33,33,33,33,33,33,34,34,33,33,33,33,33,33,33,33,33,33,33,33,33,78,77,77,57,57,57,57,57,,30,30,TRUE
5040YKBEIGE-XL,0,2,2,3,2,2,1,1,0,0,0,0,0,0,0,0,0,0,0,0,0,0,235,236,236,90,90,86,83,80,,15,15,TRUE
5040YKBEIGE-XXL,0,0,0,1,1,0,0,0,0,0,0,0,0,0,0,0,0,0,0,0,0,0,160,157,156,65,64,54,54,53,,10,10,TRUE
5041YKBOTTELGREEN-3XL,17,17,17,17,17,11,11,11,5,5,5,5,5,5,5,6,6,5,5,5,5,5,6,6,31,6,6,6,6,6,,30,30,TRUE
5041YKBOTTELGREEN-4XL,6,7,7,7,6,6,5,5,0,0,0,0,1,1,1,1,1,1,1,1,1,1,1,1,13,1,1,1,3,3,,26,26,TRUE
5041YKBOTTELGREEN-5XL,18,17,17,18,18,18,18,17,17,17,17,17,18,18,18,16,16,11,11,11,11,11,12,12,12,11,11,11,11,7,,30,30,TRUE
5041YKBOTTELGREEN-6XL,24,24,22,25,25,25,25,25,25,27,27,27,27,26,26,26,26,26,26,25,25,25,26,26,26,26,26,26,26,26,,30,30,TRUE
5041YKBOTTELGREEN-7XL,25,25,25,25,25,25,25,25,25,25,25,25,25,25,25,25,25,25,25,25,25,25,25,25,25,25,25,25,24,25,,30,30,TRUE
5041YKBOTTELGREEN-8XL,39,39,39,39,39,39,39,39,39,39,39,39,39,39,39,39,39,39,39,39,39,39,39,39,39,39,39,39,39,39,,30,30,TRUE
5041YKBOTTELGREEN-L,15,16,15,13,13,10,8,8,8,9,9,8,9,9,9,8,8,8,9,8,8,8,8,8,17,3,3,3,3,3,,30,30,TRUE
5041YKBOTTELGREEN-M,3,3,3,3,3,3,3,3,2,2,2,2,2,2,2,2,2,2,2,2,1,1,2,3,18,3,3,3,3,3,,30,30,TRUE
5041YKBOTTELGREEN-S,36,36,35,35,35,35,35,35,35,36,35,36,36,36,36,37,37,36,36,36,26,26,26,26,26,26,26,26,26,26,,30,30,TRUE
5041YKBOTTELGREEN-XL,22,22,21,21,21,11,11,11,10,10,9,9,9,9,9,9,9,9,9,9,9,9,9,9,49,7,7,7,7,7,,30,30,TRUE
5041YKBOTTELGREEN-XXL,29,29,28,28,28,19,19,19,19,19,19,19,19,19,19,19,19,19,19,19,19,19,21,21,41,14,14,14,10,10,,30,30,TRUE
5041YKBOTTLEGREEN-3XL,17,17,17,17,17,11,11,11,5,5,5,5,5,5,5,6,6,6,5,5,5,5,6,6,31,6,6,6,0,19,,29,#N/A,#N/A
5041YKBOTTLEGREEN-4XL,6,7,7,7,6,6,5,5,0,0,0,0,1,1,1,1,1,1,1,1,1,1,1,1,13,1,1,1,0,18,,25,#N/A,#N/A
5041YKBOTTLEGREEN-5XL,18,17,17,18,18,18,18,17,17,17,17,17,18,18,18,16,16,16,11,11,11,11,12,12,12,11,11,11,0,17,,29,#N/A,#N/A
5041YKBOTTLEGREEN-6XL,24,24,22,25,25,25,25,25,25,27,27,27,27,26,26,26,26,26,26,25,25,25,26,26,26,26,26,26,0,26,,29,#N/A,#N/A
5041YKBOTTLEGREEN-7XL,25,25,25,25,25,25,25,25,25,25,25,25,25,25,25,25,25,25,25,25,25,25,25,25,25,25,25,25,0,24,,29,#N/A,#N/A
5041YKBOTTLEGREEN-8XL,39,39,39,39,39,39,39,39,39,39,39,39,39,39,39,39,39,39,39,39,39,39,39,39,39,39,39,39,0,39,,29,#N/A,#N/A
5041YKBOTTLEGREEN-L,15,16,15,13,13,10,8,8,8,9,9,8,9,9,9,8,8,8,9,8,8,8,8,8,17,3,3,0,0,22,,28,#N/A,#N/A
5041YKBOTTLEGREEN-M,3,3,3,3,3,3,3,3,2,2,2,2,2,2,2,2,2,2,2,2,1,1,2,3,18,3,3,3,0,0,,28,#N/A,#N/A
5041YKBOTTLEGREEN-S,36,36,35,35,35,35,35,35,35,36,35,36,36,36,36,37,37,37,36,36,26,26,26,26,26,26,26,26,0,0,,28,#N/A,#N/A
5041YKBOTTLEGREEN-XL,22,22,21,21,21,11,11,11,10,10,9,9,9,9,9,9,9,9,9,9,9,9,9,9,49,7,7,0,0,33,,28,#N/A,#N/A
5041YKBOTTLEGREEN-XXL,29,29,28,28,28,19,19,19,19,19,19,19,19,19,19,19,19,19,19,19,19,19,21,21,41,14,14,0,0,27,,28,#N/A,#N/A
5042YKHUNTERGREEN-3XL,20,20,20,20,20,20,19,19,19,19,19,19,19,19,19,19,19,19,19,19,19,19,19,19,19,19,19,19,19,19,,30,30,TRUE
5042YKHUNTERGREEN-4XL,19,19,19,19,19,19,19,19,19,19,19,19,19,19,19,19,19,19,19,19,19,19,19,19,19,18,18,18,18,18,,30,30,TRUE
5042YKHUNTERGREEN-5XL,12,12,17,17,17,17,17,17,17,17,17,17,20,20,20,20,20,20,18,18,17,16,16,15,15,14,14,14,14,14,,30,30,TRUE
5042YKHUNTERGREEN-6XL,11,11,11,11,11,11,9,9,9,9,8,8,5,7,7,7,7,7,7,7,7,7,7,7,7,4,4,4,4,4,,30,30,TRUE
5042YKHUNTERGREEN-7XL,13,13,13,13,13,13,13,13,13,13,13,13,13,12,12,11,11,11,11,11,11,11,11,11,11,0,0,7,8,8,,28,29,FALSE
5042YKHUNTERGREEN-8XL,13,13,13,13,13,13,13,13,13,13,13,13,13,13,13,13,13,13,13,13,13,13,13,13,13,13,13,13,13,13,,30,30,TRUE
5042YKHUNTERGREEN-L,15,15,15,15,15,15,15,15,15,14,14,14,14,14,14,14,14,14,12,12,12,12,12,12,12,12,12,12,12,12,,30,30,TRUE
5042YKHUNTERGREEN-M,17,17,17,17,17,17,17,17,17,17,15,15,16,16,16,16,16,16,16,16,16,16,16,16,16,16,16,16,16,16,,30,30,TRUE
5042YKHUNTERGREEN-S,20,20,20,20,20,20,20,20,20,20,20,20,20,20,20,20,20,20,20,20,20,20,20,20,20,20,20,20,20,20,,30,30,TRUE
5042YKHUNTERGREEN-XL,14,14,14,14,14,14,14,14,14,14,14,14,14,14,14,14,14,14,12,12,12,12,12,12,12,12,12,12,12,12,,30,30,TRUE
5042YKHUNTERGREEN-XXL,18,18,18,19,19,19,19,19,19,19,19,19,19,19,19,19,20,19,16,16,16,16,17,17,16,16,16,16,16,16,,30,30,TRUE
5043YKCRYSTALTEAL-3XL,42,42,42,42,42,42,42,42,40,40,40,40,40,40,40,40,40,40,40,40,40,40,40,39,39,39,39,39,39,39,,30,30,TRUE
5043YKRYSTALTEAL-4XL,44,44,44,44,44,44,44,44,44,44,44,44,44,44,44,44,44,44,44,44,44,44,44,44,44,44,43,43,0,40,,29,#N/A,#N/A
5043YKRYSTALTEAL-5XL,45,45,45,45,45,45,45,45,45,45,45,45,45,45,45,45,45,45,45,45,45,45,45,45,45,46,46,46,0,46,,29,#N/A,#N/A
5043YKRYSTALTEAL-6XL,25,25,25,25,25,25,24,23,23,23,25,23,23,23,23,23,23,23,23,23,23,23,23,22,22,22,22,22,0,23,,29,#N/A,#N/A
5043YKRYSTALTEAL-7XL,16,16,16,16,16,16,16,16,16,16,16,16,16,16,16,16,16,16,16,16,16,15,15,16,16,16,16,16,0,16,,29,#N/A,#N/A
5043YKRYSTALTEAL-8XL,8,8,13,13,13,13,12,12,12,12,13,12,12,12,12,12,12,12,12,12,12,12,12,14,14,14,14,14,0,14,,29,#N/A,#N/A
5043YKRYSTALTEAL-L,45,45,45,45,45,45,45,45,43,42,45,42,37,42,42,42,42,42,41,41,41,41,42,42,42,42,42,42,0,42,,29,#N/A,#N/A
5043YKRYSTALTEAL-M,38,38,42,42,42,42,42,42,42,42,42,42,42,42,42,42,42,42,42,42,42,42,43,42,42,42,42,41,0,41,,29,#N/A,#N/A
5043YKRYSTALTEAL-S,18,18,18,18,18,18,18,18,16,16,18,16,16,16,16,16,16,16,15,15,15,15,15,15,15,11,11,15,0,15,,29,#N/A,#N/A
5043YKRYSTALTEAL-XL,44,44,44,44,44,44,44,44,44,44,44,44,44,44,44,44,44,44,44,44,44,44,44,44,44,44,44,44,0,44,,29,#N/A,#N/A
5043YKRYSTALTEAL-XXL,45,45,45,45,45,45,45,45,45,45,45,44,44,44,44,44,44,44,43,43,43,43,43,43,43,43,43,45,0,45,,29,#N/A,#N/A
5044YKBROWN-3XL,25,25,25,25,25,25,25,25,22,22,21,20,21,21,21,21,21,21,21,21,20,20,20,20,20,20,20,20,20,20,,30,30,TRUE
5044YKBROWN-4XL,23,23,23,24,24,22,22,22,22,22,22,22,22,22,22,22,22,22,22,22,22,22,22,22,22,18,16,16,16,16,,30,30,TRUE
5044YKBROWN-5XL,7,7,7,9,9,9,9,9,9,9,9,9,9,9,9,9,9,9,9,9,9,8,9,9,9,9,9,9,9,9,,30,30,TRUE
5044YKBROWN-6XL,4,4,4,5,5,5,3,3,1,1,0,0,0,0,0,0,0,1,1,1,1,1,1,1,3,1,1,1,1,1,,23,23,TRUE
5044YKBROWN-7XL,2,2,2,2,3,3,3,3,0,0,0,0,0,0,0,0,0,0,0,0,0,0,0,0,1,0,0,0,0,0,,9,8,FALSE
5044YKBROWN-8XL,3,3,3,3,3,3,3,3,1,0,1,1,1,1,1,1,1,2,2,2,2,2,2,2,2,2,2,2,4,4,,29,29,TRUE
5044YKBROWN-L,18,18,22,22,22,22,22,22,21,21,21,21,22,22,22,22,22,22,22,22,22,22,22,22,21,22,22,22,22,22,,30,30,TRUE
5044YKBROWN-M,23,23,26,26,26,26,26,26,26,26,26,26,26,26,26,27,27,27,27,27,27,27,27,26,26,27,27,27,27,27,,30,30,TRUE
5044YKBROWN-S,11,11,13,13,13,13,13,13,13,13,13,13,13,13,13,14,14,14,14,14,14,14,14,14,14,14,14,14,14,14,,30,30,TRUE
5044YKBROWN-XL,12,12,12,12,12,12,12,12,12,12,12,12,13,13,13,14,14,14,14,13,13,13,13,14,13,14,14,14,14,14,,30,30,TRUE
5044YKBROWN-XXL,25,25,27,27,26,25,25,25,24,24,24,24,24,24,24,19,19,19,19,19,19,19,19,19,19,19,19,19,19,19,,30,30,TRUE
5045YKBUBBLEGUMPINK-3XL,21,21,21,21,21,21,21,21,21,21,20,20,20,20,20,20,20,20,20,20,20,20,20,20,20,20,20,20,20,20,,30,30,TRUE
5045YKBUBBLEGUMPINK-4XL,20,20,20,20,20,20,20,20,18,18,18,18,18,18,18,18,18,18,18,18,18,18,18,18,18,18,18,18,18,18,,30,30,TRUE
5045YKBUBBLEGUMPINK-5XL,26,26,26,39,39,39,39,39,39,39,39,39,39,39,39,39,39,39,39,39,39,39,39,39,39,39,39,39,39,39,,30,30,TRUE
5045YKBUBBLEGUMPINK-6XL,11,11,13,13,13,13,13,13,13,13,13,13,13,13,13,13,13,13,11,11,11,11,11,11,11,11,11,10,10,10,,30,30,TRUE
5045YKBUBBLEGUMPINK-7XL,18,18,18,18,18,18,18,18,18,18,18,18,18,18,18,18,18,18,18,18,17,17,17,17,17,16,16,14,14,14,,30,30,TRUE
5045YKBUBBLEGUMPINK-8XL,3,3,6,6,6,6,6,6,6,6,6,6,6,6,6,6,6,6,6,6,6,6,6,6,6,6,6,6,6,6,,30,30,TRUE
5045YKBUBBLEGUMPINK-L,12,12,12,12,12,12,10,10,10,10,10,10,10,10,10,8,8,8,8,8,8,8,8,8,8,8,8,8,8,8,,30,30,TRUE
5045YKBUBBLEGUMPINK-M,19,20,20,20,20,20,20,20,20,20,20,20,20,20,20,20,20,20,20,20,20,20,20,20,20,20,20,20,17,17,,30,30,TRUE
5045YKBUBBLEGUMPINK-S,19,19,19,19,19,19,19,19,19,19,19,19,19,19,19,19,19,19,19,19,19,19,19,19,18,19,19,19,19,19,,30,30,TRUE
5045YKBUBBLEGUMPINK-XL,8,8,9,9,9,9,9,9,4,4,4,4,4,4,4,4,4,4,4,4,4,4,4,4,8,4,4,4,4,4,,30,30,TRUE
5045YKBUBBLEGUMPINK-XXL,8,8,8,9,9,9,9,9,9,9,9,9,9,9,9,9,9,9,9,9,9,9,9,9,8,9,9,9,7,7,,30,30,TRUE
5046HOTPINK-3XL,29,29,29,29,29,29,29,29,31,31,0,0,0,0,0,0,0,0,0,0,0,0,0,0,0,0,0,0,0,0,,10,11,FALSE
5046HOTPINK-4XL,23,23,23,23,23,23,23,23,23,23,0,0,0,0,0,0,0,0,0,0,0,0,0,0,0,0,0,0,0,0,,10,11,FALSE
5046HOTPINK-5XL,24,24,24,24,24,24,24,24,29,29,0,0,0,0,0,0,0,0,0,0,0,0,0,0,0,0,0,0,0,0,,10,11,FALSE
5046HOTPINK-L,27,27,27,27,27,27,27,27,34,34,0,0,0,0,0,0,0,0,0,0,0,0,0,0,0,0,0,0,0,0,,10,11,FALSE
5046HOTPINK-M,28,28,28,28,28,28,28,28,30,30,0,0,0,0,0,0,0,0,0,0,0,0,0,0,0,0,0,0,0,0,,10,11,FALSE
5046HOTPINK-S,30,30,30,30,30,30,30,30,30,30,0,0,0,0,0,0,0,0,0,0,0,0,0,0,0,0,0,0,0,0,,10,11,FALSE
5046HOTPINK-XL,27,27,27,27,27,27,27,27,31,31,0,0,0,0,0,0,0,0,0,0,0,0,0,0,0,0,0,0,0,0,,10,11,FALSE
5046HOTPINK-XXL,26,26,26,26,26,26,26,26,31,31,0,0,0,0,0,0,0,0,0,0,0,0,0,0,0,0,0,0,0,0,,10,11,FALSE
5046YKHOTPINK-3XL,0,0,0,0,0,0,0,0,0,0,31,31,31,31,31,31,31,31,31,31,31,31,31,31,31,31,31,31,31,31,,20,20,TRUE
5046YKHOTPINK-4XL,0,0,0,0,0,0,0,0,0,0,23,23,23,23,23,23,23,23,22,22,22,22,22,22,22,21,21,21,21,21,,20,20,TRUE
5046YKHOTPINK-5XL,0,0,0,0,0,0,0,0,0,0,29,29,29,29,29,29,29,29,29,29,29,29,29,29,29,29,29,29,29,29,,20,20,TRUE
5046YKHOTPINK-L,0,0,0,0,0,0,0,0,0,0,34,34,34,34,34,34,34,34,34,34,34,34,34,34,34,34,34,34,34,34,,20,20,TRUE
5046YKHOTPINK-M,0,0,0,0,0,0,0,0,0,0,30,30,30,30,30,30,30,30,30,30,30,30,30,30,30,30,30,30,30,30,,20,20,TRUE
5046YKHOTPINK-S,0,0,0,0,0,0,0,0,0,0,30,30,30,30,30,30,30,30,30,30,30,30,30,30,30,30,30,30,30,30,,20,20,TRUE
5046YKHOTPINK-XL,0,0,0,0,0,0,0,0,0,0,31,31,31,31,31,31,31,31,31,31,31,31,31,31,31,31,31,31,31,31,,20,20,TRUE
5046YKHOTPINK-XXL,0,0,0,0,0,0,0,0,0,0,31,31,31,31,31,31,31,31,31,31,31,31,31,31,31,31,31,31,30,29,,20,20,TRUE
5047YKPASTELBLUE-3XL,39,39,39,40,40,40,40,40,39,39,39,39,39,39,39,39,39,39,38,38,38,38,38,38,38,38,38,38,36,36,,30,30,TRUE
5047YKPASTELBLUE-4XL,40,40,41,41,41,41,41,41,41,41,41,41,41,41,41,41,41,41,41,41,41,41,41,41,41,39,38,39,39,39,,30,30,TRUE
5047YKPASTELBLUE-5XL,34,34,34,34,34,34,34,34,34,34,34,34,34,34,34,34,34,34,34,34,34,34,34,34,34,34,34,34,34,34,,30,30,TRUE
5047YKPASTELBLUE-6XL,21,21,21,21,21,21,21,21,21,21,20,20,20,21,21,21,21,21,21,21,21,21,22,22,22,20,20,20,20,20,,30,30,TRUE
5047YKPASTELBLUE-7XL,30,30,34,34,34,33,33,33,33,33,33,33,33,33,33,33,33,33,33,33,33,33,33,33,33,33,33,33,33,33,,30,30,TRUE
5047YKPASTELBLUE-8XL,26,26,26,27,27,27,27,27,27,27,27,27,27,27,27,27,27,27,27,27,27,26,26,27,27,27,27,27,27,27,,30,30,TRUE
5047YKPASTELBLUE-L,26,26,26,26,26,25,25,25,25,25,25,26,26,26,26,26,26,26,26,26,26,26,26,26,26,26,26,26,26,26,,30,30,TRUE
5047YKPASTELBLUE-M,43,43,43,44,44,40,40,39,39,39,39,39,39,39,39,39,39,39,39,39,39,39,39,38,38,38,38,38,38,38,,30,30,TRUE
5047YKPASTELBLUE-S,27,27,27,27,27,27,27,27,27,27,27,27,27,27,27,27,27,28,28,28,28,27,27,27,27,27,27,27,27,27,,30,30,TRUE
5047YKPASTELBLUE-XL,38,38,38,38,38,38,37,37,37,37,37,37,37,37,37,37,37,37,37,37,37,37,37,37,37,37,37,37,37,37,,30,30,TRUE
5047YKPASTELBLUE-XXL,32,32,32,32,32,32,32,32,32,32,32,32,32,33,33,33,33,33,33,33,33,33,33,33,33,33,33,33,33,33,,30,30,TRUE
5048YKDEEPGREEN-3XL,18,23,28,40,40,40,40,40,40,44,44,44,45,45,45,44,45,45,45,44,44,44,44,44,44,44,44,44,42,42,,30,30,TRUE
5048YKDEEPGREEN-4XL,18,18,18,34,34,34,34,34,34,38,38,38,39,39,39,39,39,39,37,37,37,36,36,37,37,35,35,35,35,35,,30,30,TRUE
5048YKDEEPGREEN-5XL,26,26,26,29,29,29,29,29,29,33,32,32,32,32,32,32,32,32,32,33,33,33,33,33,33,33,33,33,33,33,,30,30,TRUE
5048YKDEEPGREEN-6XL,14,14,14,14,14,12,12,12,12,12,12,12,12,12,12,12,12,12,12,12,12,12,12,12,12,12,12,12,12,12,,30,30,TRUE
5048YKDEEPGREEN-7XL,11,11,11,13,13,12,12,12,12,13,13,13,13,13,13,13,13,13,13,13,13,13,13,14,13,13,13,13,11,11,,30,30,TRUE
5048YKDEEPGREEN-8XL,11,11,11,11,11,11,9,9,9,10,10,10,11,11,11,11,11,11,11,11,11,11,11,11,11,10,10,10,10,10,,30,30,TRUE
5048YKDEEPGREEN-L,27,27,27,28,28,28,28,28,28,28,28,28,28,28,28,28,28,28,28,28,28,28,28,28,28,28,28,28,28,28,,30,30,TRUE
5048YKDEEPGREEN-M,38,38,39,35,40,40,40,40,41,41,41,39,39,40,40,40,40,40,40,41,41,41,41,41,41,41,41,41,41,41,,30,30,TRUE
5048YKDEEPGREEN-S,8,8,8,13,13,13,13,13,13,15,15,15,10,15,15,15,15,15,15,15,15,15,15,15,15,15,15,15,15,15,,30,30,TRUE
5048YKDEEPGREEN-XL,37,37,36,32,38,38,38,38,37,37,36,36,36,36,36,36,36,36,35,35,35,35,35,35,35,35,35,35,32,31,,30,30,TRUE
5048YKDEEPGREEN-XXL,37,37,37,39,39,37,37,37,38,39,39,39,39,39,39,39,42,42,42,42,42,42,42,40,39,40,40,40,40,40,,30,30,TRUE
5049YKMAROON-3XL,38,38,37,37,37,37,37,37,35,35,35,34,34,34,34,34,34,34,34,33,33,33,33,33,32,33,33,33,33,33,,30,30,TRUE
5049YKMAROON-4XL,39,39,42,42,42,42,42,42,42,42,42,42,42,42,42,42,42,42,42,42,42,42,42,42,42,41,41,41,41,41,,30,30,TRUE
5049YKMAROON-5XL,36,36,35,36,36,36,36,36,34,34,30,30,30,30,30,30,30,30,26,26,26,25,25,25,24,25,25,25,25,25,,30,30,TRUE
5049YKMAROON-6XL,4,4,4,4,4,4,4,4,0,0,0,0,0,0,0,0,0,0,0,0,0,0,0,0,5,0,0,0,0,0,,9,8,FALSE
5049YKMAROON-7XL,7,7,7,7,7,6,6,6,6,6,4,4,0,4,4,4,4,4,4,4,4,4,4,4,3,4,4,4,4,4,,29,29,TRUE
5049YKMAROON-8XL,3,3,3,3,3,3,3,3,3,3,3,3,3,2,2,2,2,2,2,2,2,2,2,2,6,2,2,2,2,2,,30,30,TRUE
5049YKMAROON-L,35,36,37,37,37,37,37,37,37,37,37,37,37,37,37,37,37,37,37,37,37,37,37,37,36,35,35,35,35,36,,30,30,TRUE
5049YKMAROON-M,42,43,43,43,43,41,41,41,41,41,41,41,41,41,41,41,41,41,41,41,41,41,41,41,41,41,41,41,41,41,,30,30,TRUE
5049YKMAROON-S,10,10,10,14,14,14,14,14,14,14,14,14,14,14,14,14,14,14,14,14,14,14,14,14,14,14,14,14,14,14,,30,30,TRUE
5049YKMAROON-XL,43,43,44,45,45,45,45,45,44,44,44,44,44,44,44,44,44,44,44,44,44,44,44,44,44,43,43,43,43,43,,30,30,TRUE
5049YKMAROON-XXL,37,36,36,36,36,36,36,36,34,34,34,34,34,34,34,34,34,34,34,34,34,34,34,34,34,34,33,33,33,33,,30,30,TRUE
5050YKTEAL-L,0,0,0,0,0,0,0,0,0,0,17,17,17,17,17,17,17,17,17,17,17,17,17,17,17,17,17,17,17,17,,20,20,TRUE
5050YKTEAL-M,0,0,0,0,0,0,0,0,0,0,36,36,36,36,36,36,36,36,36,36,36,36,36,36,36,36,36,36,36,36,,20,20,TRUE
5050YKTEAL-S,0,0,0,0,0,0,0,0,0,0,8,8,8,8,8,8,8,8,8,8,8,8,8,8,8,8,8,8,8,8,,20,20,TRUE
5050YKTEAL-XL,0,0,0,0,0,0,0,0,0,0,22,22,22,22,22,22,22,22,22,22,22,22,22,22,22,22,22,22,23,23,,20,20,TRUE
5050YKTEAL-XXL,0,0,0,0,0,0,0,0,0,0,6,6,6,6,6,6,6,6,6,6,6,6,6,6,6,6,6,6,6,6,,20,20,TRUE
54YK148AJARAKH-L,0,0,0,0,0,0,0,0,0,0,0,0,0,0,0,0,0,0,0,0,0,0,0,0,0,0,0,0,0,0,,0,0,TRUE
54YK148AJARAKH-M,0,0,0,0,0,0,0,0,0,0,0,0,0,0,0,0,0,0,0,0,0,0,0,0,0,0,0,0,0,0,,0,0,TRUE
54YK148AJARAKH-S,0,0,0,0,0,0,0,0,0,0,0,0,0,0,0,0,0,0,0,0,0,0,0,0,0,0,0,0,0,0,,0,0,TRUE
56YK117MUSTARD-L,0,0,0,0,0,0,0,0,0,0,0,0,0,0,0,0,0,0,0,0,0,0,0,0,0,0,0,0,0,0,,0,0,TRUE
56YK117MUSTARD-M,0,0,0,0,0,0,0,0,0,0,0,0,0,0,0,0,0,0,0,0,0,0,0,0,0,0,0,0,0,0,,0,0,TRUE
56YK117MUSTARD-S,0,0,0,0,0,0,0,0,0,0,0,0,0,0,0,0,0,0,0,0,0,0,0,0,0,0,0,0,0,0,,0,0,TRUE
56YK117MUSTARD-XL,1,1,1,1,1,1,1,1,1,1,1,1,1,1,1,0,0,0,0,0,0,0,0,0,0,0,1,1,1,1,,19,18,FALSE
56YK117MUSTARD-XXL,2,2,2,2,2,2,2,2,2,2,2,2,2,2,2,2,2,2,2,2,2,2,2,2,2,2,2,2,2,2,,30,30,TRUE
57YK184AJARAKH-L,0,0,0,0,0,0,0,0,0,0,0,0,0,0,0,0,0,0,0,0,0,0,0,0,0,0,0,0,0,0,,0,0,TRUE
57YK184AJARAKH-M,0,0,0,0,0,0,0,0,0,0,0,0,0,0,0,0,0,0,0,0,0,0,0,0,0,0,0,0,0,0,,0,0,TRUE
57YK184AJARAKH-S,0,0,0,0,0,0,0,0,0,0,0,0,0,0,0,0,0,0,0,0,0,0,0,0,0,0,0,0,0,0,,0,0,TRUE
57YK184AJARAKH-XL,0,0,0,0,0,0,0,0,0,0,0,0,0,0,0,0,0,0,0,0,0,0,0,0,0,0,0,0,0,0,,0,0,TRUE
57YK184AJARAKH-XXL,0,0,0,0,0,0,0,0,0,0,0,0,0,0,0,0,0,0,0,0,0,0,0,0,0,0,0,0,0,0,,0,0,TRUE
6001YK365BLUE-L,0,0,0,0,0,0,0,0,0,0,0,0,0,0,0,0,0,0,0,0,0,0,0,0,0,0,0,0,0,0,,0,0,TRUE
6002YK367MULTI-M,0,0,0,0,0,0,0,0,0,0,0,0,0,0,0,0,0,0,0,0,0,0,0,0,0,0,0,0,0,0,,0,0,TRUE
6002YK367MULTI-S,2,2,2,2,2,2,2,2,2,2,2,2,2,2,2,2,2,2,2,2,2,2,2,2,2,2,2,2,2,2,,30,30,TRUE
6003SKDGREEN-3XL,33,33,33,33,33,33,33,33,33,33,33,33,33,33,33,33,33,33,33,33,33,33,33,33,33,33,33,33,33,32,,30,30,TRUE
6003SKDGREEN-4XL,16,16,16,16,15,15,13,12,11,10,10,10,10,10,10,9,9,9,9,10,9,8,8,1,5,7,6,6,5,4,,30,30,TRUE
6003SKDGREEN-5XL,7,6,5,5,5,5,3,3,3,3,3,2,2,2,2,2,2,2,1,1,1,0,0,0,1,1,1,1,1,0,,26,22,FALSE
6003SKDGREEN-L,0,0,0,0,0,0,0,0,0,0,0,0,0,0,0,0,0,0,0,0,0,0,0,0,0,0,0,0,0,0,,0,0,TRUE
6003SKDGREEN-XXL,20,19,20,19,19,19,19,19,19,19,19,19,19,19,19,19,19,19,19,19,17,17,17,16,15,15,15,15,15,14,,30,30,TRUE
6004SKDRED-3XL,43,43,43,43,43,43,43,43,44,44,44,44,44,44,44,44,44,44,44,44,44,44,44,44,44,44,44,44,44,44,,30,30,TRUE
6004SKDRED-4XL,38,38,38,38,38,38,38,38,38,38,38,38,38,38,38,37,37,37,37,37,37,37,37,37,37,35,35,35,35,35,,30,30,TRUE
6004SKDRED-5XL,21,22,24,54,54,53,53,53,52,51,51,51,51,51,51,51,51,51,48,48,48,46,47,47,47,47,46,46,45,45,,30,30,TRUE
6004SKDRED-XXL,33,33,33,33,33,33,33,33,33,33,33,33,33,33,33,33,33,33,33,33,33,33,33,33,33,33,33,33,33,33,,30,30,TRUE
6005SKDBLUE-3XL,3,4,3,3,4,2,2,2,0,0,0,0,1,1,1,1,1,1,0,0,0,1,1,2,2,2,2,3,3,3,,23,21,FALSE
6005SKDBLUE-4XL,4,4,4,4,3,3,1,0,0,0,0,0,0,0,0,0,0,0,0,0,0,0,0,0,0,0,0,0,0,1,,8,7,FALSE
6005SKDBLUE-5XL,1,1,1,1,1,1,1,0,0,0,0,0,0,0,0,1,1,1,1,1,1,1,1,1,1,1,1,1,1,1,,22,22,TRUE
6005SKDBLUE-XXL,10,8,8,8,9,7,5,5,3,3,3,3,5,5,5,5,5,5,5,5,5,4,4,2,5,2,2,2,2,2,,30,30,TRUE
6006SKDPURPLE-3XL,1,1,0,0,0,0,0,0,0,0,0,0,1,1,1,1,1,1,1,1,1,2,2,2,2,1,1,1,0,1,,19,17,FALSE
6006SKDPURPLE-4XL,4,4,4,4,4,3,3,2,0,0,0,0,1,1,1,1,1,1,0,0,0,0,0,0,1,0,0,0,1,0,,16,13,FALSE
6006SKDPURPLE-5XL,2,1,1,1,0,1,1,1,1,1,0,0,0,0,0,0,0,0,0,0,0,0,0,0,0,0,0,0,0,0,,9,9,TRUE
6006SKDPURPLE-XXL,6,6,6,6,5,5,5,5,3,3,3,3,3,3,3,3,3,3,3,3,3,3,3,3,4,3,3,2,2,2,,30,30,TRUE
6007SKDBLUE-3XL,15,14,8,13,13,13,33,33,33,32,31,31,31,31,31,32,32,32,32,32,32,32,32,33,32,22,22,22,12,11,,30,30,TRUE
6007SKDBLUE-4XL,20,28,28,28,28,27,30,30,30,30,30,30,30,30,30,30,31,30,15,15,11,11,11,13,31,13,13,13,11,11,,30,30,TRUE
6007SKDBLUE-5XL,20,28,28,30,29,28,44,44,43,42,42,42,43,43,43,43,43,43,43,43,43,43,45,45,44,25,25,25,15,15,,30,30,TRUE
6007SKDBLUE-L,0,0,0,0,0,0,11,11,11,12,12,12,12,12,12,12,12,12,12,12,8,13,13,11,11,11,11,11,8,8,,24,24,TRUE
6007SKDBLUE-M,0,0,0,0,0,0,19,19,19,39,39,39,39,39,39,39,39,39,39,39,33,32,32,31,31,31,30,30,26,26,,24,24,TRUE
6007SKDBLUE-S,0,0,0,0,0,0,27,27,27,29,29,29,29,29,29,29,29,29,29,29,22,22,21,21,21,21,20,20,20,20,,24,24,TRUE
6007SKDBLUE-XL,0,0,0,0,0,0,21,21,20,35,35,34,32,31,31,26,24,19,18,18,18,18,18,18,15,18,18,18,5,5,,24,24,TRUE
6007SKDBLUE-XXL,5,5,5,6,6,6,14,14,14,65,65,65,65,65,65,60,60,60,38,33,38,38,38,38,38,28,28,28,18,18,,30,30,TRUE
6008SKDORANGE-3XL,5,7,7,10,10,10,8,8,0,0,0,0,0,0,0,0,1,1,1,1,1,1,1,1,10,1,1,1,1,1,,22,22,TRUE
6008SKDORANGE-4XL,2,2,2,3,3,2,2,2,2,2,2,2,3,3,3,3,3,3,2,2,2,2,2,2,1,1,1,1,1,1,,30,30,TRUE
6008SKDORANGE-5XL,0,0,0,0,0,0,0,0,0,0,0,0,2,2,2,2,2,2,2,2,2,1,1,1,1,1,1,1,0,3,,17,13,FALSE
6008SKDORANGE-S,0,0,0,0,0,0,0,0,0,0,0,0,0,0,0,0,0,0,0,0,0,0,0,0,0,0,0,0,0,0,,0,0,TRUE
6008SKDORANGE-XXL,14,14,14,14,13,12,7,7,0,0,0,0,0,0,0,1,1,1,1,1,1,1,1,1,6,1,1,1,1,1,,23,23,TRUE
6009SKDINDIGO-3XL,24,24,24,23,23,23,23,23,23,23,23,23,23,21,21,22,22,22,22,22,22,22,22,22,22,22,22,22,22,21,,30,30,TRUE
6009SKDINDIGO-4XL,13,13,9,9,9,9,9,9,9,12,11,11,12,12,12,11,12,12,12,12,12,13,13,13,13,13,12,13,13,13,,30,30,TRUE
6009SKDINDIGO-5XL,4,4,3,3,3,3,3,3,0,0,0,0,1,1,1,2,2,2,2,2,2,2,2,2,2,2,2,2,2,2,,26,26,TRUE
6009SKDINDIGO-L,29,29,31,31,31,31,31,31,31,31,31,31,31,30,30,30,30,30,30,30,30,30,30,30,30,30,30,30,30,30,,30,30,TRUE
6009SKDINDIGO-M,43,43,43,43,43,43,43,44,44,44,44,43,43,43,43,42,42,42,42,42,42,42,42,42,41,41,41,41,41,40,,30,30,TRUE
6009SKDINDIGO-S,17,17,17,17,17,17,17,17,17,17,17,17,17,17,17,17,17,17,17,17,17,17,17,17,17,17,17,17,17,17,,30,30,TRUE
6009SKDINDIGO-XL,15,15,15,15,15,15,14,14,14,14,14,14,14,14,14,14,14,14,14,14,14,14,14,14,14,15,15,15,13,13,,30,30,TRUE
6009SKDINDIGO-XXL,13,13,13,13,13,13,13,13,13,13,13,13,13,13,13,13,13,13,13,13,13,13,13,13,13,11,12,12,12,12,,30,30,TRUE
6012SKDMAROON-3XL,7,7,7,9,9,9,8,8,14,14,14,36,39,44,44,44,44,44,39,39,39,39,39,39,39,24,14,14,14,13,,30,30,TRUE
6012SKDMAROON-4XL,0,0,0,0,0,0,0,0,1,1,1,1,1,0,0,0,1,1,0,0,0,0,0,0,11,0,0,10,5,15,,11,10,FALSE
6012SKDMAROON-5XL,17,16,13,18,20,16,15,15,16,17,16,44,46,47,47,36,36,36,35,36,26,25,25,15,29,14,13,12,12,11,,30,30,TRUE
6012SKDMAROON-6XL,5,5,5,4,4,4,4,5,5,5,5,52,52,52,52,47,47,47,47,47,47,47,47,47,47,47,46,46,47,47,,30,30,TRUE
6012SKDMAROON-7XL,26,26,26,26,26,24,24,24,25,25,25,25,25,39,39,36,36,36,36,36,36,36,36,26,25,26,26,26,26,26,,30,30,TRUE
6012SKDMAROON-8XL,1,1,1,1,1,0,0,0,0,0,0,0,0,0,0,0,0,0,0,0,0,0,0,1,1,1,1,11,6,6,,12,12,TRUE
6012SKDMAROON-L,25,25,25,25,25,24,23,23,23,23,22,47,48,49,49,40,40,40,31,30,30,29,29,29,38,24,23,24,24,24,,30,30,TRUE
6012SKDMAROON-M,10,10,10,10,10,9,9,9,9,9,8,8,8,8,8,8,9,9,9,8,8,8,8,8,42,7,7,7,7,7,,30,30,TRUE
6012SKDMAROON-S,43,43,43,43,43,43,43,43,44,44,43,43,43,43,43,43,44,44,44,44,44,44,44,44,44,44,44,44,44,44,,30,30,TRUE
6012SKDMAROON-XL,7,7,7,7,7,7,6,6,29,29,15,63,56,65,65,63,63,63,49,49,49,49,49,49,48,38,37,38,26,27,,30,30,TRUE
6012SKDMAROON-XXL,12,12,13,12,13,14,13,14,13,13,13,13,14,14,14,14,14,14,10,10,10,10,10,9,18,8,9,9,9,9,,30,30,TRUE
6013SKDWHITE-3XL,24,24,24,26,26,26,26,26,25,25,25,25,26,26,26,24,24,24,24,24,24,24,24,14,14,12,12,12,13,13,,30,30,TRUE
6013SKDWHITE-4XL,4,4,4,6,6,5,4,2,0,0,0,0,2,1,1,1,1,1,0,0,0,0,0,0,4,0,0,9,9,9,,18,16,FALSE
6013SKDWHITE-5XL,0,0,0,0,0,0,0,0,0,0,0,0,0,0,0,0,0,0,0,0,0,0,0,0,1,0,0,0,0,0,,1,0,FALSE
6013SKDWHITE-L,50,50,50,50,50,50,50,50,50,50,50,50,50,50,50,50,50,50,50,50,50,50,50,50,50,50,50,50,50,50,,30,30,TRUE
6013SKDWHITE-M,57,57,57,57,57,57,56,56,56,56,56,56,56,56,56,56,56,56,56,56,56,56,56,56,56,56,56,56,56,56,,30,30,TRUE
6013SKDWHITE-S,64,64,64,64,64,64,63,63,63,63,63,63,63,63,63,63,63,63,63,63,63,63,63,63,63,63,63,63,63,63,,30,30,TRUE
6013SKDWHITE-XL,32,32,32,32,32,32,32,32,30,30,27,27,27,27,27,27,27,27,27,27,27,27,27,26,26,26,26,26,26,27,,30,30,TRUE
6013SKDWHITE-XXL,35,35,35,35,35,35,35,35,34,34,32,33,34,34,34,33,33,33,33,33,33,33,33,33,33,33,33,32,30,30,,30,30,TRUE
6015SKDBLACK-3XL,7,7,7,7,7,7,5,5,5,5,4,3,3,3,3,3,3,3,3,2,2,2,2,1,1,1,1,1,1,1,,30,30,TRUE
6015SKDBLACK-4XL,3,3,3,3,3,4,4,4,1,1,1,1,1,1,1,1,1,1,1,1,1,1,1,1,5,1,1,1,1,1,,30,30,TRUE
6015SKDBLACK-5XL,1,0,0,0,0,0,0,0,0,0,0,0,0,0,0,0,0,0,0,0,0,0,0,0,0,0,0,0,0,1,,2,1,FALSE
6015SKDBLACK-L,4,4,4,5,5,5,5,5,5,5,5,5,5,5,5,5,5,5,5,5,5,5,5,2,13,2,2,2,2,2,,30,30,TRUE
6015SKDBLACK-M,6,6,6,6,6,6,6,7,7,7,7,7,7,7,7,7,7,7,7,8,8,8,8,8,8,8,8,8,8,8,,30,30,TRUE
6015SKDBLACK-S,21,21,21,22,23,23,23,23,22,22,22,22,22,22,22,21,21,21,21,21,21,21,22,22,22,22,22,22,22,22,,30,30,TRUE
6015SKDBLACK-XL,1,2,2,4,4,4,4,4,4,4,4,4,2,2,2,0,0,0,0,0,0,0,0,0,1,0,0,3,3,3,,19,17,FALSE
6015SKDBLACK-XS,3,3,3,3,2,2,2,2,2,2,2,2,2,2,2,2,2,2,2,2,2,2,2,2,2,2,2,2,2,2,,30,30,TRUE
6015SKDBLACK-XXL,2,2,2,2,2,2,2,2,2,2,2,2,2,2,2,2,2,2,2,2,2,2,2,2,3,2,2,2,2,2,,30,30,TRUE
6016SKDBLUE-3XL,82,82,82,83,83,83,82,82,82,82,82,82,82,82,82,83,83,83,82,81,81,81,81,81,81,81,81,81,81,80,,30,30,TRUE
6016SKDBLUE-4XL,64,66,62,62,61,60,60,59,57,60,59,57,57,57,57,55,55,55,54,54,54,54,54,54,54,54,54,54,54,54,,30,30,TRUE
6016SKDBLUE-5XL,75,76,73,74,71,73,72,72,72,75,75,75,75,75,75,75,75,75,74,77,77,77,77,78,78,74,73,73,73,73,,30,30,TRUE
6016SKDBLUE-L,47,48,46,45,45,45,45,44,43,44,44,44,45,45,45,44,44,44,44,44,43,43,44,45,45,45,45,45,45,45,,30,30,TRUE
6016SKDBLUE-M,41,41,38,40,40,40,40,41,51,53,53,53,54,54,54,53,53,53,53,53,53,52,52,53,53,54,54,54,54,54,,30,30,TRUE
6016SKDBLUE-S,18,18,19,21,21,21,21,22,22,25,25,25,24,24,24,24,24,24,24,24,24,24,24,24,24,24,24,24,23,23,,30,30,TRUE
6016SKDBLUE-XL,71,72,61,61,60,60,60,60,59,70,70,69,70,69,69,70,70,70,70,69,69,69,71,71,71,71,71,71,70,70,,30,30,TRUE
6016SKDBLUE-XS,24,24,24,24,24,24,24,24,24,24,24,24,24,24,24,24,24,24,24,24,24,24,24,25,25,25,25,25,25,25,,30,30,TRUE
6016SKDBLUE-XXL,73,70,70,71,70,69,69,69,70,71,71,73,73,73,73,72,73,73,73,73,73,73,73,72,72,73,72,73,73,73,,30,30,TRUE
6017SKDRED-3XL,80,79,75,77,77,76,74,72,72,99,98,98,101,101,101,104,104,104,102,96,95,95,95,97,96,96,96,99,99,99,,30,30,TRUE
6017SKDRED-4XL,65,63,64,63,61,59,58,57,57,70,70,70,74,75,75,75,75,75,71,69,68,68,68,68,68,68,68,68,71,71,,30,30,TRUE
6017SKDRED-5XL,33,31,28,25,24,22,21,20,23,71,71,69,71,69,69,68,68,68,63,71,68,68,68,68,68,68,67,67,70,70,,30,30,TRUE
6017SKDRED-L,70,72,71,73,72,71,70,68,71,123,121,125,127,126,126,129,129,129,125,122,122,121,121,124,124,125,124,123,120,120,,30,30,TRUE
6017SKDRED-M,46,54,54,62,60,60,58,60,74,103,102,102,104,104,104,104,104,104,99,99,95,95,96,95,95,94,94,95,95,95,,30,30,TRUE
6017SKDRED-S,51,50,51,53,54,54,54,56,72,101,99,100,102,101,101,101,101,102,102,100,100,100,100,100,100,101,100,100,100,100,,30,30,TRUE
6017SKDRED-XL,81,83,74,76,73,69,69,69,66,136,134,132,134,132,132,136,136,136,133,134,132,130,132,134,132,134,134,135,137,136,,30,30,TRUE
6017SKDRED-XS,30,29,29,30,30,30,30,30,30,45,45,46,46,46,46,46,46,46,46,46,46,44,45,45,45,45,45,44,45,44,,30,30,TRUE
6017SKDRED-XXL,107,107,104,108,102,97,101,102,97,163,160,162,164,163,163,164,164,164,158,152,151,148,149,147,146,127,125,139,138,137,,30,30,TRUE
6018SKDYELLOW-3XL,67,66,66,65,64,64,64,64,60,60,60,59,60,60,60,60,60,60,61,61,61,61,61,62,62,62,62,62,62,62,,30,30,TRUE
6018SKDYELLOW-4XL,8,9,8,8,8,8,8,8,7,7,7,7,7,6,6,5,5,5,5,5,4,4,4,4,8,4,4,4,4,4,,30,30,TRUE
6018SKDYELLOW-5XL,35,35,35,38,37,37,36,36,36,36,36,36,37,37,37,38,38,38,37,37,36,36,36,36,36,36,36,36,37,37,,30,30,TRUE
6018SKDYELLOW-L,88,89,86,87,86,87,87,87,85,87,87,89,91,91,91,88,88,88,87,90,90,90,90,89,89,89,89,89,89,74,,30,30,TRUE
6018SKDYELLOW-M,3,3,1,4,3,2,1,1,1,1,1,2,3,3,3,3,3,3,3,3,3,2,3,2,4,1,1,1,1,1,,30,30,TRUE
6018SKDYELLOW-S,8,8,8,9,9,9,9,9,8,7,7,7,7,7,7,7,7,7,5,5,5,5,5,6,6,5,5,4,5,5,,30,30,TRUE
6018SKDYELLOW-XL,24,26,23,20,19,15,14,14,16,15,14,14,14,14,14,14,14,14,13,13,13,13,13,13,13,14,14,15,15,15,,30,30,TRUE
6018SKDYELLOW-XS,42,42,42,43,42,42,42,42,42,42,42,42,42,42,42,42,42,42,42,42,41,41,42,43,43,43,43,43,43,43,,30,30,TRUE
6018SKDYELLOW-XXL,104,103,105,108,108,108,108,108,109,111,111,110,110,110,110,110,110,110,110,110,110,110,110,109,109,107,106,108,108,108,,30,30,TRUE
6019SKDWHITE-3XL,21,21,21,21,20,20,20,19,19,19,19,19,19,19,19,19,19,19,19,19,18,18,18,18,18,17,17,17,18,9,,30,30,TRUE
6019SKDWHITE-4XL,10,10,10,11,10,9,8,8,5,4,3,3,4,4,4,4,4,4,3,3,2,1,1,1,6,1,1,1,1,1,,30,30,TRUE
6019SKDWHITE-5XL,2,2,1,1,0,0,0,0,0,0,0,0,1,1,1,1,1,1,2,2,1,1,1,1,1,0,0,0,0,0,,17,16,FALSE
6019SKDWHITE-L,22,21,22,21,21,21,21,21,21,21,21,21,23,23,23,23,23,23,22,22,22,22,22,21,21,20,20,22,22,22,,30,30,TRUE
6019SKDWHITE-M,20,20,20,20,20,20,19,19,19,20,20,20,20,19,19,19,19,19,19,18,18,18,18,18,18,18,17,17,17,17,,30,30,TRUE
6019SKDWHITE-S,6,6,7,7,7,7,7,7,7,7,7,7,7,7,7,7,7,7,7,7,7,7,8,7,7,6,6,5,5,5,,30,30,TRUE
6019SKDWHITE-XL,17,17,17,16,15,15,15,15,13,14,14,14,14,14,14,12,12,12,9,8,2,6,8,8,8,8,8,9,9,9,,30,30,TRUE
6019SKDWHITE-XXL,11,11,11,12,10,9,8,8,3,2,2,2,2,3,3,3,3,3,3,2,2,2,2,2,7,2,2,2,2,2,,30,30,TRUE
6020SKDOFFWHITE-3XL,33,33,33,34,34,33,33,33,33,32,32,32,32,32,32,32,32,32,32,32,32,33,33,33,33,29,29,30,30,30,,30,30,TRUE
6020SKDOFFWHITE-4XL,22,22,22,22,22,21,20,20,20,20,20,19,19,20,20,20,20,20,20,20,20,19,19,20,20,19,19,20,20,20,,30,30,TRUE
6020SKDOFFWHITE-5XL,17,17,17,19,19,17,17,17,18,18,17,17,22,21,21,20,20,20,19,20,20,18,20,22,22,22,22,22,24,24,,30,30,TRUE
6020SKDOFFWHITE-L,29,29,29,29,29,29,29,29,29,29,29,29,30,30,30,30,30,30,30,30,30,30,30,30,30,30,30,30,30,30,,30,30,TRUE
6020SKDOFFWHITE-M,31,31,31,31,31,31,31,31,31,31,31,31,31,31,31,31,31,31,31,31,31,31,31,31,31,31,31,31,31,31,,30,30,TRUE
6020SKDOFFWHITE-S,17,17,17,17,17,17,17,17,17,17,17,17,17,17,17,17,17,17,17,17,17,16,16,16,16,16,16,16,16,16,,30,30,TRUE
6020SKDOFFWHITE-XL,20,20,20,20,19,18,18,18,19,19,19,19,16,16,16,16,16,16,16,16,16,16,16,16,16,16,16,17,16,16,,30,30,TRUE
6020SKDOFFWHITE-XXL,29,29,29,29,29,29,29,29,28,27,27,27,27,27,27,27,27,27,27,27,27,27,27,27,27,27,27,27,27,26,,30,30,TRUE
6021SKDNPINK-6XL,0,0,0,0,0,0,0,0,0,0,0,0,0,0,0,0,0,0,0,0,0,0,0,0,0,0,0,0,0,0,,0,#N/A,#N/A
6021SKDNPINK-7XL,0,0,0,0,0,0,0,0,0,0,0,0,0,0,0,0,0,0,0,0,0,0,0,0,0,0,0,0,0,0,,0,#N/A,#N/A
6021SKDNPINK-8XL,0,0,0,0,0,0,0,0,0,0,0,0,0,0,0,0,0,0,0,0,0,0,0,0,0,0,0,0,0,0,,0,#N/A,#N/A
6021SKDPINK-3XL,0,0,0,0,0,0,0,0,0,0,0,0,0,0,0,0,0,0,0,0,0,0,0,0,0,0,0,0,0,0,,0,0,TRUE
6021SKDPINK-4XL,0,0,0,0,1,1,1,1,1,1,0,0,1,1,1,1,1,1,1,1,1,1,1,1,1,1,0,0,0,0,,20,20,TRUE
6021SKDPINK-5XL,0,0,0,0,0,0,0,0,0,0,0,0,0,0,0,0,0,0,0,0,0,0,0,0,1,0,0,0,0,0,,1,0,FALSE
6021SKDPINK-6XL,1,1,1,1,1,1,1,1,1,1,1,1,1,1,1,1,1,1,1,1,1,1,1,0,0,0,0,0,0,0,,23,22,FALSE
6021SKDPINK-7XL,7,7,7,7,7,7,7,7,7,5,5,5,5,5,5,5,5,5,4,3,1,3,3,3,3,2,1,1,0,12,,29,27,FALSE
6021SKDPINK-8XL,1,1,1,1,1,1,1,1,1,1,1,1,1,1,1,1,1,1,1,1,1,1,1,1,1,1,1,1,1,1,,30,30,TRUE
6021SKDPINK-L,0,0,0,0,0,0,0,0,1,1,1,1,1,1,1,1,1,1,1,1,0,0,0,0,0,0,0,0,0,4,,13,12,FALSE
6021SKDPINK-M,0,0,0,2,2,2,2,2,0,0,0,0,0,0,0,0,0,0,0,0,0,0,0,0,0,0,0,0,0,1,,6,5,FALSE
6021SKDPINK-S,0,0,0,0,0,0,0,0,0,0,0,0,0,0,0,0,0,0,0,0,0,0,0,0,0,0,0,0,0,0,,0,0,TRUE
6021SKDPINK-XL,0,0,0,0,0,0,0,0,1,1,0,0,0,0,0,0,0,0,0,0,0,0,0,0,0,0,0,0,0,0,,2,2,TRUE
6021SKDPINK-XXL,1,0,0,0,0,0,0,0,0,0,0,0,0,0,0,0,1,1,1,1,1,1,1,1,1,1,1,1,0,0,,13,11,FALSE
6022SKDGREEN-3XL,21,21,21,21,21,21,21,21,21,21,21,21,21,21,21,21,21,21,21,21,21,20,20,20,20,20,20,20,20,20,,30,30,TRUE
6022SKDGREEN-4XL,25,25,25,25,25,25,25,25,20,20,20,20,20,20,20,21,21,21,21,21,21,21,21,21,21,20,20,20,20,20,,30,30,TRUE
6022SKDGREEN-5XL,26,26,26,25,25,25,25,25,25,25,25,24,19,24,24,24,24,24,24,24,24,24,24,29,28,29,28,28,24,24,,30,30,TRUE
6022SKDGREEN-6XL,8,8,8,8,8,8,8,8,8,8,8,8,8,8,8,8,8,8,8,8,8,8,8,8,8,8,8,8,8,8,,30,30,TRUE
6022SKDGREEN-7XL,9,9,12,12,12,11,11,11,9,9,9,9,9,9,9,9,9,9,9,9,9,9,9,9,8,7,7,7,7,7,,30,30,TRUE
6022SKDGREEN-8XL,10,10,12,12,12,11,11,11,11,10,10,10,9,9,9,7,7,7,6,6,6,6,6,5,5,5,5,5,5,5,,30,30,TRUE
6022SKDGREEN-L,29,29,29,29,28,28,28,28,26,26,26,25,25,25,25,25,25,25,25,25,25,25,25,25,25,25,25,25,25,25,,30,30,TRUE
6022SKDGREEN-M,41,41,41,41,41,41,41,41,38,38,37,37,37,37,37,37,37,37,37,37,37,37,37,37,37,37,37,37,37,36,,30,30,TRUE
6022SKDGREEN-S,17,17,17,17,17,17,17,17,17,17,17,17,17,17,17,17,17,17,17,17,16,16,17,17,17,17,17,17,18,18,,30,30,TRUE
6022SKDGREEN-XL,9,9,9,9,9,8,8,8,2,0,2,2,2,2,2,2,2,2,2,2,2,2,2,2,8,1,1,1,1,1,,29,29,TRUE
6022SKDGREEN-XXL,24,24,24,24,24,24,24,24,24,24,24,23,23,23,23,23,23,23,23,23,23,23,23,23,23,23,23,23,23,23,,30,30,TRUE
6023SKDBLUE-L,12,12,12,13,13,13,13,13,13,13,13,13,13,13,13,13,13,13,13,13,13,13,13,13,13,11,11,13,13,13,,30,30,TRUE
6023SKDBLUE-M,12,12,12,12,12,12,12,11,11,11,11,11,11,11,11,11,11,11,10,10,9,9,10,10,10,8,8,8,9,9,,30,30,TRUE
6023SKDBLUE-S,14,14,14,14,14,14,14,14,14,14,14,14,13,13,13,13,14,14,14,14,14,14,14,14,14,14,14,14,14,14,,30,30,TRUE
6023SKDBLUE-XL,12,12,12,12,12,12,12,12,12,12,12,12,12,12,12,12,12,12,12,12,12,12,12,12,12,12,12,12,12,12,,30,30,TRUE
6024SKD5010-L,8,9,9,9,9,9,9,8,8,8,8,8,8,5,5,5,5,5,5,5,4,4,4,4,4,4,4,5,5,5,,30,30,TRUE
6024SKD5010-M,21,21,21,20,20,19,19,19,19,19,19,19,19,18,18,18,18,18,18,18,18,18,18,18,16,17,17,17,8,8,,30,30,TRUE
6024SKD5010-S,28,28,28,27,27,27,27,27,27,26,25,25,24,24,24,24,24,24,24,24,24,24,24,24,24,24,24,24,23,23,,30,30,TRUE
6024SKD5010-XL,7,7,7,7,7,7,5,4,4,4,4,4,4,4,4,4,4,4,4,4,4,4,4,4,4,3,2,3,4,4,,30,30,TRUE
6024SKDPURPLE-L,8,9,9,9,9,9,9,9,8,8,8,8,8,8,8,5,5,5,5,5,4,4,4,4,4,4,4,5,5,5,,30,30,TRUE
6024SKDPURPLE-M,21,21,21,21,20,19,19,19,19,19,19,19,19,18,18,18,18,18,18,18,18,18,18,18,18,17,17,17,13,8,,30,30,TRUE
6024SKDPURPLE-S,28,28,28,28,27,27,27,27,27,26,25,25,24,24,24,24,24,24,24,24,24,24,24,24,24,24,24,24,23,23,,30,30,TRUE
6024SKDPURPLE-XL,7,7,7,7,7,7,5,5,4,4,4,4,4,4,4,4,4,4,4,4,4,4,4,4,4,3,2,3,4,4,,30,30,TRUE
6025SKDPURPLE-3XL,2,2,2,2,2,1,1,1,0,0,0,0,3,33,33,33,33,33,23,22,21,21,22,20,20,20,20,20,20,18,,26,26,TRUE
6025SKDPURPLE-4XL,6,7,7,7,7,7,5,4,0,0,0,0,2,74,74,75,75,75,73,73,73,73,73,73,73,73,73,73,73,73,,26,26,TRUE
6025SKDPURPLE-5XL,19,18,18,19,19,19,19,18,17,16,16,14,15,34,34,33,33,33,33,33,33,32,32,32,31,32,32,32,32,32,,30,30,TRUE
6025SKDPURPLE-6XL,11,11,9,11,11,10,8,8,6,6,6,6,46,46,46,47,47,47,47,47,47,47,47,47,47,46,46,46,46,46,,30,30,TRUE
6025SKDPURPLE-7XL,9,9,8,8,9,9,7,7,0,0,0,0,5,16,16,16,16,16,11,11,11,11,11,12,13,12,12,12,12,12,,26,26,TRUE
6025SKDPURPLE-8XL,6,6,6,6,6,6,6,6,4,4,4,3,3,79,79,79,78,78,74,74,74,74,74,73,73,73,73,73,73,73,,30,30,TRUE
6025SKDPURPLE-L,13,12,12,12,11,11,8,7,5,6,5,5,7,72,72,72,72,72,72,72,72,72,72,69,69,69,69,69,69,68,,30,30,TRUE
6025SKDPURPLE-M,6,7,6,6,6,5,4,5,5,5,5,5,6,32,32,32,32,32,32,32,32,32,32,33,32,31,31,32,32,32,,30,30,TRUE
6025SKDPURPLE-S,9,9,9,11,10,10,9,10,8,7,7,7,7,22,22,21,21,21,21,21,21,21,20,20,20,20,17,17,19,19,,30,30,TRUE
6025SKDPURPLE-XL,5,4,4,4,4,4,4,2,0,0,0,0,0,23,23,23,23,23,18,18,18,18,18,18,17,17,16,17,14,14,,25,25,TRUE
6025SKDPURPLE-XXL,7,6,6,6,6,5,5,5,4,4,4,4,3,84,84,84,84,84,78,78,78,78,77,76,75,70,70,70,71,71,,30,30,TRUE
6026SKDNWINE-7XL,0,0,0,0,0,0,0,0,0,0,0,0,0,0,0,0,0,0,0,0,0,0,0,0,0,0,0,0,0,0,,0,#N/A,#N/A
6026SKDWINE-3XL,1,1,0,0,0,0,0,0,0,0,0,0,0,0,0,0,0,0,0,0,0,0,0,0,0,0,0,1,1,1,,5,5,TRUE
6026SKDWINE-4XL,0,0,0,2,2,2,2,1,0,0,0,0,2,2,2,2,2,2,2,2,2,2,2,2,2,2,2,2,1,1,,23,23,TRUE
6026SKDWINE-5XL,0,0,0,0,0,0,0,0,0,0,0,0,0,0,0,0,0,0,0,0,0,0,0,0,0,0,0,0,0,0,,0,0,TRUE
6026SKDWINE-6XL,0,0,0,0,0,0,0,0,0,0,0,0,0,0,0,0,0,0,0,0,0,0,0,0,0,0,0,0,0,1,,1,0,FALSE
6026SKDWINE-7XL,1,1,1,1,2,1,1,1,1,1,1,1,1,1,1,1,1,1,0,0,0,0,0,0,0,0,0,0,0,7,,19,18,FALSE
6026SKDWINE-8XL,1,1,1,1,1,0,0,0,0,0,0,0,0,0,0,0,0,0,0,0,0,0,0,0,0,0,0,0,0,0,,5,5,TRUE
6026SKDWINE-L,0,1,1,1,1,0,0,0,0,0,0,0,0,0,0,0,0,0,0,0,0,0,0,0,0,0,0,0,0,0,,4,4,TRUE
6026SKDWINE-M,0,1,1,2,2,1,1,1,1,1,1,1,1,1,1,1,1,1,1,1,1,1,1,1,1,1,1,1,1,1,,29,29,TRUE
6026SKDWINE-S,1,1,1,1,1,1,1,1,1,1,0,0,0,0,0,0,0,0,0,0,0,0,0,0,0,0,0,0,1,1,,12,12,TRUE
6026SKDWINE-XL,0,0,0,0,0,0,0,0,0,0,0,0,0,0,0,0,0,0,0,0,0,0,0,0,0,0,0,0,1,1,,2,2,TRUE
6026SKDWINE-XXL,0,0,0,0,0,0,0,0,0,0,0,0,0,0,0,0,0,0,0,0,0,0,0,0,0,0,0,0,1,1,,2,2,TRUE
6027SKDBLACK-3XL,57,57,57,59,59,59,59,59,55,55,55,55,55,55,55,55,55,55,55,54,54,54,54,54,54,54,54,54,54,54,,30,30,TRUE
6027SKDBLACK-4XL,34,34,34,34,34,34,34,34,34,34,34,34,34,34,34,34,34,34,34,34,34,34,34,34,34,34,34,34,30,30,,30,30,TRUE
6027SKDBLACK-5XL,25,25,25,24,24,24,24,24,21,21,21,21,21,21,21,21,22,22,22,22,22,22,22,22,22,18,17,17,17,17,,30,30,TRUE
6027SKDBLACK-6XL,9,9,9,9,9,9,9,9,9,9,4,4,4,3,3,3,3,3,3,3,3,3,3,3,4,3,3,3,3,3,,30,30,TRUE
6027SKDBLACK-7XL,13,13,13,13,13,13,13,12,12,12,12,12,12,12,12,12,12,12,12,12,12,12,12,12,12,12,12,12,12,12,,30,30,TRUE
6027SKDBLACK-8XL,11,11,11,11,11,11,11,11,11,11,11,11,11,11,11,9,9,9,6,6,4,4,4,2,3,2,2,2,2,2,,30,30,TRUE
6027SKDBLACK-L,23,23,23,23,23,22,22,22,22,22,22,22,22,22,22,22,22,22,22,22,22,22,22,21,20,17,17,17,17,17,,30,30,TRUE
6027SKDBLACK-M,55,55,55,55,55,55,55,55,55,56,56,56,56,56,56,56,56,56,56,56,54,54,54,54,54,51,51,51,52,52,,30,30,TRUE
6027SKDBLACK-S,11,10,10,10,10,10,10,10,6,6,5,5,5,5,5,5,5,5,5,5,5,5,5,5,5,5,5,5,5,5,,30,30,TRUE
6027SKDBLACK-XL,13,13,13,13,13,13,13,13,10,10,10,10,10,10,10,10,10,10,10,9,8,5,8,8,8,8,8,8,8,8,,30,30,TRUE
6027SKDBLACK-XXL,27,29,29,29,29,29,29,29,25,25,25,25,25,25,25,25,25,25,20,20,20,20,20,20,20,20,20,19,19,19,,30,30,TRUE
6028SKDMAROON-3XL,6,6,5,7,6,5,5,5,4,3,3,2,2,2,2,3,3,3,1,2,1,0,0,0,2,0,0,0,0,0,,22,21,FALSE
6028SKDMAROON-4XL,1,3,1,4,4,4,2,1,1,1,1,1,2,0,0,0,0,0,1,0,0,0,0,0,0,0,0,0,0,1,,15,14,FALSE
6028SKDMAROON-5XL,0,0,0,0,0,0,0,0,0,0,0,0,0,0,0,0,0,0,0,0,0,0,0,0,0,0,0,0,0,0,,0,0,TRUE
6028SKDMAROON-L,38,38,38,38,38,38,38,38,39,39,39,38,38,38,38,36,36,36,36,36,36,35,35,35,35,35,35,35,35,35,,30,30,TRUE
6028SKDMAROON-M,41,41,41,41,41,41,41,41,41,41,41,41,41,41,41,41,41,41,41,41,41,41,41,41,41,41,41,41,41,41,,30,30,TRUE
6028SKDMAROON-S,18,18,18,18,18,18,18,17,17,17,17,17,17,17,17,17,17,17,17,17,17,17,17,17,17,17,17,17,17,17,,30,30,TRUE
6028SKDMAROON-XL,14,12,12,11,11,10,10,11,11,11,11,11,11,11,11,11,11,11,11,11,11,11,12,12,14,12,12,12,12,11,,30,30,TRUE
6028SKDMAROON-XS,14,14,14,14,14,14,14,14,14,14,14,14,14,14,14,14,14,14,14,14,14,14,14,14,14,14,14,14,14,14,,30,30,TRUE
6028SKDMAROON-XXL,7,7,6,6,6,6,6,6,1,1,1,1,2,2,2,2,2,2,1,1,1,1,1,2,11,2,2,2,2,1,,30,30,TRUE
61YK148GREY-L,0,0,0,0,0,0,0,0,0,0,0,0,0,0,0,0,0,0,0,0,0,0,0,0,0,0,0,0,0,0,,0,0,TRUE
61YK148GREY-S,0,0,0,0,0,0,0,0,0,0,0,0,0,0,0,0,0,0,0,0,0,0,0,0,0,0,0,0,0,0,,0,0,TRUE
61YK148GREY-XXL,0,0,0,0,0,0,0,0,0,0,0,0,0,0,0,0,0,0,0,0,0,0,0,0,0,0,0,0,0,0,,0,0,TRUE
678KL5008PLYKGREEN-XXL,0,0,0,0,0,0,0,0,0,0,0,0,0,0,0,0,0,0,0,0,0,0,0,0,0,0,0,0,0,0,,0,#N/A,#N/A
679KL5008YKGREEN-M,0,0,0,0,0,0,0,0,0,0,0,0,0,0,0,0,0,0,0,0,0,0,0,0,0,0,0,0,0,0,,0,#N/A,#N/A
679KL5008YKGREEN-S,0,0,0,0,0,0,0,0,0,0,0,0,0,0,0,0,0,0,0,0,0,0,0,0,0,0,0,0,0,0,,0,#N/A,#N/A
679KL5008YKGREEN-XL,0,0,0,0,0,0,0,0,0,0,0,0,0,0,0,0,0,0,0,0,0,0,0,0,0,0,0,0,0,0,,0,#N/A,#N/A
67YK83INDIGO-L,33,33,32,33,32,22,22,22,22,23,23,22,94,181,181,183,183,183,181,181,180,180,180,184,183,183,183,183,183,183,,30,30,TRUE
67YK83INDIGO-M,46,51,51,52,52,50,50,50,49,49,47,45,150,331,331,335,335,335,333,334,333,333,333,331,331,292,292,292,293,292,,30,30,TRUE
67YK83INDIGO-S,46,47,46,49,50,50,50,50,50,50,50,49,223,314,314,315,315,315,312,312,311,310,311,311,310,311,311,310,311,312,,30,30,TRUE
67YK83INDIGO-XL,14,14,14,16,16,16,16,16,16,16,16,16,215,269,269,270,270,270,269,269,269,269,269,269,268,258,258,259,259,259,,30,30,TRUE
67YK83INDIGO-XS,19,18,17,19,20,20,20,19,11,10,10,10,81,105,105,105,105,105,104,103,102,102,102,99,99,102,102,102,102,102,,30,30,TRUE
67YK83INDIGO-XXL,9,9,9,9,9,9,9,8,8,8,8,8,155,180,180,180,181,180,177,177,173,173,175,178,178,177,177,178,178,179,,30,30,TRUE
683KL5010YKWHITE-L,0,0,0,0,0,0,0,0,0,0,0,0,0,0,0,0,0,0,0,0,0,0,0,0,0,0,0,0,0,0,,0,#N/A,#N/A
683KL5010YKWHITE-M,0,0,0,0,0,0,0,0,0,0,0,0,0,0,0,0,0,0,0,0,0,0,0,0,0,0,0,0,0,0,,0,#N/A,#N/A
683KL5010YKWHITE-S,0,0,0,0,0,0,0,0,0,0,0,0,0,0,0,0,0,0,0,0,0,0,0,0,0,0,0,0,0,0,,0,#N/A,#N/A
683KL5010YKWHITE-XL,0,0,0,0,0,0,0,0,0,0,0,0,0,0,0,0,0,0,0,0,0,0,0,0,0,0,0,0,0,0,,0,#N/A,#N/A
685KL5011YKOWHITE-M,0,0,0,0,0,0,0,0,0,0,0,0,0,0,0,0,0,0,0,0,0,0,0,0,0,0,0,0,0,0,,0,#N/A,#N/A
685KL5011YKOWHITE-S,0,0,0,0,0,0,0,0,0,0,0,0,0,0,0,0,0,0,0,0,0,0,0,0,0,0,0,0,0,0,,0,#N/A,#N/A
68YK83BLACK-M,1,1,1,1,1,1,1,1,1,1,1,1,1,1,1,1,1,1,1,1,1,1,1,1,1,1,1,1,1,1,,30,30,TRUE
68YK83BLACK-S,1,1,1,1,1,1,1,1,1,1,1,1,1,1,1,1,1,1,1,1,1,1,1,1,1,1,1,1,1,1,,30,30,TRUE
690KL5014PLYKMAROON-4XL,0,0,0,0,0,0,0,0,0,0,0,0,0,0,0,0,0,0,0,0,0,0,0,0,0,0,0,0,0,0,,0,#N/A,#N/A
690KL5014PLYKMAROON-5XL,0,0,0,0,0,0,0,0,0,0,0,0,0,0,0,0,0,0,0,0,0,0,0,0,0,0,0,0,0,0,,0,#N/A,#N/A
690KL5014PLYKMAROON-XXL,0,0,0,0,0,0,0,0,0,0,0,0,0,0,0,0,0,0,0,0,0,0,0,0,0,0,0,0,0,0,,0,#N/A,#N/A
691KL5014YKMAROON-M,0,0,0,0,0,0,0,0,0,0,0,0,0,0,0,0,0,0,0,0,0,0,0,0,0,0,0,0,0,0,,0,#N/A,#N/A
691KL5014YKMAROON-S,0,0,0,0,0,0,0,0,0,0,0,0,0,0,0,0,0,0,0,0,0,0,0,0,0,0,0,0,0,0,,0,#N/A,#N/A
694KL5019PLYKDENIM-4XL,0,0,0,0,0,0,0,0,0,0,0,0,0,0,0,0,0,0,0,0,0,0,0,0,0,0,0,0,0,0,,0,#N/A,#N/A
695KL5019YKDENIM-M,0,0,0,0,0,0,0,0,0,0,0,0,0,0,0,0,0,0,0,0,0,0,0,0,0,0,0,0,0,0,,0,#N/A,#N/A
695KL5019YKDENIM-XL,0,0,0,0,0,0,0,0,0,0,0,0,0,0,0,0,0,0,0,0,0,0,0,0,0,0,0,0,0,0,,0,#N/A,#N/A
69YK83BLUE-S,0,0,0,0,0,0,0,0,0,0,0,0,0,0,0,0,0,0,0,0,0,0,0,0,0,0,0,0,0,0,,0,0,TRUE
6YK167WHITE-L,0,0,0,0,0,0,0,0,0,0,0,0,0,0,0,0,0,0,0,0,0,0,0,0,0,0,0,0,0,0,,0,0,TRUE
6YK167WHITE-M,0,0,0,0,0,0,0,0,0,0,0,0,0,0,0,0,0,0,0,0,0,0,0,0,0,0,0,0,0,0,,0,0,TRUE
6YK167WHITE-XXL,0,0,0,0,0,0,0,0,0,0,0,0,0,0,0,0,0,0,0,0,0,0,0,0,0,0,0,0,0,0,,0,0,TRUE
7003YKBLSRED-L-XL,2,2,2,2,2,2,1,1,0,0,0,0,0,0,0,0,0,0,0,0,0,0,0,1,1,1,2,2,2,2,,15,15,TRUE
7003YKBLSRED-S-M,0,0,0,0,0,0,0,0,0,0,0,0,0,0,0,0,0,0,0,0,0,0,0,1,1,1,1,1,1,1,,7,7,TRUE
7004YKBLSMULTI-L-XL,0,0,0,1,0,0,0,0,1,1,1,0,0,0,0,0,0,0,0,0,0,0,0,0,0,0,0,0,0,0,,4,4,TRUE
7004YKBLSMULTI-S-M,8,8,8,8,8,7,7,6,2,1,2,1,2,2,2,2,2,2,1,1,1,1,1,1,6,2,2,2,3,3,,30,30,TRUE
7005YKBLSMULTI-4XL-5XL,41,42,42,42,42,40,40,40,38,38,38,38,36,35,35,32,33,32,28,28,28,28,28,29,28,32,31,31,18,18,,30,30,TRUE
7005YKBLSMULTI-L-XL,42,42,42,42,42,38,37,37,37,38,37,38,38,38,38,38,38,38,38,38,36,36,37,38,37,34,33,33,30,30,,30,30,TRUE
7005YKBLSMULTI-S-M,154,154,154,155,156,153,153,153,153,153,153,152,153,153,153,143,145,145,145,145,145,145,145,145,145,147,147,147,147,147,,30,30,TRUE
7005YKBLSMULTI-XXL-3XL,33,33,33,32,32,32,31,31,23,23,22,22,22,22,22,17,16,16,16,16,16,16,16,15,14,15,15,15,10,10,,30,30,TRUE
7006YKBLSBLUE-3XL,0,0,0,0,0,0,0,0,0,0,0,0,0,0,0,0,0,0,0,0,0,0,0,0,0,0,0,0,0,0,,0,#N/A,#N/A
7006YKBLSBLUE-4XL-5XL,2,1,1,1,1,1,1,0,0,0,0,0,1,1,1,0,0,0,0,0,0,0,0,0,0,0,0,1,1,1,,13,14,FALSE
7006YKBLSBLUE-L-XL,8,8,7,8,9,9,8,8,3,4,4,3,7,8,8,5,5,5,4,4,4,4,5,4,37,3,2,3,3,4,,30,30,TRUE
7006YKBLSBLUE-S-M,39,41,39,40,43,43,43,44,44,46,46,47,47,47,47,42,42,42,37,37,34,34,36,34,34,33,225,222,217,216,,30,30,TRUE
7006YKBLSBLUE-XXL-3XL,0,0,0,0,2,2,2,2,2,2,2,2,1,0,0,1,1,1,0,0,0,0,0,0,0,0,46,40,32,31,,16,17,FALSE
7007YKBLS-L-XL,2,2,2,2,2,2,2,2,3,3,3,3,2,2,2,2,2,2,2,2,2,2,2,3,3,3,3,3,3,3,,30,30,TRUE
7007YKBLS-S-M,14,14,14,14,14,14,14,14,14,14,14,14,14,14,14,13,13,13,13,13,13,13,13,13,13,13,13,13,14,14,,30,30,TRUE
7008YKBLSBLUE-4XL-5XL,28,29,33,36,36,26,26,26,24,24,24,24,24,24,24,22,22,22,22,21,21,21,21,21,21,23,22,22,21,20,,30,30,TRUE
7008YKBLSBLUE-L-XL,7,8,7,7,7,7,7,7,8,7,7,7,7,7,7,4,4,4,4,4,4,4,4,5,12,5,5,4,4,5,,30,30,TRUE
7008YKBLSBLUE-S-M,47,53,59,60,60,52,52,52,51,49,49,48,50,50,50,40,40,40,38,33,33,33,33,33,30,28,28,28,21,21,,30,30,TRUE
7008YKBLSBLUE-XXL-3XL,12,12,12,13,12,12,10,10,10,10,10,8,9,9,9,8,8,8,7,7,7,6,7,7,6,4,4,4,4,4,,30,30,TRUE
7009YKBLSGREEN-L-XL,0,0,0,0,0,0,0,0,0,0,0,0,0,0,0,0,0,0,0,0,0,0,0,0,0,0,0,0,0,1,,1,1,TRUE
7009YKBLSGREEN-S-M,1,1,1,1,1,1,1,1,1,1,1,1,1,1,1,1,1,1,1,1,1,1,1,1,1,1,1,1,1,1,,30,30,TRUE
7010YKBLSMUSTARD-L-XL,0,0,0,0,0,0,0,0,0,0,0,0,0,0,0,0,0,0,0,0,0,0,0,0,0,0,0,0,0,0,,0,0,TRUE
7010YKBLSMUSTARD-S-M,0,0,0,0,0,0,0,0,0,0,0,0,0,0,0,0,0,0,0,0,0,0,0,0,0,0,0,0,0,0,,0,0,TRUE
7011YKBLSMAROON-L-XL,11,11,12,7,10,10,10,10,11,11,11,9,9,9,9,9,9,9,9,9,9,9,9,9,17,9,9,8,8,8,,30,30,TRUE
7011YKBLSMAROON-S-M,2,2,2,2,2,2,2,2,2,2,2,2,2,2,2,2,2,2,2,2,2,2,2,2,2,2,2,2,2,2,,30,30,TRUE
7012YKBLSGREY-L-XL,0,0,0,0,0,0,0,0,0,0,0,0,0,0,0,0,0,0,0,0,0,0,1,1,1,1,1,1,1,1,,8,8,TRUE
7012YKBLSGREY-S-M,0,0,0,0,0,0,0,0,1,1,1,1,1,1,1,1,1,1,1,1,1,1,1,0,0,0,0,0,0,2,,16,15,FALSE
7014YKBLSMAROON-4XL-5XL,68,68,68,69,69,69,69,69,68,68,68,67,67,66,66,63,63,63,64,63,63,63,64,64,64,64,63,63,62,61,,30,30,TRUE
7014YKBLSMAROON-L-XL,272,272,264,262,262,261,261,261,262,279,279,279,281,281,281,281,289,289,291,290,283,282,284,285,285,268,266,262,262,260,,30,30,TRUE
7014YKBLSMAROON-S-M,80,79,83,85,86,86,85,84,84,83,83,83,84,84,84,82,84,83,83,82,82,81,82,83,83,83,83,82,82,81,,30,30,TRUE
7014YKBLSMAROON-XXL-3XL,58,58,57,56,56,55,55,55,53,54,54,54,54,53,53,51,52,52,54,53,52,52,52,52,52,50,49,49,45,45,,30,30,TRUE
7015YKBLSBLACK-L-XL,0,0,0,0,0,0,0,0,0,0,0,0,0,0,0,0,0,0,0,0,0,0,0,0,0,0,104,104,104,104,,4,4,TRUE
7015YKBLSBLACK-S-M,0,1,0,2,2,1,1,1,1,0,0,0,0,0,0,0,0,1,1,0,0,0,0,0,0,0,0,0,1,1,,11,11,TRUE
7016YKBLS-F,0,0,0,0,0,0,0,0,0,0,0,0,0,0,0,0,0,0,0,0,0,0,0,0,0,0,0,0,0,1,,1,1,TRUE
7017YKBLS-F,0,0,0,0,0,0,0,0,0,0,0,0,0,0,0,0,0,0,0,0,0,0,0,0,0,0,0,0,0,0,,0,0,TRUE
7018YKBLS-F,0,0,0,0,0,0,0,0,0,0,0,0,0,0,0,0,0,0,0,0,0,0,0,0,0,0,0,0,0,2,,1,1,TRUE
7019YKBLS-F,0,0,0,0,0,0,0,0,0,0,0,0,0,0,0,0,0,0,0,0,0,0,0,0,0,0,0,0,0,0,,0,0,TRUE
7020YKBLS-F,0,0,0,0,0,0,0,0,0,0,0,0,0,0,0,0,0,0,0,0,0,0,0,0,0,0,0,0,0,0,,0,0,TRUE
7021YKBLS-F,0,0,0,0,0,0,0,0,0,0,0,0,0,0,0,0,0,0,0,0,0,0,0,0,0,0,0,0,0,2,,1,1,TRUE
7022YKBLS-F,0,0,0,0,0,0,0,0,0,0,0,0,0,0,0,0,0,0,0,0,0,0,0,0,0,0,0,0,2,2,,2,2,TRUE
7023YKBLS-F,0,0,0,0,0,0,0,0,0,0,0,0,0,0,0,0,0,0,0,0,0,0,0,0,0,0,0,0,0,0,,0,0,TRUE
7024YKBLS-F,0,0,0,0,0,0,0,0,0,0,0,0,0,0,0,0,0,0,0,0,0,0,0,0,0,0,0,0,0,0,,0,0,TRUE
7025YKBLS-F,0,0,0,0,0,0,0,0,0,0,0,0,0,0,0,0,0,0,0,0,0,0,0,0,0,0,0,0,0,0,,0,0,TRUE
7026YKBLS-F,0,0,0,0,0,0,0,0,0,0,0,0,0,0,0,0,0,0,0,0,0,0,0,0,0,0,0,0,0,0,,0,0,TRUE
7027YKBLS-F,0,0,0,0,0,0,0,0,0,0,0,0,0,0,0,0,0,0,0,0,0,0,0,0,0,0,0,0,0,0,,0,0,TRUE
7028YKBLS-L-XL,0,0,0,0,0,0,0,0,0,0,0,0,0,0,0,0,0,0,0,0,0,0,1,0,0,0,0,0,0,1,,2,1,FALSE
7028YKBLS-S-M,10,10,10,10,10,10,9,9,9,9,9,9,8,8,8,9,9,9,9,9,9,9,9,9,9,9,10,10,11,11,,30,30,TRUE
7029YKBLS-L-XL,3,3,3,3,3,3,3,3,2,2,2,2,1,1,1,1,1,1,1,1,0,0,1,1,1,1,1,1,1,1,,28,28,TRUE
7029YKBLS-S-M,15,15,15,16,17,17,17,17,18,18,18,18,17,17,17,16,16,16,16,16,16,15,15,15,15,15,15,16,16,17,,30,30,TRUE
7030YKBLS-L-XL,0,0,0,0,0,0,0,0,0,0,0,0,0,0,0,0,0,0,0,0,0,0,0,0,0,0,0,0,0,1,,1,1,TRUE
7030YKBLS-S-M,0,0,0,0,0,0,0,0,0,0,0,0,0,0,0,0,0,0,0,0,0,0,0,0,0,0,0,0,0,0,,0,0,TRUE
7031YKBLS-L-XL,0,0,0,0,1,0,0,0,1,0,0,0,0,0,0,0,0,0,0,0,0,0,0,0,0,0,0,0,0,0,,2,2,TRUE
7031YKBLS-S-M,4,4,4,4,4,4,4,5,1,0,0,1,0,0,0,0,0,0,0,0,0,0,0,1,6,1,1,1,2,2,,17,17,TRUE
7032YKBLS-L-XL,0,0,0,0,0,0,0,0,0,0,0,0,0,0,0,0,1,1,1,1,1,1,1,1,1,2,2,2,2,2,,14,14,TRUE
7032YKBLS-S-M,7,7,6,7,6,6,6,6,6,6,6,7,7,6,6,5,5,5,5,5,5,5,6,6,10,6,5,5,5,5,,30,30,TRUE
7033YKBLS-L-XL,0,0,0,0,0,0,0,0,0,0,0,0,0,0,0,0,0,0,0,0,0,0,0,0,0,0,0,0,0,0,,0,0,TRUE
7033YKBLS-S-M,2,3,3,3,2,2,2,2,2,2,2,2,2,2,2,3,3,3,2,1,1,1,1,1,1,1,1,1,1,1,,30,30,TRUE
7034YKBLS-L-XL,1,1,0,0,0,0,0,0,0,0,0,0,0,0,0,0,0,0,1,1,1,1,1,1,1,1,1,1,1,2,,14,14,TRUE
7034YKBLS-S-M,6,7,7,7,7,6,4,3,3,3,3,3,3,3,3,3,3,4,3,3,3,2,2,2,2,3,2,3,2,2,,30,30,TRUE
7035YKBLS-L-XL,0,0,0,0,0,0,0,0,0,0,0,0,1,0,0,0,0,0,0,0,0,0,0,0,4,0,0,0,0,0,,2,1,FALSE
7035YKBLS-S-M,3,4,3,3,3,3,3,3,3,3,3,3,4,4,4,4,4,5,4,4,4,4,4,5,5,3,3,2,2,2,,30,30,TRUE
7036YKBLS-L-XL,0,1,1,0,1,1,0,0,1,1,1,1,1,1,1,1,1,1,1,0,0,0,0,1,1,0,0,0,-1,0,,17,16,FALSE
7036YKBLS-S-M,9,10,10,10,11,11,9,10,9,9,8,8,8,8,8,8,8,8,8,8,7,7,9,9,9,6,6,6,6,6,,30,30,TRUE
7037YKBLS-L-XL,1,1,1,1,1,1,1,1,1,1,1,1,1,1,1,1,1,1,1,1,1,1,1,1,1,1,1,1,1,1,,30,30,TRUE
7037YKBLS-S-M,16,16,17,17,18,18,18,18,18,18,18,18,20,20,20,20,20,20,16,16,16,16,13,13,13,13,12,12,12,12,,30,30,TRUE
7038YKBLS-L-XL,0,0,0,0,0,0,0,0,0,0,0,0,0,0,0,0,0,0,0,0,0,0,0,0,0,0,0,0,0,0,,0,0,TRUE
7038YKBLS-S-M,0,0,0,0,0,0,0,0,0,0,0,0,0,0,0,0,0,0,0,0,0,0,0,0,0,0,0,0,0,0,,0,0,TRUE
7039YKBLS-L-XL,0,0,0,0,0,0,0,0,0,0,0,0,0,0,0,0,0,0,0,0,0,0,0,0,0,0,1,1,1,2,,4,4,TRUE
7039YKBLS-S-M,3,3,2,2,2,2,1,1,1,1,1,1,2,2,2,2,2,2,2,1,1,0,1,1,3,1,1,2,2,2,,29,29,TRUE
7040YKBLS-L-XL,9,9,9,9,9,9,7,7,8,8,8,8,8,8,8,8,8,8,8,8,8,8,9,8,8,8,8,8,8,8,,30,30,TRUE
7040YKBLS-S-M,6,8,8,8,8,8,8,10,9,9,9,9,9,9,9,9,9,9,9,9,9,9,9,9,9,10,10,10,10,10,,30,30,TRUE
7041YKBLS-4XL-5XL,17,17,17,19,19,17,17,16,15,14,14,14,14,14,14,13,14,14,14,13,13,13,13,13,13,14,14,14,14,14,,30,30,TRUE
7041YKBLS-L-XL,2,2,2,2,2,2,2,2,1,1,1,2,3,2,2,2,2,2,0,0,0,0,0,0,0,0,1,1,1,1,,22,21,FALSE
7041YKBLS-S-M,1,1,1,1,2,2,1,1,1,1,1,1,1,1,1,1,1,1,2,1,1,1,1,0,2,0,0,0,0,1,,25,24,FALSE
7041YKBLS-XXL-3XL,11,11,10,10,10,10,10,10,10,10,8,8,8,8,8,7,7,7,7,7,7,7,7,7,7,8,7,7,7,7,,30,30,TRUE
7042YKBLS-L-XL,0,0,0,0,0,0,0,0,0,0,0,0,1,0,0,0,0,0,0,0,0,0,0,2,2,2,2,2,2,2,,8,8,TRUE
7042YKBLS-S-M,0,0,0,1,1,1,1,1,1,1,0,0,0,0,0,0,0,0,0,0,0,0,0,0,0,0,0,0,0,0,,7,7,TRUE
7043YKBLS-L-XL,0,0,0,0,0,0,0,0,0,0,0,0,0,0,0,0,0,0,0,0,0,0,0,0,0,0,0,0,0,0,,0,0,TRUE
7043YKBLS-S-M,0,0,0,0,0,0,0,0,0,0,0,0,0,0,0,0,0,0,0,0,0,0,0,0,0,0,0,0,0,0,,0,0,TRUE
7044YKBLS-4XL-5XL,4,3,3,4,4,4,4,3,2,2,2,2,3,3,3,3,3,3,3,3,3,3,3,2,2,2,2,3,3,3,,30,30,TRUE
7044YKBLS-L-XL,6,6,6,6,5,5,1,1,1,1,1,1,1,1,1,1,1,1,0,0,0,0,2,2,1,1,1,0,0,0,,23,22,FALSE
7044YKBLS-S-M,2,2,1,1,1,1,1,1,1,1,1,1,1,1,1,1,1,1,0,0,0,0,0,0,0,0,0,0,0,3,,19,17,FALSE
7044YKBLS-XXL-3XL,4,4,4,5,6,6,0,0,0,0,0,0,0,0,0,0,0,0,0,0,0,0,1,1,2,1,1,2,2,2,,14,14,TRUE
7045YKBLS-L-XL,0,0,0,0,0,0,0,0,0,0,0,0,1,1,1,1,2,2,2,2,2,1,1,2,0,0,0,0,0,2,,13,13,TRUE
7045YKBLS-S-M,2,1,1,1,1,1,1,1,1,1,1,1,1,1,1,1,1,1,1,1,1,1,1,1,1,1,1,1,1,1,,30,30,TRUE
7046YKBLS-L-XL,1,1,1,3,3,3,3,3,4,4,3,3,2,1,1,2,2,2,1,1,1,1,2,2,2,2,1,1,1,1,,30,30,TRUE
7046YKBLS-S-M,6,6,5,5,4,4,4,4,2,2,0,1,3,3,3,3,3,3,3,3,3,3,4,4,4,4,4,3,3,2,,29,29,TRUE
7047YKBLS-L-XL,0,0,0,0,0,0,0,0,0,0,0,0,0,0,0,0,0,0,0,0,0,0,0,0,0,0,0,0,0,0,,0,0,TRUE
7047YKBLS-S-M,0,0,0,1,0,0,0,0,0,0,0,0,0,0,0,0,0,0,0,0,0,0,0,0,0,0,0,0,0,1,,2,1,FALSE
7048YKBLS-L-XL,0,0,0,0,0,0,0,0,0,0,0,0,1,0,0,0,0,0,1,1,1,1,1,0,2,0,0,0,0,0,,7,6,FALSE
7048YKBLS-S-M,10,12,14,13,13,11,11,9,6,6,6,6,6,6,6,6,8,8,8,8,8,8,8,8,7,7,7,7,8,8,,30,30,TRUE
7049YKBLS-4XL-5XL,0,0,0,36,36,36,36,36,36,36,36,36,36,36,36,36,36,36,36,36,36,36,36,36,36,35,35,35,35,33,,27,27,TRUE
7049YKBLS-L-XL,0,14,9,29,30,27,25,25,21,18,18,17,17,17,17,17,17,17,13,8,13,13,13,13,13,14,14,15,15,15,,29,29,TRUE
7049YKBLS-S-M,3,3,3,35,35,34,33,33,32,27,31,31,31,31,31,29,29,29,28,28,26,26,27,28,28,28,28,27,27,27,,30,30,TRUE
7049YKBLS-XXL-3XL,0,0,0,39,39,39,39,39,39,39,39,39,39,38,38,38,38,38,38,38,38,38,38,38,38,38,38,38,38,38,,27,27,TRUE
7050YKBLS-L-XL,1,1,1,1,1,1,1,1,1,1,1,1,1,1,1,1,1,1,1,1,1,1,1,1,1,1,1,1,1,1,,30,30,TRUE
7050YKBLS-S-M,15,15,15,14,14,14,14,14,14,13,13,13,14,14,14,13,13,13,13,13,13,13,13,13,13,13,13,13,13,13,,30,30,TRUE
7051YKBLS-4XL-5XL,0,0,0,48,48,48,48,48,48,48,48,48,48,48,48,47,47,47,47,47,47,47,47,47,47,47,47,47,47,46,,27,27,TRUE
7051YKBLS-L-XL,0,77,93,98,98,92,90,89,87,82,87,85,85,84,84,78,76,76,75,73,73,73,73,73,72,68,67,72,74,74,,29,29,TRUE
7051YKBLS-S-M,3,93,99,100,100,98,97,97,97,96,96,95,96,96,96,94,94,94,94,94,94,94,94,93,92,87,87,92,93,94,,30,30,TRUE
7051YKBLS-XXL-3XL,0,0,0,49,49,49,49,49,49,49,49,49,49,49,49,49,50,50,50,50,50,50,50,49,49,49,49,49,49,49,,27,27,TRUE
7052YKBLS-L-XL,0,0,0,0,0,0,0,0,0,0,0,0,1,1,1,1,1,1,0,0,0,0,1,1,1,1,1,1,1,1,,14,13,FALSE
7052YKBLS-S-M,2,1,1,2,2,2,2,2,2,2,2,2,2,1,1,1,1,1,0,0,0,0,0,0,6,0,0,0,0,0,,19,18,FALSE
7053YKBLS-L-XL,67,68,64,66,66,65,64,64,64,66,66,67,68,68,68,69,73,72,72,72,72,71,72,73,73,73,73,73,74,75,,30,30,TRUE
7053YKBLS-S-M,48,48,48,49,49,49,47,48,45,45,45,45,45,45,45,45,50,49,49,49,49,49,49,49,49,49,49,49,49,49,,30,30,TRUE
7054YKBLS-L-XL,3,3,3,3,3,3,3,3,0,0,0,0,0,0,0,0,0,0,0,0,0,0,0,0,4,0,0,0,0,0,,9,8,FALSE
7054YKBLS-S-M,5,5,4,3,3,3,3,3,3,3,3,3,4,4,4,3,3,3,3,3,3,3,3,3,6,3,3,4,4,4,,30,30,TRUE
7057YKBLS-L-XL,0,0,0,0,0,0,0,0,0,0,0,0,0,0,0,0,0,0,0,0,0,0,0,0,0,0,0,0,0,0,,0,0,TRUE
7057YKBLS-S-M,2,2,2,2,2,2,2,2,2,2,2,2,2,2,2,2,2,2,2,2,2,2,2,2,2,2,2,2,2,2,,30,30,TRUE
7058YKBLS-L-XL,0,0,0,0,0,0,0,0,0,0,0,0,0,0,0,0,0,0,0,0,0,0,0,0,0,0,0,0,0,1,,1,1,TRUE
7058YKBLS-S-M,3,3,3,3,3,3,3,3,3,3,3,2,2,2,2,2,2,2,2,2,2,2,2,2,2,2,2,2,2,3,,30,30,TRUE
7059YKBLS-L-XL,5,6,8,8,8,8,6,6,6,6,5,4,4,4,4,4,5,5,4,3,3,3,4,4,4,4,4,4,4,4,,30,30,TRUE
7059YKBLS-S-M,5,7,7,7,6,6,4,4,4,4,4,4,4,4,4,4,4,4,4,4,3,3,4,4,4,4,4,4,4,4,,30,30,TRUE
7060YKBLSBLUE-F,0,0,0,0,0,0,0,0,0,0,0,0,0,0,0,0,0,0,0,0,0,0,0,0,0,0,0,0,1,1,,2,2,TRUE
7061YKBLSMAROON-F,2,2,3,2,3,2,2,3,3,3,2,2,2,2,2,2,2,2,2,2,2,2,2,2,2,2,2,2,9,11,,30,30,TRUE
7062YKBLSMULTI-F,0,0,0,0,0,0,0,0,0,0,0,0,0,0,0,0,0,0,0,0,0,0,0,0,0,0,0,0,2,13,,2,2,TRUE
7063YKBLSBROWN-F,0,0,0,0,0,0,0,0,0,0,0,0,0,0,0,0,0,0,0,0,0,0,0,0,0,0,0,0,0,0,,0,0,TRUE
7064YKBLSMAROON-F,14,12,2,14,14,13,12,11,11,11,11,11,11,11,11,11,11,11,11,11,11,9,9,9,29,9,9,8,17,42,,30,30,TRUE
7065YKBLSMULTI-F,0,0,0,0,0,0,0,0,0,0,0,0,0,0,0,0,0,0,0,0,0,0,0,0,0,0,0,0,0,0,,0,0,TRUE
7066YKBLSGREEN-F,27,27,27,27,27,26,26,26,21,21,20,20,15,20,20,20,20,20,20,20,20,20,20,20,20,21,21,21,23,26,,30,30,TRUE
7067YKBLSGREY-F,2,2,2,2,2,2,2,2,0,0,0,0,0,0,0,0,0,0,0,0,0,0,0,0,2,0,0,0,0,0,,9,8,FALSE
7068YKBLSMAROON-F,0,0,0,0,0,0,0,0,0,0,0,0,0,0,0,0,0,0,0,0,0,0,0,0,0,0,0,0,2,2,,2,2,TRUE
7069YKBLSBROWN-F,8,8,2,6,6,6,6,6,6,5,5,5,5,4,4,4,4,4,4,4,4,4,4,4,6,4,4,4,7,12,,30,30,TRUE
7070YKBLSMAROON-F,0,0,0,0,0,0,0,0,0,0,0,0,0,0,0,0,0,0,0,0,0,0,0,0,0,0,0,0,1,2,,2,2,TRUE
7071YKBLSMULTI-F,0,0,0,0,0,0,0,0,0,0,0,0,0,0,0,0,0,0,0,0,0,0,0,0,0,0,0,0,1,1,,2,2,TRUE
7072YKBLSMAROON-F,0,0,0,0,0,0,0,0,0,0,0,0,0,0,0,0,0,0,0,0,0,0,0,0,0,0,0,0,10,23,,2,2,TRUE
7073YKBLSBLUE-F,60,60,60,60,60,60,60,60,60,60,59,59,59,59,59,59,59,59,58,58,58,58,58,56,56,56,54,53,63,79,,30,30,TRUE
7074YKBLSBLUE-F,16,14,9,14,14,13,13,13,13,13,12,11,11,11,11,10,9,9,8,8,8,8,8,8,8,8,8,7,10,20,,30,30,TRUE
7075YKBLSBLACK-F,0,0,0,0,0,0,0,0,0,0,0,0,0,0,0,0,0,0,0,0,0,0,0,0,0,0,0,0,0,0,,0,0,TRUE
7076YKBLUE-F,0,0,0,0,0,0,0,0,0,0,0,0,0,0,0,0,0,0,0,0,0,0,0,0,0,0,0,0,1,7,,2,2,TRUE
7077YKMEHROON-4XL-5XL,47,47,46,46,46,40,40,40,39,38,38,38,37,37,37,33,33,33,33,33,33,32,32,32,32,32,32,32,32,32,,30,30,TRUE
7077YKMEHROON-L-XL,0,0,0,0,0,0,0,0,0,0,0,0,0,0,0,0,0,0,0,0,0,0,0,0,0,0,0,0,0,0,,0,#N/A,#N/A
7077YKMEHROON-S-M-L,2,2,2,2,3,3,3,3,3,2,2,3,2,2,2,2,2,2,2,2,2,2,2,2,10,2,2,3,3,3,,30,30,TRUE
7077YKMEHROON-XL-XXL-3XL,4,4,4,4,4,4,4,4,0,0,0,1,1,1,1,0,0,0,0,0,0,0,1,1,5,0,0,0,0,0,,15,14,FALSE
7078YKBROWN-4XL-5XL,0,18,13,18,18,18,18,18,18,18,18,18,18,18,18,18,18,18,18,18,18,18,18,18,18,18,18,18,18,18,,29,29,TRUE
7078YKBROWN-S-M-L,49,50,50,50,50,46,45,45,45,44,44,44,44,44,44,44,44,44,44,44,43,42,43,43,43,43,43,44,44,44,,30,30,TRUE
7078YKBROWN-XL-XXL-3XL,22,24,23,23,23,23,23,23,22,22,21,21,22,22,22,19,19,17,17,17,16,16,16,16,16,14,14,14,14,14,,30,30,TRUE
7079YKWHITE-L-XL,17,18,18,18,18,18,18,18,18,18,18,18,18,18,18,18,18,18,18,18,18,18,18,18,18,18,18,18,18,18,,30,30,TRUE
7079YKWHITE-S-M,22,22,22,22,22,22,22,22,22,23,23,23,23,23,23,23,23,24,24,24,24,24,24,24,24,24,24,24,24,24,,30,30,TRUE
7079YKWHITE-XXL-3XL,14,14,14,14,14,13,13,13,10,10,10,10,10,10,10,10,10,10,10,10,10,9,10,10,9,8,8,9,9,9,,30,30,TRUE
7080YKBEIGE-4XL-5XL,9,9,9,8,8,7,7,6,0,0,0,0,0,20,20,22,22,22,18,18,17,16,16,16,25,14,9,7,40,37,,25,25,TRUE
7080YKBEIGE-L-XL,0,0,0,0,0,0,0,0,0,0,0,0,0,28,28,27,27,27,18,15,10,14,14,10,34,7,7,7,33,33,,17,17,TRUE
7080YKBEIGE-S-M,26,23,18,24,22,7,7,7,6,6,5,2,3,8,8,8,8,8,5,4,3,2,2,2,14,2,2,2,2,2,,30,30,TRUE
7080YKBEIGE-XXL-3XL,0,2,1,0,1,1,1,1,1,1,1,1,2,20,20,18,17,13,6,6,6,6,6,9,14,7,7,7,7,7,,28,28,TRUE
7081YKPINK-4XL-5XL,62,67,77,77,77,77,76,76,75,76,76,76,76,81,81,81,80,80,79,79,79,79,78,78,77,77,77,77,78,77,,30,30,TRUE
7081YKPINK-L-XL,43,45,44,39,32,28,25,23,21,13,12,10,9,17,17,7,6,6,4,3,2,2,4,2,2,2,2,5,2,0,,29,29,TRUE
7081YKPINK-S-M,32,38,38,36,30,23,16,13,9,5,5,5,5,5,5,5,5,5,5,3,3,3,3,3,3,1,1,1,1,0,,29,29,TRUE
7081YKPINK-XXL-3XL,57,57,55,54,52,47,47,49,45,41,39,36,32,31,31,12,7,6,0,2,0,0,0,1,0,0,0,2,4,0,,22,21,FALSE
7082YKMULTI-4XL-5XL,1,1,1,1,1,1,1,1,1,1,1,1,1,1,1,1,1,1,0,0,0,0,0,0,0,0,0,0,0,0,,18,18,TRUE
7082YKMULTI-L-XL,6,6,6,7,7,7,7,7,6,6,6,6,6,6,6,6,6,6,6,5,5,5,5,3,5,3,3,3,3,3,,30,30,TRUE
7082YKMULTI-S-M,14,14,14,14,15,15,15,15,14,14,14,13,13,13,13,13,13,13,13,13,13,13,13,13,13,14,13,14,14,15,,30,30,TRUE
7082YKMULTI-XXL-3XL,4,4,4,5,5,5,1,1,1,1,1,1,1,1,1,1,1,1,1,1,1,1,1,1,4,1,1,1,1,1,,30,30,TRUE
7083YKTEAL-L-XL,37,38,38,38,39,39,39,39,37,37,37,37,37,37,37,37,37,37,37,37,37,36,38,38,37,37,37,37,37,37,,30,30,TRUE
7083YKTEAL-S-M,48,48,48,48,48,48,48,48,48,48,48,47,47,47,47,47,47,47,47,47,47,47,47,47,47,47,47,47,49,49,,30,30,TRUE
7083YKTEAL-XXL-3XL,29,29,29,29,29,29,29,29,29,29,29,29,29,29,29,29,29,29,29,29,29,29,29,29,29,29,29,29,29,30,,30,30,TRUE
7084YKBLUE-L-XL,3,4,4,4,4,4,4,4,0,0,0,0,0,0,0,0,0,0,0,0,0,0,0,0,1,0,0,0,0,0,,9,8,FALSE
7084YKBLUE-S-M,3,3,3,4,4,4,4,4,2,1,2,1,1,1,1,1,1,1,1,1,1,1,1,1,2,1,1,1,1,1,,30,30,TRUE
7084YKBLUE-XXL-3XL,1,1,1,1,1,1,1,1,1,1,1,1,1,1,1,1,1,1,1,0,0,0,0,0,0,0,0,0,0,4,,20,19,FALSE
7085YKBLACK-4XL-5XL,5,4,4,4,4,4,4,4,0,0,0,0,1,1,1,1,1,1,1,1,1,1,1,1,4,1,1,1,2,2,,26,26,TRUE
7085YKBLACK-L-XL,3,3,3,4,4,4,4,4,0,0,0,0,0,0,0,0,0,0,0,0,0,0,0,0,4,0,0,0,0,0,,9,8,FALSE
7085YKBLACK-S-M,6,6,8,9,9,9,7,7,6,6,6,6,6,6,6,6,6,6,6,6,6,6,6,6,6,5,5,5,5,5,,30,30,TRUE
7085YKBLACK-XXL-3XL,0,0,1,1,0,0,0,0,0,0,0,1,1,1,1,1,1,1,0,0,0,0,0,0,0,0,0,1,1,1,,12,12,TRUE
7086YKMULTI-L-XL,20,20,20,20,20,20,19,19,19,18,18,18,18,18,18,18,18,18,18,18,18,18,18,19,19,19,19,20,20,20,,30,30,TRUE
7086YKMULTI-S-M,28,30,32,33,34,34,34,34,34,34,33,32,32,32,32,32,32,32,32,32,32,32,32,31,31,31,31,31,32,33,,30,30,TRUE
7086YKMULTI-XXL-3XL,7,7,7,7,7,7,7,7,7,7,7,7,8,8,8,8,8,8,8,8,7,7,7,7,7,7,7,7,7,7,,30,30,TRUE
7087YKMUSTARD-L-XL,3,3,3,3,3,3,2,1,1,2,2,1,1,1,1,1,2,2,2,2,1,1,1,1,1,1,1,1,1,1,,30,30,TRUE
7087YKMUSTARD-S-M,7,7,7,7,7,7,6,7,6,6,6,6,6,6,6,6,6,6,6,6,6,6,6,6,9,6,6,6,6,6,,30,30,TRUE
7087YKMUSTARD-XXL-3XL,1,1,1,1,2,2,2,2,2,2,2,2,2,2,2,2,2,2,2,2,2,2,2,2,1,1,1,1,1,1,,30,30,TRUE
7088YKBLUE-4XL-5XL,2,2,3,3,3,3,3,3,3,3,3,3,3,3,3,3,3,3,3,3,3,3,3,3,2,1,1,1,1,1,,30,30,TRUE
7088YKBLUE-L-XL,13,18,18,18,16,17,17,16,16,16,16,16,16,16,16,16,16,16,15,12,12,10,10,9,9,11,11,12,12,12,,30,30,TRUE
7088YKBLUE-S-M,35,35,37,39,39,39,39,39,39,39,39,39,39,39,39,39,39,39,38,38,38,38,38,38,38,38,38,38,39,39,,30,30,TRUE
7088YKBLUE-XXL-3XL,1,1,1,1,1,1,0,0,0,0,0,0,0,0,0,0,0,0,0,0,0,0,0,0,1,1,1,1,0,1,,11,6,FALSE
7089YKNAVY-4XL-5XL,6,6,5,6,6,6,2,2,2,2,2,2,3,3,3,3,3,3,3,3,3,3,3,2,2,2,2,2,2,2,,30,30,TRUE
7089YKNAVY-L-XL,17,17,17,17,16,16,16,14,14,14,14,14,14,14,14,13,13,13,13,13,12,11,11,13,14,13,13,14,14,14,,30,30,TRUE
7089YKNAVY-S-M,57,57,57,59,59,59,59,59,59,59,59,60,60,60,60,61,61,61,61,61,60,60,61,61,61,61,61,61,60,60,,30,30,TRUE
7089YKNAVY-XXL-3XL,2,3,3,4,4,2,2,2,2,2,2,2,2,2,2,2,2,2,2,2,2,2,2,2,1,2,2,2,2,2,,30,30,TRUE
7090YKWHITE-L-XL,16,17,17,17,17,13,13,12,8,8,8,7,7,7,7,7,7,7,7,7,7,7,7,7,13,7,7,7,7,7,,30,30,TRUE
7090YKWHITE-S-M,39,40,40,40,40,40,40,40,40,41,41,41,41,42,42,42,42,43,43,43,43,43,43,43,43,44,44,44,44,44,,30,30,TRUE
7090YKWHITE-XXL-3XL,0,0,0,0,0,0,0,0,0,0,0,0,0,0,0,1,1,1,1,1,1,0,0,0,0,0,0,0,0,0,,6,6,TRUE
7091YKMULTI-F,0,0,1,0,1,1,1,1,1,1,1,1,1,1,1,1,1,1,1,1,1,1,1,1,1,1,1,1,3,13,,27,27,TRUE
7092YKBLUE-F,44,44,45,45,45,45,45,44,41,35,40,40,40,39,39,38,38,38,38,38,37,37,37,37,37,37,37,37,46,52,,30,30,TRUE
7093YKBROWN-F,83,83,83,78,83,83,82,82,82,82,82,82,82,81,81,81,81,81,79,77,79,78,78,78,78,78,78,78,79,83,,30,30,TRUE
7094YKPINK-F,1,1,1,1,1,1,1,1,1,1,1,1,1,1,1,1,1,1,1,1,1,1,1,1,5,1,1,1,8,16,,30,30,TRUE
7095YKBLUE-F,95,95,98,98,98,98,98,98,98,98,98,98,98,98,98,98,98,98,98,98,98,98,98,98,98,98,98,98,100,106,,30,30,TRUE
7096YKBOTTELGREEN-4XL-5XL,2,7,2,4,3,1,5,4,1,3,2,0,2,0,0,0,0,0,0,0,0,0,1,0,0,0,0,0,1,0,,14,14,TRUE
7096YKBOTTELGREEN-L-XL,0,6,0,4,0,0,0,0,3,3,1,0,2,1,0,0,0,0,0,0,0,0,0,0,0,0,0,0,1,0,,8,6,FALSE
7096YKBOTTELGREEN-S-M,0,3,0,1,0,0,0,0,1,0,0,0,0,0,0,1,1,1,0,0,0,0,2,2,0,0,0,0,1,0,,9,7,FALSE
7096YKBOTTELGREEN-XXL-3XL,0,4,0,3,1,1,1,2,0,2,0,0,0,0,0,12,12,0,0,0,0,0,0,0,0,0,0,0,0,0,,9,9,TRUE
7096YKBOTTLEGREEN-4XL-5XL,2,7,2,4,3,1,5,4,1,3,2,0,2,0,0,0,0,0,0,0,0,0,1,0,1,0,0,0,0,0,,14,#N/A,#N/A
7096YKBOTTLEGREEN-L-XL,0,6,0,4,0,0,0,0,0,3,1,0,2,1,1,0,0,0,0,0,0,0,0,0,0,0,0,0,0,21,,8,#N/A,#N/A
7096YKBOTTLEGREEN-S,0,0,0,0,0,0,0,0,0,0,0,0,0,0,0,0,0,0,0,0,0,0,0,0,0,0,0,0,0,0,,0,#N/A,#N/A
7096YKBOTTLEGREEN-S-M,0,3,0,1,0,0,0,0,1,0,0,0,0,0,0,1,0,0,0,0,0,0,2,2,5,0,0,0,0,0,,7,#N/A,#N/A
7096YKBOTTLEGREEN-XXL-3XL,0,4,0,3,1,1,1,2,0,2,0,0,0,0,0,12,12,0,0,0,0,0,0,0,0,0,0,0,0,0,,9,#N/A,#N/A
7097YKBLUE-4XL-5XL,33,34,62,62,64,64,64,64,57,57,57,57,57,56,56,31,31,31,30,30,30,29,29,29,37,28,28,28,33,32,,30,30,TRUE
7097YKBLUE-L-XL,93,92,178,176,175,173,172,168,169,175,172,171,164,171,171,110,110,110,105,102,98,92,102,101,100,101,101,103,121,120,,30,30,TRUE
7097YKBLUE-S-M,73,76,97,96,96,95,95,96,95,97,94,94,94,94,94,38,38,38,36,34,27,30,30,17,46,26,26,26,32,32,,30,30,TRUE
7097YKBLUE-XXL-3XL,49,56,88,91,92,92,92,90,97,97,96,94,94,93,93,60,58,55,55,49,55,54,55,55,54,55,47,47,60,60,,30,30,TRUE
7098YKPINK-4XL-5XL,36,47,46,45,46,43,43,42,39,38,36,36,31,42,42,23,24,23,19,15,14,11,13,16,40,13,12,12,47,40,,30,30,TRUE
7098YKPINK-L-XL,13,47,32,36,40,13,13,12,10,8,7,5,7,31,31,26,23,23,0,0,0,0,1,4,57,0,0,2,11,1,,24,23,FALSE
7098YKPINK-S-M,20,24,19,16,27,16,8,7,5,5,2,0,0,6,6,4,4,5,4,4,4,4,4,5,20,3,3,3,5,4,,28,28,TRUE
7098YKPINK-XXL-3XL,2,14,2,14,15,12,7,7,1,1,0,0,5,3,3,2,2,2,1,1,1,1,2,5,20,2,2,4,2,3,,28,28,TRUE
7099YKBROWN-4XL-5XL,0,1,0,2,1,0,0,0,0,0,0,0,4,3,3,2,2,2,0,0,44,32,42,44,44,41,39,38,67,60,,19,18,FALSE
7099YKBROWN-L-XL,0,50,25,41,37,11,8,5,3,7,2,1,3,1,1,0,0,0,0,0,0,0,0,0,29,0,0,0,5,2,,17,15,FALSE
7099YKBROWN-S-M,11,8,12,15,15,1,0,0,0,7,6,5,2,2,2,2,2,2,2,1,1,1,1,2,8,1,1,1,4,0,,26,26,TRUE
7099YKBROWN-XXL-3XL,1,5,0,2,1,0,0,0,0,3,0,0,2,0,0,0,0,0,0,0,15,0,14,15,39,12,12,12,12,12,,15,15,TRUE
7100YKTEAL-4XL-5XL,8,8,6,8,5,5,5,5,8,8,8,8,12,11,11,7,8,37,36,34,58,56,56,56,55,52,50,50,49,44,,30,30,TRUE
7100YKTEAL-L-XL,6,8,7,7,6,4,3,3,1,1,1,1,1,1,1,0,0,118,117,108,116,101,113,111,110,108,101,100,99,97,,28,28,TRUE
7100YKTEAL-S-M,29,29,28,27,25,24,23,22,23,23,23,24,24,21,21,9,9,38,34,24,121,119,119,119,116,116,115,117,119,117,,30,30,TRUE
7100YKTEAL-XXL-3XL,1,21,19,19,18,7,4,4,4,4,4,4,5,5,5,3,4,72,68,53,79,78,78,76,69,57,56,66,66,62,,30,30,TRUE
7100YKYEAL-4XL-5XL,0,32,27,32,32,32,32,32,32,34,34,34,34,34,34,34,34,34,0,0,19,9,19,19,19,19,19,19,19,19,,27,26,FALSE
7100YKYEAL-L-XL,6,81,76,81,81,81,81,81,85,88,88,88,88,120,120,120,120,120,0,0,0,0,0,0,0,0,0,0,26,21,,20,19,FALSE
7100YKYEAL-S-M,1,14,9,14,14,14,14,14,14,28,28,28,28,34,34,34,34,34,0,0,8,0,8,8,8,8,8,8,10,10,,27,26,FALSE
7100YKYEAL-XXL-3XL,20,34,29,34,34,34,45,45,45,45,45,45,45,77,77,77,77,77,0,0,0,0,0,0,0,0,0,0,6,6,,20,18,FALSE
7101YKGREEN-4XL-5XL,0,0,0,0,0,0,0,0,0,0,0,0,0,39,39,39,39,39,18,16,16,11,15,16,11,5,5,11,9,8,,17,17,TRUE
7101YKGREEN-L-XL,0,0,0,0,0,0,0,0,0,0,0,0,0,125,125,149,147,143,101,92,102,94,98,100,95,82,82,90,92,89,,17,17,TRUE
7101YKGREEN-S-M,0,0,0,0,0,0,0,0,0,0,0,0,0,178,178,184,184,184,147,139,165,159,159,159,157,158,158,157,158,159,,17,17,TRUE
7101YKGREEN-XXL-3XL,0,0,0,0,0,0,0,0,0,0,0,0,0,37,37,38,37,37,14,8,16,13,13,14,13,9,3,3,9,6,,17,17,TRUE
7102YKMAROON-4XL-5XL,6,6,6,6,6,6,6,6,6,7,6,5,5,5,5,45,45,45,20,17,13,21,21,14,40,2,2,11,33,27,,30,30,TRUE
7102YKMAROON-L-XL,0,0,0,0,0,0,0,0,0,0,0,0,0,0,0,42,37,27,10,0,4,4,4,4,20,4,4,4,4,0,,13,13,TRUE
7102YKMAROON-S-M,0,0,0,0,0,0,0,0,0,0,0,0,0,0,0,54,55,39,13,12,12,5,12,8,44,8,8,8,18,10,,15,15,TRUE
7102YKMAROON-XXL-3XL,4,4,4,4,4,4,4,4,4,4,4,3,4,3,3,33,34,18,0,0,22,6,22,21,38,6,6,6,8,3,,28,27,FALSE
7103YKBLACK-4XL-5XL,18,15,13,5,9,5,2,2,2,3,2,1,3,1,1,11,11,2,0,0,13,0,12,12,28,10,10,10,91,84,,27,24,FALSE
7103YKBLACK-L-XL,17,17,10,3,6,5,0,0,4,0,0,0,0,0,0,6,3,0,0,0,0,0,0,0,0,0,0,0,2,0,,10,9,FALSE
7103YKBLACK-S-M,15,14,9,3,5,4,4,4,8,4,2,0,0,0,0,0,0,0,0,0,0,0,0,0,0,0,0,0,0,0,,11,11,TRUE
7103YKBLACK-XXL-3XL,11,10,4,5,3,2,2,2,4,2,1,0,2,0,0,11,6,6,2,3,1,1,1,0,1,0,0,0,1,0,,22,20,FALSE
7104YKOFFWHITE-4XL-5XL,12,12,12,12,12,12,11,11,11,12,12,12,13,14,14,14,14,14,8,8,5,5,5,5,15,5,5,5,5,5,,30,30,TRUE
7104YKOFFWHITE-L-XL,6,7,6,7,7,5,4,4,4,6,5,5,7,7,7,6,7,1,1,1,1,0,0,0,2,0,0,0,0,1,,23,22,FALSE
7104YKOFFWHITE-S-M,11,11,11,12,12,12,10,10,7,11,11,11,13,13,13,5,4,3,1,1,1,1,1,1,6,1,1,1,1,1,,30,30,TRUE
7104YKOFFWHITE-XXL-3XL,2,2,2,3,4,3,3,3,3,4,4,4,4,3,3,2,2,2,2,2,2,2,1,1,1,1,1,1,2,2,,30,30,TRUE
7105YKORANGE-L-XL,5,5,5,5,7,7,7,7,7,7,7,6,5,5,5,5,5,5,5,5,5,5,7,7,7,7,7,7,7,7,,30,30,TRUE
7105YKORANGE-S-M,17,17,17,18,18,18,18,18,18,18,18,18,18,19,19,19,19,19,19,19,18,18,18,18,18,18,18,18,18,18,,30,30,TRUE
7106YKGREY-F,8,8,8,8,8,7,7,7,5,5,5,5,5,5,5,5,5,5,5,5,5,5,5,5,5,5,5,5,25,38,,30,30,TRUE
7107YKBROWN-F,110,167,167,167,167,167,167,167,167,167,167,167,167,167,167,167,167,167,167,167,167,167,167,167,167,167,166,166,166,166,,30,30,TRUE
7108YKBLUE-F,75,79,79,79,78,78,78,78,78,77,77,77,77,77,77,75,75,75,74,74,74,74,74,74,74,73,72,72,72,71,,30,30,TRUE
7109YKTEAL-F,1,1,6,1,4,51,51,51,51,51,51,51,51,51,51,51,51,51,51,51,51,51,51,55,55,55,55,55,55,54,,30,30,TRUE
7110YKMULTI-F,99,114,117,117,117,117,117,117,117,116,116,115,114,114,114,114,114,114,113,113,113,113,113,113,113,113,113,113,113,113,,30,30,TRUE
7111YKOFFWHITE-F,100,100,99,99,100,100,100,100,100,100,100,100,100,144,144,144,144,144,143,143,143,143,143,146,146,146,146,146,146,146,,30,30,TRUE
7112YKWHITE-F,72,80,80,80,80,80,80,80,80,80,80,80,80,80,80,80,80,80,80,80,92,92,92,95,95,95,95,95,95,95,,30,30,TRUE
7113YKSKYBLUE-F,76,76,76,76,76,76,76,76,76,76,76,76,76,76,76,76,76,76,76,76,76,76,76,76,76,76,76,76,77,80,,30,30,TRUE
7114YKPOWDERBLUE-F,96,96,96,96,96,96,96,96,96,96,96,95,95,173,173,173,173,173,173,173,173,173,173,173,173,173,173,173,0,175,,29,2,FALSE
7115YKBLUE-F,62,70,73,73,70,69,69,69,69,68,68,68,68,68,68,68,68,68,68,67,80,81,81,79,78,74,74,75,80,80,,30,30,TRUE
7116YKGREEN-F,96,96,97,97,97,97,97,97,97,97,97,97,97,97,97,96,96,96,96,96,96,96,96,96,96,96,96,96,96,96,,30,30,TRUE
7117YKWHITE-F,85,85,85,85,85,85,85,86,86,86,86,86,86,84,84,82,82,82,81,81,81,81,81,82,82,82,82,82,82,82,,30,30,TRUE
7118YKBROWN-F,0,64,59,59,59,54,49,49,91,91,91,91,91,140,140,140,140,140,140,140,140,140,140,142,142,142,142,142,142,142,,29,29,TRUE
7119YKOFFWHITE-F,191,191,192,194,194,194,194,194,194,194,194,193,193,193,193,193,193,193,192,192,192,192,192,195,195,195,195,195,195,195,,30,30,TRUE
7120YKBLUE-F,104,104,104,104,104,104,104,104,104,104,104,104,104,104,104,104,104,104,104,104,104,104,104,104,104,104,104,104,104,106,,30,30,TRUE
7121YKRED-F,197,197,197,197,197,197,197,197,197,197,196,196,195,195,195,195,195,195,194,194,201,196,201,201,201,201,201,201,201,201,,30,30,TRUE
7154YKBLACK-F,0,0,0,0,0,0,0,0,0,0,0,0,0,151,151,151,151,151,151,151,166,166,166,170,170,170,170,170,170,170,,17,17,TRUE
7155YKGREEN-F,0,0,0,0,0,0,0,0,0,0,0,0,0,247,247,247,247,247,247,247,247,247,247,247,247,247,247,247,247,247,,17,17,TRUE
7158YKWHITE-F,0,0,0,0,0,0,0,0,0,0,0,0,0,139,139,139,139,139,139,139,148,148,148,148,148,148,148,148,148,148,,17,17,TRUE
7160YKMULTI-4XL-5XL,3,3,3,4,4,4,4,3,0,0,0,0,0,0,0,0,0,0,0,0,0,0,0,0,2,0,0,0,0,0,,9,8,FALSE
7160YKMULTI-XXL-3XL,14,14,14,14,15,15,15,14,14,13,13,13,13,14,14,14,14,14,14,14,14,14,14,14,14,14,14,14,11,11,,30,30,TRUE
7174YKBLUE-F,0,0,0,0,0,0,0,0,59,59,59,59,59,59,59,59,59,59,59,59,59,59,59,59,59,59,59,59,59,59,,22,21,FALSE
73YK25RED-L,9,9,9,9,9,9,9,9,9,9,9,9,9,9,9,9,9,9,9,9,9,9,9,9,9,9,9,9,9,10,,30,30,TRUE
73YK25RED-M,2,2,2,2,2,2,2,2,2,2,2,2,2,2,2,2,2,2,2,2,2,2,2,2,2,2,2,2,2,2,,30,30,TRUE
73YK25RED-S,3,3,3,3,3,3,3,3,3,3,3,3,3,3,3,0,0,0,0,0,0,0,0,0,0,0,0,0,0,3,,16,15,FALSE
73YK25RED-XL,8,8,8,8,8,8,8,8,8,8,8,8,8,8,8,8,8,8,8,8,8,8,8,8,8,8,8,9,9,9,,30,30,TRUE
73YK25RED-XXL,4,4,4,4,4,4,4,4,4,4,4,4,4,4,4,4,4,4,4,4,4,4,4,4,4,4,4,4,4,4,,30,30,TRUE
74YK79BLACK-XL,1,1,1,1,1,1,1,1,1,1,0,0,0,0,0,0,0,0,0,0,0,0,0,0,0,0,0,0,0,1,,11,10,FALSE
79YKYELLOW-L,0,0,0,0,0,0,0,0,0,0,0,0,0,0,0,0,0,0,0,0,0,0,0,0,0,0,0,0,0,0,,0,0,TRUE
79YKYELLOW-M,0,0,0,0,0,0,0,0,0,0,0,0,0,0,0,0,0,0,0,0,0,0,0,0,0,0,0,0,0,0,,0,0,TRUE
79YKYELLOW-S,2,2,2,2,2,2,2,2,2,2,2,2,2,2,2,2,2,2,2,2,2,2,2,2,2,2,2,2,2,2,,30,30,TRUE
79YKYELLOW-XL,0,0,0,0,0,0,0,0,0,0,0,0,0,0,0,0,0,0,0,0,0,0,0,0,0,0,0,0,0,0,,0,0,TRUE
7YK169INDIGO-L,2,2,2,2,2,2,2,2,2,2,2,2,2,2,2,2,2,2,2,2,2,2,2,2,2,2,2,2,2,2,,30,30,TRUE
7YK169INDIGO-M,1,1,1,1,1,1,1,1,1,1,1,1,1,1,1,0,0,0,0,0,0,0,0,0,0,0,0,0,0,1,,16,14,FALSE
7YK169INDIGO-S,1,1,1,1,1,1,1,1,1,1,1,1,1,1,1,1,1,1,1,1,1,1,1,1,1,1,1,1,1,1,,30,30,TRUE
7YK169INDIGO-XL,4,4,4,4,4,4,4,4,4,4,4,4,4,4,4,4,4,4,4,4,4,4,4,4,4,4,4,4,4,4,,30,30,TRUE
7YK169INDIGO-XXL,2,2,2,2,2,2,2,2,2,2,2,2,2,2,2,1,1,1,1,1,1,1,1,1,1,1,2,2,2,2,,30,30,TRUE
8001MWRED-4XL,0,0,0,0,0,0,0,0,0,0,0,0,0,0,0,0,0,0,0,0,0,0,0,0,0,0,0,0,0,0,,0,0,TRUE
8001MWRED-L,8,8,8,8,8,8,8,8,9,9,9,9,9,9,9,9,9,9,9,9,9,9,9,9,9,10,10,10,10,10,,30,30,TRUE
8001MWRED-M,7,7,7,7,7,7,7,7,7,7,7,7,7,7,7,7,7,7,7,7,7,7,7,7,7,7,7,7,7,7,,30,30,TRUE
8001MWRED-S,30,30,33,33,33,33,33,33,33,33,33,33,33,33,33,33,33,33,33,33,33,33,33,33,33,33,33,33,33,33,,30,30,TRUE
8001MWRED-XL,6,6,6,6,6,6,6,6,6,6,6,6,6,6,6,6,6,6,6,6,6,6,6,6,6,6,6,6,6,6,,30,30,TRUE
8001MWRED-XXL,19,19,22,22,22,22,22,22,22,22,21,21,21,21,21,21,21,21,21,21,21,21,21,21,21,21,21,21,21,21,,30,30,TRUE
8003MWMAROON-L,41,41,34,41,41,41,41,41,41,41,41,41,41,42,42,42,42,42,42,42,41,41,41,41,41,41,41,41,35,35,,30,30,TRUE
8003MWMAROON-M,50,50,54,56,56,56,56,56,56,56,56,56,56,56,56,56,56,56,56,56,56,56,56,56,56,56,56,56,55,55,,30,30,TRUE
8003MWMAROON-S,44,45,45,63,64,64,64,65,65,65,65,65,65,65,65,65,65,65,65,65,65,65,65,65,65,65,65,65,47,47,,30,30,TRUE
8003MWMAROON-XL,37,37,41,41,41,41,41,41,41,41,41,41,41,41,41,41,41,41,41,41,41,41,41,41,41,42,42,42,42,42,,30,30,TRUE
8003MWMAROON-XXL,45,45,49,49,49,49,49,49,49,47,47,47,47,47,47,47,47,47,47,47,47,47,47,47,47,47,47,47,47,47,,30,30,TRUE
8005MWMINT-L,0,0,0,0,0,0,0,0,0,0,0,0,0,0,0,1,1,1,0,0,0,0,0,0,1,0,0,0,7,4,,6,5,FALSE
8005MWMINT-M,1,1,1,4,3,3,3,3,3,3,3,3,3,3,3,3,3,3,3,3,3,3,4,4,4,4,2,2,8,7,,30,30,TRUE
8005MWMINT-S,3,3,3,2,2,2,2,3,3,3,2,2,2,2,2,2,2,2,2,2,2,2,3,3,8,3,3,3,10,10,,30,30,TRUE
8005MWMINT-XL,0,0,0,1,1,1,0,0,0,0,0,1,1,1,1,1,1,1,0,0,0,0,0,0,0,0,0,0,12,7,,12,10,FALSE
8005MWMINT-XXL,0,0,0,0,1,1,0,0,0,0,0,0,0,0,0,0,0,0,0,0,0,0,0,0,0,0,0,0,8,3,,4,4,TRUE
8005MWMIT-5XL,1,1,1,1,1,1,1,1,1,1,1,1,1,1,1,1,1,1,1,1,1,1,1,1,1,1,1,1,1,1,,30,30,TRUE
8006MWGREEN-L,1,1,1,1,1,1,1,1,1,1,1,1,1,1,1,1,1,1,1,1,1,1,1,1,1,1,1,1,1,1,,30,30,TRUE
8006MWGREEN-M,4,4,4,4,5,5,3,4,2,3,3,3,3,3,3,3,3,3,3,3,2,2,3,3,4,3,3,12,12,12,,30,30,TRUE
8006MWGREEN-S,43,43,43,43,43,43,43,43,43,43,43,43,43,43,43,43,43,43,43,43,43,43,43,33,33,32,32,32,32,32,,30,30,TRUE
8006MWGREEN-XL,3,3,3,3,3,3,3,3,1,1,1,1,1,1,1,1,1,1,0,0,0,0,1,1,1,1,1,1,1,1,,26,26,TRUE
8006MWGREEN-XXL,6,6,5,2,6,6,4,4,0,0,0,0,0,0,0,0,0,0,0,0,0,0,0,0,3,0,0,0,0,0,,9,8,FALSE
8007MWPINK-L,0,0,0,0,0,0,0,0,0,0,0,0,0,0,0,0,0,0,0,0,0,0,0,0,0,0,0,0,0,0,,0,0,TRUE
8007MWPINK-M,3,3,3,3,3,2,2,2,2,2,2,2,2,2,2,1,1,1,1,1,1,1,1,2,2,2,2,2,2,2,,30,30,TRUE
8007MWPINK-S,11,11,11,11,11,11,11,11,11,11,11,11,11,11,11,11,11,11,11,11,11,11,10,10,10,10,10,10,10,10,,30,30,TRUE
8007MWPINK-XL,2,2,2,2,2,2,2,2,2,2,2,2,2,2,2,2,2,2,2,2,2,2,2,2,2,2,2,2,2,2,,30,30,TRUE
8007MWPINK-XXL,0,0,0,0,0,0,0,0,0,0,0,0,0,0,0,0,0,0,0,0,0,0,0,0,0,0,0,0,0,0,,0,0,TRUE
8009MWWHITE-L,15,16,16,16,16,16,15,15,16,16,16,16,16,16,16,14,14,14,14,14,14,14,15,15,15,15,15,14,15,15,,30,30,TRUE
8009MWWHITE-M,22,22,22,22,22,22,21,21,21,21,21,21,21,21,21,18,18,18,18,18,18,18,18,18,18,18,18,18,18,18,,30,30,TRUE
8009MWWHITE-S,29,29,29,31,30,30,30,31,31,32,32,32,32,32,32,32,32,32,32,32,32,32,32,32,32,32,32,32,32,32,,30,30,TRUE
8009MWWHITE-XL,17,17,17,17,17,16,15,15,15,14,14,14,14,14,14,14,14,14,14,14,14,14,15,15,15,15,15,15,15,15,,30,30,TRUE
8009MWWHITE-XXL,18,18,18,18,18,18,18,18,18,18,17,18,18,18,18,18,18,18,18,18,18,18,18,19,19,19,19,19,19,19,,30,30,TRUE
8010MWMULTI-3XL,0,0,0,0,0,0,0,0,0,0,0,0,0,0,0,0,0,0,0,0,0,0,0,0,0,0,0,0,0,2,,1,0,FALSE
8010MWMULTI-L,68,72,72,72,72,72,72,72,72,72,72,72,72,72,72,72,72,72,72,72,72,72,72,71,71,61,61,61,61,61,,30,30,TRUE
8010MWMULTI-M,63,66,65,65,65,65,65,64,64,64,64,64,64,64,64,64,64,64,64,64,62,60,62,61,61,62,62,62,63,63,,30,30,TRUE
8010MWMULTI-S,36,36,36,41,41,40,40,40,40,40,40,40,40,41,41,41,41,41,41,40,40,40,40,40,40,40,40,40,41,41,,30,30,TRUE
8010MWMULTI-XL,58,58,57,58,58,56,56,56,56,57,57,57,58,58,58,58,58,58,58,58,52,50,50,50,50,40,40,40,41,41,,30,30,TRUE
8010MWMULTI-XXL,35,38,38,36,36,36,35,35,35,35,35,35,35,35,35,35,35,35,35,35,35,35,35,33,33,29,29,27,28,28,,30,30,TRUE
8011MWBLUE-L,49,48,52,52,52,38,38,38,37,36,36,36,36,36,36,32,32,32,32,32,32,32,31,32,32,32,32,33,33,33,,30,30,TRUE
8011MWBLUE-M,30,30,34,34,34,34,34,34,30,30,30,30,30,30,30,30,30,30,28,28,28,28,28,28,27,24,24,24,24,24,,30,30,TRUE
8011MWBLUE-S,75,76,78,78,78,78,78,78,76,74,74,74,74,74,74,74,74,74,74,74,74,74,74,73,73,73,73,73,74,75,,30,30,TRUE
8011MWBLUE-XL,60,60,63,63,63,63,62,62,61,59,59,59,59,59,59,59,59,59,59,59,59,59,59,59,59,49,48,48,48,48,,30,30,TRUE
8011MWBLUE-XXL,15,15,14,15,15,15,14,14,14,15,15,15,15,15,15,14,14,14,14,14,14,14,14,14,18,14,14,14,15,15,,30,30,TRUE
8012MWGREEN-L,0,0,0,0,0,0,0,0,0,0,0,0,0,0,0,0,0,0,0,0,0,0,0,0,0,0,0,0,0,0,,0,0,TRUE
8012MWGREEN-M,4,4,4,4,4,4,4,4,0,1,1,1,1,1,1,1,1,1,1,1,1,1,1,1,5,1,1,1,0,0,,27,27,TRUE
8012MWGREEN-S,11,10,10,10,10,10,10,10,8,8,8,8,8,8,8,8,8,8,5,5,5,5,5,5,4,4,4,4,4,4,,30,30,TRUE
8012MWGREEN-XL,0,0,0,0,0,0,0,0,0,0,0,0,0,0,0,0,0,0,0,0,0,0,0,0,0,0,0,0,0,0,,0,0,TRUE
8012MWGREEN-XXL,1,1,1,1,1,1,1,1,1,1,1,1,1,1,1,1,1,1,1,1,1,1,1,1,1,1,1,1,1,1,,30,29,FALSE
8014MWSKYBLUE-L,47,47,47,71,71,71,71,71,71,57,57,57,57,57,57,57,57,57,57,57,57,57,57,58,58,58,58,58,34,34,,30,30,TRUE
8014MWSKYBLUE-M,36,36,36,36,36,36,36,36,36,36,36,36,36,36,36,36,36,36,36,36,36,36,36,36,36,36,36,36,36,36,,30,30,TRUE
8014MWSKYBLUE-S,36,36,36,36,36,36,36,36,36,32,32,32,32,32,32,32,32,32,32,32,32,32,32,32,32,32,32,32,32,32,,30,30,TRUE
8014MWSKYBLUE-XL,48,48,48,48,48,48,48,48,48,48,48,48,48,48,48,48,48,48,48,48,48,48,48,48,48,48,48,48,48,48,,30,30,TRUE
8014MWSKYBLUE-XXL,36,36,36,36,36,36,36,36,36,36,36,36,36,36,36,36,36,36,36,36,36,36,36,36,36,36,36,36,36,36,,30,30,TRUE
8015MWMULTI-L,2,2,2,2,3,3,3,2,0,0,0,0,1,1,1,1,1,1,1,1,1,1,1,1,3,1,1,1,1,1,,26,26,TRUE
8015MWMULTI-M,8,8,9,10,10,10,10,10,10,10,10,10,10,10,10,10,10,10,10,10,10,10,10,10,10,10,10,10,10,10,,30,30,TRUE
8015MWMULTI-S,22,22,22,22,22,22,22,22,22,22,22,22,22,22,22,22,22,22,22,22,22,22,22,22,22,22,22,22,22,22,,30,30,TRUE
8015MWMULTI-XL,12,14,14,14,14,14,14,14,14,14,14,14,14,14,14,14,14,14,14,14,14,14,14,14,14,14,14,14,14,14,,30,30,TRUE
8015MWMULTI-XXL,18,18,19,19,19,19,19,19,19,19,19,19,19,19,19,19,19,19,19,19,19,19,19,19,19,19,19,19,19,19,,30,30,TRUE
8017MWWHITE-XL,0,0,0,0,0,0,0,0,0,0,0,0,0,0,0,0,0,0,0,0,0,0,0,0,0,0,0,0,0,0,,0,0,TRUE
8017MWWHITE-XXL,0,0,0,0,0,0,0,0,0,0,0,0,0,0,0,0,0,0,0,0,0,0,0,0,0,0,0,0,0,0,,0,0,TRUE
8018MWBLUE-L,59,59,62,62,62,62,62,62,62,62,62,62,62,62,62,62,62,62,62,62,62,62,62,62,62,62,62,62,62,62,,30,30,TRUE
8018MWBLUE-M,60,60,63,63,63,63,63,63,63,63,63,63,63,63,63,63,63,63,63,63,63,63,63,63,63,63,63,63,63,63,,30,30,TRUE
8018MWBLUE-S,63,63,67,67,67,67,67,67,67,67,67,67,67,67,67,67,67,67,67,67,67,67,67,67,67,67,67,67,67,67,,30,30,TRUE
8018MWBLUE-XL,64,64,64,64,64,64,64,64,64,64,64,64,64,64,64,64,64,64,64,64,64,64,64,64,64,64,64,64,64,64,,30,30,TRUE
8018MWBLUE-XXL,57,57,60,61,61,61,61,61,61,60,60,60,60,60,60,60,60,60,60,60,60,60,60,60,60,60,60,60,60,60,,30,30,TRUE
8019MWBLACK-L,56,56,61,61,61,61,61,61,61,58,58,58,58,58,58,58,58,58,58,58,58,58,58,58,58,58,58,58,58,58,,30,30,TRUE
8019MWBLACK-M,53,53,57,57,57,57,57,57,57,57,57,57,57,57,57,57,57,57,57,57,57,57,57,57,57,57,57,57,57,57,,30,30,TRUE
8019MWBLACK-S,64,64,64,64,64,64,64,64,64,64,64,64,64,64,64,64,64,64,64,64,64,64,64,64,64,64,64,64,64,64,,30,30,TRUE
8019MWBLACK-XL,66,66,70,70,70,70,70,70,70,70,70,70,70,70,70,70,70,70,70,70,70,70,70,70,70,70,70,70,70,70,,30,30,TRUE
8019MWBLACK-XXL,65,65,69,69,69,69,69,69,69,69,69,69,69,69,69,69,69,69,69,69,69,69,69,69,69,69,69,69,69,69,,30,30,TRUE
8020MWOFFWHITE-L,20,20,20,20,20,19,19,19,19,19,19,19,19,19,19,19,19,19,19,19,19,19,19,19,19,19,19,19,18,18,,30,30,TRUE
8020MWOFFWHITE-M,19,19,19,19,19,19,19,19,19,19,19,19,19,19,19,19,19,19,19,19,18,18,18,18,18,18,18,18,18,18,,30,30,TRUE
8020MWOFFWHITE-S,20,20,20,20,20,20,20,20,20,20,20,20,20,20,20,20,20,20,20,20,20,20,20,20,20,20,20,20,20,20,,30,30,TRUE
8020MWOFFWHITE-XL,18,18,18,18,18,17,17,17,17,17,17,17,17,17,17,15,15,15,14,14,14,14,14,14,14,14,14,14,14,14,,30,30,TRUE
8020MWOFFWHITE-XXL,20,20,20,20,20,20,20,20,20,20,20,20,20,20,20,20,20,20,20,20,20,20,20,20,20,20,20,20,20,20,,30,30,TRUE
82YK218MUSTARD-S,0,0,0,0,0,0,0,0,0,0,0,0,0,0,0,0,0,0,0,0,0,0,0,0,0,0,0,0,0,0,,0,0,TRUE
84YK214MUSTARD-S,0,0,0,0,0,0,0,0,0,0,0,0,0,0,0,0,0,0,0,0,0,0,0,0,0,0,0,0,0,0,,0,0,TRUE
84YK214MUSTARD-XXL,0,0,0,0,0,0,0,0,0,0,0,0,0,0,0,0,0,0,0,0,0,0,0,0,0,0,0,0,0,0,,0,0,TRUE
87YK216BROWN-L,0,0,0,0,0,0,0,0,0,0,0,0,0,0,0,0,0,0,0,0,0,0,0,0,0,0,0,0,0,0,,0,0,TRUE
87YK216BROWN-M,3,3,3,3,3,3,3,3,3,3,3,1,1,1,1,1,1,1,1,1,1,1,1,1,1,1,1,1,2,2,,30,30,TRUE
87YK216BROWN-S,8,8,8,8,8,8,8,8,8,8,8,8,8,8,8,8,8,8,8,8,8,8,8,8,8,8,8,8,8,8,,30,30,TRUE
87YK216BROWN-XL,0,0,0,0,0,0,0,0,0,0,0,0,0,0,0,0,0,0,0,0,0,0,0,0,0,0,0,0,0,0,,0,0,TRUE
87YK216BROWN-XXL,0,0,0,0,0,0,0,0,0,0,0,0,0,0,0,0,0,0,0,0,0,0,0,0,0,0,0,0,0,0,,0,0,TRUE
89YK197BROWN-XXL,0,0,0,0,0,0,0,0,0,0,0,0,0,0,0,0,0,0,0,0,0,0,0,0,0,0,0,0,0,0,,0,0,TRUE
8YK183BLUE-M,0,0,0,0,0,0,0,0,0,0,0,0,0,0,0,0,0,0,0,0,0,0,0,0,0,0,0,0,0,0,,0,0,TRUE
91YK217BROWN-L,0,0,0,0,0,0,0,0,0,0,0,0,0,0,0,0,0,0,0,0,0,0,0,0,0,0,0,0,0,0,,0,0,TRUE
91YK217BROWN-XL,0,0,0,0,0,0,0,0,0,0,0,0,0,0,0,0,0,0,0,0,0,0,0,0,0,0,0,0,0,0,,0,0,TRUE
91YK217BROWN-XXL,1,1,1,1,1,1,1,1,1,1,1,1,1,1,1,0,0,0,0,0,0,0,0,0,0,0,0,0,0,1,,16,14,FALSE
94YK218BROWN-L,0,0,0,0,0,0,0,0,0,0,0,0,0,0,0,0,0,0,0,0,0,0,0,0,0,0,0,0,0,0,,0,0,TRUE
95YK215BROWN-L,6,6,6,6,6,6,6,6,6,6,5,5,5,5,5,5,5,5,5,5,5,5,5,5,5,5,5,5,5,5,,30,30,TRUE
95YK215BROWN-M,2,2,2,2,2,2,2,2,2,2,2,2,2,2,2,1,1,1,1,1,1,1,1,1,1,1,2,2,2,2,,30,30,TRUE
95YK215BROWN-S,2,2,2,2,2,2,2,2,2,2,2,2,2,2,2,1,1,1,1,1,1,1,1,1,1,1,1,1,1,1,,30,30,TRUE
95YK215BROWN-XL,4,4,4,4,4,4,4,4,4,4,4,4,4,4,4,4,4,4,4,4,4,4,4,4,4,4,4,4,4,4,,30,30,TRUE
95YK215BROWN-XXL,2,2,2,2,2,2,2,2,2,2,2,2,2,2,2,2,2,2,2,2,2,2,2,2,2,2,2,2,2,2,,30,30,TRUE
9KD148BLACK-11-12,2,2,2,2,2,2,2,2,2,2,2,2,2,2,2,1,1,1,1,1,1,1,1,1,1,1,1,1,1,1,,30,30,TRUE
9KD148BLACK-13-14,1,1,1,1,1,1,1,1,1,1,1,1,1,2,2,2,2,2,2,2,2,1,1,1,1,1,1,1,2,2,,30,30,TRUE
9KD148BLACK-7-8,4,4,4,4,4,4,4,4,4,4,4,4,4,4,4,4,4,4,4,4,4,4,4,4,4,4,4,4,4,4,,30,30,TRUE
9KD148BLACK-9-10,7,7,11,11,11,11,11,11,11,11,11,11,11,11,11,11,11,11,11,11,11,11,11,10,10,10,10,10,10,10,,30,30,TRUE
9YK148BLACK-3XL,40,40,40,39,39,39,39,40,39,39,39,38,36,34,34,34,34,34,29,24,28,28,29,28,27,27,27,26,25,18,,30,30,TRUE
9YK148BLACK-4XL,47,48,48,48,46,46,45,44,42,37,42,42,42,41,41,37,37,37,36,34,25,27,27,27,27,27,26,26,27,25,,30,30,TRUE
9YK148BLACK-5XL,41,40,38,38,37,36,35,37,33,33,32,31,31,30,30,32,32,32,26,26,26,25,25,24,23,23,18,17,22,22,,30,30,TRUE
9YK148BLACK-6XL,10,11,11,11,10,9,9,9,7,7,6,6,5,5,5,4,4,4,4,4,4,4,4,4,6,4,4,4,5,5,,30,30,TRUE
9YK148BLACK-7XL,28,28,28,30,32,32,30,29,29,27,27,27,27,27,27,27,27,27,27,27,27,27,27,27,27,27,27,29,28,28,,30,30,TRUE
9YK148BLACK-8XL,12,12,11,11,12,12,12,12,12,11,11,10,10,10,10,10,10,10,10,10,9,8,8,7,7,6,6,7,7,7,,30,30,TRUE
9YK148BLACK-L,67,65,66,66,66,66,66,66,64,64,64,64,67,67,67,67,67,67,67,67,67,67,67,67,67,67,67,67,67,67,,30,30,TRUE
9YK148BLACK-M,13,13,15,16,16,16,16,16,16,15,15,15,14,14,14,14,14,14,14,14,14,14,14,13,13,13,12,12,10,9,,30,30,TRUE
9YK148BLACK-S,31,31,31,30,30,30,30,30,30,28,27,28,28,28,28,28,28,28,27,27,27,27,27,27,27,28,28,28,29,29,,30,30,TRUE
9YK148BLACK-XL,47,53,53,53,52,52,52,52,52,52,51,49,49,49,49,49,49,49,47,47,47,46,46,46,45,47,47,46,44,44,,30,30,TRUE
9YK148BLACK-XS,7,7,7,6,6,6,6,6,6,6,6,6,6,6,6,6,6,6,6,6,6,6,6,6,6,6,6,6,6,6,,30,30,TRUE
9YK148BLACK-XXL,23,27,27,27,27,26,26,26,26,26,24,25,25,24,24,25,25,25,24,23,21,18,19,20,20,21,21,21,18,18,,30,30,TRUE
AB001BLUE,8,8,8,8,8,8,8,8,8,8,8,8,8,8,8,8,8,8,8,8,8,8,8,8,8,8,8,8,8,8,,30,30,TRUE
AB002GREEN,8,8,8,8,8,8,8,8,8,8,8,8,8,8,8,8,8,8,8,8,8,8,8,8,8,8,8,8,8,8,,30,30,TRUE
AB003YELLOW,7,7,7,1,1,1,1,1,1,1,0,0,0,0,0,0,0,0,0,0,0,0,0,0,0,0,0,0,0,7,,11,10,FALSE
AB004PINK,8,8,8,8,8,8,8,8,8,8,8,8,8,8,8,8,8,8,8,8,8,8,8,8,8,8,8,8,8,8,,30,30,TRUE
AB007RED,8,8,8,8,8,8,8,8,8,8,8,8,8,8,8,8,8,8,8,8,8,8,8,8,8,8,8,8,8,8,,30,30,TRUE
AB008BLACK,8,8,8,8,8,8,8,8,8,8,8,8,8,8,8,8,8,8,8,8,8,8,8,8,8,8,8,8,8,8,,30,30,TRUE
AB009BLUE,8,8,8,8,8,8,8,8,8,8,8,8,8,8,8,8,8,8,8,8,8,8,8,8,8,8,8,8,8,8,,30,30,TRUE
AB010BLUE,8,8,8,7,7,7,7,7,7,7,7,7,7,7,7,7,7,7,7,7,7,7,7,7,7,7,7,7,7,7,,30,30,TRUE
AB011OFFWHITE,8,8,8,8,8,8,8,8,8,8,8,8,8,8,8,8,8,8,8,8,8,8,8,8,8,8,8,8,8,8,,30,30,TRUE
AK-101BEIGE-M,0,0,0,0,0,0,0,0,0,0,0,0,0,0,0,0,0,0,0,0,0,0,0,0,0,0,0,0,0,0,,0,0,TRUE
AK-102BROWN-L,0,0,0,0,0,0,0,0,0,0,0,0,0,0,0,0,0,0,0,0,0,0,0,0,0,0,0,0,0,0,,0,0,TRUE
AK-102BROWN-M,1,1,1,1,1,1,1,1,1,1,1,1,1,1,1,1,1,1,1,1,1,1,1,1,1,1,1,1,1,1,,30,30,TRUE
AK-102BROWN-XL,0,0,0,0,0,0,0,0,0,0,0,0,0,0,0,0,0,0,0,0,0,0,0,0,0,0,0,0,0,0,,0,0,TRUE
AK-102BROWN-XXL,0,0,0,0,0,0,0,0,0,0,0,0,0,0,0,0,0,0,0,0,0,0,0,0,0,0,0,0,0,0,,0,0,TRUE
AK-103BLUE-L,3,3,3,3,3,3,3,3,3,3,3,2,2,2,2,2,2,2,2,2,2,2,2,2,1,1,1,1,1,3,,30,30,TRUE
AK-103BLUE-M,0,0,0,0,0,0,0,0,0,0,0,0,0,0,0,0,0,0,0,0,0,0,0,0,0,0,0,0,0,1,,1,1,TRUE
AK-103BLUE-XL,1,1,1,1,1,1,1,1,0,0,0,0,0,0,0,0,0,0,0,0,0,0,0,1,1,1,1,1,0,1,,14,9,FALSE
AK-103BLUE-XXL,0,0,0,0,0,0,0,0,0,0,0,0,0,0,0,0,0,0,0,0,0,0,0,0,0,0,0,0,0,0,,0,0,TRUE
AK-104BLUE-L,0,0,0,0,0,0,0,0,0,0,0,0,0,0,0,0,0,0,0,0,0,0,0,0,0,0,0,0,0,0,,0,0,TRUE
AK-104BLUE-M,2,2,2,2,2,2,2,2,2,2,2,2,2,2,2,2,2,2,2,2,2,2,2,2,2,2,2,2,2,2,,30,30,TRUE
AK-104BLUE-S,0,0,0,0,0,0,0,0,0,0,0,0,0,0,0,0,0,0,0,0,0,0,0,0,0,0,0,0,0,0,,0,1,FALSE
AK-104BLUE-XL,0,0,0,0,0,0,0,0,0,0,0,0,0,0,0,0,0,0,0,0,0,0,0,0,0,0,0,0,0,0,,0,0,TRUE
AK-104YKBLUE-S,1,1,1,1,1,1,1,1,1,1,1,1,1,1,1,1,1,1,1,1,1,1,1,1,1,1,1,1,1,1,,30,30,TRUE
AK-105MUSTARD-L,2,2,2,2,2,2,2,2,2,2,2,2,2,2,2,2,2,2,2,2,2,2,2,2,2,2,2,2,2,2,,30,30,TRUE
AK-105MUSTARD-M,0,0,0,0,0,0,0,0,0,0,0,0,0,0,0,0,0,0,0,0,0,0,0,1,1,1,1,1,1,1,,7,7,TRUE
AK-105MUSTARD-XL,0,0,0,0,0,0,0,0,0,0,0,0,0,0,0,0,0,0,0,0,0,0,0,0,0,0,0,1,1,1,,3,3,TRUE
AK-105MUSTARD-XXL,0,0,0,0,0,0,0,0,0,0,0,0,0,0,0,0,0,0,0,0,0,0,0,0,0,0,0,0,0,0,,0,0,TRUE
AK-106MULTI-L,0,0,0,0,0,0,0,0,0,0,0,0,0,0,0,0,0,0,0,0,0,0,0,0,0,0,0,0,0,0,,0,0,TRUE
AK-106MULTI-M,0,0,0,0,0,0,0,0,0,0,0,0,0,0,0,0,0,0,0,0,0,0,0,0,0,0,0,0,0,0,,0,0,TRUE
AK-106MULTI-S,0,0,0,0,0,0,0,0,0,0,0,0,0,0,0,0,0,0,0,0,0,0,0,0,0,0,0,0,0,0,,0,0,TRUE
AK-106MULTI-XL,1,1,1,1,1,1,1,1,1,1,1,1,1,1,1,0,0,0,0,0,0,0,0,0,0,0,0,0,0,1,,16,14,FALSE
AK-106MULTI-XXL,0,0,0,0,0,0,0,0,0,0,0,0,0,0,0,0,0,0,0,0,0,0,0,0,0,0,0,0,0,0,,0,0,TRUE
AK-107WHITE-L,0,0,0,0,0,0,0,0,0,0,0,0,0,0,0,0,0,0,0,0,0,0,0,0,0,0,0,0,0,1,,1,1,TRUE
AK-107WHITE-M,1,1,1,1,1,1,1,1,1,1,1,1,1,1,1,1,1,1,1,1,1,1,1,1,1,1,1,1,1,1,,30,30,TRUE
AK-107WHITE-S,5,5,7,7,7,7,7,7,7,7,7,7,7,7,7,7,7,7,7,7,7,7,7,7,7,7,7,7,7,7,,30,30,TRUE
AK-107WHITE-XL,2,2,2,2,2,2,2,2,2,2,2,2,2,2,2,2,2,2,2,2,2,2,2,3,3,3,3,3,3,3,,30,30,TRUE
AK-107WHITE-XS,7,7,7,7,7,7,7,7,7,7,7,7,7,7,7,7,7,7,7,7,7,7,7,7,7,7,7,7,7,7,,30,30,TRUE
AK-108MULTI-L,0,0,0,0,0,0,0,0,0,0,0,0,0,0,0,0,0,0,0,0,0,0,0,0,0,0,0,0,0,0,,0,0,TRUE
AK-108MULTI-M,0,0,0,0,0,0,0,0,0,0,0,0,0,0,0,0,0,0,0,0,0,0,0,0,0,0,0,0,0,0,,0,0,TRUE
AK-108MULTI-XL,4,4,4,4,4,4,4,4,4,4,4,4,4,4,4,4,4,4,2,2,2,2,2,2,2,2,2,2,2,2,,30,30,TRUE
AK-109MUSTARD-L,0,0,0,0,0,0,0,0,0,0,0,0,0,0,0,0,0,0,0,0,0,0,0,0,0,0,0,0,0,0,,0,0,TRUE
AK-109MUSTARD-M,2,2,2,2,2,2,2,2,2,2,2,2,2,2,2,2,2,2,2,2,2,2,2,2,2,2,2,2,2,2,,30,30,TRUE
AK-109MUSTARD-S,0,0,0,0,0,0,0,0,0,0,0,0,0,0,0,0,0,0,0,0,0,0,0,0,0,0,0,0,0,0,,0,0,TRUE
AK-109MUSTARD-XL,0,0,0,0,0,0,0,0,0,0,0,0,0,0,0,0,0,0,0,0,0,0,0,0,0,0,1,1,1,1,,4,4,TRUE
AK-109MUSTARD-XXL,0,0,0,0,0,0,0,0,0,0,0,0,0,0,0,0,0,0,0,0,0,0,0,0,0,0,0,0,0,0,,0,0,TRUE
AK-110WHITE-L,0,0,0,0,0,0,0,0,0,0,0,0,0,0,0,0,0,0,0,0,0,0,0,0,0,0,0,0,0,0,,0,0,TRUE
AK-110WHITE-M,1,1,1,1,1,1,1,1,1,1,1,1,1,1,1,1,1,1,1,1,1,1,1,1,1,1,1,1,1,1,,30,30,TRUE
AK-110WHITE-S,0,0,0,0,0,0,0,0,0,0,0,0,0,0,0,0,0,0,0,0,0,0,0,0,0,0,0,0,0,0,,0,0,TRUE
AK-110WHITE-XL,0,0,0,0,0,0,0,0,0,0,0,0,0,0,0,0,0,0,0,0,0,0,0,0,0,0,0,0,0,0,,0,0,TRUE
AK-111PURPLE-L,0,0,0,0,0,0,0,0,0,0,0,0,0,0,0,0,0,0,0,0,0,0,0,0,0,0,0,0,0,0,,0,0,TRUE
AK-111PURPLE-M,0,0,0,0,0,0,0,0,0,0,0,0,0,0,0,0,0,0,0,0,0,0,0,0,0,0,0,0,0,0,,0,0,TRUE
AK-111PURPLE-S,0,0,0,0,0,0,0,0,0,0,0,0,0,0,0,0,0,0,0,0,0,0,0,0,0,0,0,0,0,0,,0,0,TRUE
AK-111PURPLE-XL,0,0,0,0,0,0,0,0,0,0,0,0,0,0,0,0,0,0,0,0,0,0,0,0,0,0,0,0,0,0,,0,0,TRUE
AK-111PURPLE-XXL,0,0,0,0,0,0,0,0,0,0,0,0,0,0,0,0,0,0,0,0,0,0,0,0,0,0,0,0,0,0,,0,0,TRUE
AK-112BLUE-L,0,0,0,0,0,0,0,0,0,0,0,0,0,0,0,0,0,0,0,0,0,0,0,0,0,0,0,0,0,0,,0,0,TRUE
AK-112BLUE-M,0,0,0,0,0,0,0,0,0,0,0,0,0,0,0,0,0,0,0,0,0,0,0,0,0,0,0,0,0,0,,0,0,TRUE
AK-112BLUE-XL,0,0,0,0,0,0,0,0,0,0,0,0,0,0,0,0,0,0,0,0,0,0,0,0,0,0,0,0,0,0,,0,0,TRUE
AK-112BLUE-XXL,0,0,0,0,0,0,0,0,0,0,0,0,0,0,0,0,0,0,0,0,0,0,0,0,0,0,0,0,0,0,,0,0,TRUE
AK-113MULTI-3XL,0,0,0,0,0,0,0,0,0,0,0,0,0,0,0,0,0,0,0,0,0,0,0,0,0,0,0,0,0,0,,0,0,TRUE
AK-113MULTI-L,0,0,0,0,0,0,0,0,0,0,0,0,0,0,0,0,0,0,0,0,0,0,0,0,0,0,0,0,0,0,,0,0,TRUE
AK-113MULTI-M,0,0,0,0,0,0,0,0,0,0,0,0,0,0,0,0,0,0,0,0,0,0,0,0,0,0,0,0,0,0,,0,0,TRUE
AK-113MULTI-S,0,0,0,0,0,0,0,0,0,0,0,0,0,0,0,0,0,0,0,0,0,0,0,0,0,0,0,0,0,0,,0,0,TRUE
AK-113MULTI-XL,0,0,0,0,0,0,0,0,0,0,0,0,0,0,0,0,0,0,0,0,0,0,0,0,0,0,0,0,0,0,,0,0,TRUE
AK-113MULTI-XXL,0,0,0,0,0,0,0,0,0,0,0,0,0,0,0,0,0,0,0,0,0,0,0,0,0,0,0,0,0,0,,0,0,TRUE
AK-114PURPLE-L,0,0,0,0,0,0,0,0,0,0,0,0,0,0,0,0,0,0,0,0,0,0,0,0,0,0,0,0,0,0,,0,0,TRUE
AK-114PURPLE-M,0,0,0,0,0,0,0,0,0,0,0,0,0,0,0,0,0,0,0,0,0,0,0,0,0,0,0,0,0,0,,0,0,TRUE
AK-114PURPLE-XL,0,0,0,0,0,0,0,0,0,0,0,0,0,0,0,0,0,0,0,0,0,0,0,0,0,0,0,0,0,0,,0,0,TRUE
AK-114PURPLE-XXL,0,0,0,0,0,0,0,0,0,0,0,0,0,0,0,0,0,0,0,0,0,0,0,0,0,0,0,0,0,0,,0,0,TRUE
AK-115-M,0,0,0,0,0,0,0,0,0,0,0,0,0,0,0,0,0,0,0,0,0,0,0,0,0,0,0,0,0,0,,0,0,TRUE
AK-116GREEN-3XL,0,0,0,0,0,0,0,0,0,0,0,0,0,0,0,0,0,0,0,0,0,0,0,0,0,0,0,0,0,0,,0,0,TRUE
AK-116GREEN-L,0,0,0,0,0,0,0,0,0,0,0,0,0,0,0,0,0,0,0,0,0,0,0,0,0,0,0,0,0,0,,0,0,TRUE
AK-116GREEN-M,0,0,0,0,0,0,0,0,0,0,0,0,0,0,0,0,0,0,0,0,0,0,0,0,0,0,0,0,0,0,,0,0,TRUE
AK-116GREEN-S,0,0,0,0,0,0,0,0,0,0,0,0,0,0,0,0,0,0,0,0,0,0,0,0,0,0,0,0,0,0,,0,0,TRUE
AK-116GREEN-XL,0,0,0,0,0,0,0,0,0,0,0,0,0,0,0,0,0,0,0,0,0,0,0,0,0,0,0,0,0,0,,0,0,TRUE
AK-116GREEN-XXL,0,0,0,0,0,0,0,0,0,0,0,0,0,0,0,0,0,0,0,0,0,0,0,0,0,0,0,0,0,0,,0,0,TRUE
AK-117BLUE-L,2,1,0,0,0,0,0,0,0,0,0,0,0,0,0,0,0,0,0,0,0,0,0,0,0,0,0,0,1,1,,4,4,TRUE
AK-117BLUE-M,1,1,1,1,1,1,1,1,1,1,0,0,0,0,0,0,0,0,0,0,0,0,0,0,0,0,1,1,1,1,,14,14,TRUE
AK-117BLUE-S,3,3,3,3,3,3,3,3,3,3,3,3,3,3,3,3,3,3,2,2,2,2,2,2,2,2,3,3,3,3,,30,30,TRUE
AK-117BLUE-XL,0,0,0,0,0,0,0,0,0,0,0,0,0,0,0,0,0,0,0,0,0,0,0,0,0,0,0,0,0,0,,0,0,TRUE
AK-117BLUE-XXL,0,0,0,0,0,0,0,0,0,0,0,0,0,0,0,0,0,0,0,0,0,0,0,0,0,0,0,0,0,1,,1,0,FALSE
AK-118RED-3XL,0,0,0,0,0,0,0,0,0,0,0,0,0,0,0,0,0,0,0,0,0,0,0,0,0,0,0,0,0,0,,0,0,TRUE
AK-118RED-L,0,0,0,0,0,0,0,0,0,0,0,0,0,0,0,0,0,0,0,0,0,0,0,0,0,0,0,0,0,0,,0,0,TRUE
AK-118RED-M,0,0,0,0,0,0,0,0,0,0,0,0,0,0,0,0,0,0,0,0,0,0,0,0,0,0,0,0,0,0,,0,0,TRUE
AK-118RED-S,0,0,0,0,0,0,0,0,0,0,0,0,0,0,0,0,0,0,0,0,0,0,0,0,0,0,0,0,0,0,,0,0,TRUE
AK-118RED-XL,0,0,0,0,0,0,0,0,0,0,0,0,0,0,0,0,0,0,0,0,0,0,0,0,0,0,0,0,0,0,,0,0,TRUE
AK-118RED-XXL,0,0,0,0,0,0,0,0,0,0,0,0,0,0,0,0,0,0,0,0,0,0,0,0,0,0,0,0,0,0,,0,0,TRUE
AK-119LAVENDER-L,0,0,0,0,0,0,0,0,0,0,0,0,0,0,0,0,0,0,0,0,0,0,0,0,0,0,0,0,0,0,,0,0,TRUE
AK-119LAVENDER-M,0,0,0,0,0,0,0,0,0,0,0,0,0,0,0,0,0,0,0,0,0,0,0,0,0,0,0,0,0,0,,0,0,TRUE
AK-119LAVENDER-S,0,0,0,0,0,0,0,0,0,0,0,0,0,0,0,0,0,0,0,0,0,0,0,0,0,0,0,0,0,0,,0,0,TRUE
AK-119LAVENDER-XL,0,0,0,0,0,0,0,0,0,0,0,0,0,0,0,0,0,0,0,0,0,0,0,0,0,0,0,0,0,0,,0,0,TRUE
AK-120BLACK-3XL,0,0,0,0,0,0,0,0,0,0,0,0,0,0,0,0,0,0,0,0,0,0,0,0,0,0,0,0,0,0,,0,0,TRUE
AK-120BLACK-4XL,0,0,0,0,0,0,0,0,0,0,0,0,0,0,0,0,0,0,0,0,0,0,0,0,0,0,0,0,0,0,,0,0,TRUE
AK-120BLACK-5XL,0,0,0,0,0,0,0,0,0,0,0,0,0,0,0,0,0,0,0,0,0,0,0,0,0,0,0,0,0,1,,1,0,FALSE
AK-120BLACK-L,0,0,0,0,0,0,0,0,0,0,0,0,0,0,0,0,0,0,0,0,0,0,0,0,0,0,0,1,1,1,,3,3,TRUE
AK-120BLACK-M,0,0,0,0,0,0,0,0,0,0,0,0,0,0,0,0,0,0,0,0,0,0,0,0,0,0,0,0,0,0,,0,0,TRUE
AK-120BLACK-S,1,1,1,1,1,1,1,1,1,1,1,1,1,1,1,1,1,1,1,1,1,1,1,1,1,1,1,1,1,1,,30,30,TRUE
AK-120BLACK-XL,0,0,0,0,0,0,0,0,0,0,0,0,0,0,0,0,0,0,0,0,0,0,0,0,0,0,0,0,0,0,,0,0,TRUE
AK-120BLACK-XXL,0,0,0,0,0,0,0,0,0,0,0,0,0,0,0,0,0,0,0,0,0,0,0,0,0,0,0,0,0,0,,0,0,TRUE
AK-121WHITE-L,0,0,0,0,0,0,0,0,0,0,0,0,0,0,0,0,0,0,0,0,0,0,0,0,0,0,0,0,0,0,,0,0,TRUE
AK-121WHITE-S,0,0,0,0,0,0,0,0,0,0,0,0,0,0,0,0,0,0,0,0,0,0,0,0,0,0,0,0,0,0,,0,0,TRUE
AK-121WHITE-XL,0,0,0,0,0,0,0,0,0,0,0,0,0,0,0,0,0,0,0,0,0,0,0,0,0,0,0,0,0,0,,0,0,TRUE
AK-122YELLOW-L,0,0,0,0,0,0,0,0,0,0,0,0,0,0,0,0,0,0,0,0,0,0,0,0,0,0,0,0,0,0,,0,0,TRUE
AK-122YELLOW-M,0,0,0,0,0,0,0,0,0,0,0,0,0,0,0,0,0,0,0,0,0,0,0,0,0,0,0,0,0,0,,0,0,TRUE
AK-122YELLOW-XL,0,0,0,0,0,0,0,0,0,0,0,0,0,0,0,0,0,0,0,0,0,0,0,0,0,0,0,0,0,0,,0,0,TRUE
AK-122YELLOW-XXL,0,0,0,0,0,0,0,0,0,0,0,0,0,0,0,0,0,0,0,0,0,0,0,0,0,0,0,0,0,0,,0,0,TRUE
AK-123BLUE-L,0,0,0,0,0,0,0,0,0,0,0,0,0,0,0,0,0,0,0,0,0,0,0,0,0,0,0,0,0,0,,0,0,TRUE
AK-123BLUE-M,0,0,0,0,0,0,0,0,0,0,0,0,0,0,0,0,0,0,0,0,0,0,0,0,0,0,0,0,0,0,,0,0,TRUE
AK-123BLUE-XL,0,0,0,0,0,0,0,0,0,0,0,0,0,0,0,0,0,0,0,0,0,0,0,0,0,0,0,0,0,0,,0,0,TRUE
AK-123BLUE-XXL,0,0,0,0,0,0,0,0,0,0,0,0,0,0,0,0,0,0,0,0,0,0,0,0,0,0,0,0,0,0,,0,0,TRUE
AK-124WHITE-L,23,23,23,23,23,23,23,23,23,23,23,23,23,23,23,23,23,23,23,23,23,22,22,22,22,22,22,22,22,22,,30,30,TRUE
AK-124WHITE-M,18,18,18,18,18,18,18,18,18,18,18,18,18,18,18,18,18,18,18,18,18,18,18,18,18,18,18,18,18,18,,30,30,TRUE
AK-124WHITE-S,28,28,28,28,28,28,28,28,28,28,29,29,29,29,29,29,29,29,27,27,27,27,27,27,27,27,27,27,27,28,,30,30,TRUE
AK-124WHITE-XL,17,17,17,17,17,17,17,17,17,17,17,17,17,17,17,17,17,17,17,17,17,17,17,17,17,17,17,17,17,17,,30,30,TRUE
AK-124WHITE-XXL,15,15,15,15,15,15,15,15,15,15,15,15,15,15,15,15,15,15,15,15,15,15,15,15,15,15,15,15,15,15,,30,30,TRUE
AK-125BLACK-L,0,0,0,0,0,0,0,0,0,0,0,0,0,0,0,0,0,0,0,0,0,0,0,0,0,0,0,0,0,0,,0,0,TRUE
AK-125BLACK-M,0,0,0,0,0,0,0,0,0,0,0,0,0,0,0,0,0,0,0,0,0,0,0,0,0,0,0,0,0,0,,0,0,TRUE
AK-125BLACK-S,0,0,0,0,0,0,0,0,0,0,0,0,0,0,0,0,0,0,0,0,0,0,0,0,0,0,0,0,0,0,,0,0,TRUE
AK-125BLACK-XL,0,0,0,0,0,0,0,0,0,0,0,0,0,0,0,0,0,0,0,0,0,0,0,0,0,0,0,0,0,0,,0,0,TRUE
AK-125BLACK-XXL,1,1,1,1,1,1,1,1,1,1,0,0,0,0,0,0,0,0,0,0,0,0,0,0,0,1,1,1,1,1,,15,16,FALSE
AK-126BLACK-L,20,20,20,20,20,20,20,20,20,20,20,20,20,20,20,20,20,20,20,20,20,20,20,20,20,20,20,20,20,20,,30,30,TRUE
AK-126BLACK-M,25,25,25,25,25,24,23,23,23,23,23,23,23,23,23,23,23,23,23,23,23,23,23,23,23,23,23,23,23,23,,30,30,TRUE
AK-126BLACK-S,17,17,17,17,17,17,17,17,17,17,17,17,17,17,17,17,17,17,17,17,17,17,17,17,17,17,18,18,18,18,,30,30,TRUE
AK-126BLACK-XL,30,30,30,30,30,30,30,30,30,30,29,30,30,30,30,30,30,30,30,30,30,30,30,30,30,30,30,30,30,30,,30,30,TRUE
AK-126BLACK-XXL,32,32,32,32,32,32,32,32,32,32,32,32,32,32,32,32,32,32,31,31,31,31,31,31,31,31,32,32,32,32,,30,30,TRUE
AK-126-L,0,0,0,0,0,0,0,0,0,0,0,0,0,0,0,0,0,0,0,0,0,0,0,0,0,0,0,0,0,0,,0,#N/A,#N/A
AK-126-M,0,0,0,0,0,0,0,0,0,0,0,0,0,0,0,0,0,0,0,0,0,0,0,0,0,0,0,0,0,0,,0,#N/A,#N/A
AK-126-S,0,0,0,0,0,0,0,0,0,0,0,0,0,0,0,0,0,0,0,0,0,0,0,0,0,0,0,0,0,0,,0,#N/A,#N/A
AK-126-XL,0,0,0,0,0,0,0,0,0,0,0,0,0,0,0,0,0,0,0,0,0,0,0,0,0,0,0,0,0,0,,0,#N/A,#N/A
AK-126-XXL,0,0,0,0,0,0,0,0,0,0,0,0,0,0,0,0,0,0,0,0,0,0,0,0,0,0,0,0,0,0,,0,#N/A,#N/A
AK-127WHITE-3XL,0,0,0,0,0,0,0,0,0,0,0,0,0,0,0,0,0,0,0,0,0,0,0,0,0,0,0,0,0,0,,0,0,TRUE
AK-127WHITE-5XL,0,0,0,0,0,0,0,0,0,0,0,0,0,0,0,0,0,0,0,0,0,0,0,0,0,0,0,0,0,1,,1,0,FALSE
AK-127WHITE-L,9,9,9,9,8,8,8,7,7,7,7,7,7,7,7,7,7,7,4,4,4,4,4,5,5,6,10,11,11,11,,30,30,TRUE
AK-127WHITE-M,20,20,19,19,19,19,19,19,18,18,17,17,17,17,17,17,17,17,17,17,17,17,17,17,17,17,17,17,17,17,,30,30,TRUE
AK-127WHITE-S,21,21,20,20,20,20,20,20,20,20,20,20,20,20,20,20,20,20,20,20,20,20,20,20,20,20,19,19,19,19,,30,30,TRUE
AK-127WHITE-XL,12,12,12,12,12,12,11,11,11,11,11,11,11,11,11,11,11,11,11,10,10,10,10,6,6,6,6,6,6,6,,30,30,TRUE
AK-127WHITE-XXL,1,1,1,1,1,1,1,1,1,1,1,1,1,1,1,1,1,1,1,1,1,1,1,1,1,1,1,5,5,5,,30,30,TRUE
AK-128GREEN-L,12,12,12,12,12,12,12,11,11,11,11,11,10,10,10,9,9,9,9,9,9,9,9,9,9,9,9,9,9,9,,30,30,TRUE
AK-128GREEN-M,13,13,13,12,12,12,12,13,13,13,13,13,13,13,13,13,13,13,13,13,13,13,13,13,13,13,13,14,14,14,,30,30,TRUE
AK-128GREEN-S,18,18,18,18,18,18,18,18,18,18,17,17,17,17,17,17,17,17,16,16,16,16,16,16,16,16,17,17,17,17,,30,30,TRUE
AK-128GREEN-XL,13,12,12,10,10,10,10,9,9,9,9,9,9,9,9,9,9,9,9,8,8,8,8,8,8,8,9,9,12,11,,30,30,TRUE
AK-128GREEN-XXL,14,14,14,14,14,13,13,11,11,12,12,12,11,10,10,10,10,10,10,10,10,10,10,10,10,12,12,12,12,12,,30,30,TRUE
AK-129BLACK-L,38,38,38,38,38,38,38,38,38,38,38,38,38,39,39,39,39,39,39,39,39,39,39,39,39,39,39,39,39,39,,30,30,TRUE
AK-129BLACK-M,35,35,35,35,35,35,35,35,35,35,35,35,36,36,36,37,37,37,34,34,34,34,34,34,34,34,36,36,36,36,,30,30,TRUE
AK-129BLACK-S,34,34,34,34,34,34,34,34,34,34,34,34,34,34,34,34,34,34,34,34,34,34,34,34,34,34,34,34,34,34,,30,30,TRUE
AK-129BLACK-XL,35,35,35,35,35,35,35,35,35,35,35,35,35,35,35,35,35,35,35,35,35,35,35,35,35,35,35,35,35,35,,30,30,TRUE
AK-129BLACK-XXL,29,29,29,29,29,29,29,29,29,29,29,29,29,29,29,29,29,29,29,29,29,29,29,29,29,29,30,30,30,30,,30,30,TRUE
AK-130MULTI-L,17,18,18,18,18,18,18,18,18,18,18,18,18,18,18,17,17,17,16,16,16,16,16,16,16,16,17,17,17,17,,30,30,TRUE
AK-130MULTI-M,17,17,17,18,18,18,17,17,17,18,18,18,18,18,18,18,18,18,18,18,18,18,18,19,19,19,19,19,22,23,,30,30,TRUE
AK-130MULTI-S,15,17,17,17,17,17,17,18,19,19,19,19,19,19,19,18,18,19,19,19,19,19,19,19,18,18,18,19,20,20,,30,30,TRUE
AK-130MULTI-XL,20,20,20,20,20,20,20,20,20,21,21,20,20,20,20,20,20,20,18,18,18,18,19,20,20,20,20,21,21,21,,30,30,TRUE
AK-130MULTI-XXL,19,19,19,20,20,20,20,20,20,20,20,20,20,20,20,21,21,21,21,21,20,20,20,19,19,19,20,20,20,20,,30,30,TRUE
AK-131MULTI-L,11,11,11,11,11,11,11,11,11,11,11,11,11,11,11,11,11,11,10,10,10,9,9,9,9,9,9,9,9,10,,30,30,TRUE
AK-131MULTI-M,4,4,4,4,4,4,4,4,4,4,4,4,4,4,4,4,4,4,4,4,4,4,4,4,4,4,4,4,4,4,,30,30,TRUE
AK-131MULTI-S,6,6,6,6,6,6,6,6,6,6,6,6,6,6,6,6,6,6,5,5,5,5,5,5,5,5,5,5,5,5,,30,30,TRUE
AK-131MULTI-XL,5,5,5,5,5,5,5,5,5,5,5,5,5,5,5,5,5,5,5,5,5,4,4,4,4,4,4,4,5,5,,30,30,TRUE
AK-131MULTI-XXL,6,6,6,6,6,6,6,6,6,6,6,6,6,6,6,6,6,6,6,6,6,6,6,6,6,6,6,6,6,6,,30,30,TRUE
AK-132MULTI-L,14,14,14,14,14,14,14,14,14,14,14,14,14,14,14,14,14,14,14,14,14,14,14,14,14,14,14,14,14,14,,30,30,TRUE
AK-132MULTI-M,12,12,12,12,12,12,12,12,12,12,16,16,16,16,16,16,16,16,16,16,16,16,16,16,16,16,16,16,16,16,,30,30,TRUE
AK-132MULTI-S,11,11,11,11,11,11,11,11,11,11,11,11,11,11,11,11,11,11,11,11,11,11,11,11,11,11,11,11,11,11,,30,30,TRUE
AK-132MULTI-XL,13,13,13,13,13,13,13,13,13,13,13,13,13,13,13,13,13,13,13,13,13,13,13,13,13,13,13,13,13,13,,30,30,TRUE
AK-132MULTI-XXL,13,13,13,13,13,13,13,13,13,13,12,13,13,13,13,13,13,13,13,13,13,13,13,13,13,13,13,13,13,13,,30,30,TRUE
AK-133BLUE-L,0,0,0,0,0,0,0,0,0,0,0,0,0,0,0,0,0,0,0,0,0,0,0,0,0,0,0,0,0,0,,0,0,TRUE
AK-133BLUE-S,0,0,0,0,0,0,0,0,0,0,0,0,0,0,0,0,0,0,0,0,0,0,0,0,0,0,0,0,0,0,,0,0,TRUE
AK-133BLUE-XL,0,0,0,0,0,0,0,0,0,0,0,0,0,0,0,0,0,0,0,0,0,0,0,0,0,0,0,0,0,0,,0,0,TRUE
AK-134BROWN-L,2,2,2,2,2,2,2,2,2,2,2,2,2,2,2,2,2,2,2,2,2,2,2,2,2,2,2,2,0,2,,29,26,FALSE
AK-134BROWN-M,1,1,1,1,1,1,1,1,1,1,1,1,1,1,1,0,0,0,0,0,0,0,0,0,0,0,0,0,0,1,,16,14,FALSE
AK-134BROWN-XL,1,1,1,1,1,1,1,1,1,1,1,1,1,1,1,1,1,1,1,1,1,1,1,1,1,1,1,1,1,1,,30,30,TRUE
AK-134BROWN-XXL,1,1,1,1,1,1,1,1,1,1,1,1,1,1,1,1,1,1,1,1,1,1,1,1,1,1,1,1,1,1,,30,30,TRUE
AK-135BEIGE-L,1,1,1,1,1,1,1,1,1,1,1,1,1,1,1,0,0,0,0,0,0,0,0,0,0,0,1,1,1,1,,19,18,FALSE
AK-135BEIGE-XL,1,1,1,1,1,1,1,1,1,1,1,1,1,1,1,1,1,1,1,1,1,1,1,1,1,1,1,1,1,1,,30,30,TRUE
AK-135BEIGE-XXL,0,0,0,0,0,0,0,0,0,0,0,0,0,0,0,0,0,0,0,0,0,0,0,0,0,0,0,0,0,0,,0,0,TRUE
AK-136-M,0,0,0,0,0,0,0,0,0,0,0,0,0,0,0,0,0,0,0,0,0,0,0,0,0,0,0,0,0,0,,0,0,TRUE
AK-136MULTI-L,0,0,0,0,0,0,0,0,0,0,0,0,0,0,0,0,0,0,0,0,0,0,0,0,0,0,0,0,0,0,,0,0,TRUE
AK-136MULTI-M,0,0,0,0,0,0,0,0,0,0,0,0,0,0,0,0,0,0,0,0,0,0,0,0,0,0,0,0,2,2,,2,2,TRUE
AK-136MULTI-XL,2,2,2,2,2,2,2,2,2,2,2,2,2,2,2,2,2,2,2,2,2,2,2,2,2,2,2,2,2,2,,30,30,TRUE
AK-136MULTI-XXL,0,0,0,0,0,0,0,0,0,0,0,0,0,0,0,0,0,0,0,0,0,0,0,0,0,0,0,0,0,0,,0,0,TRUE
AK-137BROWN-3XL,0,0,0,0,0,0,0,0,0,0,0,0,0,0,0,0,0,0,0,0,0,0,0,0,0,0,0,0,0,0,,0,0,TRUE
AK-137BROWN-4XL,1,1,1,1,1,1,1,1,1,1,1,1,1,1,1,1,1,1,1,1,1,1,1,1,0,0,0,0,0,1,,25,25,TRUE
AK-137BROWN-5XL,0,0,0,0,0,0,0,0,0,0,0,0,0,0,0,0,0,0,0,0,0,0,0,0,0,0,0,0,0,0,,0,0,TRUE
AK-137BROWN-XXL,0,0,0,0,0,0,0,0,0,0,0,0,0,0,0,0,0,0,0,0,0,0,0,0,0,0,0,0,0,0,,0,0,TRUE
AK-138YELLOW-3XL,7,7,7,7,7,7,7,7,7,7,7,7,7,7,7,7,7,7,7,7,7,7,7,7,7,7,7,7,7,7,,30,30,TRUE
AK-138YELLOW-4XL,1,1,1,1,1,1,1,1,1,1,1,1,1,1,1,1,1,1,1,1,1,1,1,1,1,1,1,1,1,1,,30,30,TRUE
AK-138YELLOW-5XL,0,0,0,0,0,0,0,0,0,0,0,0,0,0,0,0,0,0,0,0,0,0,0,0,0,0,0,0,0,0,,0,0,TRUE
AK-138YELLOW-L,0,0,0,0,0,0,0,0,0,0,0,0,0,0,0,0,0,0,0,0,0,0,0,0,0,0,0,0,0,0,,0,0,TRUE
AK-138YELLOW-XXL,10,10,10,10,10,10,10,10,10,10,7,10,10,10,10,10,10,10,10,10,10,10,10,10,10,10,10,10,10,10,,30,30,TRUE
AK-139BROWN-3XL,0,0,0,0,0,0,0,0,0,0,0,0,0,0,0,0,0,134,134,129,133,127,127,122,121,117,117,119,119,118,,13,13,TRUE
AK-139BROWN-4XL,0,0,0,0,0,0,0,0,0,0,0,0,0,0,0,0,0,28,28,23,28,25,25,21,21,20,20,20,20,20,,13,13,TRUE
AK-139BROWN-5XL,0,0,0,0,0,0,0,0,0,0,0,0,0,0,0,0,0,28,28,23,28,25,25,21,21,20,20,20,20,20,,13,13,TRUE
AK-139BROWN-6XL,0,0,0,0,0,0,0,0,0,0,0,0,0,0,0,0,0,29,29,24,29,24,24,19,19,19,19,19,19,19,,13,13,TRUE
AK-139BROWN-7XL,0,0,0,0,0,0,0,0,0,0,0,0,0,0,0,0,0,18,18,13,18,15,15,12,12,12,11,11,11,11,,13,13,TRUE
AK-139BROWN-8XL,1,1,1,1,1,1,1,1,1,1,1,1,1,1,1,1,1,20,20,15,20,17,17,14,14,14,14,14,14,14,,30,30,TRUE
AK-139BROWN-L,11,11,11,11,11,11,11,11,11,11,11,11,11,11,11,11,11,21,21,21,21,21,21,21,21,21,21,21,21,21,,30,30,TRUE
AK-139BROWN-M,14,13,13,12,12,12,12,12,12,12,12,12,12,12,12,12,12,12,12,12,12,12,12,12,12,12,12,12,12,12,,30,30,TRUE
AK-139BROWN-S,20,20,20,20,20,20,20,20,20,20,20,20,20,20,20,20,20,20,20,20,20,20,20,20,20,20,20,20,20,20,,30,30,TRUE
AK-139BROWN-XL,4,4,4,4,4,4,3,3,3,3,3,3,3,2,2,2,2,31,31,31,31,30,30,28,28,28,22,21,26,26,,30,30,TRUE
AK-139BROWN-XXL,0,0,0,0,0,0,0,0,0,0,0,1,1,1,1,1,1,29,29,23,28,23,23,17,17,16,16,16,16,16,,19,19,TRUE
AK-140YELLOW-3XL,0,0,0,0,0,0,0,0,0,0,0,0,0,38,38,30,30,33,34,33,33,30,30,27,27,27,27,27,27,24,,17,17,TRUE
AK-140YELLOW-4XL,1,1,0,1,1,0,0,0,0,0,0,0,0,25,25,21,22,22,22,22,22,20,20,17,17,17,16,16,16,16,,21,21,TRUE
AK-140YELLOW-5XL,0,0,0,0,0,0,0,0,0,0,0,0,1,82,82,72,72,81,79,74,78,75,75,71,71,71,70,70,70,70,,18,18,TRUE
AK-140YELLOW-6XL,0,0,0,0,0,0,0,0,0,0,0,0,0,19,19,15,15,17,17,17,17,15,15,13,13,13,13,13,13,13,,17,17,TRUE
AK-140YELLOW-7XL,6,5,5,5,5,5,5,5,5,4,4,4,4,18,18,14,14,14,13,8,13,11,11,9,9,9,9,9,9,9,,30,30,TRUE
AK-140YELLOW-8XL,4,4,4,4,4,4,4,4,4,4,4,4,7,24,24,14,14,15,14,14,14,12,12,10,11,10,10,10,10,10,,30,30,TRUE
AK-140YELLOW-L,16,16,19,19,19,19,19,19,19,19,19,19,19,19,19,19,19,19,19,19,19,19,19,19,19,19,19,19,19,19,,30,30,TRUE
AK-140YELLOW-M,17,17,20,20,20,20,20,20,20,20,20,20,20,20,20,20,20,20,20,20,20,20,20,20,20,20,20,20,20,20,,30,30,TRUE
AK-140YELLOW-S,19,18,18,18,18,18,18,18,18,18,18,18,18,18,18,18,18,18,19,19,19,19,19,19,19,19,19,19,19,19,,30,30,TRUE
AK-140YELLOW-XL,18,17,17,17,17,17,17,17,17,17,16,16,16,31,31,31,31,31,31,31,31,31,31,32,32,32,32,31,31,31,,30,30,TRUE
AK-140YELLOW-XXL,1,1,1,0,0,0,0,0,0,0,0,0,0,32,32,32,32,36,36,36,36,35,35,35,35,35,35,35,35,33,,20,20,TRUE
AK-141PINK-3XL,2,1,1,3,4,4,3,3,1,0,1,2,2,139,139,133,132,136,135,131,132,131,131,128,128,130,130,130,130,129,,29,29,TRUE
AK-141PINK-4XL,1,3,3,3,3,3,2,2,1,1,1,1,1,83,83,79,79,92,92,92,91,90,90,86,86,88,88,88,88,88,,30,30,TRUE
AK-141PINK-5XL,0,0,0,0,1,0,0,0,0,0,0,0,0,23,23,20,20,118,118,117,116,115,115,114,114,113,113,113,113,113,,18,18,TRUE
AK-141PINK-6XL,2,2,2,2,1,1,1,1,1,1,0,0,1,84,84,80,80,142,142,142,142,140,140,139,138,138,138,138,139,138,,28,28,TRUE
AK-141PINK-7XL,0,0,0,0,0,0,0,0,0,0,0,0,0,49,49,49,49,60,60,60,60,60,60,59,59,59,59,59,58,58,,17,17,TRUE
AK-141PINK-8XL,0,0,0,0,0,0,0,0,0,0,0,0,0,32,32,28,28,82,82,81,80,79,79,78,78,74,74,76,76,76,,17,17,TRUE
AK-141PINK-L,18,18,18,18,18,18,18,18,18,17,17,17,18,18,18,18,18,19,19,19,18,18,18,18,18,18,18,20,20,20,,30,30,TRUE
AK-141PINK-M,17,17,19,25,25,25,25,25,25,23,23,23,23,23,23,23,23,23,23,23,23,23,23,23,23,23,23,24,20,20,,30,30,TRUE
AK-141PINK-S,10,11,11,11,11,11,11,11,11,11,11,11,11,11,11,11,11,11,11,11,11,11,11,11,11,11,11,11,15,15,,30,30,TRUE
AK-141PINK-XL,2,3,3,3,3,3,3,3,3,3,3,3,3,3,3,3,3,3,2,2,2,2,2,2,5,2,2,2,2,2,,30,30,TRUE
AK-141PINK-XS,9,9,9,9,9,9,9,9,9,9,9,9,9,9,9,9,9,18,18,18,18,18,18,18,18,16,16,16,18,18,,30,30,TRUE
AK-141PINK-XXL,3,4,4,4,4,3,3,3,3,3,3,2,1,83,83,83,83,88,88,87,87,87,87,87,86,86,87,86,86,86,,30,30,TRUE
AK-142BLACK-3XL,41,41,46,46,45,42,41,41,39,34,38,38,38,38,38,32,32,32,29,29,29,27,26,22,22,24,13,13,14,10,,30,30,TRUE
AK-142BLACK-4XL,7,8,13,11,11,11,11,10,10,9,8,6,4,5,5,2,2,2,2,2,2,2,2,2,3,2,2,2,2,12,,30,30,TRUE
AK-142BLACK-5XL,8,8,8,9,9,9,9,9,8,8,8,7,5,4,4,2,2,2,2,2,2,2,2,3,3,2,2,2,2,2,,30,30,TRUE
AK-142BLACK-6XL,11,11,16,16,16,15,15,14,14,14,14,14,13,12,12,8,5,4,1,1,1,0,0,0,4,0,0,0,1,0,,23,22,FALSE
AK-142BLACK-7XL,9,9,11,11,11,10,9,9,9,9,7,6,2,4,4,4,3,2,2,2,2,2,2,3,7,3,3,3,2,2,,30,30,TRUE
AK-142BLACK-8XL,11,9,12,12,13,13,13,13,13,13,12,11,11,11,11,10,10,10,7,7,6,4,5,5,4,1,1,3,2,2,,30,30,TRUE
AK-142BLACK-L,21,21,21,20,20,20,20,20,20,20,20,20,20,20,20,20,20,20,19,19,19,19,19,19,19,19,19,19,19,19,,30,30,TRUE
AK-142BLACK-M,12,12,17,17,17,17,17,17,17,17,17,17,17,17,17,17,17,17,17,17,17,17,17,17,17,17,17,16,16,16,,30,30,TRUE
AK-142BLACK-S,20,20,20,20,20,20,20,20,20,20,20,20,20,20,20,20,20,20,20,20,20,20,21,21,21,21,21,21,21,21,,30,30,TRUE
AK-142BLACK-XL,18,18,28,28,28,27,27,27,27,28,28,25,25,25,25,25,25,25,25,25,25,25,25,24,24,24,24,24,24,24,,30,30,TRUE
AK-142BLACK-XXL,39,39,38,37,37,37,36,36,36,39,38,38,38,38,38,38,38,38,38,37,37,37,37,37,37,37,37,37,36,32,,30,30,TRUE
AK-144BLACK-3XL,15,15,15,16,16,16,16,16,16,16,16,16,16,14,14,8,8,8,8,8,8,8,8,8,8,8,8,8,8,8,,30,30,TRUE
AK-144BLACK-4XL,7,7,9,9,9,9,8,8,8,8,8,8,8,8,8,8,8,8,8,8,8,8,8,8,8,7,7,6,6,6,,30,30,TRUE
AK-144BLACK-5XL,5,5,5,5,5,5,5,5,5,5,4,4,5,5,5,5,5,5,3,3,3,2,2,1,1,1,1,1,0,9,,29,27,FALSE
AK-144BLACK-XXL,15,15,15,15,15,15,15,15,15,15,15,15,15,15,15,15,15,15,15,15,15,15,15,15,15,15,15,15,15,15,,30,30,TRUE
AK-145GREEN-F,0,0,0,0,0,0,0,0,0,0,0,0,0,0,0,0,0,0,0,0,0,0,0,0,0,0,0,0,1,1,,2,2,TRUE
AK-146MULTI-F,0,0,0,0,0,0,0,0,0,0,0,0,0,0,0,0,0,0,0,0,0,0,0,0,0,0,0,0,0,0,,0,0,TRUE
AK-147BLACK-3XL,1,1,1,1,1,1,1,1,1,1,1,1,1,1,1,1,1,1,1,1,1,1,1,1,1,1,1,1,1,1,,30,30,TRUE
AK-147BLACK-4XL,0,0,0,0,0,0,0,0,0,0,0,0,0,0,0,0,0,0,0,0,0,0,0,0,1,0,0,0,0,0,,1,0,FALSE
AK-147BLACK-5XL,0,0,0,0,0,0,0,0,0,0,0,0,0,0,0,0,0,0,0,0,0,0,0,0,0,0,0,0,0,2,,1,0,FALSE
AK-147BLACK-S,1,1,1,1,1,1,1,1,1,1,1,1,1,1,1,1,1,1,1,1,1,1,1,0,0,0,0,0,0,0,,23,22,FALSE
AK-147BLACK-XXL,7,7,7,7,7,7,7,7,7,7,3,7,7,7,7,7,7,7,7,7,7,7,7,7,7,7,7,7,7,7,,30,30,TRUE
AK-148BLACK-3XL,2,2,2,2,2,2,2,2,2,2,2,2,2,2,2,2,2,2,2,2,2,2,2,2,2,2,1,1,1,1,,30,30,TRUE
AK-148BLACK-4XL,1,1,1,1,1,1,1,1,1,1,1,1,1,1,1,0,0,0,0,0,0,0,0,0,0,0,0,0,1,1,,17,16,FALSE
AK-148BLACK-5XL,0,0,0,0,0,0,0,0,0,0,0,0,0,0,0,0,0,0,0,0,0,0,0,0,1,0,0,0,0,0,,1,0,FALSE
AK-148BLACK-L,0,0,0,0,0,0,0,0,0,0,0,0,0,0,0,0,0,0,0,0,0,0,0,0,0,0,0,0,0,0,,0,0,TRUE
AK-148BLACK-XXL,10,10,10,10,10,10,10,10,10,10,10,10,10,10,10,10,10,10,10,10,10,10,10,10,10,10,10,10,10,10,,30,30,TRUE
AK-149BLUE-F,11,11,11,11,11,11,11,11,11,11,11,11,11,11,11,11,11,11,11,11,11,11,11,11,10,9,9,9,12,16,,30,30,TRUE
AK-150BLUE-F,29,29,28,23,28,28,28,28,28,28,28,28,28,28,28,28,28,28,28,28,28,28,28,27,27,27,27,27,27,30,,30,30,TRUE
AK-151PINK-L,12,12,12,13,13,13,13,13,13,13,13,13,13,13,13,13,13,13,13,13,13,13,13,13,13,13,13,13,13,13,,30,30,TRUE
AK-151PINK-M,11,11,11,11,11,11,11,12,13,13,13,13,13,14,14,14,14,14,13,13,11,11,13,13,13,13,13,13,13,13,,30,30,TRUE
AK-151PINK-S,20,20,20,20,20,20,20,20,20,20,18,19,19,19,19,19,19,19,19,19,19,19,19,19,19,19,19,19,19,19,,30,30,TRUE
AK-151PINK-XL,11,11,11,11,11,11,11,10,10,10,9,10,10,10,10,5,5,5,5,5,5,5,5,6,6,6,6,6,7,7,,30,30,TRUE
AK-152MAROON-3XL,2,2,2,2,2,2,2,2,2,2,2,2,2,2,2,2,2,2,2,2,2,2,2,2,2,2,2,2,2,2,,30,30,TRUE
AK-152MAROON-4XL,1,1,1,1,1,1,1,1,1,1,1,1,1,1,1,1,1,1,1,1,1,1,1,1,1,1,1,1,1,1,,30,30,TRUE
AK-152MAROON-5XL,2,2,2,1,1,1,1,1,1,1,1,1,1,1,1,1,1,1,1,1,1,1,1,1,4,1,1,1,1,1,,30,30,TRUE
AK-152MAROON-XXL,3,3,3,2,2,2,2,2,2,2,2,2,2,2,2,2,2,2,2,2,2,2,2,3,3,2,4,3,3,3,,30,30,TRUE
AK-153BLUE-L,0,0,0,0,0,0,0,0,0,0,0,1,1,1,1,0,0,0,0,0,0,0,0,0,0,0,0,0,0,0,,4,3,FALSE
AK-153BLUE-M,0,0,0,0,0,0,0,0,0,0,0,0,0,0,0,0,0,0,0,0,0,0,0,0,0,0,0,0,0,1,,1,0,FALSE
AK-153BLUE-S,2,2,2,2,2,2,2,0,0,0,0,0,0,0,0,0,0,0,0,0,0,0,0,0,0,0,0,0,0,2,,8,7,FALSE
AK-153BLUE-XL,3,3,2,1,1,1,1,1,1,1,1,1,1,1,1,1,1,1,1,1,1,1,1,1,1,2,1,1,3,3,,30,30,TRUE
AK-153BLUE-XXL,1,1,1,1,1,1,1,1,1,1,1,1,1,1,1,1,1,1,1,1,1,1,1,2,2,2,3,3,3,3,,30,30,TRUE
AK-154MULTI-L,0,0,0,0,0,0,0,0,0,0,0,0,0,0,0,0,0,0,0,0,0,0,0,0,0,0,0,0,0,0,,0,0,TRUE
AK-154MULTI-M,0,0,0,0,0,0,0,0,0,0,0,1,1,1,1,1,1,1,1,1,1,1,1,1,0,0,0,0,0,0,,13,14,FALSE
AK-154MULTI-S,0,0,0,0,0,0,0,0,0,0,0,0,0,0,0,0,0,0,0,0,0,0,0,0,0,0,0,0,0,0,,0,0,TRUE
AK-154MULTI-XL,0,0,0,0,0,0,0,0,0,0,0,0,0,0,0,0,0,0,0,0,0,0,0,1,1,1,1,1,0,1,,6,5,FALSE
AK-154MULTI-XXL,0,0,0,0,0,0,0,0,0,0,0,0,0,0,0,0,1,1,1,1,1,1,1,1,1,1,1,1,1,1,,14,14,TRUE
AK-155SKYBLUE-3XL,10,10,12,12,12,12,12,12,12,12,12,12,12,12,12,12,12,12,12,12,12,12,12,12,12,12,12,12,12,12,,30,30,TRUE
AK-155SKYBLUE-4XL,2,2,2,3,3,3,3,3,3,3,3,3,3,3,3,3,3,3,3,3,3,3,3,3,3,3,3,3,3,3,,30,30,TRUE
AK-155SKYBLUE-5XL,0,0,0,0,0,0,0,0,0,0,0,0,0,0,0,0,0,0,0,0,0,0,0,0,0,0,0,0,0,0,,0,0,TRUE
AK-155SKYBLUE-XXL,15,15,19,20,20,20,20,20,20,17,17,17,17,17,17,17,17,17,17,17,17,17,17,17,17,17,17,17,17,17,,30,30,TRUE
AK-156MULTI-F,2,2,2,2,2,2,2,2,2,2,2,2,2,2,2,2,2,2,2,2,2,2,2,2,2,2,2,2,2,4,,30,30,TRUE
AK-157GREEN-L,0,0,0,0,0,0,0,0,0,0,0,0,0,0,0,0,0,0,0,0,0,0,0,0,0,0,0,0,0,0,,0,0,TRUE
AK-157GREEN-M,0,0,0,0,0,0,0,0,0,0,0,0,0,0,0,0,0,0,0,0,0,0,0,0,0,0,0,0,0,0,,0,0,TRUE
AK-157GREEN-S,0,0,0,0,0,0,0,0,0,0,0,0,0,0,0,0,0,0,0,0,0,0,0,0,0,0,0,0,0,0,,0,0,TRUE
AK-157GREEN-XL,0,0,0,0,0,0,0,0,0,0,0,0,0,0,0,0,0,0,0,0,0,0,0,0,0,0,0,0,0,0,,0,0,TRUE
AK-158RED-L,0,0,0,0,0,0,0,0,0,0,0,0,0,0,0,0,0,0,0,0,0,0,0,0,0,0,0,0,0,0,,0,0,TRUE
AK-158RED-M,0,0,0,0,0,0,0,0,0,0,0,0,0,0,0,0,0,0,0,0,0,0,0,0,0,0,0,0,0,0,,0,0,TRUE
AK-158RED-S,0,0,0,0,0,0,0,0,0,0,0,0,0,0,0,0,0,0,0,0,0,0,0,0,0,0,0,0,0,0,,0,0,TRUE
AK-158RED-XL,0,0,0,0,0,0,0,0,0,0,0,0,0,0,0,0,0,0,0,0,0,0,0,0,0,0,0,0,0,0,,0,0,TRUE
AK-159BLACK-3XL,13,13,13,13,13,13,13,13,13,13,13,13,13,13,13,13,13,13,13,13,13,13,13,13,13,13,13,13,14,14,,30,30,TRUE
AK-159BLACK-4XL,13,13,13,13,13,13,13,13,13,13,13,13,13,13,13,13,13,13,13,13,13,13,13,13,13,13,13,13,13,13,,30,30,TRUE
AK-159BLACK-5XL,9,9,9,9,9,9,9,9,9,9,6,9,9,9,9,8,8,8,8,8,8,8,8,8,8,8,8,8,8,9,,30,30,TRUE
AK-159BLACK-XXL,10,11,11,11,11,11,11,11,11,11,10,11,11,11,11,11,11,11,10,10,10,10,10,10,10,10,10,10,10,10,,30,30,TRUE
AK-160BLACK-3XL,11,11,11,10,10,10,10,10,9,9,9,8,5,8,8,8,8,8,7,7,7,7,7,7,7,7,7,8,8,8,,30,30,TRUE
AK-160BLACK-4XL,10,9,9,9,9,9,9,8,7,7,6,6,6,6,6,6,6,6,6,6,6,6,6,6,6,6,6,6,6,6,,30,30,TRUE
AK-160BLACK-5XL,5,5,4,4,4,4,4,4,4,4,4,4,4,3,3,3,3,3,2,2,2,2,2,2,2,2,2,2,2,2,,30,30,TRUE
AK-160BLACK-XXL,15,15,15,15,15,15,15,15,15,15,15,15,15,15,15,15,15,15,14,14,14,14,14,14,14,14,14,14,14,14,,30,30,TRUE
AK-161BLACK-3XL,4,4,4,4,4,4,4,4,4,4,4,4,4,4,4,4,4,4,4,4,4,4,4,4,4,4,4,4,4,4,,30,30,TRUE
AK-161BLACK-4XL,11,11,11,11,10,10,10,10,10,10,10,10,10,10,10,9,9,9,8,8,8,8,8,8,8,8,8,8,8,7,,30,30,TRUE
AK-161BLACK-5XL,7,7,7,7,7,7,7,7,7,7,7,7,7,7,7,6,6,6,6,6,6,6,6,6,6,5,5,5,5,5,,30,30,TRUE
AK-161BLACK-XXL,13,13,13,13,13,13,13,13,13,13,10,13,13,13,13,13,13,13,13,13,13,13,13,13,13,13,13,13,13,13,,30,30,TRUE
AK-163-F,0,0,0,0,0,0,0,0,0,0,0,0,0,0,0,0,0,0,0,0,0,0,0,0,0,0,0,0,0,0,,0,0,TRUE
AK-163MULTI-F-S/XXL,37,37,37,37,37,37,37,37,37,37,37,37,37,37,37,37,37,37,37,37,36,36,36,36,36,36,36,36,11,11,,30,30,TRUE
AK-164GREEN-F-3XL/5XL,12,12,11,6,10,10,10,10,10,10,10,9,9,9,9,9,10,10,10,10,9,9,9,11,11,11,11,11,11,12,,30,30,TRUE
AK-164GREEN-F-S/XXL,62,62,62,62,62,61,61,61,61,60,60,59,59,57,57,56,56,56,56,56,56,56,56,56,56,56,56,56,56,56,,30,30,TRUE
AK-177PINK-L,0,0,0,0,0,0,0,0,0,0,0,0,0,0,0,0,0,0,0,0,0,0,0,0,0,0,0,0,0,0,,0,0,TRUE
AK-177PINK-M,0,0,0,0,0,0,0,0,0,0,0,0,0,0,0,0,0,0,0,0,0,0,0,0,0,0,0,0,0,0,,0,0,TRUE
AK-177PINK-S,0,0,0,0,0,0,0,0,0,0,0,0,0,0,0,0,0,0,0,0,0,0,0,0,0,0,0,0,0,0,,0,0,TRUE
AK-177PINK-XL,0,0,0,0,0,0,0,0,0,0,0,0,0,0,0,0,0,0,0,0,0,0,0,0,0,0,0,0,0,0,,0,0,TRUE
AK-178MULTI-3XL,0,0,0,0,0,0,0,0,0,0,0,0,0,0,0,0,0,0,0,0,0,0,0,0,0,0,0,0,0,0,,0,0,TRUE
AK-178MULTI-4XL,0,0,0,0,0,0,0,0,0,0,0,0,0,0,0,0,0,0,0,0,0,0,0,0,0,0,0,0,0,0,,0,0,TRUE
AK-178MULTI-5XL,0,0,0,0,0,0,0,0,0,0,0,0,0,0,0,0,0,0,0,0,0,0,0,0,0,0,0,0,0,0,,0,0,TRUE
AK-178MULTI-XXL,0,0,0,0,0,0,0,0,0,0,0,0,0,0,0,0,0,0,0,0,0,0,0,0,0,0,0,0,0,0,,0,0,TRUE
AK-179BLACK-L,1,1,1,1,1,1,1,1,1,1,1,1,1,1,1,1,1,1,1,1,1,1,1,0,0,0,0,0,0,1,,24,23,FALSE
AK-179BLACK-M,1,1,1,1,1,1,1,1,1,1,1,1,1,1,1,1,1,1,1,2,2,2,2,1,1,1,1,1,1,1,,30,30,TRUE
AK-179BLACK-S,1,1,1,1,1,1,1,1,1,1,1,1,1,1,1,1,1,1,1,1,1,1,1,1,1,1,1,1,1,1,,30,30,TRUE
AK-179BLACK-XL,0,0,0,0,0,0,0,0,0,0,0,0,0,0,0,0,0,0,0,0,0,0,0,0,0,0,0,0,0,0,,0,0,TRUE
AK-179BLACK-XXL,0,0,0,0,0,0,0,0,0,0,0,0,0,0,0,0,0,0,0,0,0,0,0,0,0,0,0,0,0,0,,0,0,TRUE
AK-180BLACK-L,6,6,6,7,7,7,7,7,7,7,7,7,7,7,7,7,7,7,7,7,7,7,7,8,8,8,8,8,8,8,,30,30,TRUE
AK-180BLACK-M,4,4,3,3,3,3,3,3,3,3,3,3,3,3,3,3,3,3,3,3,3,3,3,3,3,4,4,4,5,5,,30,30,TRUE
AK-180BLACK-S,7,7,7,7,7,7,7,7,7,7,7,7,7,7,7,7,7,7,7,7,7,7,7,6,6,6,6,6,7,7,,30,30,TRUE
AK-180BLACK-XL,8,8,8,6,6,5,5,5,5,5,5,5,5,5,5,5,5,5,5,5,5,5,5,5,5,5,5,5,5,5,,30,30,TRUE
AK-181BLUE-L,0,0,0,0,0,0,0,0,0,0,0,0,0,0,0,0,0,0,0,0,0,0,0,0,0,0,0,0,0,0,,0,0,TRUE
AK-181BLUE-M,0,0,0,0,0,0,0,0,0,0,0,0,0,0,0,0,0,0,0,0,0,0,0,0,0,0,0,0,0,0,,0,0,TRUE
AK-181BLUE-S,0,0,0,0,0,0,0,0,0,0,0,0,0,0,0,0,0,0,0,0,0,0,0,0,0,0,0,0,0,0,,0,0,TRUE
AK-181BLUE-XL,0,0,0,0,0,0,0,0,0,0,0,0,0,0,0,0,0,0,0,0,0,0,0,0,0,0,0,0,0,0,,0,0,TRUE
AK-182BROWN-L,1,1,1,2,2,2,2,2,2,2,2,2,2,2,2,2,2,2,2,2,2,2,3,3,3,3,5,5,5,5,,30,30,TRUE
AK-182BROWN-M,1,1,1,1,1,1,1,1,1,1,1,1,1,1,1,1,1,1,1,1,1,1,1,1,1,1,1,1,5,5,,30,30,TRUE
AK-182BROWN-S,2,2,2,2,2,2,2,2,2,2,2,2,2,2,2,2,2,2,2,2,2,2,2,1,1,1,2,2,2,3,,30,30,TRUE
AK-182BROWN-XL,1,2,1,3,3,2,2,2,2,2,2,2,2,2,2,3,3,3,3,2,2,2,2,2,2,2,2,2,2,2,,30,30,TRUE
AK-184MULTI-L,0,0,0,0,0,0,0,0,0,0,0,0,0,0,0,0,0,0,0,0,0,0,0,0,0,0,0,0,0,0,,0,0,TRUE
AK-184MULTI-M,0,0,0,0,0,0,0,0,0,0,0,0,0,0,0,0,0,0,0,0,0,0,0,0,0,0,0,0,0,0,,0,0,TRUE
AK-184MULTI-S,0,0,0,0,0,0,0,0,0,0,0,0,0,0,0,0,0,0,0,0,0,0,0,0,0,0,0,0,0,0,,0,0,TRUE
AK-184MULTI-XL,0,0,0,0,0,0,0,0,0,0,0,0,0,0,0,0,0,0,0,0,0,0,0,0,0,0,0,0,0,0,,0,0,TRUE
AK-185BLUE-L,0,0,0,0,0,0,0,0,0,0,0,0,0,0,0,0,0,0,0,0,0,0,0,0,0,0,0,0,0,0,,0,0,TRUE
AK-185BLUE-M,0,0,0,0,0,0,0,0,0,0,0,0,0,0,0,0,0,0,0,0,0,0,0,0,0,0,0,0,0,0,,0,0,TRUE
AK-185BLUE-S,1,1,1,1,1,1,1,1,1,1,0,0,0,0,0,0,0,0,0,0,0,0,1,1,1,1,1,1,1,2,,18,18,TRUE
AK-185BLUE-XL,0,0,0,0,0,0,0,0,0,0,0,0,0,0,0,0,0,0,0,0,0,0,0,0,0,0,0,0,0,0,,0,0,TRUE
AK-186MULTI-F,74,74,74,74,74,74,74,74,74,74,74,74,74,74,74,74,74,74,74,74,74,74,74,74,74,74,74,74,74,75,,30,30,TRUE
AK-187BLACK-F,70,70,70,70,70,70,70,70,70,70,70,70,70,70,70,70,70,70,70,70,70,70,70,62,62,67,67,67,68,69,,30,30,TRUE
AK-188PINK-3XL,0,0,0,0,0,0,0,0,0,0,0,0,0,0,0,0,0,0,0,0,0,0,0,0,0,0,0,1,2,2,,3,3,TRUE
AK-188PINK-4XL,0,0,0,0,0,0,0,0,0,0,0,0,0,0,0,0,0,0,0,0,0,0,0,0,0,0,0,0,0,0,,0,0,TRUE
AK-188PINK-5XL,0,0,0,0,0,0,0,0,0,0,0,0,0,0,0,0,0,0,0,0,0,0,0,0,0,0,0,0,0,1,,1,0,FALSE
AK-188PINK-XXL,0,0,0,0,0,0,0,0,0,0,0,0,0,0,0,0,0,0,0,0,0,0,0,0,0,0,0,0,0,0,,0,0,TRUE
AK-189BLUE-L,3,3,3,2,1,1,1,1,1,1,1,1,1,1,1,1,1,1,1,1,1,1,1,2,2,1,1,1,1,1,,30,30,TRUE
AK-189BLUE-M,10,10,8,9,8,6,5,4,2,3,2,1,0,0,0,0,0,0,0,0,0,0,0,0,0,0,0,3,3,2,,15,15,TRUE
AK-189BLUE-S,20,20,20,19,19,18,18,18,17,12,15,12,4,9,9,9,9,9,8,8,8,8,8,4,3,3,3,3,3,3,,30,30,TRUE
AK-189BLUE-XL,4,5,5,4,3,1,1,1,1,1,1,1,2,1,1,1,1,1,0,0,0,0,0,0,0,0,0,0,0,12,,19,18,FALSE
AK-190MAROON-L,21,21,21,21,21,21,21,21,21,21,21,21,21,22,22,22,22,22,22,22,22,22,22,22,22,22,22,22,22,22,,30,30,TRUE
AK-190MAROON-M,32,32,37,37,37,37,37,38,38,37,37,37,37,37,37,37,37,37,37,37,37,37,37,37,37,37,37,37,37,37,,30,30,TRUE
AK-190MAROON-S,36,37,37,37,37,37,37,37,36,36,36,36,36,36,36,22,22,22,22,22,22,22,22,22,22,22,22,23,23,23,,30,30,TRUE
AK-190MAROON-XL,34,34,37,37,37,37,37,37,37,37,37,37,37,37,37,37,37,37,37,37,37,37,37,37,37,37,37,37,37,37,,30,30,TRUE
AK-190MAROON-XXL,26,26,26,28,28,28,28,28,25,25,25,25,25,25,25,25,25,25,23,23,23,23,23,23,22,23,23,23,23,23,,30,30,TRUE
AK-190YK5011-L,18,18,18,18,18,18,18,18,18,18,18,18,18,19,19,19,19,19,19,19,19,19,19,19,19,19,19,17,17,17,,30,30,TRUE
AK-190YK5011-M,17,17,17,16,16,16,16,15,15,35,35,35,35,35,35,35,35,35,35,35,35,35,35,35,35,35,35,33,33,33,,30,30,TRUE
AK-190YK5011-S,28,28,28,28,28,28,28,29,29,29,29,29,29,20,20,20,20,20,20,20,20,20,20,20,20,20,20,19,19,19,,30,30,TRUE
AK-190YK5011-XL,31,35,34,34,34,34,34,34,34,34,34,34,34,34,34,34,34,34,34,34,34,34,34,34,34,34,34,32,32,32,,30,30,TRUE
AK-190YK5011-XXL,20,20,20,22,22,22,22,22,19,19,19,19,19,19,19,19,19,19,17,17,17,17,17,17,17,17,17,15,15,15,,30,30,TRUE
AK-191BROWN-3XL,56,60,14,15,15,15,15,15,36,91,96,96,96,165,165,135,135,135,135,135,135,125,125,194,189,193,197,197,202,152,,30,30,TRUE
AK-191BROWN-4XL,79,87,54,57,58,58,58,58,100,111,111,111,111,118,118,88,88,88,88,88,88,78,78,84,83,84,85,85,90,50,,30,30,TRUE
AK-191BROWN-5XL,31,34,9,10,10,10,10,10,34,133,135,135,135,156,156,107,108,108,108,108,108,98,98,179,179,179,194,194,198,158,,30,30,TRUE
AK-191BROWN-6XL,0,1,1,1,3,3,3,3,3,3,3,3,3,3,3,3,3,3,3,2,2,2,2,38,38,37,39,53,53,23,,29,29,TRUE
AK-191BROWN-7XL,12,12,12,12,12,12,12,12,12,12,12,12,12,12,12,12,12,12,12,12,12,10,10,39,39,39,42,42,43,28,,30,30,TRUE
AK-191BROWN-8XL,6,6,6,6,6,5,5,5,5,5,5,5,5,5,5,6,6,6,6,6,6,5,5,56,56,56,57,58,60,30,,30,30,TRUE
AK-191BROWN-L,66,67,20,20,21,20,20,20,43,50,50,50,50,55,55,54,54,54,52,51,46,46,46,82,81,81,85,86,87,57,,30,30,TRUE
AK-191BROWN-M,42,43,23,23,23,23,23,23,67,85,85,85,85,86,86,71,70,71,71,71,70,60,60,81,80,80,80,80,85,65,,30,30,TRUE
AK-191BROWN-S,36,38,28,28,28,28,28,28,28,28,28,28,28,28,28,28,28,28,28,28,28,28,28,65,65,65,67,67,67,47,,30,30,TRUE
AK-191BROWN-XL,35,41,15,18,18,16,16,16,57,157,157,157,158,162,162,124,124,124,124,124,124,109,109,217,217,217,229,232,238,208,,30,30,TRUE
AK-191BROWN-XXL,34,40,14,15,15,15,15,15,71,165,165,165,160,203,203,104,104,104,104,104,104,94,94,265,261,264,273,273,278,248,,30,30,TRUE
AK-192BLUE-F,89,89,89,89,89,89,88,88,88,88,88,88,87,87,87,87,87,87,87,87,87,87,87,87,87,87,87,87,87,90,,30,30,TRUE
AK-193GREENLEHRIYA-3XL,11,11,13,13,13,13,13,13,13,13,13,13,13,13,13,13,13,13,12,12,12,7,11,11,11,11,11,11,11,11,,30,30,TRUE
AK-193GREENLEHRIYA-4XL,14,14,14,14,14,14,14,14,14,14,14,14,14,14,14,14,14,14,14,14,14,14,14,14,14,14,14,14,14,14,,30,30,TRUE
AK-193GREENLEHRIYA-5XL,7,7,11,12,12,12,12,12,12,12,12,12,12,12,12,12,12,12,12,12,12,12,13,13,13,13,13,13,13,13,,30,30,TRUE
AK-194YELLOW-3XL,0,0,0,0,0,0,0,0,0,0,0,0,0,0,0,0,0,0,0,0,0,0,0,0,0,0,0,0,0,0,,0,0,TRUE
AK-194YELLOW-4XL,0,0,0,0,0,0,0,0,0,0,0,0,0,0,0,0,0,0,0,0,0,0,0,0,0,0,0,0,0,0,,0,0,TRUE
AK-194YELLOW-5XL,0,0,0,0,0,0,0,0,0,0,0,0,0,0,0,0,0,0,0,0,0,0,0,0,0,0,0,0,0,0,,0,0,TRUE
AK-194YELLOW-XXL,0,0,0,0,0,0,0,0,0,0,0,0,0,0,0,0,0,0,0,0,0,0,0,0,0,0,0,0,0,0,,0,0,TRUE
AK-195WINE-3XL,0,0,0,0,0,0,0,0,0,0,0,0,0,0,0,0,0,0,0,0,0,0,0,0,0,0,0,0,0,0,,0,0,TRUE
AK-195WINE-4XL,0,0,0,0,0,0,0,0,0,0,0,0,0,1,1,1,1,1,1,1,1,0,0,0,0,0,0,0,0,0,,8,8,TRUE
AK-195WINE-5XL,1,1,1,1,2,1,1,1,1,1,1,1,1,1,1,0,0,0,0,0,0,0,0,0,0,0,0,0,0,1,,16,14,FALSE
AK-195WINE-XXL,5,5,5,5,5,5,5,5,5,5,5,5,5,5,5,5,5,5,5,5,5,5,5,5,5,5,5,5,5,5,,30,30,TRUE
AK-196GREEN-3XL,35,35,35,35,35,35,35,35,35,35,35,35,35,35,35,35,35,35,35,35,35,35,35,35,35,35,35,35,35,35,,30,30,TRUE
AK-196GREEN-4XL,16,16,16,16,16,16,16,16,16,16,16,16,16,16,16,16,16,16,16,16,16,16,16,15,15,15,15,15,15,15,,30,30,TRUE
AK-196GREEN-5XL,12,12,12,12,12,12,12,12,12,12,12,12,12,12,12,12,12,12,12,12,12,12,12,12,12,11,11,11,11,11,,30,30,TRUE
AK-196GREEN-XXL,25,25,25,25,25,25,25,25,25,25,25,25,25,25,25,25,25,25,25,25,25,24,24,24,24,24,24,24,24,24,,30,30,TRUE
AK-200SKDMULTI-3XL,63,63,63,63,63,63,63,63,63,63,58,63,63,63,63,63,63,63,63,63,63,63,63,63,63,63,63,63,63,63,,30,30,TRUE
AK-200SKDMULTI-4XL,59,59,59,59,59,59,59,59,59,59,59,59,59,59,59,59,59,59,59,59,59,59,59,59,59,59,59,59,59,59,,30,30,TRUE
AK-200SKDMULTI-5XL,61,61,61,61,61,61,61,61,61,61,61,61,61,61,61,60,60,60,60,60,60,60,60,60,60,60,58,58,58,58,,30,30,TRUE
AK-200SKDMULTI-XXL,50,50,50,50,50,50,50,50,50,50,50,50,50,50,50,50,50,50,48,48,48,48,48,48,48,48,48,48,48,48,,30,30,TRUE
AK-201ORANGE-3XL,3,3,3,4,5,4,4,4,4,4,4,4,5,5,5,3,3,3,3,3,3,3,3,3,3,3,3,3,4,4,,30,30,TRUE
AK-201ORANGE-4XL,1,1,1,1,1,1,1,1,1,1,1,1,1,1,1,1,1,1,1,1,1,1,1,1,3,1,1,1,1,1,,30,30,TRUE
AK-201ORANGE-5XL,2,2,2,2,2,2,2,1,1,1,1,1,1,1,1,1,1,1,1,1,1,1,1,1,1,1,1,1,1,1,,30,30,TRUE
AK-201ORANGE-XXL,6,6,6,6,6,6,6,6,6,6,6,6,7,7,7,7,7,7,6,6,6,6,6,6,6,6,6,6,6,6,,30,30,TRUE
AK-202BLUE-3XL,16,16,22,23,23,23,23,23,23,23,23,23,23,23,23,23,23,23,23,23,23,23,23,23,23,23,23,23,23,23,,30,30,TRUE
AK-202BLUE-4XL,20,20,20,20,20,20,20,20,20,20,20,20,20,20,20,20,20,20,20,20,20,20,20,20,20,20,20,20,20,20,,30,30,TRUE
AK-202BLUE-5XL,17,17,17,17,17,17,17,17,17,17,17,17,17,17,17,17,17,17,17,17,17,17,17,17,17,17,17,17,17,18,,30,30,TRUE
AK-203BLUE-3XL,2,2,2,3,2,2,2,1,1,1,0,0,0,0,0,50,50,50,50,48,48,48,48,47,47,43,44,46,46,46,,25,25,TRUE
AK-203BLUE-4XL,4,5,5,4,4,4,3,2,2,2,2,0,0,0,0,51,51,51,50,50,50,50,50,50,50,50,56,56,57,55,,26,26,TRUE
AK-203BLUE-5XL,0,0,0,1,1,1,1,1,1,0,0,0,0,0,0,51,51,51,51,49,49,49,49,49,49,50,54,54,54,51,,21,21,TRUE
AK-203BLUE-XL,0,0,0,1,0,0,0,0,0,0,0,1,2,2,2,1,1,1,0,0,0,0,0,28,27,27,58,58,58,58,,15,13,FALSE
AK-203BLUE-XXL,4,4,4,4,4,4,3,3,3,3,3,3,4,4,4,4,4,4,4,4,4,4,4,30,30,30,62,62,62,62,,30,30,TRUE
AK-204SKDPINK-3XL,44,44,44,45,45,45,45,45,45,45,42,45,45,45,45,45,45,45,45,45,45,45,45,45,45,45,45,45,45,45,,30,30,TRUE
AK-204SKDPINK-4XL,45,45,45,46,46,46,46,46,46,46,43,46,46,46,46,46,46,46,46,46,46,46,46,46,46,46,46,46,46,47,,30,30,TRUE
AK-204SKDPINK-5XL,43,44,44,51,51,51,51,51,51,51,51,50,50,50,50,50,50,50,50,50,50,50,49,49,49,47,47,47,47,47,,30,30,TRUE
AK-204SKDPINK-XL,44,44,44,44,44,44,44,44,44,44,44,44,44,44,44,44,44,44,43,43,43,43,43,43,43,43,43,43,43,44,,30,30,TRUE
AK-204SKDPINK-XXL,41,41,45,44,44,44,44,44,44,43,43,43,43,43,43,43,43,43,43,43,43,43,43,43,43,43,43,43,43,43,,30,30,TRUE
AK-204YK5007DPT29-3XL,2,3,3,4,4,4,4,4,45,45,45,45,45,45,45,45,45,45,30,30,20,20,21,21,21,1,6,7,7,7,,30,30,TRUE
AK-204YK5007DPT29-4XL,28,28,26,26,26,21,21,26,34,46,46,46,46,46,46,46,46,46,34,34,24,25,26,26,26,16,16,16,16,16,,30,30,TRUE
AK-204YK5007DPT29-5XL,25,27,27,26,26,26,24,23,51,51,50,50,50,40,40,40,40,40,30,25,15,14,15,15,15,13,12,12,11,10,,30,30,TRUE
AK-204YK5007DPT29-XL,14,14,12,12,12,12,12,12,36,44,44,44,44,44,44,44,44,44,43,43,43,43,43,43,43,33,38,38,38,38,,30,30,TRUE
AK-204YK5007DPT29-XXL,41,45,44,44,44,44,44,44,44,43,43,43,43,43,43,43,43,43,43,43,43,43,43,43,43,43,43,43,43,43,,30,30,TRUE
AK-205SKDGREEN-3XL,39,39,39,39,39,39,39,39,39,39,39,39,39,39,39,39,39,39,39,39,39,39,39,39,39,39,39,39,39,39,,30,30,TRUE
AK-205SKDGREEN-4XL,46,46,46,46,46,46,46,46,46,46,43,46,46,46,46,46,46,46,46,46,46,46,46,46,46,46,46,46,46,46,,30,30,TRUE
AK-205SKDGREEN-5XL,26,26,26,27,27,27,25,25,25,25,25,25,25,25,25,25,25,25,25,25,25,25,25,25,25,25,25,25,25,26,,30,30,TRUE
AK-205SKDGREEN-XL,46,46,46,46,46,46,46,46,46,46,46,46,46,46,46,46,46,46,46,46,46,46,46,46,46,46,46,46,46,46,,30,30,TRUE
AK-205SKDGREEN-XXL,44,44,44,44,44,44,44,44,44,44,44,44,44,44,44,44,44,44,44,44,44,44,44,45,45,45,46,46,46,46,,30,30,TRUE
AK-205YK5007-3XL,2,3,3,4,4,4,4,4,39,39,39,39,39,39,39,39,39,39,30,30,20,20,21,21,21,1,6,7,7,7,,30,30,TRUE
AK-205YK5007-4XL,28,28,26,26,26,21,21,26,34,46,46,46,46,46,46,46,46,46,34,34,24,25,26,26,26,16,16,16,16,16,,30,30,TRUE
AK-205YK5007-5XL,25,26,26,26,26,26,24,23,25,25,25,25,25,25,25,25,25,25,25,25,15,14,15,15,15,13,12,12,11,10,,30,30,TRUE
AK-205YK5007-XL,14,14,12,12,12,12,12,12,36,46,46,46,46,46,46,46,46,46,46,46,46,46,46,46,46,33,38,38,38,38,,30,30,TRUE
AK-205YK5007-XXL,44,44,44,44,44,44,44,44,44,44,44,44,44,44,44,44,44,44,44,44,44,44,44,45,45,45,46,46,46,46,,30,30,TRUE
AK-206WHITE-L,44,44,44,44,44,44,44,44,44,44,44,44,44,44,44,44,44,44,44,44,44,44,44,45,45,45,45,45,45,45,,30,30,TRUE
AK-206WHITE-M,36,36,37,37,37,37,37,37,37,37,37,37,37,37,37,37,37,37,37,37,37,37,37,37,37,37,37,37,37,37,,30,30,TRUE
AK-206WHITE-S,42,42,45,45,45,45,45,45,45,45,44,43,43,43,43,43,43,43,43,43,43,43,43,43,43,43,43,43,43,43,,30,30,TRUE
AK-206WHITE-XL,40,40,43,43,43,43,43,43,43,43,43,43,42,42,42,42,42,42,42,42,42,42,42,41,41,41,41,41,41,41,,30,30,TRUE
AK-208MUSTARD-3XL,36,36,36,37,37,37,37,37,37,37,37,37,37,37,37,37,37,37,37,37,37,37,37,37,37,37,37,37,37,37,,30,30,TRUE
AK-208MUSTARD-4XL,38,38,43,43,43,43,43,43,43,43,43,43,43,43,43,43,43,43,43,43,43,43,43,43,43,43,43,43,43,43,,30,30,TRUE
AK-208MUSTARD-5XL,36,36,37,44,44,44,44,44,44,44,44,44,45,45,45,45,45,45,45,45,45,45,45,45,45,45,45,45,45,45,,30,30,TRUE
AK-208MUSTARD-XL,30,31,31,31,31,31,31,31,31,31,31,31,32,32,32,32,32,32,32,32,32,32,33,33,33,33,33,33,33,33,,30,30,TRUE
AK-208MUSTARD-XXL,34,34,37,37,37,37,37,37,37,37,37,37,37,37,37,37,37,37,37,37,37,37,37,37,37,37,37,37,37,37,,30,30,TRUE
AK-209NAVY-3XL,2,2,2,2,2,2,2,2,2,2,2,2,2,2,2,0,0,0,0,0,0,0,0,0,1,1,0,0,0,0,,17,14,FALSE
AK-209NAVY-4XL,2,2,2,2,2,2,2,2,2,2,2,2,2,3,3,1,1,1,1,1,1,1,1,1,1,0,0,0,0,0,,25,25,TRUE
AK-209NAVY-5XL,1,1,1,1,1,1,1,1,1,1,1,1,1,1,1,1,1,1,1,1,1,0,1,1,1,1,1,1,1,1,,29,29,TRUE
AK-209NAVY-XL,2,2,2,2,2,2,2,2,2,2,2,2,2,2,2,1,1,1,1,1,1,1,1,1,1,1,1,1,1,1,,30,29,FALSE
AK-209NAVY-XXL,2,2,2,2,2,2,2,2,2,2,1,1,1,1,1,1,1,1,1,1,1,1,1,1,4,1,1,1,1,1,,30,30,TRUE
AK-210SKDORANGE-3XL,42,42,42,44,44,44,44,44,44,44,44,44,44,44,44,44,44,44,43,43,43,43,43,43,43,43,43,43,43,43,,30,30,TRUE
AK-210SKDORANGE-4XL,63,63,63,63,63,62,62,62,62,62,62,62,62,62,62,62,62,62,62,62,62,62,62,62,62,62,62,62,62,62,,30,30,TRUE
AK-210SKDORANGE-5XL,58,58,63,63,63,63,63,63,63,63,63,63,63,63,63,63,63,63,63,63,62,62,62,62,62,62,62,62,62,62,,30,30,TRUE
AK-210SKDORANGE-6XL,44,44,44,45,45,45,45,45,45,45,45,45,45,45,45,45,45,45,45,45,45,45,45,45,45,44,44,44,44,44,,30,30,TRUE
AK-210SKDORANGE-7XL,35,35,35,35,35,35,35,35,35,35,35,35,35,35,35,35,35,35,35,35,35,35,35,35,35,35,35,35,35,35,,30,30,TRUE
AK-210SKDORANGE-8XL,36,36,36,36,36,36,36,36,36,36,36,36,36,36,36,36,36,36,36,36,36,36,36,37,37,37,37,37,37,37,,30,30,TRUE
AK-210SKDORANGE-XL,42,42,42,42,42,40,40,40,40,40,40,40,41,41,41,41,41,41,41,41,41,41,41,40,40,40,40,40,41,41,,30,30,TRUE
AK-210SKDORANGE-XXL,46,45,44,44,44,44,44,44,44,44,44,46,46,46,46,46,46,46,46,46,45,45,45,46,46,46,46,48,48,48,,30,30,TRUE
AK-211ORANGE-L,12,12,12,12,12,12,12,12,12,12,12,12,12,12,12,12,12,12,12,12,12,12,12,12,12,11,11,11,11,11,,30,30,TRUE
AK-211ORANGE-M,11,11,11,11,11,11,11,11,11,11,11,11,11,11,11,11,11,11,10,10,10,10,10,10,10,10,10,10,10,10,,30,30,TRUE
AK-211ORANGE-S,8,8,8,8,8,8,8,8,8,8,7,7,7,7,7,7,7,7,7,7,7,7,7,7,7,8,8,8,8,8,,30,30,TRUE
AK-211ORANGE-XL,7,7,7,7,7,7,7,7,7,7,7,7,7,7,7,7,7,7,7,7,7,6,6,6,6,6,6,5,5,3,,30,30,TRUE
AK-211ORANGE-XXL,3,3,3,3,3,3,3,3,3,3,3,4,4,4,4,4,4,4,4,4,4,4,6,6,6,5,5,5,5,5,,30,30,TRUE
AK-212NAVYBLUE-3XL,0,0,0,0,0,0,0,0,0,0,0,0,0,0,0,0,0,0,0,0,0,0,0,0,0,0,0,0,0,0,,0,0,TRUE
AK-212NAVYBLUE-4XL,0,0,0,0,0,0,0,0,0,0,0,0,0,0,0,0,0,0,0,0,0,0,0,0,0,0,0,0,0,0,,0,0,TRUE
AK-212NAVYBLUE-5XL,0,0,0,1,0,0,0,0,0,0,0,0,0,0,0,0,0,0,0,0,0,0,0,0,0,0,0,0,0,0,,1,1,TRUE
AK-212NAVYBLUE-L,1,1,1,1,2,2,1,1,1,0,0,0,0,0,0,3,3,3,3,3,3,3,3,2,2,1,1,2,3,1,,24,24,TRUE
AK-212NAVYBLUE-M,2,2,2,3,3,3,3,3,3,3,3,2,1,2,2,2,2,2,2,2,2,2,2,2,2,2,2,2,2,2,,30,30,TRUE
AK-212NAVYBLUE-S,9,10,14,14,14,14,14,17,17,17,17,17,17,17,17,17,17,17,17,17,15,15,16,16,16,16,16,16,18,18,,30,30,TRUE
AK-212NAVYBLUE-XL,0,1,1,1,1,1,0,1,0,0,0,0,0,0,0,0,0,0,0,0,0,0,0,0,0,0,0,0,0,0,,6,6,TRUE
AK-212NAVYBLUE-XS,1,1,4,1,3,3,3,3,3,3,3,3,3,3,3,3,3,3,3,3,3,3,3,3,3,3,3,3,3,3,,30,30,TRUE
AK-212NAVYBLUE-XXL,0,1,0,0,0,0,0,0,0,0,0,0,1,1,1,0,1,0,0,0,0,0,0,1,1,1,1,1,0,1,,11,7,FALSE
AK-213BROWN-3XL,1,0,0,0,0,0,0,0,4,4,3,4,4,4,4,1,1,1,1,0,0,0,0,0,0,0,0,3,1,0,,14,13,FALSE
AK-213BROWN-4XL,0,0,0,0,1,0,0,0,13,13,11,10,11,10,10,7,6,6,2,2,1,0,0,0,0,0,0,0,0,0,,14,13,FALSE
AK-213BROWN-5XL,0,0,0,0,1,0,0,0,18,18,17,15,15,14,14,2,2,2,0,0,0,0,0,0,1,0,0,0,0,0,,12,8,FALSE
AK-213BROWN-L,2,2,3,2,3,2,2,2,3,3,3,3,3,3,3,3,3,3,1,1,1,1,1,1,2,1,1,1,1,1,,30,30,TRUE
AK-213BROWN-M,2,1,1,1,1,1,1,2,4,3,3,3,3,3,3,3,3,3,3,2,2,1,1,0,0,0,0,0,0,0,,23,23,TRUE
AK-213BROWN-S,2,2,2,2,2,2,2,2,2,2,2,2,2,2,2,2,2,2,2,2,2,2,2,2,2,1,1,1,1,1,,30,30,TRUE
AK-213BROWN-XL,0,0,0,0,0,0,0,0,6,6,6,6,6,6,6,3,3,3,2,1,1,1,1,1,1,1,1,1,1,1,,22,21,FALSE
AK-213BROWN-XXL,0,1,0,0,0,0,0,1,14,13,13,13,15,15,15,12,12,12,12,12,11,9,9,2,2,4,4,5,3,2,,24,24,TRUE
AK-214GREY-3XL,18,18,18,18,18,18,18,18,18,18,18,18,18,18,18,18,18,18,18,18,18,18,18,18,18,18,18,18,18,18,,30,30,TRUE
AK-214GREY-4XL,14,14,18,18,18,18,18,18,18,18,18,18,17,16,16,16,16,16,16,16,16,16,16,16,16,16,16,16,16,16,,30,30,TRUE
AK-214GREY-5XL,5,6,6,6,6,6,6,6,5,5,5,5,5,5,5,5,5,5,5,5,5,4,5,5,5,5,5,5,5,5,,30,30,TRUE
AK-214GREY-XXL,42,42,42,42,42,42,42,42,42,42,42,42,42,42,42,42,42,42,42,42,42,42,42,42,42,42,42,42,42,42,,30,30,TRUE
AK-215BOTTELGREEN-3XL,14,17,17,18,18,18,18,18,18,17,17,17,17,17,17,17,17,17,17,17,17,17,17,18,18,18,17,17,16,17,,30,30,TRUE
AK-215BOTTELGREEN-4XL,6,6,6,8,8,7,5,5,6,6,5,5,5,6,6,6,6,6,6,5,4,2,4,2,2,2,2,2,3,2,,30,30,TRUE
AK-215BOTTELGREEN-5XL,1,1,0,0,0,0,0,0,0,0,0,0,0,0,0,0,0,0,1,1,1,0,0,0,0,0,0,0,0,0,,5,6,FALSE
AK-215BOTTELGREEN-XXL,83,83,83,83,83,83,83,83,83,83,83,83,83,83,83,83,83,83,83,83,83,83,83,83,83,83,83,83,83,83,,30,30,TRUE
AK-215BOTTLEGREEN-3XL,14,17,17,18,18,18,18,18,18,17,17,17,17,17,17,17,17,17,17,17,17,17,17,18,18,18,17,16,0,14,,29,#N/A,#N/A
AK-215BOTTLEGREEN-4XL,6,6,6,8,8,7,5,5,6,6,5,5,5,6,6,6,6,6,6,5,4,2,4,2,5,2,2,2,0,3,,29,#N/A,#N/A
AK-215BOTTLEGREEN-5XL,1,1,0,0,0,0,0,0,0,0,0,0,0,0,0,0,0,0,1,1,1,0,0,0,0,0,0,2,0,2,,7,#N/A,#N/A
AK-215BOTTLEGREEN-XXL,83,83,83,83,83,83,83,83,83,83,83,83,83,83,83,83,83,83,83,83,83,83,83,83,83,83,83,83,0,83,,29,#N/A,#N/A
AK-216BLUE-3XL,44,44,44,45,44,44,44,43,42,41,40,40,39,39,39,39,39,39,39,38,38,38,38,39,39,40,40,39,39,39,,30,30,TRUE
AK-216BLUE-4XL,17,17,17,18,18,18,17,15,14,13,11,11,8,8,8,8,8,8,6,4,4,3,2,3,14,3,3,3,3,2,,30,30,TRUE
AK-216BLUE-5XL,2,2,2,2,2,2,2,2,2,2,0,0,1,1,1,1,0,0,0,0,0,0,0,0,6,0,0,0,0,0,,15,14,FALSE
AK-216BLUE-XXL,30,30,29,25,30,30,29,28,26,26,26,26,26,26,26,26,26,26,26,26,26,26,27,28,27,27,27,28,28,28,,30,30,TRUE
AK-217WHITE-3XL,1,1,1,2,0,0,0,1,1,1,1,1,1,1,1,0,0,0,0,0,0,0,0,0,3,0,0,10,12,12,,16,15,FALSE
AK-217WHITE-4XL,0,0,0,1,1,1,1,1,1,0,0,0,1,1,1,1,1,1,1,1,0,0,0,0,3,0,0,0,0,0,,15,14,FALSE
AK-217WHITE-5XL,0,0,0,0,0,0,0,0,0,0,0,0,0,0,0,0,0,0,0,0,0,0,0,0,0,0,0,0,0,0,,0,0,TRUE
AK-217WHITE-XXL,17,17,17,17,17,17,17,17,17,17,17,17,17,17,17,16,16,16,16,16,16,16,16,6,6,6,8,8,8,8,,30,30,TRUE
AK-218BLUE-3XL,15,13,13,13,13,13,13,13,13,13,13,13,14,14,14,14,14,14,14,14,14,14,14,14,14,14,14,14,14,14,,30,30,TRUE
AK-218BLUE-4XL,7,7,9,9,9,9,9,9,9,10,8,8,8,8,8,7,7,7,7,7,7,7,7,7,7,7,7,7,7,7,,30,30,TRUE
AK-218BLUE-5XL,13,13,15,15,15,15,15,15,15,15,15,15,15,15,15,15,15,15,15,15,15,15,15,15,15,15,15,15,15,15,,30,30,TRUE
AK-218BLUE-XXL,13,13,13,13,13,13,13,13,12,12,12,12,12,12,12,12,13,13,13,13,13,13,13,13,13,13,13,13,13,13,,30,30,TRUE
AK-219BLUE-3XL,5,5,5,5,5,5,5,5,5,5,4,4,4,4,4,3,3,3,2,2,2,2,2,2,1,1,1,1,1,1,,30,30,TRUE
AK-219BLUE-4XL,1,3,3,3,2,2,1,1,1,1,1,1,2,2,2,2,2,2,1,1,1,1,1,1,1,1,1,1,1,2,,30,30,TRUE
AK-219BLUE-5XL,4,4,4,3,3,1,1,1,1,1,1,1,1,1,1,0,0,0,0,0,0,0,0,0,2,0,0,0,1,3,,18,16,FALSE
AK-219BLUE-XL,7,7,7,7,7,7,7,7,7,7,7,7,10,10,10,10,10,10,9,9,9,9,9,9,9,9,9,9,9,11,,30,30,TRUE
AK-219BLUE-XXL,0,0,0,0,0,0,0,0,0,0,0,0,0,0,0,0,0,0,0,0,0,0,0,0,2,0,0,0,0,0,,1,0,FALSE
AK-220GREEN-3XL,20,20,20,20,20,19,19,19,19,19,19,19,19,19,19,19,19,19,19,19,19,19,19,20,20,19,19,20,20,20,,30,30,TRUE
AK-220GREEN-4XL,8,8,10,10,10,10,10,10,10,10,10,10,10,10,10,10,10,10,10,10,10,10,10,10,10,10,10,10,10,10,,30,30,TRUE
AK-220GREEN-5XL,22,22,24,24,24,24,24,24,24,24,24,24,24,24,24,24,24,24,24,24,24,23,23,23,23,22,22,22,23,23,,30,30,TRUE
AK-220GREEN-XL,20,20,25,25,25,25,25,25,25,24,24,24,24,24,24,24,24,24,24,24,24,24,24,24,24,24,24,26,26,26,,30,30,TRUE
AK-220GREEN-XXL,25,25,25,25,25,25,25,25,25,25,25,25,25,25,25,25,25,25,25,25,25,25,25,25,25,25,25,27,27,27,,30,30,TRUE
AK-221PURPLE-3XL,36,36,35,35,34,33,32,32,32,31,31,31,31,31,31,31,31,32,32,32,31,31,31,31,31,31,31,32,33,33,,30,30,TRUE
AK-221PURPLE-4XL,24,24,19,19,19,19,17,17,16,16,14,14,14,14,14,14,14,14,12,12,11,11,11,13,13,13,8,8,10,11,,30,30,TRUE
AK-221PURPLE-5XL,5,5,5,4,3,3,3,3,3,2,2,2,4,4,4,3,3,3,1,1,1,1,1,1,2,2,2,2,3,3,,30,30,TRUE
AK-221PURPLE-6XL,5,5,5,5,5,5,5,5,5,5,5,5,5,5,5,5,5,5,5,5,5,5,5,5,5,5,5,5,5,5,,30,30,TRUE
AK-221PURPLE-L,54,54,54,55,55,55,55,55,56,56,55,55,55,55,55,55,55,55,55,55,55,55,55,55,55,55,55,55,55,55,,30,30,TRUE
AK-221PURPLE-M,60,60,62,62,62,62,62,62,62,62,62,62,62,62,62,62,62,62,62,62,60,60,60,60,60,60,60,62,62,62,,30,30,TRUE
AK-221PURPLE-S,30,30,34,33,33,33,33,33,33,33,33,33,33,33,33,34,34,34,34,34,34,34,34,34,34,34,34,34,34,34,,30,30,TRUE
AK-221PURPLE-XL,49,49,54,55,54,54,54,54,54,54,54,54,55,55,55,55,55,55,55,55,54,54,54,54,54,54,54,54,54,54,,30,30,TRUE
AK-221PURPLE-XS,14,14,14,14,14,14,14,14,14,14,14,14,14,14,14,14,14,14,14,14,14,14,14,14,14,14,14,14,14,14,,30,30,TRUE
AK-221PURPLE-XXL,47,48,48,48,48,48,48,48,48,48,48,48,48,48,48,48,48,48,48,48,47,47,47,47,47,47,47,48,48,48,,30,30,TRUE
AK-224GREEN-3XL,4,4,4,4,4,4,4,4,2,2,2,2,2,2,2,2,2,2,2,2,2,2,2,2,2,2,2,2,2,2,,30,30,TRUE
AK-224GREEN-4XL,3,4,4,4,3,3,3,3,3,3,3,2,2,2,2,2,2,2,1,1,1,1,1,1,1,1,1,1,2,2,,30,30,TRUE
AK-224GREEN-5XL,2,2,2,2,2,2,2,2,2,2,1,1,1,1,1,1,1,1,1,1,1,1,1,1,1,1,1,1,1,1,,30,30,TRUE
AK-224GREEN-6XL,3,3,3,3,4,4,4,4,4,4,4,4,4,4,4,4,4,4,3,3,3,3,3,3,3,3,3,3,3,3,,30,30,TRUE
AK-224GREEN-7XL,5,5,5,5,5,5,5,5,5,5,5,5,5,5,5,4,4,4,5,5,5,5,5,5,9,5,5,5,5,5,,30,30,TRUE
AK-224GREEN-8XL,5,5,8,8,9,9,9,9,9,9,9,9,9,9,9,9,9,9,9,9,9,9,9,9,9,9,8,8,8,8,,30,30,TRUE
AK-224GREEN-XL,17,17,17,18,18,18,18,18,18,17,17,17,17,17,17,16,16,16,16,16,16,16,16,10,10,10,12,12,12,12,,30,30,TRUE
AK-224GREEN-XXL,2,2,2,3,3,3,3,3,0,0,0,0,0,0,0,0,0,0,0,0,0,0,0,0,5,0,0,6,6,6,,12,11,FALSE
AK-225PINK-3XL,18,18,18,19,19,19,19,18,18,18,18,18,18,18,18,18,18,18,18,18,18,17,17,16,16,16,16,17,17,17,,30,30,TRUE
AK-225PINK-4XL,20,20,20,21,22,22,22,22,22,22,22,22,22,22,22,22,22,22,22,22,22,22,22,21,21,21,21,21,21,21,,30,30,TRUE
AK-225PINK-5XL,6,6,6,6,7,7,7,7,7,7,7,7,7,7,7,8,8,8,8,8,7,7,7,8,8,8,8,8,8,9,,30,30,TRUE
AK-225PINK-XL,12,12,22,22,22,22,22,22,23,23,23,23,25,25,25,25,25,25,25,25,25,25,25,27,27,28,28,30,30,30,,30,30,TRUE
AK-225PINK-XXL,29,29,29,33,34,34,34,34,34,34,34,34,34,34,34,34,34,34,34,34,34,34,34,34,34,34,34,36,32,32,,30,30,TRUE
AK-226INDIGO-3XL,28,27,25,30,30,30,30,28,28,25,25,25,25,25,25,25,25,25,24,24,24,24,24,25,25,25,25,24,26,26,,30,30,TRUE
AK-226INDIGO-4XL,28,29,30,31,31,31,31,31,31,31,31,31,31,30,30,30,30,30,29,29,29,29,29,19,17,19,18,18,18,17,,30,30,TRUE
AK-226INDIGO-5XL,3,2,2,2,1,1,1,1,1,0,0,0,1,1,1,0,0,0,0,0,0,0,0,0,1,0,0,9,10,6,,16,15,FALSE
AK-226INDIGO-XL,38,38,38,37,37,37,37,37,37,32,32,32,32,32,32,32,32,32,32,32,32,32,32,32,32,31,31,34,34,34,,30,30,TRUE
AK-226INDIGO-XXL,35,36,36,37,37,37,37,37,37,37,37,37,38,38,38,39,39,39,39,39,38,38,38,37,36,36,36,38,38,36,,30,30,TRUE
AK-228BLACK-3XL,34,33,31,33,33,27,18,17,15,3,11,11,12,31,31,72,73,71,19,17,8,12,11,10,48,8,8,9,6,6,,30,30,TRUE
AK-228BLACK-4XL,17,14,8,2,5,4,1,0,0,1,1,1,3,97,97,102,100,100,15,11,8,4,4,2,67,1,1,1,4,4,,28,28,TRUE
AK-228BLACK-5XL,29,30,30,30,28,10,4,3,2,1,0,0,0,45,45,48,49,48,12,13,11,9,10,9,42,9,9,11,6,6,,27,27,TRUE
AK-228BLACK-L,15,15,19,20,20,19,18,18,18,14,12,12,12,12,12,7,7,7,7,7,7,7,7,8,7,7,7,7,6,5,,30,30,TRUE
AK-228BLACK-M,12,12,12,13,14,15,14,14,14,14,14,14,12,12,12,12,12,12,8,8,7,7,8,8,7,8,8,8,4,4,,30,30,TRUE
AK-228BLACK-S,33,33,33,35,35,35,35,35,35,35,35,35,35,35,35,35,35,35,29,29,29,29,29,29,29,29,29,29,29,29,,30,30,TRUE
AK-228BLACK-XL,7,7,5,5,5,3,3,3,0,0,0,0,1,42,42,44,44,44,22,20,15,19,19,17,17,19,19,19,15,5,,26,26,TRUE
AK-228BLACK-XXL,23,23,21,24,22,12,9,9,7,6,6,5,6,56,56,56,57,56,32,32,30,28,28,22,38,16,16,16,10,10,,30,30,TRUE
AK-229MAUVE-3XL,4,4,6,6,6,6,6,6,6,6,6,6,5,5,5,5,5,5,5,5,5,5,5,5,5,5,5,5,5,5,,30,30,TRUE
AK-229MAUVE-4XL,0,0,0,0,0,0,0,0,0,0,0,0,0,0,0,0,0,0,0,0,0,0,0,0,0,0,0,0,0,0,,0,0,TRUE
AK-229MAUVE-5XL,0,0,0,0,0,0,0,0,0,0,0,0,0,0,0,0,0,0,0,0,0,0,0,0,0,0,0,0,0,1,,1,1,TRUE
AK-229MAUVE-XXL,12,12,12,12,12,12,10,10,3,3,3,3,3,3,3,3,3,3,3,3,3,3,4,4,8,4,4,4,4,4,,30,30,TRUE
AK-230BLUE-3XL,32,32,32,32,31,31,30,30,30,30,30,30,30,30,30,31,31,31,31,31,31,31,31,25,25,25,25,25,26,26,,30,30,TRUE
AK-230BLUE-4XL,1,1,1,1,1,1,1,1,1,1,1,1,1,1,1,1,1,1,1,1,1,1,1,1,1,1,1,7,5,5,,30,30,TRUE
AK-230BLUE-5XL,1,1,1,1,1,1,1,1,1,1,1,1,1,1,1,1,1,1,1,1,1,1,1,1,1,1,1,1,1,1,,30,30,TRUE
AK-230BLUE-XXL,10,9,11,11,11,11,11,11,11,11,11,11,11,11,11,4,5,5,5,5,5,5,5,5,5,6,6,7,7,7,,30,30,TRUE
AK-231PINK-3XL,54,54,54,54,54,54,54,54,54,54,54,54,54,54,54,54,54,54,54,54,54,54,54,54,54,54,54,54,54,54,,30,30,TRUE
AK-231PINK-4XL,53,53,53,53,53,53,53,53,53,53,53,53,53,53,53,53,53,53,53,53,53,53,53,53,53,53,53,53,53,53,,30,30,TRUE
AK-231PINK-5XL,32,32,32,32,32,32,32,32,32,32,32,32,32,32,32,32,32,32,32,32,32,32,32,32,32,32,32,32,32,32,,30,30,TRUE
AK-231PINK-XXL,50,50,50,50,50,50,50,50,50,50,50,50,50,50,50,50,50,50,50,50,50,50,50,50,50,50,50,50,50,50,,30,30,TRUE
AK-232WHITE-L-XL-XXL,10,10,10,11,11,11,11,11,11,10,10,10,10,10,10,10,10,10,14,14,13,11,11,12,12,14,14,13,13,14,,30,30,TRUE
AK-232WHITE-XS-S-M,11,12,12,13,13,12,12,12,12,12,12,12,12,12,12,12,12,12,12,13,12,12,13,13,13,13,13,14,16,16,,30,30,TRUE
AK-233GREEN-L-XL,19,19,24,24,24,24,24,24,24,24,24,24,24,24,24,24,24,24,24,24,24,24,24,23,23,23,23,25,25,25,,30,30,TRUE
AK-233GREEN-S-M,22,22,26,26,26,26,26,26,26,26,26,26,25,25,25,25,25,25,25,25,25,25,25,25,25,25,25,26,27,27,,30,30,TRUE
AK-234BROWN-L-XL,23,23,22,22,21,20,20,20,20,20,20,19,19,19,19,19,19,19,19,19,19,19,19,19,19,19,19,19,19,19,,30,30,TRUE
AK-234BROWN-S-M,23,23,23,23,23,23,23,23,24,23,23,23,23,23,23,23,23,23,23,23,23,23,23,23,23,23,23,23,23,23,,30,30,TRUE
AK-235RED-L-XL,21,21,21,20,20,20,20,20,20,20,20,20,20,20,20,20,20,20,20,20,20,19,19,19,19,18,18,18,18,18,,30,30,TRUE
AK-235RED-S-M,21,23,23,22,23,23,23,23,23,23,23,23,23,23,23,23,23,23,23,23,23,23,23,23,23,23,23,23,23,23,,30,30,TRUE
AK-236WHITE-L-XL,17,17,22,22,22,22,22,22,22,22,22,22,22,22,22,22,22,22,22,22,22,22,22,22,22,22,22,22,22,22,,30,30,TRUE
AK-236WHITE-S-M,0,0,0,0,0,0,0,0,0,0,0,0,0,0,0,0,0,0,0,0,0,0,0,0,0,0,0,0,0,0,,0,1,FALSE
AK-236WHITE-XS-S-M,21,21,21,21,21,21,21,21,21,21,21,21,21,21,21,21,21,21,21,21,21,21,21,21,21,21,21,21,21,21,,30,30,TRUE
AK-237MULTI-3XL,8,8,8,8,9,9,7,7,7,6,6,6,6,6,6,6,6,6,4,2,2,2,2,3,3,3,3,3,3,3,,30,30,TRUE
AK-237MULTI-4XL,8,8,8,8,7,7,7,7,7,7,7,7,7,7,7,7,7,7,7,7,7,7,6,3,2,3,3,3,3,3,,30,30,TRUE
AK-237MULTI-5XL,2,2,2,2,2,2,2,2,0,0,0,0,0,0,0,0,0,0,0,0,0,0,0,0,0,0,0,2,2,2,,11,11,TRUE
AK-237MULTI-XXL,16,16,16,16,16,16,16,16,16,16,15,15,14,13,13,6,6,6,6,6,6,6,6,6,6,6,6,6,6,6,,30,30,TRUE
AK-238MULTI-3XL,4,4,4,4,4,4,3,3,0,0,0,0,0,0,0,1,1,1,1,2,2,1,1,2,0,0,0,0,0,0,,17,18,FALSE
AK-238MULTI-4XL,8,8,7,5,5,5,3,2,0,0,0,0,1,1,1,1,3,3,3,3,3,3,2,1,1,1,1,1,2,2,,26,26,TRUE
AK-238MULTI-5XL,2,2,2,5,4,4,1,1,1,1,1,1,2,2,2,2,2,2,1,1,1,1,2,3,2,3,2,2,2,2,,30,30,TRUE
AK-238MULTI-XXL,17,17,16,17,17,17,15,15,15,15,15,15,15,13,13,8,8,8,8,8,8,8,8,8,8,8,8,8,9,6,,30,30,TRUE
AK-239YELLOW-3XL,30,30,34,33,33,33,33,33,33,33,33,33,33,33,33,34,34,34,34,34,34,34,34,34,34,34,34,34,34,34,,30,30,TRUE
AK-239YELLOW-4XL,13,14,14,15,15,14,14,14,14,14,14,14,15,15,15,15,15,15,15,15,15,15,15,15,15,15,15,15,15,14,,30,30,TRUE
AK-239YELLOW-5XL,17,17,17,17,17,17,17,17,17,17,17,17,17,17,17,17,17,17,17,17,17,17,17,17,15,17,17,17,17,17,,30,30,TRUE
AK-239YELLOW-XXL,26,26,26,26,27,27,27,27,27,27,27,27,27,27,27,27,27,27,27,27,27,27,27,27,27,27,27,27,27,27,,30,30,TRUE
AK-240MAUVE-L-XL,14,14,14,14,14,13,11,11,11,11,11,11,11,11,11,11,11,11,12,12,12,12,12,12,12,12,11,11,11,12,,30,30,TRUE
AK-240MAUVE-S-M,33,33,33,33,33,33,33,33,31,4,4,4,4,4,4,4,4,4,4,4,4,4,5,5,8,5,5,5,5,6,,30,30,TRUE
AK-242BLSRED-2XL-3XL,2,1,4,1,4,4,4,4,2,2,2,2,3,2,2,2,2,2,2,2,2,2,2,2,2,2,2,2,2,2,,30,30,TRUE
AK-242BLSRED-L-XL,20,20,21,21,21,21,21,21,21,21,21,22,22,22,22,22,22,22,21,21,21,21,21,21,21,21,21,20,20,20,,30,30,TRUE
AK-242BLSRED-S-M,10,10,14,14,14,14,14,14,14,12,12,12,12,12,12,12,12,12,12,12,12,11,11,12,12,12,12,12,12,12,,30,30,TRUE
AK-246MAROON-3XL,18,18,20,20,20,20,20,20,20,20,20,20,20,20,20,20,20,20,20,20,20,20,20,20,20,20,20,20,20,20,,30,30,TRUE
AK-246MAROON-4XL,6,7,7,7,7,7,7,7,7,7,7,7,7,7,7,7,7,7,6,6,6,6,6,6,11,6,6,6,6,6,,30,30,TRUE
AK-246MAROON-5XL,1,1,1,1,2,2,2,2,2,2,2,2,2,2,2,2,2,2,2,2,2,1,1,0,1,0,0,0,0,0,,24,22,FALSE
AK-246MAROON-XXL,24,24,27,27,27,27,27,27,27,27,27,27,27,27,27,27,27,27,27,27,27,27,27,27,27,27,27,27,27,27,,30,30,TRUE
AK-250BLUE-3XL,13,13,9,9,9,9,8,8,8,8,8,8,8,8,8,5,6,5,5,5,4,2,1,0,4,0,0,0,0,0,,24,22,FALSE
AK-250BLUE-4XL,16,16,10,12,12,12,12,12,12,12,12,12,12,12,12,8,8,8,8,8,8,6,6,3,12,2,2,3,3,3,,30,30,TRUE
AK-250BLUE-5XL,18,18,12,12,12,12,12,12,12,12,12,12,12,12,12,12,12,12,12,12,9,12,12,8,18,8,8,8,8,5,,30,30,TRUE
AK-250BLUE-6XL,1,3,3,3,3,3,3,3,3,3,3,3,3,3,3,3,3,3,3,2,2,1,1,1,1,1,1,3,3,3,,30,30,TRUE
AK-250BLUE-7XL,3,3,3,3,4,4,4,4,4,4,4,4,4,4,4,4,4,4,4,4,4,4,4,4,4,4,4,4,4,1,,30,30,TRUE
AK-250BLUE-8XL,8,8,4,4,4,4,4,4,4,4,4,4,4,4,4,4,4,4,4,4,4,4,4,4,6,4,4,4,4,2,,30,30,TRUE
AK-250BLUE-L,9,9,12,13,13,13,13,13,13,13,13,13,13,13,13,13,13,13,13,13,13,13,13,13,13,13,13,12,12,2,,30,30,TRUE
AK-250BLUE-M,18,18,18,18,18,18,18,18,18,18,18,18,18,17,17,14,14,14,14,14,14,14,14,14,12,12,12,12,12,12,,30,30,TRUE
AK-250BLUE-S,5,5,6,6,6,6,6,6,6,6,6,8,8,8,8,8,9,9,9,9,8,7,7,6,6,6,6,6,6,4,,30,30,TRUE
AK-250BLUE-XL,6,6,6,6,6,6,6,6,7,7,7,7,7,7,7,5,5,5,5,5,5,4,4,0,3,0,0,0,2,2,,26,25,FALSE
AK-250BLUE-XXL,2,2,2,2,2,2,2,2,2,3,3,4,4,4,4,4,4,4,3,3,3,2,2,1,4,0,0,0,0,0,,25,24,FALSE
AK-255OFFWHITE-3XL,26,26,26,26,26,26,26,26,26,26,26,26,26,26,26,26,26,26,26,26,26,26,26,26,26,26,26,26,26,26,,30,30,TRUE
AK-255OFFWHITE-4XL,26,26,26,26,26,26,26,26,26,26,26,26,26,26,26,26,26,26,26,26,26,26,26,26,26,26,26,26,26,26,,30,30,TRUE
AK-255OFFWHITE-5XL,27,27,27,27,27,27,27,27,27,27,27,27,27,27,27,27,27,27,27,27,27,27,27,27,27,27,27,27,27,27,,30,30,TRUE
AK-255OFFWHITE-XL,12,12,12,12,12,12,12,12,12,12,12,12,12,12,12,12,12,12,12,12,12,12,12,12,12,12,12,12,12,12,,30,30,TRUE
AK-255OFFWHITE-XXL,27,27,27,27,27,27,27,27,27,27,27,27,27,27,27,27,27,27,27,27,27,27,27,27,27,27,27,27,27,27,,30,30,TRUE
AK-256PINK-3XL,47,47,47,47,47,47,47,47,47,47,47,47,47,47,47,47,48,48,48,48,48,48,48,48,48,48,48,48,48,48,,30,30,TRUE
AK-256PINK-4XL,45,45,45,45,45,45,45,45,45,45,45,45,45,45,45,45,45,45,45,45,45,45,45,45,45,45,45,45,45,45,,30,30,TRUE
AK-256PINK-5XL,39,39,39,39,39,39,39,39,39,39,39,39,39,39,39,39,40,40,40,40,40,40,40,40,40,40,40,40,40,40,,30,30,TRUE
AK-256PINK-XL,49,49,49,49,49,49,49,49,49,49,49,49,49,49,49,49,49,49,49,49,49,49,49,49,49,49,49,49,49,49,,30,30,TRUE
AK-256PINK-XXL,53,53,53,53,53,53,53,53,53,53,53,53,53,53,53,53,53,53,53,53,53,53,53,53,53,53,53,53,53,53,,30,30,TRUE
AK-257TEAL-3XL,20,20,20,20,20,20,20,20,20,20,20,20,20,20,20,20,20,20,20,20,20,20,20,20,20,20,20,20,21,21,,30,30,TRUE
AK-257TEAL-4XL,20,20,20,20,20,20,20,20,20,20,20,20,20,20,20,20,20,20,20,20,20,20,20,20,20,20,20,20,20,20,,30,30,TRUE
AK-257TEAL-5XL,20,20,20,20,20,20,20,20,20,20,20,20,20,20,20,20,20,20,20,20,20,20,20,20,20,20,20,20,20,20,,30,30,TRUE
AK-257TEAL-L,20,20,20,20,20,20,20,20,20,20,20,20,20,20,20,20,20,20,20,20,20,20,20,20,20,20,20,20,20,20,,30,30,TRUE
AK-257TEAL-M,20,20,20,20,20,20,20,20,20,20,20,20,20,20,20,20,20,20,20,20,20,20,20,20,20,20,20,20,20,20,,30,30,TRUE
AK-257TEAL-S,19,19,19,19,19,19,19,19,19,19,19,19,19,19,19,19,19,19,19,19,19,19,19,19,19,19,19,19,19,19,,30,30,TRUE
AK-257TEAL-XL,24,24,24,24,24,24,24,24,24,24,24,24,24,24,24,24,24,24,24,24,24,24,24,24,24,24,24,24,24,24,,30,30,TRUE
AK-257TEAL-XXL,25,25,25,25,25,25,25,25,25,25,25,25,25,25,25,25,25,25,25,25,25,25,25,25,25,25,25,25,25,25,,30,30,TRUE
AK-258GREEN-3XL,28,28,28,28,28,28,28,28,28,28,28,28,28,28,28,28,28,28,28,28,28,28,28,28,28,28,28,28,28,28,,30,30,TRUE
AK-258GREEN-4XL,29,29,29,29,29,29,29,29,29,29,29,29,29,29,29,29,29,29,29,29,29,29,29,29,29,29,29,29,29,29,,30,30,TRUE
AK-258GREEN-5XL,26,26,26,26,26,26,26,26,26,26,26,26,26,26,26,26,26,26,26,26,26,26,26,26,26,26,26,26,26,27,,30,30,TRUE
AK-258GREEN-L,38,38,38,38,38,38,38,38,38,37,37,37,37,37,37,37,37,37,37,37,37,37,37,37,37,37,37,37,37,37,,30,30,TRUE
AK-258GREEN-M,25,25,25,25,25,25,25,25,25,24,24,24,24,24,24,24,24,24,24,24,24,24,24,24,24,24,24,24,24,24,,30,30,TRUE
AK-258GREEN-S,24,24,24,24,24,24,24,24,24,24,24,24,24,24,24,24,24,24,24,24,24,24,24,24,24,24,24,24,24,24,,30,30,TRUE
AK-258GREEN-XL,37,37,37,37,37,37,37,37,37,37,37,37,37,37,37,37,37,37,37,37,37,37,37,37,37,37,37,37,37,37,,30,30,TRUE
AK-258GREEN-XXL,38,38,38,38,38,38,38,38,38,38,38,38,38,38,38,38,38,38,38,38,38,38,38,38,38,38,38,38,38,38,,30,30,TRUE
CR4_YAGPL,183,183,183,183,183,183,183,183,183,183,183,183,183,183,183,183,183,183,183,183,183,183,183,183,183,183,183,183,183,183,,30,30,TRUE
DB_4010DRSMULTI-L,0,0,0,0,0,0,0,0,0,0,0,0,0,0,0,0,0,0,0,0,0,0,0,0,0,0,0,0,0,0,,0,#N/A,#N/A
DB_4010DRSMULTI-M,0,0,0,0,0,0,0,0,0,0,0,0,0,0,0,0,0,0,0,0,0,0,0,0,0,0,0,0,0,0,,0,#N/A,#N/A
DB_4010DRSMULTI-S,0,0,0,0,0,0,0,0,0,0,0,0,0,0,0,0,0,0,0,0,0,0,0,0,0,0,0,0,0,0,,0,#N/A,#N/A
DB_4010DRSMULTI-XL,0,0,0,0,0,0,0,0,0,0,0,0,0,0,0,0,0,0,0,0,0,0,0,0,0,0,0,0,0,0,,0,#N/A,#N/A
DB_4010DRSMULTI-XS,0,0,0,0,0,0,0,0,0,0,0,0,0,0,0,0,0,0,0,0,0,0,0,0,0,0,0,0,0,0,,0,#N/A,#N/A
DB_4018DRSBLUE-L,0,0,0,0,0,0,0,0,0,0,0,0,0,0,0,0,0,0,0,0,0,0,0,0,0,0,0,0,0,0,,0,#N/A,#N/A
DB_4018DRSBLUE-M,0,0,0,0,0,0,0,0,0,0,0,0,0,0,0,0,0,0,0,0,0,0,0,0,0,0,0,0,0,0,,0,#N/A,#N/A
DB_4018DRSBLUE-S,0,0,0,0,0,0,0,0,0,0,0,0,0,0,0,0,0,0,0,0,0,0,0,0,0,0,0,0,0,0,,0,#N/A,#N/A
DB_4018DRSBLUE-XS,0,0,0,0,0,0,0,0,0,0,0,0,0,0,0,0,0,0,0,0,0,0,0,0,0,0,0,0,0,0,,0,#N/A,#N/A
DB_7064YKBLSMAROON-F,0,0,0,0,0,0,0,0,0,0,0,0,0,0,0,0,0,0,0,0,0,0,0,0,0,0,0,0,0,0,,0,#N/A,#N/A
DB_7066YKBLSGREEN-F,0,0,0,0,0,0,0,0,0,0,0,0,0,0,0,0,0,0,0,0,0,0,0,0,0,0,0,0,0,0,,0,#N/A,#N/A
DB_7069YKBLSBROWN-F,0,0,0,0,0,0,0,0,0,0,0,0,0,0,0,0,0,0,0,0,0,0,0,0,0,0,0,0,0,0,,0,#N/A,#N/A
DB_7073YKBLSBLUE-F,0,0,0,0,0,0,0,0,0,0,0,0,0,0,0,0,0,0,0,0,0,0,0,0,0,0,0,0,0,0,,0,#N/A,#N/A
DB_7074YKBLSBLUE-F,0,0,0,0,0,0,0,0,0,0,0,0,0,0,0,0,0,0,0,0,0,0,0,0,0,0,0,0,0,0,,0,#N/A,#N/A
DB_7092YKBLUE-F,0,0,0,0,0,0,0,0,0,0,0,0,0,0,0,0,0,0,0,0,0,0,0,0,0,0,0,0,0,0,,0,#N/A,#N/A
DB_7093YKBROWN-F,0,0,0,0,0,0,0,0,0,0,0,0,0,0,0,0,0,0,0,0,0,0,0,0,0,0,0,0,0,0,,0,#N/A,#N/A
DB_7095YKBLUE-F,0,0,0,0,0,0,0,0,0,0,0,0,0,0,0,0,0,0,0,0,0,0,0,0,0,0,0,0,0,0,,0,#N/A,#N/A
DB_7107YKBROWN-F,0,0,0,0,0,0,0,0,0,0,0,0,0,0,0,0,0,0,0,0,0,0,0,0,0,0,0,0,0,0,,0,#N/A,#N/A
DB_7108YKBLUE-F,0,0,0,0,0,0,0,0,0,0,0,0,0,0,0,0,0,0,0,0,0,0,0,0,0,0,0,0,0,0,,0,#N/A,#N/A
DB_7109YKTEAL-F,0,0,0,0,0,0,0,0,0,0,0,0,0,0,0,0,0,0,0,0,0,0,0,0,0,0,0,0,0,0,,0,#N/A,#N/A
DB_7110YKMULTI-F,0,0,0,0,0,0,0,0,0,0,0,0,0,0,0,0,0,0,0,0,0,0,0,0,0,0,0,0,0,0,,0,#N/A,#N/A
DB_7111YKOFFWHITE,0,0,0,0,0,0,0,0,0,0,0,0,0,0,0,0,0,0,0,0,0,0,0,0,0,0,0,0,0,0,,0,#N/A,#N/A
DB_7112YKWHITE,0,0,0,0,0,0,0,0,0,0,0,0,0,0,0,0,0,0,0,0,0,0,0,0,0,0,0,0,0,0,,0,#N/A,#N/A
DB_7113YKSKYBLUE,0,0,0,0,0,0,0,0,0,0,0,0,0,0,0,0,0,0,0,0,0,0,0,0,0,0,0,0,0,0,,0,#N/A,#N/A
DB_7115YKBLUE,0,0,0,0,0,0,0,0,0,0,0,0,0,0,0,0,0,0,0,0,0,0,0,0,0,0,0,0,0,0,,0,#N/A,#N/A
DB_7116YKGREEN,0,0,0,0,0,0,0,0,0,0,0,0,0,0,0,0,0,0,0,0,0,0,0,0,0,0,0,0,0,0,,0,#N/A,#N/A
DB_7117YKWHITE,0,0,0,0,0,0,0,0,0,0,0,0,0,0,0,0,0,0,0,0,0,0,0,0,0,0,0,0,0,0,,0,#N/A,#N/A
DB_7119YKOFFWHITE,0,0,0,0,0,0,0,0,0,0,0,0,0,0,0,0,0,0,0,0,0,0,0,0,0,0,0,0,0,0,,0,#N/A,#N/A
DB_7120YKBLUE,0,0,0,0,0,0,0,0,0,0,0,0,0,0,0,0,0,0,0,0,0,0,0,0,0,0,0,0,0,0,,0,#N/A,#N/A
DB_7121YKRED,0,0,0,0,0,0,0,0,0,0,0,0,0,0,0,0,0,0,0,0,0,0,0,0,0,0,0,0,0,0,,0,#N/A,#N/A
DPT11 WINE,0,0,0,0,0,0,0,0,0,0,0,0,0,0,0,0,0,0,0,0,0,0,0,0,0,0,0,0,0,0,,0,0,TRUE
DPT11WINE,282,282,282,280,278,269,264,266,277,277,277,275,274,272,272,272,272,272,271,271,267,279,278,292,290,290,290,290,281,281,,30,30,TRUE
DPT19WHITE,62,61,60,59,57,53,52,57,70,69,69,67,66,64,64,64,63,63,61,61,56,68,68,98,98,98,98,98,98,96,,30,30,TRUE
DPT20WHITE,217,217,217,215,215,212,211,211,223,223,223,222,222,229,229,229,229,229,228,227,227,231,231,254,253,253,252,251,251,251,,30,30,TRUE
DPT21MULTI,1489,1485,1483,1481,1480,1468,1460,1495,1511,1509,1503,1501,1500,1500,1500,1497,1495,1495,1473,1468,1457,1467,1465,1540,1529,1523,1521,1519,1463,1459,,30,30,TRUE
DPT23BLUE,99,99,99,99,99,99,99,99,99,99,99,99,99,110,110,110,110,110,84,84,84,112,112,118,118,116,116,116,116,116,,30,30,TRUE
DPT24MAROON,30,30,30,30,30,30,30,30,29,29,25,25,25,30,30,30,30,30,30,29,29,29,29,29,29,28,28,28,28,28,,30,30,TRUE
DPT27TEAL,310,310,310,310,310,310,310,310,310,310,310,310,310,312,312,312,312,312,310,310,310,310,310,311,311,308,308,308,308,308,,30,30,TRUE
DPT28GREEN,212,211,211,211,208,208,205,213,224,224,222,221,220,212,212,211,211,211,203,203,194,199,199,204,202,194,192,191,171,171,,30,30,TRUE
DPT29PINK,203,203,203,202,202,202,202,202,202,202,202,201,201,210,210,210,210,210,210,210,210,210,209,218,218,215,215,215,215,214,,30,30,TRUE
DPT30GREEN,223,223,223,223,223,223,223,223,223,223,223,223,223,223,223,223,223,223,223,223,223,223,223,221,221,221,221,221,221,221,,30,30,TRUE
DPT34BLUE,0,0,0,0,0,0,0,0,1,1,0,0,0,2,2,2,2,2,0,0,0,0,0,4,3,1,1,1,0,1,,13,8,FALSE
DPT35WHITE,199,199,199,199,198,197,195,195,199,199,198,198,198,198,198,198,190,190,181,180,180,199,198,211,211,204,204,204,204,203,,30,30,TRUE
DPT37RED,52,52,51,50,50,44,42,41,44,44,44,41,41,43,43,43,43,43,43,43,43,46,46,63,63,63,63,63,58,58,,30,30,TRUE
DPT38BLUE,63,63,63,63,63,63,63,63,77,77,77,77,77,90,90,90,90,90,86,86,86,91,91,73,73,73,73,73,73,73,,30,30,TRUE
DPT6MULTI,66,64,61,59,60,57,45,43,50,48,44,43,43,37,37,36,36,36,34,34,30,34,34,44,41,38,37,36,29,27,,30,30,TRUE
DPT9 BLACK,0,0,0,0,0,0,0,0,0,0,0,0,0,0,0,0,0,0,0,0,0,0,0,0,0,0,0,0,0,0,,0,1,FALSE
DPT9BLACK,48,47,46,46,46,43,43,42,44,43,41,40,40,40,40,39,39,39,29,29,25,33,33,61,60,56,56,56,56,55,,30,30,TRUE
K2372PINK-XL,0,0,0,0,0,0,0,0,0,0,0,0,0,0,0,0,0,0,0,0,0,0,0,0,0,0,0,0,0,0,,0,0,TRUE
KD0010PINK-11-12,0,0,0,0,0,0,0,0,0,0,0,0,0,0,0,0,0,0,0,0,0,0,0,0,0,0,0,0,0,0,,0,0,TRUE
KD0010PINK-13-14,0,0,0,0,0,0,0,0,0,0,0,0,0,0,0,0,0,0,0,0,0,0,0,0,0,0,0,0,0,0,,0,0,TRUE
KD0010PINK-7-8,19,19,19,19,19,19,19,19,19,19,19,19,19,19,19,19,19,19,19,19,19,19,19,19,19,19,19,19,19,19,,30,30,TRUE
KD0010PINK-9-10,19,19,19,19,19,19,19,19,19,19,19,19,19,19,19,19,19,19,19,19,19,19,19,18,18,18,18,18,18,18,,30,30,TRUE
KD0018GREEN-11-12,0,0,0,0,0,0,0,0,0,0,0,0,0,0,0,0,0,0,0,0,0,0,0,0,0,0,0,0,0,0,,0,0,TRUE
KD0018GREEN-7-8,53,53,53,53,53,53,53,53,53,53,53,53,53,53,53,53,53,53,53,53,53,53,53,53,53,53,53,53,53,53,,30,30,TRUE
KD0018GREEN-9-10,4,4,4,4,4,4,4,4,4,4,4,4,4,5,5,5,5,5,5,5,5,5,5,5,5,5,5,5,5,5,,30,30,TRUE
KD0019PINK-11-12,0,0,1,1,2,1,1,1,1,1,1,1,1,3,3,3,3,3,3,3,3,3,3,3,3,3,3,3,3,3,,28,28,TRUE
KD0019PINK-13-14,3,3,4,3,3,3,3,3,3,3,3,3,3,2,2,2,2,2,2,2,2,2,2,2,2,2,2,2,3,3,,30,30,TRUE
KD0019PINK-7-8,16,16,16,16,16,16,16,16,16,16,16,16,16,16,16,16,16,16,14,14,14,9,14,14,14,12,12,12,12,12,,30,30,TRUE
KD0019PINK-9-10,2,2,2,4,4,4,4,4,4,4,4,4,3,5,5,5,5,5,4,4,4,4,4,4,4,3,3,3,3,3,,30,30,TRUE
KD0021YELLOW-11-12,3,3,3,3,3,3,3,3,3,3,3,3,3,4,4,4,4,4,4,4,4,4,4,4,4,4,4,4,5,5,,30,30,TRUE
KD0021YELLOW-13-14,2,2,2,2,2,2,2,2,2,1,1,1,1,1,1,1,1,1,1,1,1,1,1,1,1,1,1,1,1,1,,30,30,TRUE
KD0021YELLOW-7-8,3,3,3,3,3,3,3,3,3,3,3,3,3,3,3,3,3,3,3,3,3,3,3,3,3,3,3,3,3,3,,30,30,TRUE
KD0021YELLOW-9-10,1,1,1,1,1,1,1,1,1,1,1,1,1,5,5,5,5,5,5,5,5,5,5,5,5,5,5,5,5,5,,30,30,TRUE
KD0022GREEN-11-12,0,0,1,0,1,1,1,1,1,1,1,1,1,2,2,2,2,2,2,2,2,2,2,2,2,2,2,2,2,2,,27,27,TRUE
KD0022GREEN-13-14,0,0,0,0,0,0,0,0,0,0,0,0,0,0,0,0,0,0,0,0,0,0,0,0,0,0,0,0,0,0,,0,0,TRUE
KD0022GREEN-7-8,10,10,10,10,10,10,10,10,10,10,10,10,10,11,11,11,11,11,11,11,11,11,11,11,11,11,11,11,11,11,,30,30,TRUE
KD0022GREEN-9-10,1,1,1,1,1,1,1,1,1,1,1,1,1,1,1,1,1,1,1,1,1,1,1,1,1,1,1,1,1,1,,30,30,TRUE
KD0023PINK-11-12,2,2,2,2,2,2,2,2,2,2,2,2,4,2,2,2,2,2,2,2,2,2,2,2,2,1,1,1,2,2,,30,30,TRUE
KD0023PINK-13-14,0,0,0,0,0,0,0,0,0,0,0,0,0,0,0,0,0,0,0,0,0,0,0,0,0,0,0,0,0,0,,0,0,TRUE
KD0023PINK-7-8,3,3,3,3,3,3,3,3,1,1,1,1,1,3,3,3,3,3,3,3,3,3,3,3,3,3,3,3,4,4,,30,30,TRUE
KD0023PINK-9-10,1,1,1,1,1,1,1,1,1,1,1,1,1,2,2,2,2,2,2,2,2,2,2,2,2,2,2,2,2,2,,30,30,TRUE
KD0024BEIGE-7-8,29,29,30,30,30,30,30,30,30,30,30,30,30,32,32,32,32,32,32,32,32,31,31,31,31,29,29,29,29,29,,30,30,TRUE
KD0024BEIGE-9-10,22,22,22,22,22,22,22,22,22,22,22,22,21,22,22,22,22,22,20,20,20,20,20,20,20,20,20,19,14,14,,30,30,TRUE
KD0028SKYBLUE-11-12,19,19,19,19,19,19,19,19,19,19,19,19,19,22,22,22,22,22,20,20,20,20,20,20,20,20,20,20,20,20,,30,30,TRUE
KD0028SKYBLUE-13-14,11,11,11,11,11,11,11,11,10,10,10,10,10,11,11,11,11,11,9,9,9,9,9,9,9,9,9,9,9,9,,30,30,TRUE
KD0028SKYBLUE-7-8,21,21,22,22,22,22,22,22,22,22,22,22,22,23,23,23,23,23,23,23,23,23,23,23,23,23,23,23,23,23,,30,30,TRUE
KD0028SKYBLUE-9-10,22,22,22,22,22,22,22,22,22,22,17,22,22,23,23,23,23,23,23,23,23,23,23,23,23,23,23,23,23,23,,30,30,TRUE
KD0029GREEN-7-8,33,33,33,33,33,33,33,33,33,33,33,33,33,33,33,33,33,33,33,33,33,33,33,33,33,35,35,35,35,35,,30,30,TRUE
KD0029GREEN-9-10,33,33,33,33,33,33,33,33,33,33,33,33,35,35,35,35,35,35,35,35,35,35,35,35,35,37,37,37,37,37,,30,30,TRUE
KD0030GREY-7-8,36,36,36,36,36,36,36,36,36,36,36,36,36,36,36,36,36,36,36,36,36,36,36,36,36,37,37,37,37,37,,30,30,TRUE
KD0030GREY-9-10,29,29,29,29,29,29,29,29,29,29,29,29,29,31,31,31,31,31,31,31,31,31,31,31,31,31,31,31,31,31,,30,30,TRUE
KD004PINK-11-12,3,3,4,4,4,4,4,4,4,4,4,4,4,5,5,5,5,5,5,5,5,5,5,5,5,5,4,4,4,4,,30,30,TRUE
KD004PINK-13-14,31,31,31,31,31,31,31,31,31,31,31,31,31,32,32,32,32,32,31,31,31,31,31,31,31,31,31,31,31,31,,30,30,TRUE
KD004PINK-7-8,56,56,56,56,56,56,56,56,56,56,56,56,56,56,56,56,56,56,56,56,56,56,56,56,56,56,56,56,56,56,,30,30,TRUE
KD004PINK-9-10,20,20,20,20,20,20,20,20,20,20,20,20,20,21,21,21,21,21,21,21,21,21,21,21,21,21,21,21,21,21,,30,30,TRUE
KD006PINK-11-12,10,10,10,10,10,10,10,10,10,10,10,10,10,10,10,10,10,10,10,10,10,10,10,10,10,10,10,10,10,10,,30,30,TRUE
KD006PINK-13-14,8,8,8,8,8,8,8,8,8,8,8,8,8,8,8,8,8,8,7,7,7,7,7,7,7,7,7,7,7,7,,30,30,TRUE
KD006PINK-7-8,12,12,12,12,12,12,12,12,12,12,8,12,12,12,12,12,12,12,12,12,12,12,12,12,12,12,12,12,12,12,,30,30,TRUE
KD006PINK-9-10,9,9,9,9,9,9,9,9,9,9,9,9,9,9,9,9,9,9,9,9,9,9,9,9,9,9,9,9,9,9,,30,30,TRUE
KD007MAROON-11-12,1,1,1,1,1,1,1,1,2,1,1,1,1,3,3,3,3,3,3,3,3,3,3,3,3,3,3,3,3,3,,30,30,TRUE
KD007MAROON-13-14,0,0,0,0,0,0,0,0,0,0,0,0,1,1,1,1,1,1,1,1,1,0,0,0,0,0,0,0,0,0,,9,9,TRUE
KD007MAROON-7-8,14,14,14,14,14,14,14,14,14,14,14,14,14,14,14,14,14,14,13,13,13,13,13,13,13,13,13,13,13,13,,30,30,TRUE
KD007MAROON-9-10,10,10,10,10,10,10,10,10,10,10,10,9,9,9,9,9,9,9,9,9,9,9,9,9,9,7,7,7,7,7,,30,30,TRUE
KD008GREEN-11-12,0,0,0,0,0,0,0,0,0,0,0,0,0,0,0,0,0,0,0,0,0,0,0,0,0,0,0,0,0,0,,0,0,TRUE
KD008GREEN-13-14,0,0,0,0,0,0,0,0,0,0,0,0,0,0,0,0,0,0,0,0,0,0,0,0,0,0,0,0,0,0,,0,0,TRUE
KD008GREEN-7-8,0,0,0,0,0,0,0,0,0,0,0,0,0,0,0,0,0,0,0,0,0,0,0,0,0,0,0,0,0,0,,0,0,TRUE
KD008GREEN-9-10,0,0,0,0,0,0,0,0,0,0,0,0,0,0,0,0,0,0,0,0,0,0,0,0,0,0,0,0,0,0,,0,0,TRUE
KL_5037PLYKPINK-3XL,0,0,0,0,0,0,0,0,0,0,0,0,0,0,0,0,0,0,0,0,0,0,0,0,0,0,0,0,0,0,,0,#N/A,#N/A
KL_5037PLYKPINK-4XL,0,0,0,0,0,0,0,0,0,0,0,0,0,0,0,0,0,0,0,0,0,0,0,0,0,0,0,0,0,0,,0,#N/A,#N/A
KL_5037PLYKPINK-5XL,0,0,0,0,0,0,0,0,0,0,0,0,0,0,0,0,0,0,0,0,0,0,0,0,0,0,0,0,0,0,,0,#N/A,#N/A
KL_5037PLYKPINK-XXL,0,0,0,0,0,0,0,0,0,0,0,0,0,0,0,0,0,0,0,0,0,0,0,0,0,0,0,0,0,0,,0,#N/A,#N/A
KL_7098YKPINK-4XL,0,0,0,0,0,0,0,0,0,0,0,0,0,0,0,0,0,0,0,0,0,0,0,0,0,0,0,0,0,0,,0,#N/A,#N/A
KL_7098YKPINK-5XL,0,0,0,0,0,0,0,0,0,0,0,0,0,0,0,0,0,0,0,0,0,0,0,0,0,0,0,0,0,0,,0,#N/A,#N/A
PB12GREEN,0,0,0,0,0,0,0,0,0,0,0,0,0,0,0,0,0,0,0,0,0,0,0,0,0,0,0,0,0,0,,0,0,TRUE
PB13GREY,0,0,0,0,0,0,0,0,0,0,0,0,0,0,0,0,0,0,0,0,0,0,0,0,0,0,0,0,0,0,,0,0,TRUE
PS-120-L,0,0,0,0,0,0,0,0,0,0,0,0,0,0,0,0,0,0,0,0,0,0,0,0,0,0,0,0,0,0,,0,0,TRUE
PS-120-M,0,0,0,0,0,0,0,0,0,0,0,0,0,0,0,0,0,0,0,0,0,0,0,0,0,0,0,0,0,0,,0,0,TRUE
PS-120-S,0,0,0,0,0,0,0,0,0,0,0,0,0,0,0,0,0,0,0,0,0,0,0,0,0,0,0,0,0,0,,0,0,TRUE
PS-120-XL,0,0,0,0,0,0,0,0,0,0,0,0,0,0,0,0,0,0,0,0,0,0,0,0,0,0,0,0,0,0,,0,0,TRUE
PS-120-XXL,0,0,0,0,0,0,0,0,0,0,0,0,0,0,0,0,0,0,0,0,0,0,0,0,0,0,0,0,0,0,,0,0,TRUE
SKU-DEL,0,0,0,0,0,0,0,0,0,0,0,0,0,0,0,0,0,0,0,0,0,0,0,0,0,0,0,0,0,0,,0,#N/A,#N/A
TB10YKBLUE,7,7,7,7,7,7,7,7,7,7,7,7,7,7,7,7,7,7,7,7,7,7,7,7,7,7,7,7,7,7,,30,30,TRUE
TB11YKMAROON,0,0,0,0,0,0,0,0,0,0,0,0,0,0,0,0,0,0,0,0,0,0,0,0,0,0,0,0,0,0,,0,0,TRUE
TB13BLACK,84,84,84,84,84,84,84,84,84,84,84,84,84,84,84,84,84,84,84,84,84,84,84,84,84,84,84,84,84,84,,30,30,TRUE
TB14PINK,13,13,13,13,13,13,13,13,13,13,13,13,13,13,13,13,13,13,13,13,13,13,13,13,13,13,13,13,13,13,,30,30,TRUE
TB15BLUE,17,17,17,17,17,17,17,17,17,17,17,17,17,17,17,17,17,17,17,17,17,17,17,17,17,17,17,17,17,17,,30,30,TRUE
TB16TEAL,0,0,0,0,0,0,0,0,0,0,0,0,0,0,0,0,0,0,0,0,0,0,0,0,0,0,0,0,0,0,,0,0,TRUE
TB17NAVYBLUE,0,0,0,0,0,0,0,0,0,0,0,0,0,0,0,0,0,0,0,0,0,0,0,0,0,0,0,0,0,0,,0,0,TRUE
TB18MAROON,11,11,11,11,11,11,11,11,11,11,11,11,11,11,11,11,11,11,11,11,11,11,11,11,11,11,11,11,11,11,,30,30,TRUE
TB19PINK,39,39,39,39,39,39,39,39,39,39,39,39,39,39,39,39,39,39,39,39,39,39,39,39,39,39,39,39,39,39,,30,30,TRUE
TB1YKLAVENDER,0,0,0,0,0,0,0,0,0,0,0,0,0,0,0,0,0,0,0,0,0,0,0,0,0,0,0,0,0,0,,0,0,TRUE
TB20BLUE,0,0,0,0,0,0,0,0,0,0,0,0,0,0,0,0,0,0,0,0,0,0,0,0,0,0,0,0,0,0,,0,0,TRUE
TB21MAROON,16,16,16,16,16,16,16,16,16,16,16,16,16,16,16,16,16,16,16,16,16,16,16,16,16,16,16,16,16,16,,30,30,TRUE
TB22GREEN,7,7,7,7,7,7,7,7,7,7,7,7,7,7,7,7,7,7,7,7,7,7,7,7,7,7,7,7,7,7,,30,30,TRUE
TB23GREEN,11,11,11,11,11,11,11,11,11,11,11,11,11,11,11,11,11,11,11,11,11,11,11,11,11,11,11,11,11,11,,30,30,TRUE
TB26BLUE,29,29,29,29,29,29,29,29,29,29,29,29,29,29,29,29,29,29,29,29,29,29,29,29,29,29,29,29,29,29,,30,30,TRUE
TB27BROWN,12,12,12,12,12,12,12,12,12,12,12,12,12,12,12,12,12,12,12,12,12,12,12,12,12,12,12,12,12,12,,30,30,TRUE
TB28MULTI,22,22,22,22,22,22,22,22,22,22,22,22,22,22,22,22,22,22,22,22,22,22,22,22,22,22,22,22,22,22,,30,30,TRUE
TB29NAVYBLUE,6,6,6,6,6,6,6,6,6,6,6,6,6,6,6,6,6,6,6,6,6,6,6,6,6,6,6,6,6,6,,30,30,TRUE
TB2YKWHITE,0,0,0,0,0,0,0,0,0,0,0,0,0,0,0,0,0,0,0,0,0,0,0,0,0,0,0,0,0,0,,0,0,TRUE
TB30BEIGE,23,23,23,23,23,23,23,23,23,23,23,23,23,23,23,23,23,23,23,23,23,23,23,23,23,23,23,23,23,23,,30,30,TRUE
TB31BLACK,63,63,63,63,63,63,63,63,63,63,63,63,63,63,63,63,63,63,63,63,63,63,63,63,63,63,63,63,63,63,,30,30,TRUE
TB32YELLOW,6,6,6,6,6,6,6,6,6,6,6,6,6,6,6,6,6,6,6,6,6,6,6,6,6,6,6,6,6,6,,30,30,TRUE
TB33PINK,0,0,0,0,0,0,0,0,0,0,0,0,0,0,0,0,0,0,0,0,0,0,0,0,0,0,0,0,0,0,,0,0,TRUE
TB34OFFWHITE,39,39,39,39,39,39,39,39,39,39,39,39,39,39,39,39,39,39,39,39,39,39,39,39,39,39,39,39,39,39,,30,30,TRUE
TB35BLUE,0,0,0,0,0,0,0,0,0,0,0,0,0,0,0,0,0,0,0,0,0,0,0,0,0,0,0,0,0,0,,0,1,FALSE
TB35SKYBLUE,12,12,12,12,12,12,12,12,12,12,12,12,12,12,12,12,12,12,12,12,12,12,12,12,12,12,12,12,12,12,,30,30,TRUE
TB36GREY,0,0,0,0,0,0,0,0,0,0,0,0,0,0,0,0,0,0,0,0,0,0,0,0,0,0,0,0,0,0,,0,0,TRUE
TB37OFFWHITE,62,62,62,62,62,62,62,62,62,62,62,62,62,62,62,62,62,62,62,62,62,62,62,62,62,62,62,62,62,62,,30,30,TRUE
TB38BLUE,14,14,14,14,14,14,14,14,14,14,14,14,14,14,14,14,14,14,14,14,14,14,14,14,14,14,14,14,14,14,,30,30,TRUE
TB39BLACK,0,0,0,0,0,0,0,0,0,0,0,0,0,0,0,0,0,0,0,0,0,0,0,0,0,0,0,0,0,0,,0,0,TRUE
TB3YKBLACK,0,0,0,0,0,0,0,0,0,0,0,0,0,0,0,0,0,0,0,0,0,0,0,0,0,0,0,0,0,0,,0,0,TRUE
TB40BLACK,99,99,99,99,99,99,99,99,99,99,99,99,99,99,99,99,99,99,99,99,99,99,99,99,99,99,99,99,99,99,,30,30,TRUE
TB4YKBLUE,0,0,0,0,0,0,0,0,0,0,0,0,0,0,0,0,0,0,0,0,0,0,0,0,0,0,0,0,0,0,,0,0,TRUE
TB5YKPINK,0,0,0,0,0,0,0,0,0,0,0,0,0,0,0,0,0,0,0,0,0,0,0,0,0,0,0,0,0,0,,0,0,TRUE
TB6YKPURPLE,0,0,0,0,0,0,0,0,0,0,0,0,0,0,0,0,0,0,0,0,0,0,0,0,0,0,0,0,0,0,,0,0,TRUE
TB7YKBEIGE,0,0,0,0,0,0,0,0,0,0,0,0,0,0,0,0,0,0,0,0,0,0,0,0,0,0,0,0,0,0,,0,0,TRUE
TB8YKPURPLE,0,0,0,0,0,0,0,0,0,0,0,0,0,0,0,0,0,0,0,0,0,0,0,0,0,0,0,0,0,0,,0,0,TRUE
TB9YKPINK,0,0,0,0,0,0,0,0,0,0,0,0,0,0,0,0,0,0,0,0,0,0,0,0,0,0,0,0,0,0,,0,0,TRUE
WB032WHITE-L,0,0,0,0,0,0,0,0,0,0,0,0,0,0,0,0,0,0,0,0,0,0,0,0,0,0,0,0,0,0,,0,0,TRUE
WD001-346YK-3XL,0,0,0,0,0,0,0,0,0,0,0,0,0,0,0,0,0,0,0,0,0,0,0,0,0,0,0,0,0,0,,0,0,TRUE
WD001-346YK-4XL,0,0,0,0,0,0,0,0,0,0,0,0,0,0,0,0,0,0,0,0,0,0,0,0,0,0,0,0,0,0,,0,0,TRUE
WD001-346YK-5XL,0,0,0,0,0,0,0,0,0,0,0,0,0,0,0,0,0,0,0,0,0,0,0,0,0,0,0,0,0,0,,0,0,TRUE
