OMS_SKU,2026-07-30
1001YKBEIGE-3XL,22
1001YKBEIGE-4XL,20
1001YKBEIGE-5XL,26
1001YKBEIGE-6XL,10
1001YKBEIGE-7XL,19
1001YKBEIGE-8XL,20
1001YKBEIGE-L,11
1001YKBEIGE-M,25
1001YKBEIGE-S,16
1001YKBEIGE-XL,23
1001YKBEIGE-XS,14
1001YKBEIGE-XXL,11
1002YKMUSTARD-L,0
1002YKMUSTARD-M,0
1002YKMUSTARD-S,0
1002YKMUSTARD-XL,-1
1002YKMUSTARD-XS,0
1002YKMUSTARD-XXL,0
1003DPT21MULTI-3XL,46
1003DPT21MULTI-4XL,67
1003DPT21MULTI-5XL,16
1003DPT21MULTI-6XL,6
1003DPT21MULTI-7XL,1
1003DPT21MULTI-8XL,5
1003DPT21MULTI-L,0
1003DPT21MULTI-M,4
1003DPT21MULTI-S,1
1003DPT21MULTI-XL,0
1003DPT21MULTI-XS,7
1003DPT21MULTI-XXL,1
1003KDMUSTARD-11-12,8
1003KDMUSTARD-13-14,4
1003KDMUSTARD-7-8,38
1003KDMUSTARD-9-10,12
1003SKDMUSTARD-L,0
1003SKDMUSTARD-M,4
1003SKDMUSTARD-S,1
1003SKDMUSTARD-XL,0
1003SKDMUSTARD-XXL,1
1003YK5027DPT21-L,0
1003YK5027DPT21-M,4
1003YK5027DPT21-S,1
1003YK5027DPT21-XL,0
1003YK5027DPT21-XXL,1
1003YKMUSTARD-3XL,54
1003YKMUSTARD-4XL,83
1003YKMUSTARD-5XL,27
1003YKMUSTARD-6XL,13
1003YKMUSTARD-7XL,7
1003YKMUSTARD-8XL,12
1003YKMUSTARD-L,3
1003YKMUSTARD-M,10
1003YKMUSTARD-S,4
1003YKMUSTARD-XL,4
1003YKMUSTARD-XS,13
1003YKMUSTARD-XXL,5
1004YKPINK-L,0
1004YKPINK-M,0
1004YKPINK-S,0
1004YKPINK-XL,0
1004YKPINK-XXL,0
1005YKBLUE-L,0
1005YKBLUE-M,0
1005YKBLUE-S,0
1005YKBLUE-XL,0
1005YKBLUE-XXL,0
1006KDBLUE-11-12,23
1006KDBLUE-13-14,13
1006KDBLUE-7-8,20
1006KDBLUE-9-10,22
1006YKBLUE-3XL,83
1006YKBLUE-4XL,126
1006YKBLUE-5XL,92
1006YKBLUE-6XL,61
1006YKBLUE-7XL,46
1006YKBLUE-8XL,27
1006YKBLUE-L,47
1006YKBLUE-M,38
1006YKBLUE-S,75
1006YKBLUE-XL,50
1006YKBLUE-XS,15
1006YKBLUE-XXL,64
1007YKBLACK-3XL,96
1007YKBLACK-4XL,43
1007YKBLACK-5XL,205
1007YKBLACK-6XL,127
1007YKBLACK-7XL,87
1007YKBLACK-8XL,35
1007YKBLACK-L,49
1007YKBLACK-M,98
1007YKBLACK-S,130
1007YKBLACK-XL,61
1007YKBLACK-XS,74
1007YKBLACK-XXL,63
1008YKBLUE-L,0
1008YKBLUE-M,0
1008YKBLUE-S,0
1008YKBLUE-XL,0
1008YKBLUE-XXL,0
1009YKYELLOW-L,1
1009YKYELLOW-M,0
1009YKYELLOW-S,0
1009YKYELLOW-XL,0
1009YKYELLOW-XXL,0
100YK130BLACK-L,0
100YK130BLACK-M,0
100YK130BLACK-S,0
100YK130BLACK-XXL,0
1010YKBLUE-L,0
1010YKBLUE-M,0
1010YKBLUE-S,0
1010YKBLUE-XL,0
1010YKBLUE-XXL,0
1011YKGREEN-L,0
1012YKPINK-3XL,77
1012YKPINK-4XL,88
1012YKPINK-5XL,70
1012YKPINK-L,136
1012YKPINK-M,92
1012YKPINK-S,84
1012YKPINK-XL,166
1012YKPINK-XS,68
1012YKPINK-XXL,133
1013YKBROWN-XL,0
1014YKAZKBLE-M,1
1014YKAZKBLE-S,1
1014YKAZKBLUE-L,0
1014YKAZKBLUE-M,0
1014YKAZKBLUE-S,0
1014YKAZKBLUE-XL,0
1015YKMULTIGREEN-M,0
1015YKMULTIGREEN-XL,0
1015YKMULTIGREEN-XXL,0
1016YKMULTIPRINT-L,0
1016YKMULTIPRINT-M,0
1016YKMULTIPRINT-S,0
1016YKMULTIPRINT-XL,2
1018YKBROWN-L,5
1018YKBROWN-M,3
1018YKBROWN-S,8
1018YKBROWN-XL,0
1018YKBROWN-XXL,0
1019YKGREY-L,0
1019YKGREY-M,0
1020YKBLUE-L,0
1020YKBLUE-M,0
1020YKBLUE-XL,0
1020YKBLUE-XXL,0
1021YKRGREEN-L,0
1021YKRGREEN-M,0
1021YKRGREEN-S,0
1021YKRGREEN-XL,0
1021YKRGREEN-XXL,0
1022YKRGREEN-L,0
1022YKRGREEN-M,0
1022YKRGREEN-S,0
1022YKRGREEN-XL,0
1022YKRGREEN-XXL,0
1023YKPBLUE-3XL,126
1023YKPBLUE-4XL,71
1023YKPBLUE-5XL,124
1023YKPBLUE-6XL,47
1023YKPBLUE-7XL,48
1023YKPBLUE-8XL,54
1023YKPBLUE-L,507
1023YKPBLUE-M,318
1023YKPBLUE-S,451
1023YKPBLUE-XL,297
1023YKPBLUE-XS,132
1023YKPBLUE-XXL,206
1024YKMUSTARD-3XL,15
1024YKMUSTARD-4XL,0
1024YKMUSTARD-5XL,0
1024YKMUSTARD-6XL,1
1024YKMUSTARD-7XL,0
1024YKMUSTARD-8XL,0
1024YKMUSTARD-L,33
1024YKMUSTARD-M,15
1024YKMUSTARD-S,12
1024YKMUSTARD-XL,2
1024YKMUSTARD-XS,9
1024YKMUSTARD-XXL,26
1025YKSKY-L,0
1025YKSKY-M,0
1025YKSKY-S,3
1025YKSKY-XL,0
1025YKSKY-XXL,0
1026YKOFFWHITE-L,0
1026YKOFFWHITE-M,0
1026YKOFFWHITE-S,0
1026YKOFFWHITE-XXL,0
1027YKGREY-L,0
1027YKGREY-M,0
1027YKGREY-S,0
1027YKGREY-XL,0
1028YKBLACK-L,0
1028YKBLACK-M,0
1028YKBLACK-S,0
1028YKBLACK-XL,0
1029YKBLUE-3XL,0
1029YKBLUE-L,0
1029YKBLUE-S,0
1029YKBLUE-XL,0
102YK131BROWN-XXL,0
1030YKBLACK-M,0
1030YKBLACK-S,0
1030YKBLACK-XL,0
1031YKGREY-L,0
1031YKGREY-M,0
1031YKGREY-S,0
1031YKGREY-XL,0
1032YKBLUE-L,0
1032YKBLUE-M,0
1032YKBLUE-S,0
1032YKBLUE-XL,0
1033YKMUSTARD-3XL,0
1033YKMUSTARD-L,0
1033YKMUSTARD-M,0
1033YKMUSTARD-S,0
1033YKMUSTARD-XL,0
1033YKMUSTARD-XS,0
1033YKMUSTARD-XXL,0
1034YKTEAL-3XL,3
1034YKTEAL-4XL,1
1034YKTEAL-5XL,1
1034YKTEAL-L,6
1034YKTEAL-M,17
1034YKTEAL-S,7
1034YKTEAL-XL,0
1034YKTEAL-XS,1
1034YKTEAL-XXL,10
1035YKMAROON-L,0
1035YKMAROON-M,0
1035YKMAROON-S,1
1035YKMAROON-XL,0
1035YKMAROON-XXL,0
1036YKBLUE-XL,-1
1037DPT19WHITE-3XL,75
1037DPT19WHITE-4XL,29
1037DPT19WHITE-5XL,75
1037DPT19WHITE-6XL,2
1037DPT19WHITE-7XL,0
1037DPT19WHITE-8XL,1
1037DPT19WHITE-L,2
1037DPT19WHITE-M,2
1037DPT19WHITE-S,75
1037DPT19WHITE-XL,1
1037DPT19WHITE-XS,31
1037DPT19WHITE-XXL,21
1037YKBLUE-3XL,87
1037YKBLUE-4XL,37
1037YKBLUE-5XL,154
1037YKBLUE-6XL,4
1037YKBLUE-7XL,1
1037YKBLUE-8XL,2
1037YKBLUE-L,7
1037YKBLUE-M,4
1037YKBLUE-S,81
1037YKBLUE-XL,4
1037YKBLUE-XS,36
1037YKBLUE-XXL,29
1038YKBLUE-L,0
1038YKBLUE-M,0
1038YKBLUE-S,0
1038YKBLUE-XL,0
1038YKBLUE-XS,0
1039YKGREY-3XL,0
1039YKGREY-XL,0
1039YKGREY-XXL,0
103YK219BROWN-L,0
103YK219BROWN-M,0
103YK219BROWN-XL,0
1040YKGREEN-3XL,0
1040YKGREEN-L,0
1040YKGREEN-M,0
1040YKGREEN-S,0
1040YKGREEN-XL,0
1040YKGREEN-XXL,0
1041YKDARKGREY-3XL,0
1041YKDARKGREY-L,0
1041YKDARKGREY-M,0
1041YKDARKGREY-S,0
1041YKDARKGREY-XL,0
1041YKDARKGREY-XXL,0
1042YKBROWN-M,0
1042YKBROWN-S,0
1042YKBROWN-XXL,0
1043YKMAROON-3XL,198
1043YKMAROON-4XL,89
1043YKMAROON-5XL,144
1043YKMAROON-6XL,74
1043YKMAROON-7XL,19
1043YKMAROON-8XL,36
1043YKMAROON-L,368
1043YKMAROON-M,236
1043YKMAROON-S,53
1043YKMAROON-XL,355
1043YKMAROON-XS,53
1043YKMAROON-XXL,315
1044YKRUST-3XL,1
1044YKRUST-L,0
1044YKRUST-M,0
1044YKRUST-S,0
1044YKRUST-XL,0
1044YKRUST-XXL,0
1045YKBLUISHGREY-L,0
1045YKBLUISHGREY-M,0
1045YKBLUISHGREY-S,0
1045YKBLUISHGREY-XL,0
1046YKBLUE-L,17
1046YKBLUE-M,5
1046YKBLUE-S,15
1046YKBLUE-XL,5
1046YKBLUE-XS,15
1046YKBLUE-XXL,6
1047YKBLUISHEGREY-3XL,0
1047YKBLUISHEGREY-L,1
1047YKBLUISHEGREY-M,5
1047YKBLUISHEGREY-S,20
1047YKBLUISHEGREY-XL,0
1047YKBLUISHEGREY-XS,2
1047YKBLUISHEGREY-XXL,0
1048YKBLUE-3XL,4
1048YKBLUE-4XL,19
1048YKBLUE-5XL,9
1048YKBLUE-6XL,4
1048YKBLUE-7XL,8
1048YKBLUE-8XL,23
1048YKBLUE-L,8
1048YKBLUE-M,21
1048YKBLUE-S,1
1048YKBLUE-XL,3
1048YKBLUE-XS,62
1048YKBLUE-XXL,12
1049YKMAROON-3XL,0
1049YKMAROON-L,0
1049YKMAROON-M,0
1049YKMAROON-S,0
1049YKMAROON-XL,0
1049YKMAROON-XXL,0
104YK219BLUE-L,0
1050YKBLUE-3XL,28
1050YKBLUE-4XL,37
1050YKBLUE-5XL,13
1050YKBLUE-L,19
1050YKBLUE-M,40
1050YKBLUE-S,9
1050YKBLUE-XL,54
1050YKBLUE-XS,13
1050YKBLUE-XXL,22
1051YKMAROON-3XL,5
1051YKMAROON-4XL,2
1051YKMAROON-5XL,1
1051YKMAROON-6XL,3
1051YKMAROON-7XL,5
1051YKMAROON-8XL,3
1051YKMAROON-L,20
1051YKMAROON-M,5
1051YKMAROON-S,1
1051YKMAROON-XL,3
1051YKMAROON-XS,14
1051YKMAROON-XXL,1
1052YKGREEN-3XL,6
1052YKGREEN-4XL,4
1052YKGREEN-5XL,4
1052YKGREEN-L,0
1052YKGREEN-M,5
1052YKGREEN-S,8
1052YKGREEN-XL,0
1052YKGREEN-XS,25
1052YKGREEN-XXL,1
1053YKMAROON-3XL,0
1053YKMAROON-L,0
1053YKMAROON-M,3
1053YKMAROON-S,7
1053YKMAROON-XL,0
1053YKMAROON-XXL,0
1054YKYELLOW-L,0
1054YKYELLOW-M,0
1054YKYELLOW-S,0
1055YKGREEN-3XL,26
1055YKGREEN-4XL,1
1055YKGREEN-5XL,55
1055YKGREEN-L,65
1055YKGREEN-M,12
1055YKGREEN-S,23
1055YKGREEN-XL,69
1055YKGREEN-XS,33
1055YKGREEN-XXL,43
1056YKOFFWHITE-L,0
1056YKOFFWHITE-M,0
1056YKOFFWHITE-S,0
1056YKOFFWHITE-XL,0
1056YKOFFWHITE-XXL,0
1057KDBLUE-11-12,4
1057KDBLUE-13-14,2
1057KDBLUE-7-8,19
1057KDBLUE-9-10,5
1057YKBLUE-3XL,173
1057YKBLUE-4XL,107
1057YKBLUE-5XL,154
1057YKBLUE-6XL,110
1057YKBLUE-7XL,93
1057YKBLUE-8XL,35
1057YKBLUE-L,446
1057YKBLUE-M,640
1057YKBLUE-S,393
1057YKBLUE-XL,402
1057YKBLUE-XS,164
1057YKBLUE-XXL,118
1058YKMUSTARD-L,0
1058YKMUSTARD-M,0
1058YKMUSTARD-S,0
1058YKMUSTARD-XL,0
1059YKMUSTARD-3XL,8
1059YKMUSTARD-4XL,7
1059YKMUSTARD-5XL,2
1059YKMUSTARD-6XL,4
1059YKMUSTARD-7XL,18
1059YKMUSTARD-8XL,3
1059YKMUSTARD-L,10
1059YKMUSTARD-M,22
1059YKMUSTARD-S,1
1059YKMUSTARD-XL,4
1059YKMUSTARD-XS,0
1059YKMUSTARD-XXL,0
105YK224BLACK-L,0
105YK224BLACK-M,5
105YK224BLACK-S,15
105YK224BLACK-XL,0
105YK224BLACK-XXL,0
1060YKBEIGE-3XL,90
1060YKBEIGE-4XL,52
1060YKBEIGE-5XL,76
1060YKBEIGE-L,94
1060YKBEIGE-M,77
1060YKBEIGE-S,54
1060YKBEIGE-XL,44
1060YKBEIGE-XS,50
1060YKBEIGE-XXL,122
1061YKBLUE-3XL,1
1061YKBLUE3XLBLUE,0
1061YKBLUE-4XL,0
1061YKBLUE-5XL,3
1061YKBLUE5XLBLUE,0
1061YKBLUE-6XL,0
1061YKBLUE-7XL,1
1061YKBLUE-8XL,1
1061YKBLUE-L,0
1061YKBLUE-M,4
1061YKBLUE-S,0
1061YKBLUE-XL,1
1061YKBLUE-XXL,1
1062YKSKYBLUE-3XL,0
1062YKSKYBLUE-4XL,0
1062YKSKYBLUE-L,0
1062YKSKYBLUE-M,0
1062YKSKYBLUE-S,23
1062YKSKYBLUE-XL,0
1062YKSKYBLUE-XXL,0
1063YKRED-4XL,0
1063YKRED-L,0
1063YKRED-M,2
1063YKRED-S,30
1063YKRED-XL,0
1063YKRED-XS,1
1063YKRED-XXL,1
1064YKBLUE-3XL,0
1064YKBLUE-4XL,0
1064YKBLUE-5XL,0
1064YKBLUE-L,0
1064YKBLUE-M,0
1064YKBLUE-S,1
1064YKBLUE-XL,0
1064YKBLUE-XS,0
1064YKBLUE-XXL,-1
1065KDBLUE-11-12,4
1065KDBLUE-13-14,1
1065KDBLUE-7-8,21
1065KDBLUE-9-10,12
1065YKBLUE-3XL,49
1065YKBLUE-4XL,93
1065YKBLUE-5XL,66
1065YKBLUE-6XL,26
1065YKBLUE-7XL,52
1065YKBLUE-8XL,29
1065YKBLUE-L,68
1065YKBLUE-M,78
1065YKBLUE-S,24
1065YKBLUE-XL,86
1065YKBLUE-XS,4
1065YKBLUE-XXL,7
1066KDYELLOW-11-12,2
1066KDYELLOW-13-14,4
1066KDYELLOW-7-8,1
1066KDYELLOW-9-10,3
1066YKYELLOW-3XL,35
1066YKYELLOW-4XL,14
1066YKYELLOW-5XL,22
1066YKYELLOW-L,81
1066YKYELLOW-M,134
1066YKYELLOW-S,65
1066YKYELLOW-XL,118
1066YKYELLOW-XS,19
1066YKYELLOW-XXL,117
1067YKBLUE-3XL,0
1067YKBLUE-4XL,0
1067YKBLUE-5XL,0
1067YKBLUE-L,0
1067YKBLUE-M,0
1067YKBLUE-S,0
1067YKBLUE-XL,0
1067YKBLUE-XXL,0
1068YKBLUE-L,1
1068YKBLUE-M,0
1068YKBLUE-S,0
1068YKBLUE-XL,0
1068YKBLUE-XXL,0
1069YKBLUE-3XL,30
1069YKBLUE-4XL,6
1069YKBLUE-5XL,15
1069YKBLUE-L,43
1069YKBLUE-M,43
1069YKBLUE-S,32
1069YKBLUE-XL,7
1069YKBLUE-XS,45
1069YKBLUE-XXL,6
106YK223BROWN-M,0
1070YKRED-3XL,0
1070YKRED-4XL,0
1070YKRED-5XL,0
1070YKRED-L,0
1070YKRED-M,0
1070YKRED-S,1
1070YKRED-XL,0
1070YKRED-XXL,0
1071YKYELLOW-M,0
1071YKYELLOW-S,0
1071YKYELLOW-XL,0
1072YKBLACK-3XL,8
1072YKBLACK-4XL,4
1072YKBLACK-5XL,9
1072YKBLACK-L,0
1072YKBLACK-M,29
1072YKBLACK-S,21
1072YKBLACK-XL,38
1072YKBLACK-XXL,3
1073YKBLUE-L,1
1073YKBLUE-M,0
1073YKBLUE-S,0
1073YKBLUE-XL,0
1073YKBLUE-XXL,0
1074YKGREEN-3XL,0
1074YKGREEN-L,0
1074YKGREEN-M,0
1074YKGREEN-S,0
1074YKGREEN-XL,0
1074YKGREEN-XXL,0
1075YKSKYBLUE-L,0
1075YKSKYBLUE-XXL,0
1076YKBLUE-3XL,0
1076YKBLUE-L,0
1076YKBLUE-M,0
1076YKBLUE-S,0
1076YKBLUE-XL,0
1076YKBLUE-XS,0
1076YKBLUE-XXL,0
1077YKPINK-L,0
1077YKPINK-M,0
1077YKPINK-S,0
1078YKBLUE-3XL,0
1078YKBLUE-L,0
1078YKBLUE-M,0
1078YKBLUE-S,0
1078YKBLUE-XL,0
1078YKBLUE-XXL,0
1080YKLEMON-3XL,26
1080YKLEMON-4XL,64
1080YKLEMON-5XL,31
1080YKLEMON-L,14
1080YKLEMON-M,62
1080YKLEMON-S,76
1080YKLEMON-XL,45
1080YKLEMON-XS,19
1080YKLEMON-XXL,75
1081YKYELLOW-L,1
1081YKYELLOW-M,0
1081YKYELLOW-S,0
1081YKYELLOW-XL,1
1081YKYELLOW-XXL,2
1082YKPINK-3XL,0
1082YKPINK-4XL,2
1082YKPINK-5XL,0
1082YKPINK-L,21
1082YKPINK-M,12
1082YKPINK-S,17
1082YKPINK-XL,10
1082YKPINK-XXL,0
1083YKBLUE-3XL,1
1083YKBLUE-L,0
1083YKBLUE-M,0
1083YKBLUE-S,0
1083YKBLUE-XL,0
1083YKBLUE-XXL,0
1084YKSTRIPE-S,0
1084YKSTRIPE-XL,0
1084YKSTRIPE-XXL,0
1085YKPINK-3XL,13
1085YKPINK-4XL,21
1085YKPINK-5XL,14
1085YKPINK-6XL,28
1085YKPINK-7XL,25
1085YKPINK-8XL,22
1085YKPINK-L,45
1085YKPINK-M,40
1085YKPINK-S,7
1085YKPINK-XL,86
1085YKPINK-XS,9
1085YKPINK-XXL,5
1086YKSKYBLUE-L,0
1086YKSKYBLUE-M,1
1086YKSKYBLUE-S,1
1086YKSKYBLUE-XL,0
1086YKSKYBLUE-XXL,0
1087YKINDIGO-L,0
1087YKINDIGO-M,0
1087YKINDIGO-S,1
1088YKBLUE-L,0
1088YKBLUE-M,0
1088YKBLUE-S,0
1088YKBLUE-XL,0
1088YKBLUE-XXL,0
1089YKGREEN-3XL,0
1089YKGREEN-4XL,0
1089YKGREEN-5XL,0
1089YKGREEN-L,0
1089YKGREEN-M,4
1089YKGREEN-S,11
1089YKGREEN-XL,0
1089YKGREEN-XXL,0
108KD148PINKRAY-11-12,0
108KD148PINKRAY-9-10,0
108YK148PINKRAY-3XL,51
108YK148PINKRAY-4XL,81
108YK148PINKRAY-5XL,74
108YK148PINKRAY-6XL,48
108YK148PINKRAY-7XL,22
108YK148PINKRAY-8XL,14
108YK148PINKRAY-L,35
108YK148PINKRAY-M,26
108YK148PINKRAY-S,44
108YK148PINKRAY-XL,29
108YK148PINKRAY-XS,15
108YK148PINKRAY-XXL,32
1090YKCREAM-L,12
1090YKCREAM-M,9
1090YKCREAM-S,10
1090YKCREAM-XL,1
1090YKCREAM-XXL,4
1090YKORANGE-3XL,0
1090YKORANGE-XXL,0
1091KDPURPLE-11-12,0
1091KDPURPLE-13-14,0
1091KDPURPLE-7-8,6
1091KDPURPLE-9-10,0
1091YKPURPLE-3XL,2
1091YKPURPLE-4XL,3
1091YKPURPLE-5XL,0
1091YKPURPLE-6XL,1
1091YKPURPLE-7XL,4
1091YKPURPLE-8XL,2
1091YKPURPLE-L,1
1091YKPURPLE-M,1
1091YKPURPLE-S,3
1091YKPURPLE-XL,0
1091YKPURPLE-XS,18
1091YKPURPLE-XXL,0
1092YKPEACH-3XL,0
1092YKPEACH-4XL,0
1092YKPEACH-5XL,0
1092YKPEACH-L,0
1092YKPEACH-M,0
1092YKPEACH-S,1
1092YKPEACH-XL,0
1092YKPEACH-XXL,0
1093YKCOWL-L,0
1093YKCOWL-M,0
1093YKCOWL-S,0
1093YKCOWL-XL,0
1093YKCOWL-XXL,0
1095YKRED-L,0
1095YKRED-M,0
1095YKRED-S,0
1095YKRED-XL,0
1095YKRED-XXL,0
1096YKBLUE-3XL,141
1096YKBLUE-4XL,24
1096YKBLUE-5XL,86
1096YKBLUE-6XL,52
1096YKBLUE-7XL,45
1096YKBLUE-8XL,14
1096YKBLUE-L,22
1096YKBLUE-M,228
1096YKBLUE-S,50
1096YKBLUE-XL,6
1096YKBLUE-XS,50
1096YKBLUE-XXL,9
1097YKGREEN-L,0
1097YKGREEN-M,2
1097YKGREEN-S,2
1097YKGREEN-XL,0
1098YKBLACK-L,0
1098YKBLACK-S,0
1098YKBLACK-XL,0
1099YKRED-L,0
1099YKRED-M,0
1099YKRED-S,0
1099YKRED-XXL,0
1101YKBLUE-3XL,0
1101YKBLUE-L,0
1101YKBLUE-M,0
1101YKBLUE-S,1
1101YKBLUE-XL,0
1101YKBLUE-XXL,0
1102YKPINK-3XL,0
1102YKPINK-L,0
1102YKPINK-M,0
1102YKPINK-S,0
1102YKPINK-XL,0
1103YKPURPLE-3XL,0
1103YKPURPLE-4XL,0
1103YKPURPLE-5XL,0
1103YKPURPLE-L,0
1103YKPURPLE-M,0
1103YKPURPLE-S,0
1103YKPURPLE-XL,0
1103YKPURPLE-XXL,0
1104YKINDIGO-L,0
1104YKINDIGO-M,0
1104YKINDIGO-S,0
1104YKINDIGO-XL,0
1105YKBLUE-L,0
1105YKBLUE-S,0
1106YKBLUE-3XL,10
1106YKBLUE-4XL,35
1106YKBLUE-5XL,41
1106YKBLUE-6XL,13
1106YKBLUE-7XL,9
1106YKBLUE-8XL,10
1106YKBLUE-L,4
1106YKBLUE-M,11
1106YKBLUE-S,39
1106YKBLUE-XL,12
1106YKBLUE-XS,7
1106YKBLUE-XXL,46
1107YKPURPLE-4XL,0
1107YKPURPLE-L,1
1107YKPURPLE-M,0
1107YKPURPLE-S,2
1107YKPURPLE-XL,1
1107YKPURPLE-XS,0
1107YKPURPLE-XXL,0
1108YKYELLOW-L,0
1108YKYELLOW-M,0
1108YKYELLOW-S,0
1108YKYELLOW-XL,0
1108YKYELLOW-XS,0
1109YKMUSTARD-M,0
1109YKMUSTARD-S,1
1109YKMUSTARD-XL,0
1109YKMUSTARD-XXL,0
110YK239WHITE-L,1
110YK239WHITE-M,1
110YK239WHITE-S,1
110YK239WHITE-XL,1
110YK239WHITE-XXL,0
1110YKPINK-3XL,0
1110YKPINK-L,0
1110YKPINK-M,4
1110YKPINK-S,8
1110YKPINK-XL,0
1110YKPINK-XXL,0
1112DPT21MULTI-3XL,64
1112DPT21MULTI-4XL,86
1112DPT21MULTI-5XL,93
1112DPT21MULTI-6XL,6
1112DPT21MULTI-7XL,4
1112DPT21MULTI-8XL,7
1112DPT21MULTI-L,94
1112DPT21MULTI-M,57
1112DPT21MULTI-S,46
1112DPT21MULTI-XL,92
1112DPT21MULTI-XS,66
1112DPT21MULTI-XXL,85
1112KDBLACK-11-12,3
1112KDBLACK-13-14,0
1112KDBLACK-7-8,17
1112KDBLACK-9-10,13
1112YKBLACK-3XL,70
1112YKBLACK-4XL,96
1112YKBLACK-5XL,103
1112YKBLACK-6XL,9
1112YKBLACK-7XL,9
1112YKBLACK-8XL,10
1112YKBLACK-L,101
1112YKBLACK-M,64
1112YKBLACK-S,52
1112YKBLACK-XL,97
1112YKBLACK-XS,70
1112YKBLACK-XXL,91
1113YKSEAGREEN-L,0
1113YKSEAGREEN-M,1
1113YKSEAGREEN-S,2
1113YKSEAGREEN-XL,0
1113YKSEAGREEN-XXL,0
1114YKBLACK-L,0
1114YKBLACK-M,0
1114YKBLACK-XL,0
1114YKBLACK-XXL,0
1115YKBLUE-3XL,0
1115YKBLUE-4XL,0
1115YKBLUE-5XL,0
1115YKBLUE-L,0
1115YKBLUE-M,14
1115YKBLUE-S,24
1115YKBLUE-XL,0
1115YKBLUE-XXL,0
1117YKBLUE-L,0
1117YKBLUE-M,0
1117YKBLUE-S,0
1117YKBLUE-XL,0
1118YKGREEN-3XL,0
1118YKGREEN-L,0
1118YKGREEN-M,4
1118YKGREEN-S,14
1118YKGREEN-XL,0
1118YKGREEN-XXL,0
1119YKBLUE-3XL,0
1119YKBLUE-4XL,0
1119YKBLUE-5XL,0
1119YKBLUE-L,0
1119YKBLUE-M,2
1119YKBLUE-S,0
1119YKBLUE-XL,0
1119YKBLUE-XXL,0
1119YKCMB5010-3XL,0
1119YKCMB5010-4XL,0
1119YKCMB5010-5XL,0
1119YKCMB5010-L,0
1119YKCMB5010-L_MYNTRA,0
1119YKCMB5010-M,2
1119YKCMB5010-M_MYNTRA,0
1119YKCMB5010-S,0
1119YKCMB5010-S_MYNTRA,0
1119YKCMB5010-XL,0
1119YKCMB5010-XL_MYNTRA,0
1119YKCMB5010-XXL,0
1119YKCMB5010-XXL_MYNTRA,0
1119YKMB5010-M,0
1120YKBLUE-L,7
1120YKBLUE-M,4
1120YKBLUE-S,5
1120YKBLUE-XL,3
1120YKBLUE-XXL,1
1121YKPINK-3XL,0
1121YKPINK-L,0
1121YKPINK-M,0
1121YKPINK-S,0
1121YKPINK-XL,0
1121YKPINK-XXL,0
1122YKYELLOW-3XL,0
1122YKYELLOW-L,9
1122YKYELLOW-M,26
1122YKYELLOW-S,23
1122YKYELLOW-XL,3
1122YKYELLOW-XXL,1
1123YKBLUE-L,0
1123YKBLUE-M,0
1123YKBLUE-S,0
1123YKBLUE-XL,0
1123YKBLUE-XXL,0
1124YKPINK-L,0
1124YKPINK-M,6
1124YKPINK-S,12
1124YKPINK-XL,0
1124YKPINK-XXL,0
1125YKGREEN-L,0
1125YKGREEN-M,0
1125YKGREEN-S,0
1125YKGREEN-XL,0
1125YKGREEN-XS,0
1125YKGREEN-XXL,0
1126YKTEAL-4XL,0
1126YKTEAL-L,0
1126YKTEAL-M,0
1126YKTEAL-S,1
1126YKTEAL-XL,0
1126YKTEAL-XXL,0
1127YKMAROON-3XL,14
1127YKMAROON-4XL,106
1127YKMAROON-5XL,12
1127YKMAROON-6XL,106
1127YKMAROON-7XL,51
1127YKMAROON-8XL,57
1127YKMAROON-L,26
1127YKMAROON-M,79
1127YKMAROON-S,58
1127YKMAROON-XL,45
1127YKMAROON-XS,88
1127YKMAROON-XXL,199
1128YKPINK-L,0
1128YKPINK-M,0
1128YKPINK-S,0
1128YKPINK-XL,0
1128YKPINK-XXL,0
1129YKBLUE-3XL,4
1129YKBLUE-4XL,0
1129YKBLUE-5XL,1
1129YKBLUE-6XL,0
1129YKBLUE-7XL,0
1129YKBLUE-8XL,0
1129YKBLUE-L,7
1129YKBLUE-M,8
1129YKBLUE-S,9
1129YKBLUE-XL,0
1129YKBLUE-XS,0
1129YKBLUE-XXL,2
112YK242MAROON-M,0
112YK242MAROON-S,0
112YK242MAROON-XL,0
1130YKPURPLE-3XL,148
1130YKPURPLE-4XL,165
1130YKPURPLE-5XL,165
1130YKPURPLE-6XL,74
1130YKPURPLE-7XL,68
1130YKPURPLE-8XL,61
1130YKPURPLE-L,63
1130YKPURPLE-M,50
1130YKPURPLE-S,19
1130YKPURPLE-XL,86
1130YKPURPLE-XS,12
1130YKPURPLE-XXL,126
1131YKPURPLE-L,0
1131YKPURPLE-M,0
1131YKPURPLE-S,0
1131YKPURPLE-XL,0
1131YKPURPLE-XXL,0
1132YKYELLOW-L,0
1132YKYELLOW-XL,0
1132YKYELLOW-XXL,0
1133YKBLACK-3XL,0
1133YKBLACK-4XL,0
1133YKBLACK-5XL,0
1133YKBLACK-L,0
1133YKBLACK-M,0
1133YKBLACK-S,0
1133YKBLACK-XL,0
1133YKBLACK-XXL,0
1134YKPINK-L,0
1134YKPINK-M,0
1134YKPINK-S,0
1134YKPINK-XL,0
1134YKPINK-XXL,0
1135YKMUSTARD-L,0
1135YKMUSTARD-M,0
1135YKMUSTARD-S,1
1135YKMUSTARD-XL,0
1135YKMUSTARD-XXL,0
1136YKWHITE-L,0
1136YKWHITE-M,0
1136YKWHITE-S,0
1137YKBLUE-L,0
1137YKBLUE-M,0
1137YKBLUE-S,0
1137YKBLUE-XL,0
1137YKBLUE-XXL,0
1138YKMULTI-L,0
1138YKMULTI-M,0
1138YKMULTI-S,1
1138YKMULTI-XL,0
1139YKRED-L,0
1139YKRED-M,0
1139YKRED-S,0
1139YKRED-XL,0
113YK242TUR-XXL,0
1140YKYELLOW-L,0
1140YKYELLOW-M,0
1140YKYELLOW-S,0
1140YKYELLOW-XXL,0
1141YKCMB5012-4XL,0
1141YKCMB5012-5XL,0
1141YKCMB5012-L,0
1141YKCMB5012-L_MYNTRA,0
1141YKCMB5012-M,0
1141YKCMB5012-M_MYNTRA,0
1141YKCMB5012-S,0
1141YKCMB5012-S_MYNTRA,0
1141YKCMB5012-XL,0
1141YKCMB5012-XL_MYNTRA,0
1141YKCMB5012-XXL,0
1141YKMB5012-S,0
1141YKSKYBLUE-L,0
1141YKSKYBLUE-M,0
1141YKSKYBLUE-S,1
1141YKSKYBLUE-XL,0
1141YKSKYBLUE-XXL,0
1142YKCMB5010-3XL,0
1142YKCMB5010-4XL,0
1142YKCMB5010-5XL,0
1142YKCMB5010-L,0
1142YKCMB5010-L_MYNTRA,0
1142YKCMB5010-M,0
1142YKCMB5010-M_MYNTRA,0
1142YKCMB5010-S,0
1142YKCMB5010-S_MYNTRA,0
1142YKCMB5010-XL,0
1142YKCMB5010-XL_MYNTRA,0
1142YKCMB5010-XXL,0
1142YKCMB5010-XXL_MYNTRA,0
1142YKPINK-3XL,0
1142YKPINK-4XL,0
1142YKPINK-5XL,0
1142YKPINK-L,0
1142YKPINK-M,0
1142YKPINK-S,0
1142YKPINK-XL,0
1142YKPINK-XXL,0
1143YKCMB5012-3XL,0
1143YKCMB5012-3XL_MYNTRA,0
1143YKCMB5012-4XL,0
1143YKCMB5012-4XL_MYNTRA,0
1143YKCMB5012-5XL,0
1143YKCMB5012-5XL_MYNTRA,0
1143YKCMB5012-L,0
1143YKCMB5012-L_MYNTRA,0
1143YKCMB5012-M,0
1143YKCMB5012-M_MYNTRA,0
1143YKCMB5012-S,0
1143YKCMB5012-S_MYNTRA,0
1143YKCMB5012-XL,0
1143YKCMB5012-XL_MYNTRA,0
1143YKCMB5012-XXL,0
1143YKCMB5012-XXL_MYNTRA,0
1143YKGREEN-L,0
1143YKGREEN-M,2
1143YKGREEN-S,4
1143YKGREEN-XL,0
1143YKGREEN-XXL,0
1143YKMB5012-S,0
1144YKCMB5012-L,0
1144YKCMB5012-L_MYNTRA,0
1144YKCMB5012-M,0
1144YKCMB5012-M_MYNTRA,0
1144YKCMB5012-S,0
1144YKCMB5012-S_MYNTRA,0
1144YKCMB5012-XL,0
1144YKCMB5012-XL_MYNTRA,0
1144YKCMB5012-XXL,0
1144YKCMB5012-XXL_MYNTRA,0
1144YKMB5012-S,0
1144YKWHITE-L,-1
1144YKWHITE-M,0
1144YKWHITE-S,0
1144YKWHITE-XL,0
1144YKWHITE-XXL,0
1145YKBLACK-L,0
1145YKBLACK-S,0
1145YKBLACK-XL,0
1145YKBLACK-XXL,0
1145YKCMB5012-L,0
1145YKCMB5012-L_MYNTRA,0
1145YKCMB5012-M,0
1145YKCMB5012-M_MYNTRA,0
1145YKCMB5012-S,0
1145YKCMB5012-S_MYNTRA,0
1145YKCMB5012-XL,0
1145YKCMB5012-XL_MYNTRA,0
1145YKCMB5012-XXL,0
1145YKCMB5012-XXL_MYNTRA,0
1146YKMAROON-3XL,0
1146YKMAROON-4XL,0
1146YKMAROON-5XL,0
1146YKMAROON-L,1
1146YKMAROON-M,0
1146YKMAROON-S,0
1146YKMAROON-XL,0
1146YKMAROON-XXL,0
1147YKBANDJ-3XL,0
1147YKBANDJ-4XL,0
1147YKBANDJ-L,0
1147YKBANDJ-M,0
1147YKBANDJ-S,0
1147YKCMB5017-3XL,0
1147YKCMB5017-4XL,0
1147YKCMB5017-5XL,0
1147YKCMB5017-5XL_MYNTRA,0
1147YKCMB5017-L,0
1147YKCMB5017-L_MYNTRA,0
1147YKCMB5017-M,0
1147YKCMB5017-M_MYNTRA,0
1147YKCMB5017-S,0
1147YKCMB5017-S_MYNTRA,0
1147YKCMB5017-XL,0
1147YKCMB5017-XL_MYNTRA,0
1147YKCMB5017-XXL,0
1147YKCMB5017-XXL_MYNTRA,0
1148YKGREEN-L,0
1148YKGREEN-M,0
1148YKGREEN-S,0
1148YKGREEN-XL,0
1149YKPINK-L,0
1149YKPINK-M,1
1149YKPINK-S,9
1149YKPINK-XL,0
114YK243BLUE-L,0
114YK243BLUE-M,1
114YK243BLUE-S,0
114YK243BLUE-XL,0
114YK243BLUE-XXL,2
1150YKGREY-L,1
1150YKGREY-M,0
1150YKGREY-S,0
1150YKGREY-XL,0
1150YKGREY-XXL,0
1151YKBLUE-3XL,0
1151YKBLUE-5XL,0
1151YKBLUE-L,0
1151YKBLUE-M,0
1151YKBLUE-S,0
1151YKBLUE-XL,0
1151YKBLUE-XXL,0
1152YKCMB5012-L,0
1152YKCMB5012-M,0
1152YKCMB5012-S,0
1152YKCMB5012-XL,0
1152YKWHITE-L,0
1152YKWHITE-M,0
1152YKWHITE-S,0
1152YKWHITE-XL,0
1153YKCMB5016-L,0
1153YKCMB5016-M,0
1153YKCMB5016-S,0
1153YKCMB5016-XL,0
1153YKPINK-L,0
1153YKPINK-M,0
1153YKPINK-S,0
1153YKPINK-XL,0
1154YKBLACK-L,0
1154YKBLACK-M,0
1154YKBLACK-S,0
1154YKBLACK-XL,0
1155YKGREEN-3XL,0
1155YKGREEN-L,0
1155YKGREEN-M,0
1155YKGREEN-S,0
1155YKGREEN-XL,0
1155YKGREEN-XXL,0
1156YKGREEN-L,0
1156YKGREEN-M,0
1156YKGREEN-S,0
1156YKGREEN-XL,0
1156YKGREEN-XXL,-1
1157YKCMB5006-L,0
1157YKCMB5006-L_MYNTRA,0
1157YKCMB5006-M,0
1157YKCMB5006-M_MYNTRA,0
1157YKCMB5006-S,0
1157YKCMB5006-S_MYNTRA,0
1157YKCMB5006-XL,0
1157YKCMB5006-XL_MYNTRA,0
1157YKCMB5006-XXL,0
1157YKCMB5006-XXL_MYNTRA,0
1157YKMAROON-3XL,0
1157YKMAROON-5XL,0
1157YKMAROON-L,0
1157YKMAROON-M,0
1157YKMAROON-S,0
1157YKMAROON-XL,0
1157YKMAROON-XXL,0
1157YKMB5006-XXL,0
1158YKGREEN-3XL,41
1158YKGREEN-4XL,28
1158YKGREEN-5XL,65
1158YKGREEN-6XL,55
1158YKGREEN-7XL,43
1158YKGREEN-8XL,88
1158YKGREEN-L,23
1158YKGREEN-M,42
1158YKGREEN-S,46
1158YKGREEN-XL,55
1158YKGREEN-XS,18
1158YKGREEN-XXL,76
1159YKBLUE-3XL,0
1159YKBLUE-5XL,0
1159YKBLUE-L,0
1159YKBLUE-M,0
1159YKBLUE-S,0
1159YKBLUE-XL,0
1159YKBLUE-XXL,0
115YK243BROWN-L,0
115YK243BROWN-M,1
115YK243BROWN-S,1
115YK243BROWN-XL,1
115YK243BROWN-XXL,0
1160YKGREEN-L,0
1160YKGREEN-M,0
1160YKGREEN-S,1
1160YKGREEN-XL,0
1160YKGREEN-XXL,0
1161YKTURQ-L,0
1161YKTURQ-M,2
1161YKTURQ-S,5
1161YKTURQ-XL,0
1161YKTURQ-XS,4
1162YKMAROON-3XL,60
1162YKMAROON-4XL,93
1162YKMAROON-5XL,53
1162YKMAROON-6XL,23
1162YKMAROON-7XL,22
1162YKMAROON-8XL,21
1162YKMAROON-L,127
1162YKMAROON-M,124
1162YKMAROON-S,78
1162YKMAROON-XL,38
1162YKMAROON-XS,26
1162YKMAROON-XXL,101
1163YKBLUE-L,0
1163YKBLUE-M,0
1163YKBLUE-S,0
1163YKBLUE-XL,0
1163YKBLUE-XXL,0
1164YKBLACK-3XL,2
1164YKBLACK-4XL,1
1164YKBLACK-5XL,4
1164YKBLACK-6XL,5
1164YKBLACK-7XL,13
1164YKBLACK-8XL,42
1164YKBLACK-L,1
1164YKBLACK-M,1
1164YKBLACK-S,0
1164YKBLACK-XL,14
1164YKBLACK-XS,12
1164YKBLACK-XXL,0
1165YKBLACK-L,0
1165YKBLACK-M,1
1165YKBLACK-S,6
1165YKBLACK-XL,0
1165YKBLACK-XXL,0
1166YKBLUE-5XL,0
1166YKBLUE-L,0
1166YKBLUE-M,0
1166YKBLUE-S,0
1166YKBLUE-XL,0
1166YKBLUE-XXL,0
1167YKBLUE-L,0
1167YKBLUE-M,0
1167YKBLUE-S,0
1167YKBLUE-XL,1
1167YKBLUE-XS,0
1168YKTEAL-L,15
1168YKTEAL-M,3
1168YKTEAL-S,0
1168YKTEAL-XL,4
1168YKTEAL-XXL,9
1169YKBLUE-3XL,0
1169YKBLUE-L,0
1169YKBLUE-M,0
1169YKBLUE-S,2
1169YKBLUE-XL,0
1169YKBLUE-XS,0
1169YKBLUE-XXL,0
116YK244BLUE-L,0
116YK244BLUE-XL,0
116YK244BLUE-XXL,1
1170YKCMB5018-3XL,0
1170YKCMB5018-3XL_MYNTRA,0
1170YKCMB5018-4XL,0
1170YKCMB5018-4XL_MYNTRA,0
1170YKCMB5018-5XL,0
1170YKCMB5018-5XL_MYNTRA,0
1170YKCMB5018-L,1
1170YKCMB5018-L_MYNTRA,0
1170YKCMB5018-M,0
1170YKCMB5018-M_MYNTRA,0
1170YKCMB5018-S,0
1170YKCMB5018-S_MYNTRA,0
1170YKCMB5018-XL,0
1170YKCMB5018-XL_MYNTRA,0
1170YKCMB5018-XXL,0
1170YKCMB5018-XXL_MYNTRA,0
1170YKMB5018-L,0
1170YKYELLOW-3XL,0
1170YKYELLOW-4XL,0
1170YKYELLOW-5XL,0
1170YKYELLOW-L,1
1170YKYELLOW-M,3
1170YKYELLOW-S,4
1170YKYELLOW-XL,1
1170YKYELLOW-XXL,0
1171YKBLUE-3XL,0
1171YKBLUE-L,0
1171YKBLUE-M,0
1171YKBLUE-S,0
1171YKBLUE-XL,0
1171YKBLUE-XXL,0
1172YKCMB5018-3XL,0
1172YKCMB5018-3XL_MYNTRA,0
1172YKCMB5018-4XL,0
1172YKCMB5018-4XL_MYNTRA,0
1172YKCMB5018-5XL,0
1172YKCMB5018-5XL_MYNTRA,0
1172YKCMB5018-L,0
1172YKCMB5018-L_MYNTRA,0
1172YKCMB5018-M,0
1172YKCMB5018-M_MYNTRA,0
1172YKCMB5018-S,0
1172YKCMB5018-S_MYNTRA,0
1172YKCMB5018-XL,0
1172YKCMB5018-XL_MYNTRA,0
1172YKCMB5018-XXL,0
1172YKCMB5018-XXL_MYNTRA,0
1172YKMB5018-XL,0
1172YKMB5018-XXL,0
1172YKOLIVE-3XL,43
1172YKOLIVE-4XL,2
1172YKOLIVE-5XL,3
1172YKOLIVE-L,12
1172YKOLIVE-M,17
1172YKOLIVE-S,39
1172YKOLIVE-XL,18
1172YKOLIVE-XXL,4
1173YKBLACK-L,0
1173YKBLACK-S,0
1173YKBLACK-XL,0
1174YKBLACK-S,0
1175YKMULTI-L,0
1175YKMULTI-M,0
1175YKMULTI-S,0
1175YKMULTI-XL,0
1176YKPINK-L,0
1176YKPINK-M,0
1176YKPINK-S,0
1176YKPINK-XL,0
1176YKPINK-XXL,0
1177YKPINK-5XL,0
1177YKPINK-L,0
1177YKPINK-M,1
1177YKPINK-S,0
1177YKPINK-XL,0
1177YKPINK-XXL,0
1178YKWHITE-L,0
1178YKWHITE-M,0
1178YKWHITE-S,0
1179YKGREEN-L,0
1179YKGREEN-M,0
1179YKGREEN-S,1
1179YKGREEN-XL,0
1179YKGREEN-XXL,0
117YK244BROWN-L,0
117YK244BROWN-M,0
117YK244BROWN-S,4
117YK244BROWN-XL,0
117YK244BROWN-XXL,0
1180YKYELLOW-L,2
1180YKYELLOW-M,0
1180YKYELLOW-S,0
1180YKYELLOW-XL,0
1180YKYELLOW-XXL,0
1181YKPINK-3XL,0
1181YKPINK-L,2
1181YKPINK-M,2
1181YKPINK-S,11
1181YKPINK-XL,1
1181YKPINK-XXL,0
1182YKGREEN-3XL,0
1182YKGREEN-L,0
1182YKGREEN-S,1
1183YKORANGE-L,0
1183YKORANGE-M,0
1183YKORANGE-S,0
1183YKORANGE-XL,0
1183YKORANGE-XXL,0
1184YKBLUEPANT-L,0
1184YKBLUEPANT-M,0
1184YKBLUEPANT-S,0
1184YKBLUEPANT-XL,0
1184YKBLUEPANT-XXL,0
1184YKGREEN-L,0
1184YKGREEN-M,0
1184YKGREEN-S,0
1184YKGREEN-XL,0
1184YKGREEN-XS,0
1184YKGREEN-XXL,0
1185YKSKYBLUE-L,0
1185YKSKYBLUE-M,0
1185YKSKYBLUE-S,0
1185YKSKYBLUE-XL,0
1185YKSKYBLUE-XXL,0
1186YKBLUE-L,20
1186YKBLUE-M,19
1186YKBLUE-S,20
1186YKBLUE-XL,38
1186YKBLUE-XXL,44
1187YKPINK-3XL,50
1187YKPINK-4XL,41
1187YKPINK-5XL,21
1187YKPINK-6XL,68
1187YKPINK-7XL,34
1187YKPINK-8XL,43
1187YKPINK-L,90
1187YKPINK-M,47
1187YKPINK-S,36
1187YKPINK-XL,47
1187YKPINK-XS,37
1187YKPINK-XXL,71
1188YKPINK-3XL,17
1188YKPINK-4XL,15
1188YKPINK-5XL,10
1188YKPINK-6XL,8
1188YKPINK-7XL,4
1188YKPINK-8XL,10
1188YKPINK-L,56
1188YKPINK-M,75
1188YKPINK-S,58
1188YKPINK-XL,132
1188YKPINK-XS,12
1188YKPINK-XXL,45
1189YKMAROON-3XL,3
1189YKMAROON-4XL,8
1189YKMAROON-5XL,8
1189YKMAROON-6XL,4
1189YKMAROON-7XL,2
1189YKMAROON-8XL,46
1189YKMAROON-L,3
1189YKMAROON-M,6
1189YKMAROON-S,4
1189YKMAROON-XL,14
1189YKMAROON-XS,4
1189YKMAROON-XXL,8
1190YKMULTI-3XL,3
1190YKMULTI-4XL,0
1190YKMULTI-5XL,0
1190YKMULTI-L,0
1190YKMULTI-M,7
1190YKMULTI-S,23
1190YKMULTI-XL,1
1190YKMULTI-XS,9
1190YKMULTI-XXL,1
1190YKMULTI-XXL_MYNTRA,0
1191YKYELLOW-L,0
1191YKYELLOW-M,0
1191YKYELLOW-S,1
1191YKYELLOW-XL,0
1191YKYELLOW-XS,0
1191YKYELLOW-XXL,0
1192YKBLUE-3XL,0
1192YKBLUE-4XL,0
1192YKBLUE-5XL,0
1192YKBLUE-L,0
1192YKBLUE-M,2
1192YKBLUE-S,3
1192YKBLUE-XL,0
1192YKBLUE-XS,0
1192YKBLUE-XXL,0
1193YKSEAGREEN-5XL,0
1193YKSEAGREEN-L,32
1193YKSEAGREEN-M,22
1193YKSEAGREEN-S,13
1193YKSEAGREEN-XL,22
1193YKSEAGREEN-XXL,30
1194YKSKYBLUE-L,0
1194YKSKYBLUE-M,0
1194YKSKYBLUE-S,3
1194YKSKYBLUE-XL,0
1194YKSKYBLUE-XXL,0
1195YKORANGE-3XL,0
1195YKORANGE-4XL,0
1195YKORANGE-5XL,0
1195YKORANGE-L,0
1195YKORANGE-M,0
1195YKORANGE-S,14
1195YKORANGE-XL,0
1195YKORANGE-XS,2
1195YKORANGE-XXL,0
1197YKGREEN-3XL,3
1197YKGREEN-4XL,78
1197YKGREEN-5XL,3
1197YKGREEN-6XL,5
1197YKGREEN-7XL,5
1197YKGREEN-8XL,22
1197YKGREEN-L,0
1197YKGREEN-M,0
1197YKGREEN-S,3
1197YKGREEN-XL,0
1197YKGREEN-XS,7
1197YKGREEN-XXL,2
1198YKBLACK-3XL,14
1198YKBLACK-4XL,7
1198YKBLACK-5XL,20
1198YKBLACK-L,17
1198YKBLACK-M,4
1198YKBLACK-S,4
1198YKBLACK-XL,4
1198YKBLACK-XS,13
1198YKBLACK-XXL,17
1199YKYELLOW-L,0
1199YKYELLOW-M,1
1199YKYELLOW-S,1
1199YKYELLOW-XL,0
1199YKYELLOW-XXL,2
119KD148YELLOW-11-12,11
119KD148YELLOW-13-14,11
119KD148YELLOW-7-8,33
119KD148YELLOW-9-10,14
119YK148YELLOW-3XL,0
119YK148YELLOW-4XL,0
119YK148YELLOW-5XL,0
119YK148YELLOW-L,0
119YK148YELLOW-M,0
119YK148YELLOW-S,1
119YK148YELLOW-XL,0
119YK148YELLOW-XS,17
119YK148YELLOW-XXL,0
11YK159BLUE-L,0
11YK159BLUE-M,2
11YK159BLUE-S,1
11YK159BLUE-XL,0
11YK159BLUE-XXL,4
1200YKMUSTARD-3XL,0
1200YKMUSTARD-4XL,0
1200YKMUSTARD-5XL,0
1200YKMUSTARD-L,0
1200YKMUSTARD-M,0
1200YKMUSTARD-S,0
1200YKMUSTARD-XL,0
1200YKMUSTARD-XXL,0
1201YKGREY-3XL,2
1201YKGREY-4XL,0
1201YKGREY-5XL,0
1201YKGREY-L,5
1201YKGREY-M,13
1201YKGREY-S,9
1201YKGREY-XL,3
1201YKGREY-XS,4
1201YKGREY-XXL,10
1202YKBLUE-3XL,144
1202YKBLUE-4XL,148
1202YKBLUE-5XL,244
1202YKBLUE-6XL,117
1202YKBLUE-7XL,55
1202YKBLUE-8XL,72
1202YKBLUE-L,71
1202YKBLUE-M,68
1202YKBLUE-S,44
1202YKBLUE-XL,78
1202YKBLUE-XS,13
1202YKBLUE-XXL,84
1203YKBLUE-L,0
1203YKBLUE-M,0
1203YKBLUE-S,0
1203YKBLUE-XL,0
1203YKBLUE-XXL,0
1204YKGREEN-L,1
1204YKGREEN-M,2
1204YKGREEN-S,11
1204YKGREEN-XL,2
1204YKGREEN-XXL,1
1205YKBLUE-3XL,1
1205YKBLUE-4XL,0
1205YKBLUE-5XL,0
1205YKBLUE-L,22
1205YKBLUE-M,12
1205YKBLUE-S,11
1205YKBLUE-XL,15
1205YKBLUE-XS,0
1205YKBLUE-XXL,40
1205YKBLUE-XXS,0
1206YKWHITE-3XL,0
1206YKWHITE-4XL,0
1206YKWHITE-5XL,0
1206YKWHITE-L,2
1206YKWHITE-M,1
1206YKWHITE-S,0
1206YKWHITE-XL,1
1206YKWHITE-XS,0
1206YKWHITE-XXL,3
1207YKBLUE-L,27
1207YKBLUE-M,25
1207YKBLUE-S,20
1207YKBLUE-XL,28
1207YKBLUE-XXL,13
1208YKBLUE-L,0
1208YKBLUE-M,0
1208YKBLUE-S,0
1208YKBLUE-XL,0
1208YKBLUE-XXL,0
1209YKBLUE-L,0
1209YKBLUE-M,1
1209YKBLUE-S,5
1209YKBLUE-XL,0
1209YKBLUE-XS,8
1210YKORANGE-3XL,0
1210YKORANGE-L,0
1210YKORANGE-M,0
1210YKORANGE-S,0
1210YKORANGE-XL,0
1210YKORANGE-XXL,0
1211YKBLACK-L,16
1211YKBLACK-M,17
1211YKBLACK-S,9
1211YKBLACK-XL,17
1211YKBLACK-XXL,10
1212YKMULTI-L,0
1212YKMULTI-M,1
1212YKMULTI-S,7
1212YKMULTI-XL,0
1212YKMULTI-XS,16
1213YKINDIGO-L,0
1213YKINDIGO-M,0
1213YKINDIGO-S,1
1213YKINDIGO-XL,0
1213YKINDIGO-XXL,0
1214YKTEAL-3XL,0
1214YKTEAL-4XL,0
1214YKTEAL-5XL,0
1214YKTEAL-L,0
1214YKTEAL-M,0
1214YKTEAL-S,10
1214YKTEAL-XL,0
1214YKTEAL-XS,15
1214YKTEAL-XXL,0
1215YKRED-3XL,0
1215YKRED-L,1
1215YKRED-M,0
1215YKRED-S,0
1215YKRED-XL,1
1215YKRED-XXL,0
1216YKGREEN-L,1
1216YKGREEN-M,5
1216YKGREEN-S,4
1216YKGREEN-XL,0
1216YKGREEN-XXL,0
1217YKSKYBLUE-L,0
1217YKSKYBLUE-M,0
1217YKSKYBLUE-S,28
1217YKSKYBLUE-XL,0
1217YKSKYBLUE-XS,16
1218YKGREY-5XL,0
1218YKGREY-L,52
1218YKGREY-M,58
1218YKGREY-S,23
1218YKGREY-XL,89
1218YKGREY-XS,6
1218YKGREY-XXL,41
1219YKBLACK-3XL,0
1219YKBLACK-5XL,0
1219YKBLACK-L,26
1219YKBLACK-M,70
1219YKBLACK-S,52
1219YKBLACK-XL,61
1219YKBLACK-XS,8
1219YKBLACK-XXL,65
1219YKBLUE-M,1
121YK192BROWN-L,0
121YK192BROWN-M,0
121YK192BROWN-S,0
121YK192BROWN-XL,0
121YK192BROWN-XXL,0
1220YKWHITE-3XL,13
1220YKWHITE-4XL,2
1220YKWHITE-5XL,22
1220YKWHITE-6XL,6
1220YKWHITE-7XL,4
1220YKWHITE-8XL,14
1220YKWHITE-L,2
1220YKWHITE-M,5
1220YKWHITE-S,3
1220YKWHITE-XL,-2
1220YKWHITE-XS,4
1220YKWHITE-XXL,7
1221YKMUSTARD-3XL,0
1221YKMUSTARD-4XL,0
1221YKMUSTARD-5XL,0
1221YKMUSTARD-L,0
1221YKMUSTARD-M,3
1221YKMUSTARD-S,5
1221YKMUSTARD-XL,0
1221YKMUSTARD-XS,6
1221YKMUSTARD-XXL,0
1222YKBLUE-3XL,17
1222YKBLUE-4XL,31
1222YKBLUE-5XL,102
1222YKBLUE-L,39
1222YKBLUE-M,20
1222YKBLUE-S,40
1222YKBLUE-XL,14
1222YKBLUE-XS,13
1222YKBLUE-XXL,35
1223YKPEACH-3XL,0
1223YKPEACH-4XL,0
1223YKPEACH-5XL,0
1223YKPEACH-L,5
1223YKPEACH-M,17
1223YKPEACH-S,27
1223YKPEACH-XL,0
1223YKPEACH-XS,8
1223YKPEACH-XXL,0
1224YKPINK-3XL,47
1224YKPINK-4XL,47
1224YKPINK-5XL,56
1224YKPINK-6XL,11
1224YKPINK-7XL,18
1224YKPINK-8XL,15
1224YKPINK-L,3
1224YKPINK-M,19
1224YKPINK-S,22
1224YKPINK-XL,32
1224YKPINK-XS,20
1224YKPINK-XXL,41
1225YKTEAL-4XL,0
1225YKTEAL-L,0
1225YKTEAL-M,0
1225YKTEAL-S,0
1225YKTEAL-XL,0
1225YKTEAL-XXL,0
1226YKBLUE-L,-1
1226YKBLUE-M,0
1226YKBLUE-S,0
1226YKBLUE-XL,0
1226YKBLUE-XXL,0
1227YKBLUE-3XL,1
1227YKBLUE-4XL,1
1227YKBLUE-5XL,1
1227YKBLUE-L,1
1227YKBLUE-M,0
1227YKBLUE-S,4
1227YKBLUE-XL,1
1227YKBLUE-XXL,13
1228YKWHITE-3XL,0
1228YKWHITE-4XL,0
1228YKWHITE-5XL,0
1228YKWHITE-L,4
1228YKWHITE-M,6
1228YKWHITE-S,26
1228YKWHITE-XL,0
1228YKWHITE-XS,19
1228YKWHITE-XXL,0
1229YKBLUE-L,0
1229YKBLUE-M,0
1229YKBLUE-S,1
1229YKBLUE-XL,0
1229YKBLUE-XXL,0
122YK194BLUE-L,0
122YK194BLUE-M,0
122YK194BLUE-S,1
1230YKGREEN-L,0
1230YKGREEN-M,0
1230YKGREEN-S,0
1230YKGREEN-XL,0
1230YKGREEN-XXL,0
1231YKPINK-3XL,0
1231YKPINK-4XL,0
1231YKPINK-5XL,0
1231YKPINK-L,0
1231YKPINK-M,2
1231YKPINK-S,2
1231YKPINK-XL,0
1231YKPINK-XXL,0
1232YKGREEN-3XL,0
1232YKGREEN-4XL,0
1232YKGREEN-5XL,0
1232YKGREEN-L,0
1232YKGREEN-M,0
1232YKGREEN-S,7
1232YKGREEN-XL,0
1232YKGREEN-XS,0
1232YKGREEN-XXL,0
1233YKMUSTARD-3XL,0
1233YKMUSTARD-4XL,0
1233YKMUSTARD-5XL,0
1233YKMUSTARD-L,0
1233YKMUSTARD-M,0
1233YKMUSTARD-S,6
1233YKMUSTARD-XL,3
1233YKMUSTARD-XS,8
1233YKMUSTARD-XXL,0
1234DPT20WHITE-3XL,0
1234DPT20WHITE-4XL,0
1234DPT20WHITE-5XL,0
1234DPT20WHITE-6XL,0
1234DPT20WHITE-7XL,1
1234DPT20WHITE-8XL,0
1234DPT20WHITE-L,0
1234DPT20WHITE-M,0
1234DPT20WHITE-S,1
1234DPT20WHITE-XL,0
1234DPT20WHITE-XS,0
1234DPT20WHITE-XXL,0
1234KDOWHITE-11-12,0
1234KDOWHITE-13-14,0
1234KDOWHITE-7-8,2
1234KDOWHITE-9-10,1
1234YKOWHITE-3XL,0
1234YKOWHITE-4XL,0
1234YKOWHITE-5XL,0
1234YKOWHITE-6XL,0
1234YKOWHITE-7XL,1
1234YKOWHITE-8XL,1
1234YKOWHITE-L,0
1234YKOWHITE-M,2
1234YKOWHITE-S,5
1234YKOWHITE-XL,0
1234YKOWHITE-XS,1
1234YKOWHITE-XXL,0
1235YKDENIM-3XL,0
1235YKDENIM-L,0
1235YKDENIM-M,0
1235YKDENIM-S,0
1235YKDENIM-XL,0
1235YKDENIM-XS,0
1235YKDENIM-XXL,0
1236YKPINK-3XL,1
1236YKPINK-4XL,0
1236YKPINK-5XL,0
1236YKPINK-L,14
1236YKPINK-M,18
1236YKPINK-S,10
1236YKPINK-XL,1
1236YKPINK-XS,15
1236YKPINK-XXL,3
1237YKGREEN-3XL,0
1237YKGREEN-L,0
1237YKGREEN-M,0
1237YKGREEN-S,0
1237YKGREEN-XL,0
1237YKGREEN-XXL,0
1238YKWHITE-3XL,1
1238YKWHITE-4XL,0
1238YKWHITE-5XL,0
1238YKWHITE-L,0
1238YKWHITE-M,0
1238YKWHITE-S,7
1238YKWHITE-XL,0
1238YKWHITE-XS,11
1238YKWHITE-XXL,0
1239YKBLACK-L,0
1239YKBLACK-M,0
1239YKBLACK-S,0
1239YKBLACK-XL,0
1239YKBLACK-XXL,0
1240YKBLACK-3XL,0
1240YKBLACK-L,2
1240YKBLACK-M,1
1240YKBLACK-S,23
1240YKBLACK-XL,0
1240YKBLACK-XS,15
1242YKBLUE-3XL,2
1242YKBLUE-4XL,3
1242YKBLUE-5XL,2
1242YKBLUE-L,0
1242YKBLUE-M,0
1242YKBLUE-S,9
1242YKBLUE-XL,0
1242YKBLUE-XS,8
1242YKBLUE-XXL,0
1243YKBLUE-L,0
1243YKBLUE-M,1
1243YKBLUE-S,0
1243YKBLUE-XL,0
1243YKBLUE-XXL,0
1244YKBLACK-3XL,33
1244YKBLACK-4XL,55
1244YKBLACK-5XL,57
1244YKBLACK-6XL,30
1244YKBLACK-7XL,34
1244YKBLACK-8XL,38
1244YKBLACK-L,40
1244YKBLACK-M,42
1244YKBLACK-S,37
1244YKBLACK-XL,14
1244YKBLACK-XS,18
1244YKBLACK-XXL,6
1245YKRED-3XL,7
1245YKRED-4XL,2
1245YKRED-5XL,5
1245YKRED-6XL,0
1245YKRED-7XL,21
1245YKRED-8XL,3
1245YKRED-L,3
1245YKRED-M,0
1245YKRED-S,5
1245YKRED-XL,0
1245YKRED-XS,8
1245YKRED-XXL,3
1246YKPINK-3XL,0
1246YKPINK-4XL,0
1246YKPINK-5XL,0
1246YKPINK-L,0
1246YKPINK-M,0
1246YKPINK-S,0
1246YKPINK-XL,0
1246YKPINK-XS,0
1246YKPINK-XXL,0
1247YKGREEN-3XL,26
1247YKGREEN-4XL,19
1247YKGREEN-5XL,13
1247YKGREEN-L,18
1247YKGREEN-M,28
1247YKGREEN-S,14
1247YKGREEN-XL,5
1247YKGREEN-XS,22
1247YKGREEN-XXL,36
1248YKMAROON-3XL,13
1248YKMAROON-4XL,0
1248YKMAROON-5XL,1
1248YKMAROON-L,2
1248YKMAROON-M,31
1248YKMAROON-S,28
1248YKMAROON-XL,2
1248YKMAROON-XS,7
1248YKMAROON-XXL,15
1249YKMULTI-3XL,6
1249YKMULTI-4XL,3
1249YKMULTI-5XL,3
1249YKMULTI-L,5
1249YKMULTI-M,14
1249YKMULTI-S,10
1249YKMULTI-XL,8
1249YKMULTI-XS,17
1249YKMULTI-XXL,20
124YK212INDIGO-L,0
1250YKBLACK-3XL,0
1250YKBLACK-4XL,0
1250YKBLACK-5XL,1
1250YKBLACK-L,10
1250YKBLACK-M,10
1250YKBLACK-S,20
1250YKBLACK-XL,7
1250YKBLACK-XS,8
1250YKBLACK-XXL,0
1251DPT21MULTI-3XL,1
1251DPT21MULTI-4XL,0
1251DPT21MULTI-5XL,13
1251DPT21MULTI-6XL,1
1251DPT21MULTI-7XL,1
1251DPT21MULTI-8XL,3
1251DPT21MULTI-L,8
1251DPT21MULTI-M,1
1251DPT21MULTI-S,69
1251DPT21MULTI-XL,0
1251DPT21MULTI-XS,67
1251DPT21MULTI-XXL,3
1251KDMAROON-11-12,3
1251KDMAROON-13-14,4
1251KDMAROON-7-8,11
1251KDMAROON-9-10,7
1251YKMAROON-3XL,3
1251YKMAROON-4XL,2
1251YKMAROON-5XL,23
1251YKMAROON-6XL,5
1251YKMAROON-7XL,1
1251YKMAROON-8XL,6
1251YKMAROON-L,13
1251YKMAROON-M,5
1251YKMAROON-S,78
1251YKMAROON-XL,4
1251YKMAROON-XS,75
1251YKMAROON-XXL,7
1252DPT28GREEN-3XL,19
1252DPT28GREEN-4XL,31
1252DPT28GREEN-5XL,2
1252DPT28GREEN-6XL,5
1252DPT28GREEN-7XL,32
1252DPT28GREEN-8XL,5
1252DPT28GREEN-L,35
1252DPT28GREEN-M,11
1252DPT28GREEN-S,15
1252DPT28GREEN-XL,35
1252DPT28GREEN-XS,3
1252DPT28GREEN-XXL,45
1252YKGREEN-3XL,26
1252YKGREEN-4XL,36
1252YKGREEN-5XL,6
1252YKGREEN-6XL,8
1252YKGREEN-7XL,35
1252YKGREEN-8XL,9
1252YKGREEN-L,39
1252YKGREEN-M,16
1252YKGREEN-S,20
1252YKGREEN-XL,41
1252YKGREEN-XS,6
1252YKGREEN-XXL,50
1253YKBLACK-3XL,68
1253YKBLACK-4XL,63
1253YKBLACK-5XL,34
1253YKBLACK-6XL,14
1253YKBLACK-7XL,20
1253YKBLACK-8XL,28
1253YKBLACK-L,12
1253YKBLACK-M,3
1253YKBLACK-S,21
1253YKBLACK-XL,23
1253YKBLACK-XS,13
1253YKBLACK-XXL,64
1254YKBLUE-3XL,1
1254YKBLUE-4XL,6
1254YKBLUE-5XL,24
1254YKBLUE-6XL,0
1254YKBLUE-L,28
1254YKBLUE-M,1
1254YKBLUE-S,2
1254YKBLUE-XL,1
1254YKBLUE-XS,10
1254YKBLUE-XXL,0
1255YKMAROON-3XL,149
1255YKMAROON-4XL,56
1255YKMAROON-5XL,101
1255YKMAROON-6XL,44
1255YKMAROON-7XL,18
1255YKMAROON-8XL,36
1255YKMAROON-L,59
1255YKMAROON-M,41
1255YKMAROON-S,44
1255YKMAROON-XL,43
1255YKMAROON-XS,32
1255YKMAROON-XXL,55
1256YKPEACH-3XL,79
1256YKPEACH-4XL,91
1256YKPEACH-5XL,97
1256YKPEACH-6XL,87
1256YKPEACH-7XL,30
1256YKPEACH-8XL,27
1256YKPEACH-L,33
1256YKPEACH-M,42
1256YKPEACH-S,44
1256YKPEACH-XL,68
1256YKPEACH-XS,29
1256YKPEACH-XXL,91
1257YKBLUE-3XL,12
1257YKBLUE-4XL,6
1257YKBLUE-5XL,36
1257YKBLUE-6XL,3
1257YKBLUE-7XL,14
1257YKBLUE-8XL,21
1257YKBLUE-L,22
1257YKBLUE-M,6
1257YKBLUE-S,20
1257YKBLUE-XL,11
1257YKBLUE-XS,22
1257YKBLUE-XXL,7
1258DPT35WHITE-3XL,20
1258DPT35WHITE-4XL,28
1258DPT35WHITE-5XL,14
1258DPT35WHITE-6XL,16
1258DPT35WHITE-7XL,0
1258DPT35WHITE-8XL,3
1258DPT35WHITE-L,8
1258DPT35WHITE-M,39
1258DPT35WHITE-S,25
1258DPT35WHITE-XL,8
1258DPT35WHITE-XS,10
1258DPT35WHITE-XXL,22
1258YKWHITE-3XL,26
1258YKWHITE-4XL,31
1258YKWHITE-5XL,17
1258YKWHITE-6XL,23
1258YKWHITE-7XL,1
1258YKWHITE-8XL,5
1258YKWHITE-L,13
1258YKWHITE-M,42
1258YKWHITE-S,30
1258YKWHITE-XL,14
1258YKWHITE-XS,13
1258YKWHITE-XXL,28
1259YKBLUE-3XL,0
1259YKBLUE-4XL,0
1259YKBLUE-5XL,0
1259YKBLUE-L,0
1259YKBLUE-M,2
1259YKBLUE-S,5
1259YKBLUE-XL,0
1259YKBLUE-XS,16
1259YKBLUE-XXL,0
125YK227BLACK-S,0
125YK227BLACK-XL,0
1260YKTEAL-3XL,0
1260YKTEAL-4XL,6
1260YKTEAL-5XL,4
1260YKTEAL-6XL,0
1260YKTEAL-7XL,23
1260YKTEAL-8XL,9
1260YKTEAL-L,4
1260YKTEAL-M,13
1260YKTEAL-S,7
1260YKTEAL-XL,11
1260YKTEAL-XS,2
1260YKTEAL-XXL,10
1261YKGREEN-3XL,54
1261YKGREEN-4XL,94
1261YKGREEN-5XL,83
1261YKGREEN-6XL,33
1261YKGREEN-7XL,21
1261YKGREEN-8XL,21
1261YKGREEN-L,43
1261YKGREEN-M,19
1261YKGREEN-S,19
1261YKGREEN-XL,45
1261YKGREEN-XS,14
1261YKGREEN-XXL,45
1262YKBLACK-3XL,91
1262YKBLACK-4XL,78
1262YKBLACK-5XL,15
1262YKBLACK-6XL,8
1262YKBLACK-7XL,5
1262YKBLACK-8XL,0
1262YKBLACK-L,62
1262YKBLACK-M,40
1262YKBLACK-S,137
1262YKBLACK-XL,82
1262YKBLACK-XS,9
1262YKBLACK-XXL,146
1263YKGREEN-3XL,0
1263YKGREEN-L,0
1263YKGREEN-M,0
1263YKGREEN-S,0
1263YKGREEN-XL,0
1263YKGREEN-XXL,0
1264YKGREEN-4XL,0
1264YKGREEN-L,1
1264YKGREEN-M,0
1264YKGREEN-S,0
1264YKGREEN-XL,1
1264YKGREEN-XS,2
1264YKGREEN-XXL,3
1265YKPINK-3XL,8
1265YKPINK-4XL,2
1265YKPINK-5XL,5
1265YKPINK-6XL,0
1265YKPINK-7XL,0
1265YKPINK-8XL,3
1265YKPINK-L,4
1265YKPINK-M,3
1265YKPINK-S,7
1265YKPINK-XL,5
1265YKPINK-XS,6
1265YKPINK-XXL,7
1266YKBLUE-3XL,5
1266YKBLUE-4XL,48
1266YKBLUE-5XL,33
1266YKBLUE-6XL,7
1266YKBLUE-7XL,17
1266YKBLUE-8XL,5
1266YKBLUE-L,4
1266YKBLUE-M,13
1266YKBLUE-S,51
1266YKBLUE-XL,18
1266YKBLUE-XS,2
1266YKBLUE-XXL,37
1267YKPINK-3XL,9
1267YKPINK-4XL,5
1267YKPINK-5XL,0
1267YKPINK-L,1
1267YKPINK-M,0
1267YKPINK-S,0
1267YKPINK-XL,0
1267YKPINK-XS,0
1267YKPINK-XXL,5
1268YKMULTI-3XL,50
1268YKMULTI-4XL,61
1268YKMULTI-5XL,29
1268YKMULTI-6XL,11
1268YKMULTI-7XL,9
1268YKMULTI-8XL,9
1268YKMULTI-L,94
1268YKMULTI-M,111
1268YKMULTI-S,66
1268YKMULTI-XL,95
1268YKMULTI-XS,22
1268YKMULTI-XXL,34
1269YKMUSTARD-3XL,0
1269YKMUSTARD-L,2
1269YKMUSTARD-M,8
1269YKMUSTARD-S,13
1269YKMUSTARD-XL,1
1269YKMUSTARD-XXL,2
126YK240BLACK-3XL,8
126YK240BLACK-4XL,4
126YK240BLACK-5XL,1
126YK240BLACK-L,0
126YK240BLACK-M,0
126YK240BLACK-S,0
126YK240BLACK-XL,1
126YK240BLACK-XXL,3
1270KDBLUE-11-12,0
1270KDBLUE-13-14,0
1270KDBLUE-7-8,1
1270KDBLUE-9-10,0
1270YKBLUE-3XL,60
1270YKBLUE-4XL,62
1270YKBLUE-5XL,107
1270YKBLUE-6XL,57
1270YKBLUE-7XL,0
1270YKBLUE-8XL,50
1270YKBLUE-L,116
1270YKBLUE-M,149
1270YKBLUE-S,65
1270YKBLUE-XL,54
1270YKBLUE-XS,86
1270YKBLUE-XXL,119
1271YKPINK-3XL,80
1271YKPINK-4XL,85
1271YKPINK-5XL,100
1271YKPINK-6XL,32
1271YKPINK-7XL,22
1271YKPINK-8XL,4
1271YKPINK-L,93
1271YKPINK-M,179
1271YKPINK-S,30
1271YKPINK-XL,72
1271YKPINK-XS,3
1271YKPINK-XXL,67
1272YKBLACK-3XL,1
1272YKBLACK-4XL,0
1272YKBLACK-5XL,0
1272YKBLACK-L,1
1272YKBLACK-M,2
1272YKBLACK-S,4
1272YKBLACK-XL,2
1272YKBLACK-XS,5
1272YKBLACK-XXL,4
1273YKBLUE-3XL,0
1273YKBLUE-4XL,0
1273YKBLUE-5XL,0
1273YKBLUE-L,0
1273YKBLUE-M,0
1273YKBLUE-S,0
1273YKBLUE-XL,0
1273YKBLUE-XS,2
1273YKBLUE-XXL,0
1274YKBLUE-3XL,0
1274YKBLUE-L,0
1274YKBLUE-M,2
1274YKBLUE-S,7
1274YKBLUE-XL,0
1274YKBLUE-XXL,0
1275YKPINK-L,0
1275YKPINK-M,0
1275YKPINK-S,0
1275YKPINK-XL,1
1275YKPINK-XXL,0
1277YKGREEN-L,3
1277YKGREEN-M,6
1277YKGREEN-S,53
1277YKGREEN-XL,2
1277YKGREEN-XS,25
1277YKGREEN-XXL,0
1278YKPINK-3XL,10
1278YKPINK-4XL,34
1278YKPINK-5XL,29
1278YKPINK-L,110
1278YKPINK-M,124
1278YKPINK-S,55
1278YKPINK-XL,122
1278YKPINK-XS,3
1278YKPINK-XXL,47
1279YKBLUE-3XL,0
1279YKBLUE-4XL,0
1279YKBLUE-5XL,0
1279YKBLUE-L,0
1279YKBLUE-M,0
1279YKBLUE-S,0
1279YKBLUE-XL,0
1279YKBLUE-XXL,0
1280YKBLUE-L,17
1280YKBLUE-M,6
1280YKBLUE-S,9
1280YKBLUE-XL,28
1280YKBLUE-XXL,2
1281YKPINK-L,0
1281YKPINK-M,0
1281YKPINK-S,1
1281YKPINK-XL,0
1281YKPINK-XS,0
1281YKPINK-XXL,0
1282YKYELLOW-3XL,0
1282YKYELLOW-L,9
1282YKYELLOW-M,23
1282YKYELLOW-S,2
1282YKYELLOW-XL,20
1282YKYELLOW-XXL,25
1284YKBLUE-3XL,0
1284YKBLUE-4XL,0
1284YKBLUE-5XL,0
1284YKBLUE-L,1
1284YKBLUE-M,1
1284YKBLUE-S,1
1284YKBLUE-XL,1
1284YKBLUE-XS,1
1284YKBLUE-XXL,0
1285YKWHITE-5XL,0
1285YKWHITE-L,0
1285YKWHITE-M,0
1285YKWHITE-S,2
1285YKWHITE-XL,0
1285YKWHITE-XXL,0
1286YKMULTI-3XL,1
1286YKMULTI-L,1
1286YKMULTI-M,5
1286YKMULTI-S,36
1286YKMULTI-XL,0
1286YKMULTI-XXL,2
1287YKBROWN-3XL,23
1287YKBROWN-4XL,11
1287YKBROWN-5XL,3
1287YKBROWN-6XL,2
1287YKBROWN-7XL,1
1287YKBROWN-8XL,1
1287YKBROWN-L,16
1287YKBROWN-M,12
1287YKBROWN-S,35
1287YKBROWN-XL,3
1287YKBROWN-XS,14
1287YKBROWN-XXL,58
1288YKGREEN-3XL,0
1288YKGREEN-L,1
1288YKGREEN-M,0
1288YKGREEN-S,0
1288YKGREEN-XL,5
1288YKGREEN-XXL,0
1289YKMULTI-5XL,0
1289YKMULTI-L,0
1289YKMULTI-M,0
1289YKMULTI-S,0
1289YKMULTI-XL,0
1289YKMULTI-XXL,0
1290YKYELLOW-3XL,0
1290YKYELLOW-4XL,0
1290YKYELLOW-5XL,0
1290YKYELLOW-XXL,0
1291YKRED-3XL,0
1291YKRED-4XL,0
1291YKRED-5XL,0
1291YKRED-L,0
1291YKRED-M,2
1291YKRED-S,4
1291YKRED-XL,0
1291YKRED-XXL,0
1292YKGREEN-3XL,0
1292YKGREEN-4XL,0
1292YKGREEN-5XL,0
1292YKGREEN-L,1
1292YKGREEN-M,10
1292YKGREEN-S,7
1292YKGREEN-XL,3
1292YKGREEN-XXL,0
1293KDMAROON-11-12,0
1293KDMAROON-13-14,1
1293KDMAROON-7-8,23
1293KDMAROON-9-10,11
1293YKMAROON-3XL,157
1293YKMAROON-4XL,43
1293YKMAROON-5XL,11
1293YKMAROON-6XL,30
1293YKMAROON-7XL,48
1293YKMAROON-8XL,13
1293YKMAROON-L,151
1293YKMAROON-M,145
1293YKMAROON-S,38
1293YKMAROON-XL,93
1293YKMAROON-XS,28
1293YKMAROON-XXL,75
1294YKGREEN-3XL,127
1294YKGREEN-4XL,107
1294YKGREEN-5XL,79
1294YKGREEN-6XL,8
1294YKGREEN-7XL,23
1294YKGREEN-8XL,10
1294YKGREEN-L,31
1294YKGREEN-M,18
1294YKGREEN-S,29
1294YKGREEN-XL,43
1294YKGREEN-XS,5
1294YKGREEN-XXL,96
1295YKPINK-3XL,0
1295YKPINK-4XL,1
1295YKPINK-5XL,2
1295YKPINK-L,0
1295YKPINK-M,4
1295YKPINK-S,3
1295YKPINK-XL,0
1295YKPINK-XS,5
1295YKPINK-XXL,0
1296YKRED-L,2
1296YKRED-M,8
1296YKRED-S,11
1296YKRED-XL,3
1297YKMUSTARD-3XL,0
1297YKMUSTARD-L,4
1297YKMUSTARD-M,42
1297YKMUSTARD-S,9
1297YKMUSTARD-XL,8
1297YKMUSTARD-XXL,0
1298YKBLACK-L,0
1298YKBLACK-M,0
1298YKBLACK-S,0
1298YKBLACK-XL,0
1298YKBLACK-XXL,0
1299YKBLUE-3XL,0
1299YKBLUE-L,0
1299YKBLUE-S,0
129YK245MROON-XXL,0
1300YKORANGE-3XL,24
1300YKORANGE-4XL,26
1300YKORANGE-5XL,12
1300YKORANGE-6XL,8
1300YKORANGE-7XL,9
1300YKORANGE-8XL,10
1300YKORANGE-L,19
1300YKORANGE-M,13
1300YKORANGE-S,5
1300YKORANGE-XL,5
1300YKORANGE-XS,26
1300YKORANGE-XXL,33
1301YKBLUE-5XL,0
1301YKBLUE-L,0
1301YKBLUE-M,2
1301YKBLUE-S,0
1301YKBLUE-XL,3
1301YKBLUE-XXL,0
1302YKMULTI-3XL,-1
1302YKMULTI-4XL,0
1302YKMULTI-5XL,0
1302YKMULTI-L,1
1302YKMULTI-M,3
1302YKMULTI-S,15
1302YKMULTI-XL,0
1302YKMULTI-XS,25
1302YKMULTI-XXL,0
1303YKBLACK-3XL,117
1303YKBLACK-4XL,30
1303YKBLACK-5XL,38
1303YKBLACK-6XL,21
1303YKBLACK-7XL,33
1303YKBLACK-8XL,34
1303YKBLACK-L,133
1303YKBLACK-M,87
1303YKBLACK-S,165
1303YKBLACK-XL,120
1303YKBLACK-XS,68
1303YKBLACK-XXL,127
1304YKKHAKI-3XL,0
1304YKKHAKI-4XL,0
1304YKKHAKI-5XL,0
1304YKKHAKI-L,1
1304YKKHAKI-M,4
1304YKKHAKI-S,0
1304YKKHAKI-XL,2
1304YKKHAKI-XS,1
1304YKKHAKI-XXL,5
1305YKBLUE-3XL,0
1305YKBLUE-4XL,0
1305YKBLUE-L,2
1305YKBLUE-M,1
1305YKBLUE-S,0
1305YKBLUE-XL,0
1305YKBLUE-XXL,0
1306YKORANGE-3XL,115
1306YKORANGE-4XL,56
1306YKORANGE-5XL,126
1306YKORANGE-6XL,41
1306YKORANGE-7XL,38
1306YKORANGE-8XL,46
1306YKORANGE-L,119
1306YKORANGE-M,137
1306YKORANGE-S,94
1306YKORANGE-XL,100
1306YKORANGE-XS,33
1306YKORANGE-XXL,150
1307YKBLUE-3XL,86
1307YKBLUE-4XL,113
1307YKBLUE-5XL,154
1307YKBLUE-6XL,53
1307YKBLUE-7XL,29
1307YKBLUE-8XL,46
1307YKBLUE-L,72
1307YKBLUE-M,44
1307YKBLUE-S,65
1307YKBLUE-XL,87
1307YKBLUE-XS,54
1307YKBLUE-XXL,80
1308DPT6MULTI-3XL,9
1308DPT6MULTI-4XL,9
1308DPT6MULTI-5XL,9
1308DPT6MULTI-L,9
1308DPT6MULTI-M,9
1308DPT6MULTI-S,9
1308DPT6MULTI-XL,2
1308DPT6MULTI-XS,5
1308DPT6MULTI-XXL,9
1308YKBLUE-3XL,59
1308YKBLUE-4XL,17
1308YKBLUE-5XL,82
1308YKBLUE-6XL,0
1308YKBLUE-L,47
1308YKBLUE-M,31
1308YKBLUE-S,46
1308YKBLUE-XL,8
1308YKBLUE-XS,8
1308YKBLUE-XXL,69
1309YKRED-3XL,90
1309YKRED-4XL,105
1309YKRED-5XL,141
1309YKRED-L,15
1309YKRED-M,17
1309YKRED-S,29
1309YKRED-XL,42
1309YKRED-XS,20
1309YKRED-XXL,69
1310YKBLUE-3XL,3
1310YKBLUE-4XL,0
1310YKBLUE-5XL,1
1310YKBLUE-6XL,1
1310YKBLUE-L,5
1310YKBLUE-M,19
1310YKBLUE-S,11
1310YKBLUE-XL,5
1310YKBLUE-XS,9
1310YKBLUE-XXL,3
1311YKMUSTARD-3XL,0
1311YKMUSTARD-4XL,0
1311YKMUSTARD-5XL,0
1311YKMUSTARD-L,0
1311YKMUSTARD-M,0
1311YKMUSTARD-S,0
1311YKMUSTARD-XL,0
1311YKMUSTARD-XXL,0
1312YKGREEN-L,8
1312YKGREEN-M,14
1312YKGREEN-S,3
1312YKGREEN-XL,3
1312YKGREEN-XXL,4
1313YKBROWN-5XL,0
1313YKBROWN-L,0
1313YKBROWN-M,0
1313YKBROWN-S,0
1313YKBROWN-XL,0
1313YKBROWN-XXL,0
1314YKWHITE-3XL,0
1314YKWHITE-4XL,0
1314YKWHITE-5XL,0
1314YKWHITE-L,0
1314YKWHITE-M,0
1314YKWHITE-S,0
1314YKWHITE-XL,0
1314YKWHITE-XXL,0
1315YKRED-4XL,0
1315YKRED-5XL,0
1315YKRED-L,1
1315YKRED-M,3
1315YKRED-S,5
1315YKRED-XL,0
1315YKRED-XXL,1
1316YKGREEN-3XL,41
1316YKGREEN-4XL,9
1316YKGREEN-5XL,1
1316YKGREEN-L,109
1316YKGREEN-M,224
1316YKGREEN-S,177
1316YKGREEN-XL,96
1316YKGREEN-XS,36
1316YKGREEN-XXL,140
1317YKBLUE-3XL,1
1317YKBLUE-4XL,22
1317YKBLUE-5XL,26
1317YKBLUE-6XL,17
1317YKBLUE-7XL,13
1317YKBLUE-8XL,6
1317YKBLUE-L,17
1317YKBLUE-M,38
1317YKBLUE-S,8
1317YKBLUE-XL,28
1317YKBLUE-XS,5
1317YKBLUE-XXL,51
1318YKYELLOW-3XL,0
1318YKYELLOW-4XL,0
1318YKYELLOW-5XL,0
1318YKYELLOW-L,0
1318YKYELLOW-M,0
1318YKYELLOW-S,0
1318YKYELLOW-XL,0
1318YKYELLOW-XXL,0
1319YKMAROON-3XL,0
1319YKMAROON-4XL,0
1319YKMAROON-5XL,0
1319YKMAROON-L,0
1319YKMAROON-M,0
1319YKMAROON-S,0
1319YKMAROON-XL,0
1319YKMAROON-XS,0
1319YKMAROON-XXL,0
131YK257BROWN-L,0
131YK257BROWN-M,0
131YK257BROWN-XL,0
131YK257BROWN-XXL,0
1320YKMUSTARD-3XL,4
1320YKMUSTARD-4XL,5
1320YKMUSTARD-5XL,6
1320YKMUSTARD-L,8
1320YKMUSTARD-M,6
1320YKMUSTARD-S,1
1320YKMUSTARD-XL,7
1320YKMUSTARD-XS,2
1320YKMUSTARD-XXL,1
1321YKGREEN-3XL,0
1321YKGREEN-4XL,0
1321YKGREEN-5XL,0
1321YKGREEN-L,0
1321YKGREEN-M,0
1321YKGREEN-S,0
1321YKGREEN-XL,1
1321YKGREEN-XXL,0
1322YKBLUE-5XL,0
1322YKBLUE-L,0
1322YKBLUE-M,0
1322YKBLUE-S,0
1322YKBLUE-XL,0
1322YKBLUE-XXL,0
1323YKTEAL-3XL,165
1323YKTEAL-4XL,187
1323YKTEAL-5XL,199
1323YKTEAL-6XL,90
1323YKTEAL-7XL,27
1323YKTEAL-8XL,79
1323YKTEAL-L,58
1323YKTEAL-M,56
1323YKTEAL-S,60
1323YKTEAL-XL,95
1323YKTEAL-XS,15
1323YKTEAL-XXL,109
1324YKGREEN-3XL,0
1324YKGREEN-4XL,0
1324YKGREEN-5XL,0
1324YKGREEN-L,0
1324YKGREEN-M,0
1324YKGREEN-S,0
1324YKGREEN-XL,0
1324YKGREEN-XXL,0
1325YKMULTI-3XL,1
1325YKMULTI-4XL,12
1325YKMULTI-5XL,6
1325YKMULTI-6XL,33
1325YKMULTI-7XL,1
1325YKMULTI-8XL,10
1325YKMULTI-L,40
1325YKMULTI-M,35
1325YKMULTI-S,24
1325YKMULTI-XL,10
1325YKMULTI-XS,4
1325YKMULTI-XXL,12
1326YKBLUE-3XL,0
1326YKBLUE-L,1
1326YKBLUE-M,0
1326YKBLUE-S,0
1326YKBLUE-XL,1
1326YKBLUE-XXL,0
1327YKMULTI-L,27
1327YKMULTI-M,11
1327YKMULTI-S,7
1327YKMULTI-XL,24
1327YKMULTI-XS,3
1327YKMULTI-XXL,24
1328YKBLUE-3XL,0
1328YKBLUE-4XL,0
1328YKBLUE-5XL,0
1328YKBLUE-L,0
1328YKBLUE-M,0
1328YKBLUE-S,0
1328YKBLUE-XL,0
1328YKBLUE-XXL,0
1329YKYELLOW-L,0
1329YKYELLOW-M,0
1329YKYELLOW-S,0
1329YKYELLOW-XL,0
1329YKYELLOW-XXL,0
132YK252MUSTARD-L,0
132YK252MUSTARD-M,0
132YK252MUSTARD-S,1
132YK252MUSTARD-XL,0
132YK252MUSTARD-XXL,0
1330YKBLUE-3XL,25
1330YKBLUE-4XL,105
1330YKBLUE-5XL,20
1330YKBLUE-6XL,11
1330YKBLUE-7XL,29
1330YKBLUE-8XL,67
1330YKBLUE-L,78
1330YKBLUE-M,8
1330YKBLUE-S,57
1330YKBLUE-XL,51
1330YKBLUE-XS,7
1330YKBLUE-XXL,105
1331YKORANGE-L,2
1331YKORANGE-M,2
1331YKORANGE-S,2
1331YKORANGE-XL,1
1331YKORANGE-XS,1
1331YKORANGE-XXL,1
1332YKKHAKI-3XL,1
1332YKKHAKI-4XL,1
1332YKKHAKI-5XL,4
1332YKKHAKI-6XL,3
1332YKKHAKI-7XL,4
1332YKKHAKI-8XL,2
1332YKKHAKI-L,4
1332YKKHAKI-M,17
1332YKKHAKI-S,7
1332YKKHAKI-XL,18
1332YKKHAKI-XS,0
1332YKKHAKI-XXL,3
1333YKBLUE-L,0
1333YKBLUE-M,2
1333YKBLUE-S,11
1333YKBLUE-XL,0
1333YKBLUE-XS,0
1333YKBLUE-XXL,0
1334YKWHITE-3XL,0
1334YKWHITE-4XL,0
1334YKWHITE-5XL,0
1334YKWHITE-L,26
1334YKWHITE-M,30
1334YKWHITE-S,7
1334YKWHITE-XL,9
1334YKWHITE-XXL,4
1335YKGREEN-3XL,5
1335YKGREEN-L,0
1335YKGREEN-M,0
1335YKGREEN-S,1
1335YKGREEN-XL,0
1335YKGREEN-XXL,0
1336YKBLACK-3XL,28
1336YKBLACK-4XL,48
1336YKBLACK-5XL,30
1336YKBLACK-6XL,25
1336YKBLACK-7XL,31
1336YKBLACK-8XL,41
1336YKBLACK-L,79
1336YKBLACK-M,79
1336YKBLACK-S,41
1336YKBLACK-XL,99
1336YKBLACK-XS,1
1336YKBLACK-XXL,101
1337YKRED-3XL,0
1337YKRED-4XL,2
1337YKRED-5XL,2
1337YKRED-6XL,0
1337YKRED-7XL,0
1337YKRED-8XL,1
1337YKRED-L,2
1337YKRED-M,9
1337YKRED-S,6
1337YKRED-XL,2
1337YKRED-XS,6
1337YKRED-XXL,0
1338DPT9BLACK-3XL,44
1338DPT9BLACK-4XL,44
1338DPT9BLACK-5XL,44
1338DPT9BLACK-6XL,36
1338DPT9BLACK-7XL,41
1338DPT9BLACK-8XL,39
1338DPT9BLACK-L,21
1338DPT9BLACK-M,44
1338DPT9BLACK-S,2
1338DPT9BLACK-XL,27
1338DPT9BLACK-XS,8
1338DPT9BLACK-XXL,44
1338YKBLACK-3XL,111
1338YKBLACK-4XL,74
1338YKBLACK-5XL,143
1338YKBLACK-6XL,42
1338YKBLACK-7XL,45
1338YKBLACK-8XL,46
1338YKBLACK-L,27
1338YKBLACK-M,56
1338YKBLACK-S,6
1338YKBLACK-XL,31
1338YKBLACK-XS,11
1338YKBLACK-XXL,89
1339YKBLUE-L,0
1339YKBLUE-M,0
1339YKBLUE-S,0
1339YKBLUE-XL,0
1339YKBLUE-XS,0
1339YKBLUE-XXL,0
133YK224BLUE-L,0
1340YKMULTI-3XL,20
1340YKMULTI-4XL,51
1340YKMULTI-5XL,1
1340YKMULTI-L,63
1340YKMULTI-M,31
1340YKMULTI-S,43
1340YKMULTI-XL,87
1340YKMULTI-XS,15
1340YKMULTI-XXL,29
1341YKGREEN-3XL,41
1341YKGREEN-4XL,15
1341YKGREEN-5XL,37
1341YKGREEN-6XL,19
1341YKGREEN-7XL,31
1341YKGREEN-8XL,32
1341YKGREEN-L,55
1341YKGREEN-M,27
1341YKGREEN-S,30
1341YKGREEN-XL,20
1341YKGREEN-XS,19
1341YKGREEN-XXL,34
1342YKBLUE-3XL,0
1342YKBLUE-4XL,0
1342YKBLUE-5XL,0
1342YKBLUE-L,0
1342YKBLUE-M,0
1342YKBLUE-S,0
1342YKBLUE-XL,0
1342YKBLUE-XXL,0
1343YKBLUE-3XL,0
1343YKBLUE-4XL,4
1343YKBLUE-5XL,4
1343YKBLUE-6XL,1
1343YKBLUE-7XL,7
1343YKBLUE-8XL,12
1343YKBLUE-L,11
1343YKBLUE-M,17
1343YKBLUE-S,10
1343YKBLUE-XL,1
1343YKBLUE-XS,20
1343YKBLUE-XXL,1
1344YKMAROON-3XL,0
1344YKMAROON-4XL,0
1344YKMAROON-5XL,0
1344YKMAROON-L,0
1344YKMAROON-M,0
1344YKMAROON-S,3
1344YKMAROON-XL,0
1344YKMAROON-XXL,0
1345YKBLACK-L,0
1345YKBLACK-M,0
1345YKBLACK-S,0
1345YKBLACK-XL,0
1347YKPINK-3XL,0
1347YKPINK-4XL,0
1347YKPINK-5XL,0
1347YKPINK-L,1
1347YKPINK-M,2
1347YKPINK-S,12
1347YKPINK-XL,1
1347YKPINK-XS,0
1347YKPINK-XXL,1
1348YKMULTI-3XL,11
1348YKMULTI-L,9
1348YKMULTI-M,9
1348YKMULTI-S,7
1348YKMULTI-XL,3
1348YKMULTI-XS,0
1348YKMULTI-XXL,71
1349YKMUSTARD-3XL,0
1349YKMUSTARD-4XL,0
1349YKMUSTARD-5XL,0
1349YKMUSTARD-L,12
1349YKMUSTARD-M,28
1349YKMUSTARD-S,21
1349YKMUSTARD-XL,5
1349YKMUSTARD-XS,5
1349YKMUSTARD-XXL,1
134YK131MULTI-S,0
1350YKMUSTARD-3XL,2
1350YKMUSTARD-4XL,0
1350YKMUSTARD-5XL,3
1350YKMUSTARD-L,3
1350YKMUSTARD-M,5
1350YKMUSTARD-S,14
1350YKMUSTARD-XL,0
1350YKMUSTARD-XXL,0
1351YKBLUE-3XL,6
1351YKBLUE-4XL,41
1351YKBLUE-5XL,3
1351YKBLUE-L,6
1351YKBLUE-M,78
1351YKBLUE-S,23
1351YKBLUE-XL,11
1351YKBLUE-XS,5
1351YKBLUE-XXL,163
1352YKBLUE-L,0
1352YKBLUE-M,0
1352YKBLUE-S,1
1352YKBLUE-XL,0
1352YKBLUE-XXL,0
1353YKBLACK-3XL,0
1353YKBLACK-4XL,0
1353YKBLACK-5XL,0
1353YKBLACK-L,0
1353YKBLACK-M,0
1353YKBLACK-S,0
1353YKBLACK-XL,0
1353YKBLACK-XXL,0
1354YKCMUSTARD,0
1354YKMUSTARD,0
1354YKMUSTARD-3XL,0
1354YKMUSTARD-4XL,2
1354YKMUSTARD-5XL,0
1354YKMUSTARD-6XL,0
1354YKMUSTARD-7XL,1
1354YKMUSTARD-8XL,0
1354YKMUSTARD-L,0
1354YKMUSTARD-M,0
1354YKMUSTARD-S,2
1354YKMUSTARD-XL,1
1354YKMUSTARD-XS,11
1354YKMUSTARD-XXL,0
1355DPT27TEAL-3XL,0
1355DPT27TEAL-4XL,0
1355DPT27TEAL-5XL,1
1355DPT27TEAL-6XL,0
1355DPT27TEAL-7XL,0
1355DPT27TEAL-8XL,0
1355DPT27TEAL-L,1
1355DPT27TEAL-M,4
1355DPT27TEAL-S,3
1355DPT27TEAL-XL,0
1355DPT27TEAL-XS,0
1355DPT27TEAL-XXL,0
1355YKTEAL-3XL,1
1355YKTEAL-4XL,0
1355YKTEAL-5XL,1
1355YKTEAL-6XL,0
1355YKTEAL-7XL,0
1355YKTEAL-8XL,0
1355YKTEAL-L,3
1355YKTEAL-M,8
1355YKTEAL-S,6
1355YKTEAL-XL,2
1355YKTEAL-XXL,0
1356YKBLACK-L,0
1356YKBLACK-M,0
1356YKBLACK-S,0
1356YKBLACK-XL,0
1356YKBLACK-XS,0
1356YKBLACK-XXL,0
1357YKBLACK-3XL,0
1357YKBLACK-4XL,0
1357YKBLACK-5XL,0
1357YKBLACK-L,0
1357YKBLACK-M,1
1357YKBLACK-S,1
1357YKBLACK-XL,1
1357YKBLACK-XXL,0
1358YKBLUE-3XL,0
1358YKBLUE-4XL,0
1358YKBLUE-5XL,0
1358YKBLUE-L,0
1358YKBLUE-M,1
1358YKBLUE-S,1
1358YKBLUE-XL,1
1358YKBLUE-XXL,0
1359YKGREEN-3XL,6
1359YKGREEN-4XL,6
1359YKGREEN-5XL,14
1359YKGREEN-6XL,20
1359YKGREEN-7XL,2
1359YKGREEN-8XL,2
1359YKGREEN-L,22
1359YKGREEN-M,20
1359YKGREEN-S,7
1359YKGREEN-XL,17
1359YKGREEN-XS,8
1359YKGREEN-XXL,12
135YK224BROWN-S,0
135YK224BROWN-XL,0
1360YKBLUE-3XL,0
1360YKBLUE-4XL,0
1360YKBLUE-5XL,0
1360YKBLUE-L,0
1360YKBLUE-M,0
1360YKBLUE-S,1
1360YKBLUE-XL,0
1360YKBLUE-XXL,0
1361YKBLUE-3XL,4
1361YKBLUE-4XL,5
1361YKBLUE-5XL,10
1361YKBLUE-L,9
1361YKBLUE-M,14
1361YKBLUE-S,8
1361YKBLUE-XL,5
1361YKBLUE-XS,21
1361YKBLUE-XXL,5
1362YKBLACK-3XL,5
1362YKBLACK-4XL,3
1362YKBLACK-5XL,12
1362YKBLACK-6XL,6
1362YKBLACK-7XL,10
1362YKBLACK-8XL,4
1362YKBLACK-L,11
1362YKBLACK-M,1
1362YKBLACK-S,0
1362YKBLACK-XL,45
1362YKBLACK-XS,0
1362YKBLACK-XXL,2
1363YKBROWN-L,30
1363YKBROWN-M,47
1363YKBROWN-S,35
1363YKBROWN-XL,2
1363YKBROWN-XXL,4
1364YKBROWN-3XL,1
1364YKBROWN-4XL,0
1364YKBROWN-5XL,0
1364YKBROWN-L,13
1364YKBROWN-M,38
1364YKBROWN-S,7
1364YKBROWN-XL,5
1364YKBROWN-XS,5
1364YKBROWN-XXL,3
1365YKMAROON-L,1
1365YKMAROON-M,1
1365YKMAROON-S,0
1365YKMAROON-XL,0
1365YKMAROON-XXL,0
1366YKORANGE-3XL,0
1366YKORANGE-4XL,0
1366YKORANGE-5XL,0
1366YKORANGE-L,0
1366YKORANGE-M,0
1366YKORANGE-S,0
1366YKORANGE-XL,1
1366YKORANGE-XXL,0
1367YKBLUE-3XL,2
1367YKBLUE-4XL,2
1367YKBLUE-5XL,0
1367YKBLUE-6XL,2
1367YKBLUE-7XL,1
1367YKBLUE-8XL,3
1367YKBLUE-L,6
1367YKBLUE-M,4
1367YKBLUE-S,28
1367YKBLUE-XL,2
1367YKBLUE-XXL,0
1368YKWHITE-3XL,19
1368YKWHITE-4XL,24
1368YKWHITE-5XL,3
1368YKWHITE-6XL,4
1368YKWHITE-7XL,4
1368YKWHITE-8XL,1
1368YKWHITE-L,13
1368YKWHITE-M,79
1368YKWHITE-S,91
1368YKWHITE-XL,110
1368YKWHITE-XS,9
1368YKWHITE-XXL,45
1369YKMAROON-3XL,5
1369YKMAROON-4XL,3
1369YKMAROON-5XL,8
1369YKMAROON-6XL,7
1369YKMAROON-7XL,0
1369YKMAROON-8XL,4
1369YKMAROON-L,0
1369YKMAROON-M,4
1369YKMAROON-S,4
1369YKMAROON-XL,0
1369YKMAROON-XXL,1
136YK245OFFWHITE-XL,0
136YK245OFFWHITE-XXL,0
1370YKMAROON-3XL,1
1370YKMAROON-4XL,8
1370YKMAROON-5XL,2
1370YKMAROON-6XL,1
1370YKMAROON-7XL,3
1370YKMAROON-8XL,12
1370YKMAROON-L,7
1370YKMAROON-M,5
1370YKMAROON-S,14
1370YKMAROON-XL,1
1370YKMAROON-XS,13
1370YKMAROON-XXL,4
1371YKMULTI-3XL,0
1371YKMULTI-4XL,0
1371YKMULTI-5XL,0
1371YKMULTI-L,0
1371YKMULTI-M,2
1371YKMULTI-S,0
1371YKMULTI-XL,1
1371YKMULTI-XXL,0
1372YKBLACK-3XL,0
1372YKBLACK-4XL,0
1372YKBLACK-5XL,1
1372YKBLACK-L,0
1372YKBLACK-M,2
1372YKBLACK-S,3
1372YKBLACK-XL,0
1372YKBLACK-XS,4
1372YKBLACK-XXL,2
1373YKPINK-3XL,222
1373YKPINK-4XL,154
1373YKPINK-5XL,197
1373YKPINK-6XL,77
1373YKPINK-7XL,36
1373YKPINK-8XL,31
1373YKPINK-L,195
1373YKPINK-M,187
1373YKPINK-S,125
1373YKPINK-XL,312
1373YKPINK-XS,141
1373YKPINK-XXL,285
1374YKMULTI-3XL,0
1374YKMULTI-4XL,0
1374YKMULTI-5XL,0
1374YKMULTI-L,1
1374YKMULTI-M,4
1374YKMULTI-S,3
1374YKMULTI-XL,0
1374YKMULTI-XS,2
1374YKMULTI-XXL,0
1375YKMUSTARD-3XL,42
1375YKMUSTARD-4XL,39
1375YKMUSTARD-5XL,39
1375YKMUSTARD-L,96
1375YKMUSTARD-M,107
1375YKMUSTARD-S,90
1375YKMUSTARD-XL,134
1375YKMUSTARD-XS,49
1375YKMUSTARD-XXL,60
1376YKMULTI-3XL,0
1376YKMULTI-4XL,0
1376YKMULTI-5XL,0
1376YKMULTI-6XL,4
1376YKMULTI-7XL,13
1376YKMULTI-8XL,4
1376YKMULTI-L,1
1376YKMULTI-M,9
1376YKMULTI-S,8
1376YKMULTI-XL,0
1376YKMULTI-XXL,3
1377YKMAROON-3XL,1
1377YKMAROON-4XL,41
1377YKMAROON-5XL,0
1377YKMAROON-L,2
1377YKMAROON-M,19
1377YKMAROON-S,9
1377YKMAROON-XL,10
1377YKMAROON-XS,0
1377YKMAROON-XXL,11
1378YKMULTI-3XL,49
1378YKMULTI3XLMULTI,0
1378YKMULTI-4XL,30
1378YKMULTI4XLMULTI,0
1378YKMULTI-5XL,28
1378YKMULTI5XLMULTI,0
1378YKMULTI-6XL,104
1378YKMULTI-7XL,26
1378YKMULTI-8XL,116
1378YKMULTI-L,48
1378YKMULTI-M,64
1378YKMULTI-S,67
1378YKMULTI-XL,77
1378YKMULTI-XS,17
1378YKMULTI-XXL,53
1378YKMULTIXXLMULTI,0
1379YKGREEN-3XL,27
1379YKGREEN-4XL,10
1379YKGREEN-5XL,6
1379YKGREEN-6XL,5
1379YKGREEN-7XL,3
1379YKGREEN-8XL,5
1379YKGREEN-L,10
1379YKGREEN-M,12
1379YKGREEN-S,4
1379YKGREEN-XL,25
1379YKGREEN-XS,13
1379YKGREEN-XXL,9
137YK250BEIGE-M,0
1381YKBLACK-L,0
1381YKBLACK-M,0
1381YKBLACK-S,1
1381YKBLACK-XL,0
1381YKBLACK-XXL,0
1382YKYELLOW-3XL,0
1382YKYELLOW-4XL,0
1382YKYELLOW-5XL,0
1382YKYELLOW-L,0
1382YKYELLOW-M,2
1382YKYELLOW-S,2
1382YKYELLOW-XL,0
1382YKYELLOW-XS,1
1382YKYELLOW-XXL,0
1383YKBLUE-3XL,0
1383YKBLUE-4XL,0
1383YKBLUE-5XL,0
1383YKBLUE-L,2
1383YKBLUE-M,1
1383YKBLUE-S,13
1383YKBLUE-XL,1
1383YKBLUE-XXL,2
1384YKBLACK-3XL,0
1384YKBLACK-4XL,0
1384YKBLACK-5XL,0
1384YKBLACK-L,3
1384YKBLACK-M,3
1384YKBLACK-S,12
1384YKBLACK-XL,1
1384YKBLACK-XXL,0
1385YKMULTI-3XL,1
1385YKMULTI-4XL,0
1385YKMULTI-5XL,0
1385YKMULTI-L,4
1385YKMULTI-M,10
1385YKMULTI-S,33
1385YKMULTI-XL,10
1385YKMULTI-XXL,1
1386YKYELLOW-L,1
1386YKYELLOW-M,2
1386YKYELLOW-S,1
1386YKYELLOW-XL,1
1386YKYELLOW-XXL,0
1387YKMULTI-3XL,0
1387YKMULTI-4XL,0
1387YKMULTI-5XL,0
1387YKMULTI-L,10
1387YKMULTI-M,57
1387YKMULTI-S,74
1387YKMULTI-XL,2
1387YKMULTI-XS,7
1387YKMULTI-XXL,0
1388YKMAROON-3XL,181
1388YKMAROON-4XL,185
1388YKMAROON-5XL,268
1388YKMAROON-6XL,65
1388YKMAROON-7XL,61
1388YKMAROON-8XL,58
1388YKMAROON-L,80
1388YKMAROON-M,19
1388YKMAROON-S,23
1388YKMAROON-XL,51
1388YKMAROON-XS,53
1388YKMAROON-XXL,81
1389YKBROWN-3XL,123
1389YKBROWN-4XL,111
1389YKBROWN-5XL,116
1389YKBROWN-6XL,9
1389YKBROWN-7XL,44
1389YKBROWN-8XL,47
1389YKBROWN-L,131
1389YKBROWN-M,97
1389YKBROWN-S,101
1389YKBROWN-XL,155
1389YKBROWN-XS,23
1389YKBROWN-XXL,162
138YK254MUSTARD-L,0
138YK254MUSTARD-M,1
138YK254MUSTARD-S,1
1390YKYELLOW-3XL,0
1390YKYELLOW-4XL,0
1390YKYELLOW-5XL,0
1390YKYELLOW-L,29
1390YKYELLOW-M,26
1390YKYELLOW-S,12
1390YKYELLOW-XL,28
1390YKYELLOW-XXL,24
1391YKBLUE-3XL,96
1391YKBLUE-4XL,106
1391YKBLUE-5XL,96
1391YKBLUE-6XL,53
1391YKBLUE-7XL,32
1391YKBLUE-8XL,46
1391YKBLUE-L,26
1391YKBLUE-M,32
1391YKBLUE-S,22
1391YKBLUE-XL,129
1391YKBLUE-XS,18
1391YKBLUE-XXL,94
1393YKBLUE-3XL,0
1393YKBLUE-4XL,0
1393YKBLUE-5XL,0
1393YKBLUE-L,1
1393YKBLUE-M,0
1393YKBLUE-S,0
1393YKBLUE-XL,0
1393YKBLUE-XXL,0
1394YKGREEN-3XL,0
1394YKGREEN-L,0
1394YKGREEN-M,0
1394YKGREEN-S,0
1394YKGREEN-XL,0
1394YKGREEN-XXL,1
1395YKBLUE-3XL,1
1395YKBLUE-4XL,4
1395YKBLUE-5XL,3
1395YKBLUE-6XL,5
1395YKBLUE-7XL,0
1395YKBLUE-8XL,2
1395YKBLUE-L,2
1395YKBLUE-M,2
1395YKBLUE-S,9
1395YKBLUE-XL,9
1395YKBLUE-XS,7
1395YKBLUE-XXL,13
1396YKGREY-3XL,0
1396YKGREY-4XL,0
1396YKGREY-5XL,0
1396YKGREY-L,0
1396YKGREY-M,0
1396YKGREY-S,0
1396YKGREY-XL,0
1396YKGREY-XXL,0
1397YKBLUE-3XL,0
1397YKBLUE-4XL,0
1397YKBLUE-5XL,0
1397YKBLUE-L,0
1397YKBLUE-M,0
1397YKBLUE-S,0
1397YKBLUE-XL,0
1397YKBLUE-XXL,0
1398YKGREY-3XL,4
1398YKGREY-4XL,0
1398YKGREY-5XL,0
1398YKGREY-6XL,0
1398YKGREY-7XL,0
1398YKGREY-8XL,0
1398YKGREY-L,2
1398YKGREY-M,18
1398YKGREY-S,22
1398YKGREY-XL,1
1398YKGREY-XS,8
1398YKGREY-XXL,0
1399YKBLUE-3XL,7
1399YKBLUE-4XL,5
1399YKBLUE-5XL,3
1399YKBLUE-L,40
1399YKBLUE-M,22
1399YKBLUE-S,46
1399YKBLUE-XL,39
1399YKBLUE-XS,39
1399YKBLUE-XXL,17
139YK256BLUE-S,0
1400YKMULTI-3XL,0
1400YKMULTI-4XL,0
1400YKMULTI-5XL,0
1400YKMULTI-L,18
1400YKMULTI-M,38
1400YKMULTI-S,19
1400YKMULTI-XL,1
1400YKMULTI-XS,5
1400YKMULTI-XXL,0
1401YKMAROON-3XL,1
1401YKMAROON-4XL,0
1401YKMAROON-5XL,0
1401YKMAROON-L,0
1401YKMAROON-M,0
1401YKMAROON-S,0
1401YKMAROON-XL,0
1401YKMAROON-XS,0
1401YKMAROON-XXL,1
1402YKGREY-3XL,0
1402YKGREY-4XL,0
1402YKGREY-5XL,0
1402YKGREY-XXL,6
1403YKGREY-3XL,0
1403YKGREY-4XL,0
1403YKGREY-5XL,0
1403YKGREY-L,0
1403YKGREY-M,0
1403YKGREY-S,1
1403YKGREY-XL,7
1403YKGREY-XXL,2
1404YKMAROON-3XL,0
1404YKMAROON-4XL,0
1404YKMAROON-5XL,0
1404YKMAROON-L,0
1404YKMAROON-M,0
1404YKMAROON-S,0
1404YKMAROON-XL,0
1404YKMAROON-XXL,0
1405YKMAROON-3XL,0
1405YKMAROON-4XL,0
1405YKMAROON-5XL,0
1405YKMAROON-L,0
1405YKMAROON-M,0
1405YKMAROON-S,0
1405YKMAROON-XL,0
1405YKMAROON-XS,0
1405YKMAROON-XXL,0
1406YKMAROON-3XL,2
1406YKMAROON-4XL,0
1406YKMAROON-L,0
1406YKMAROON-M,0
1406YKMAROON-S,0
1406YKMAROON-XL,0
1406YKMAROON-XXL,2
1407YKMULTI-3XL,32
1407YKMULTI-4XL,23
1407YKMULTI-5XL,19
1407YKMULTI-6XL,46
1407YKMULTI-7XL,48
1407YKMULTI-8XL,59
1407YKMULTI-XXL,38
1408YKBLUE-3XL,0
1408YKBLUE-4XL,0
1408YKBLUE-5XL,0
1408YKBLUE-XXL,0
1409YKBROWN-3XL,0
1409YKBROWN-4XL,0
1409YKBROWN-5XL,0
1409YKBROWN-L,0
1409YKBROWN-M,0
1409YKBROWN-S,0
1409YKBROWN-XL,0
1409YKBROWN-XXL,0
140YK253MAROON-L,0
140YK253MAROON-M,0
140YK253MAROON-S,0
1410YKBLACK-3XL,0
1410YKBLACK-4XL,0
1410YKBLACK-5XL,0
1410YKBLACK-L,0
1410YKBLACK-M,6
1410YKBLACK-S,21
1410YKBLACK-XL,0
1410YKBLACK-XXL,0
1412YKMULTI-3XL,25
1412YKMULTI-4XL,9
1412YKMULTI-5XL,8
1412YKMULTI-6XL,3
1412YKMULTI-7XL,4
1412YKMULTI-8XL,18
1412YKMULTI-L,38
1412YKMULTI-M,19
1412YKMULTI-S,7
1412YKMULTI-XL,27
1412YKMULTI-XXL,13
1413YKBROWN-3XL,0
1413YKBROWN-4XL,0
1413YKBROWN-5XL,0
1413YKBROWN-L,0
1413YKBROWN-M,0
1413YKBROWN-S,0
1413YKBROWN-XL,8
1413YKBROWN-XS,0
1413YKBROWN-XXL,2
1414YKGREY-3XL,14
1414YKGREY-4XL,39
1414YKGREY-5XL,11
1414YKGREY-6XL,13
1414YKGREY-7XL,11
1414YKGREY-8XL,13
1414YKGREY-XXL,10
1415YKBALCK-6XL,2
1415YKBALCK-7XL,9
1415YKBALCK-8XL,7
1415YKBLACK-3XL,0
1415YKBLACK-4XL,1
1415YKBLACK-5XL,0
1415YKBLACK-6XL,0
1415YKBLACK-7XL,16
1415YKBLACK-8XL,1
1415YKBLACK-XXL,10
1416YKBLACK-3XL,0
1417YKBLACK-3XL,189
1417YKBLACK-4XL,120
1417YKBLACK-5XL,120
1417YKBLACK-6XL,68
1417YKBLACK-7XL,73
1417YKBLACK-8XL,44
1417YKBLACK-L,66
1417YKBLACK-M,72
1417YKBLACK-S,51
1417YKBLACK-XL,176
1417YKBLACK-XS,40
1417YKBLACK-XXL,110
1418YKRED-3XL,7
1418YKRED-4XL,6
1418YKRED-5XL,0
1418YKRED-XXL,12
1419YKBLACK-3XL,0
1419YKBLACK-4XL,0
1419YKBLACK-5XL,0
1419YKBLACK-XXL,0
141YK251PINK-3XL,4
141YK251PINK-4XL,20
141YK251PINK-5XL,5
141YK251PINK-6XL,9
141YK251PINK-7XL,14
141YK251PINK-8XL,6
141YK251PINK-L,43
141YK251PINK-M,32
141YK251PINK-S,0
141YK251PINK-XL,40
141YK251PINK-XS,2
141YK251PINK-XXL,34
1420YKPINK-3XL,8
1420YKPINK-4XL,3
1420YKPINK-5XL,0
1420YKPINK-XXL,4
1421YKPINK-3XL,51
1421YKPINK-4XL,40
1421YKPINK-5XL,3
1421YKPINK-L,32
1421YKPINK-M,57
1421YKPINK-S,52
1421YKPINK-XL,30
1421YKPINK-XS,9
1421YKPINK-XXL,54
1422YKOFFWHITE-L,0
1422YKOFFWHITE-M,0
1422YKOFFWHITE-S,0
1422YKOFFWHITE-XL,0
1423YKMAROON-3XL,0
1423YKMAROON-4XL,0
1423YKMAROON-5XL,0
1423YKMAROON-L,8
1423YKMAROON-M,6
1423YKMAROON-S,25
1423YKMAROON-XL,1
1423YKMAROON-XXL,0
1424YKPINK-3XL,0
1424YKPINK-4XL,0
1424YKPINK-5XL,0
1424YKPINK-L,0
1424YKPINK-M,0
1424YKPINK-S,0
1424YKPINK-XL,0
1424YKPINK-XXL,0
1427YKPEACH-3XL,0
1427YKPEACH-4XL,0
1427YKPEACH-5XL,0
1427YKPEACH-L,0
1427YKPEACH-M,0
1427YKPEACH-S,0
1427YKPEACH-XL,0
1427YKPEACH-XXL,0
1428YKGREEN-3XL,1
1428YKGREEN-4XL,6
1428YKGREEN-5XL,1
1428YKGREEN-L,0
1428YKGREEN-M,0
1428YKGREEN-S,0
1428YKGREEN-XL,0
1428YKGREEN-XXL,13
1429YKBLACK-3XL,6
1429YKBLACK-4XL,0
1429YKBLACK-5XL,0
1429YKBLACK-XXL,18
142YK258BROWN-L,0
142YK258BROWN-M,0
142YK258BROWN-S,0
142YK258BROWN-XL,0
142YK258BROWN-XXL,0
1430YKGREEN-3XL,0
1430YKGREEN-4XL,0
1430YKGREEN-5XL,0
1430YKGREEN-L,8
1430YKGREEN-M,12
1430YKGREEN-S,30
1430YKGREEN-XL,0
1430YKGREEN-XS,5
1430YKGREEN-XXL,0
1431YKGREEN-3XL,0
1431YKGREEN-4XL,0
1431YKGREEN-5XL,0
1431YKGREEN-L,21
1431YKGREEN-M,22
1431YKGREEN-S,5
1431YKGREEN-XL,8
1431YKGREEN-XS,2
1431YKGREEN-XXL,0
1432YKPINK-3XL,0
1432YKPINK-4XL,0
1432YKPINK-5XL,0
1432YKPINK-L,0
1432YKPINK-M,0
1432YKPINK-S,0
1432YKPINK-XL,0
1432YKPINK-XXL,0
1433YKYELLOW-3XL,0
1433YKYELLOW-4XL,0
1433YKYELLOW-5XL,0
1433YKYELLOW-L,0
1433YKYELLOW-M,0
1433YKYELLOW-S,0
1433YKYELLOW-XL,0
1433YKYELLOW-XXL,0
1434YKRED-3XL,0
1434YKRED-4XL,0
1434YKRED-5XL,0
1434YKRED-L,2
1434YKRED-M,3
1434YKRED-S,4
1434YKRED-XL,3
1434YKRED-XXL,0
1436YKPEACH-3XL,0
1436YKPEACH-4XL,0
1436YKPEACH-5XL,0
1436YKPEACH-L,0
1436YKPEACH-M,0
1436YKPEACH-S,0
1436YKPEACH-XL,0
1436YKPEACH-XXL,0
1437YKWHITE-3XL,3
1437YKWHITE-4XL,0
1437YKWHITE-5XL,0
1437YKWHITE-6XL,1
1437YKWHITE-7XL,0
1437YKWHITE-8XL,0
1437YKWHITE-L,0
1437YKWHITE-M,3
1437YKWHITE-S,9
1437YKWHITE-XL,3
1437YKWHITE-XS,1
1437YKWHITE-XXL,0
1439YKBLUE-3XL,0
1439YKBLUE-4XL,2
1439YKBLUE-5XL,3
1439YKBLUE-6XL,2
1439YKBLUE-7XL,1
1439YKBLUE-8XL,2
1439YKBLUE-L,1
1439YKBLUE-M,2
1439YKBLUE-S,4
1439YKBLUE-XL,1
1439YKBLUE-XS,7
1439YKBLUE-XXL,1
1441YKBLUE-3XL,2
1441YKBLUE-4XL,2
1441YKBLUE-5XL,0
1441YKBLUE-6XL,1
1441YKBLUE-7XL,1
1441YKBLUE-8XL,1
1441YKBLUE-L,5
1441YKBLUE-M,6
1441YKBLUE-S,12
1441YKBLUE-XL,7
1441YKBLUE-XS,2
1441YKBLUE-XXL,10
1443YKTEAL-L,8
1443YKTEAL-M,4
1443YKTEAL-S,19
1443YKTEAL-XL,2
1443YKTEAL-XS,3
1443YKTEAL-XXL,0
1444YKWHITE-3XL,2
1444YKWHITE-4XL,11
1444YKWHITE-5XL,0
1444YKWHITE-L,11
1444YKWHITE-M,26
1444YKWHITE-S,3
1444YKWHITE-XL,3
1444YKWHITE-XS,2
1444YKWHITE-XXL,0
1445YKBLACK-4XL,0
1445YKBLACK-L,0
1445YKBLACK-M,3
1445YKBLACK-S,7
1445YKBLACK-XL,1
1445YKBLACK-XS,19
1446YKPINK-L,24
1446YKPINK-M,51
1446YKPINK-S,14
1446YKPINK-XL,30
1446YKPINK-XS,5
1446YKPINK-XXL,9
1447YKBLACK-XXL,0
1447YKBLUE-5XL,0
1447YKBLUE-XL,0
1447YKBLUE-XXL,0
1448YKMUSTARD-M,0
1448YKMUSTARD-XXL,0
1449YKGREY-3XL,0
1449YKGREY-4XL,0
1449YKGREY-5XL,0
1449YKGREY-L,5
1449YKGREY-M,4
1449YKGREY-S,3
1449YKGREY-XL,2
1449YKGREY-XXL,11
144YK270MUSTARD-3XL,0
144YK270MUSTARD-4XL,0
144YK270MUSTARD-5XL,0
144YK270MUSTARD-L,0
144YK270MUSTARD-M,0
144YK270MUSTARD-S,0
144YK270MUSTARD-XL,0
144YK270MUSTARD-XS,0
144YK270MUSTARD-XXL,0
1450YKPINK-3XL,0
1450YKPINK-4XL,0
1450YKPINK-5XL,0
1450YKPINK-L,0
1450YKPINK-M,0
1450YKPINK-S,0
1450YKPINK-XL,0
1450YKPINK-XXL,1
1451YKSKYBLUE-3XL,0
1451YKSKYBLUE-4XL,0
1451YKSKYBLUE-5XL,0
1451YKSKYBLUE-L,0
1451YKSKYBLUE-M,2
1451YKSKYBLUE-S,0
1451YKSKYBLUE-XL,0
1451YKSKYBLUE-XS,1
1451YKSKYBLUE-XXL,0
1452YKPURPLE-3XL,0
1452YKPURPLE-4XL,0
1452YKPURPLE-5XL,0
1452YKPURPLE-L,0
1452YKPURPLE-M,0
1452YKPURPLE-S,0
1452YKPURPLE-XL,0
1452YKPURPLE-XXL,0
1453YKBLACK-L,10
1453YKBLACK-M,17
1453YKBLACK-S,6
1453YKBLACK-XL,4
1453YKBLACK-XS,8
1454YKPINK-L,8
1454YKPINK-M,9
1454YKPINK-S,4
1454YKPINK-XL,4
1454YKPINK-XS,8
1454YKPINK-XXL,1
1455YKBLUE-5XL,0
1455YKBLUE-L,27
1455YKBLUE-M,39
1455YKBLUE-S,14
1455YKBLUE-XL,3
1455YKBLUE-XXL,0
1456YKBLACK-3XL,0
1456YKBLACK-4XL,0
1456YKBLACK-5XL,0
1456YKBLACK-6XL,0
1456YKBLACK-7XL,0
1456YKBLACK-8XL,0
1456YKBLACK-L,0
1456YKBLACK-M,0
1456YKBLACK-S,4
1456YKBLACK-XL,0
1456YKBLACK-XXL,0
1457YKPINK-3XL,9
1457YKPINK-4XL,1
1457YKPINK-5XL,0
1457YKPINK-L,0
1457YKPINK-M,5
1457YKPINK-S,8
1457YKPINK-XL,1
1457YKPINK-XS,38
1457YKPINK-XXL,1
1458YKPINK-3XL,0
1458YKPINK-4XL,0
1458YKPINK-5XL,0
1458YKPINK-L,7
1458YKPINK-M,21
1458YKPINK-S,16
1458YKPINK-XL,5
1458YKPINK-XS,0
1458YKPINK-XXL,2
145YK268BLACK-S,0
1461YKGREEN-3XL,41
1461YKGREEN-4XL,53
1461YKGREEN-5XL,33
1461YKGREEN-L,24
1461YKGREEN-M,15
1461YKGREEN-S,25
1461YKGREEN-XL,22
1461YKGREEN-XXL,24
1462YKMULTI-3XL,14
1462YKMULTI-4XL,18
1462YKMULTI-5XL,2
1462YKMULTI-L,13
1462YKMULTI-M,20
1462YKMULTI-S,1
1462YKMULTI-XL,37
1462YKMULTI-XS,9
1462YKMULTI-XXL,34
1463YKPINK-L,0
1463YKPINK-M,0
1463YKPINK-S,2
1463YKPINK-XL,0
1463YKPINK-XS,3
1463YKPINK-XXL,0
1464YKMULTI-3XL,3
1464YKMULTI-4XL,0
1464YKMULTI-5XL,2
1464YKMULTI-6XL,1
1464YKMULTI-7XL,0
1464YKMULTI-8XL,1
1464YKMULTI-L,4
1464YKMULTI-M,6
1464YKMULTI-S,14
1464YKMULTI-XL,4
1464YKMULTI-XS,16
1464YKMULTI-XXL,13
1465YKBLUE-L,68
1465YKBLUE-M,87
1465YKBLUE-S,68
1465YKBLUE-XL,72
1465YKBLUE-XS,15
1465YKBLUE-XXL,79
1466YKYELLOW-3XL,30
1466YKYELLOW-4XL,6
1466YKYELLOW-5XL,0
1466YKYELLOW-L,17
1466YKYELLOW-M,29
1466YKYELLOW-S,8
1466YKYELLOW-XL,3
1466YKYELLOW-XS,10
1466YKYELLOW-XXL,18
1467YKGREY-3XL,9
1467YKGREY-4XL,17
1467YKGREY-5XL,2
1467YKGREY-L,0
1467YKGREY-M,1
1467YKGREY-XL,11
1467YKGREY-XXL,3
1468YKYELLOW-3XL,3
1468YKYELLOW-4XL,14
1468YKYELLOW-5XL,13
1468YKYELLOW-L,3
1468YKYELLOW-M,1
1468YKYELLOW-S,1
1468YKYELLOW-XL,4
1468YKYELLOW-XXL,3
1469YKPURPLE-L,20
1469YKPURPLE-M,93
1469YKPURPLE-S,20
1469YKPURPLE-XL,21
1469YKPURPLE-XS,8
146YK148AZKBLU-3XL,194
146YK148AZKBLU-4XL,208
146YK148AZKBLU-5XL,291
146YK148AZKBLU-6XL,44
146YK148AZKBLU-7XL,44
146YK148AZKBLU-8XL,67
146YK148AZKBLU-L,58
146YK148AZKBLU-M,48
146YK148AZKBLU-S,32
146YK148AZKBLU-XL,62
146YK148AZKBLU-XS,1
146YK148AZKBLU-XXL,258
1470YKBLUE-L,247
1470YKBLUE-M,267
1470YKBLUE-S,118
1470YKBLUE-XL,298
1470YKBLUE-XS,59
1471YKWHITE-3XL,2
1471YKWHITE-4XL,3
1471YKWHITE-5XL,2
1471YKWHITE-6XL,1
1471YKWHITE-7XL,1
1471YKWHITE-8XL,0
1471YKWHITE-L,30
1471YKWHITE-M,25
1471YKWHITE-S,22
1471YKWHITE-XL,16
1471YKWHITE-XS,8
1471YKWHITE-XXL,2
1472YKGREEN-3XL,94
1472YKGREEN-4XL,5
1472YKGREEN-5XL,16
1472YKGREEN-6XL,40
1472YKGREEN-7XL,24
1472YKGREEN-8XL,20
1472YKGREEN-L,9
1472YKGREEN-M,10
1472YKGREEN-S,39
1472YKGREEN-XL,6
1472YKGREEN-XS,7
1472YKGREEN-XXL,9
1473YKWHITE-3XL,49
1473YKWHITE-4XL,42
1473YKWHITE-5XL,34
1473YKWHITE-L,108
1473YKWHITE-M,83
1473YKWHITE-S,64
1473YKWHITE-XL,51
1473YKWHITE-XS,47
1473YKWHITE-XXL,80
1475YKBLUE-L,12
1475YKBLUE-M,24
1475YKBLUE-S,24
1475YKBLUE-XL,3
1475YKBLUE-XS,14
1475YKBLUE-XXL,0
1476YKPINK-3XL,4
1476YKPINK-4XL,5
1476YKPINK-5XL,4
1476YKPINK-6XL,0
1476YKPINK-7XL,0
1476YKPINK-8XL,1
1476YKPINK-L,18
1476YKPINK-M,26
1476YKPINK-S,19
1476YKPINK-XL,34
1476YKPINK-XXL,25
1477YKBLUE-3XL,5
1477YKBLUE-4XL,1
1477YKBLUE-5XL,0
1477YKBLUE-L,14
1477YKBLUE-M,12
1477YKBLUE-S,20
1477YKBLUE-XL,1
1477YKBLUE-XXL,5
1479YKPINK-3XL,1
1479YKPINK-4XL,0
1479YKPINK-5XL,3
1479YKPINK-L,1
1479YKPINK-M,0
1479YKPINK-S,5
1479YKPINK-XL,2
1479YKPINK-XXL,1
147YK261BLUE-3XL,0
147YK261BLUE-4XL,0
147YK261BLUE-5XL,0
147YK261BLUE-L,0
147YK261BLUE-M,0
147YK261BLUE-S,0
147YK261BLUE-XL,0
147YK261BLUE-XXL,0
1481YKORANGE-L,5
1481YKORANGE-M,12
1481YKORANGE-S,17
1481YKORANGE-XL,3
1481YKORANGE-XS,8
1482YKGREEN-3XL,0
1482YKGREEN-4XL,0
1482YKGREEN-5XL,0
1482YKGREEN-L,0
1482YKGREEN-M,1
1482YKGREEN-S,0
1482YKGREEN-XL,1
1482YKGREEN-XS,0
1482YKGREEN-XXL,1
1484YKYELLOW-3XL,3
1484YKYELLOW-4XL,0
1484YKYELLOW-5XL,0
1484YKYELLOW-6XL,0
1484YKYELLOW-7XL,0
1484YKYELLOW-8XL,1
1484YKYELLOW-L,9
1484YKYELLOW-M,16
1484YKYELLOW-S,15
1484YKYELLOW-XL,7
1484YKYELLOW-XS,6
1484YKYELLOW-XXL,17
1485YKMUSTARD-3XL,32
1485YKMUSTARD-4XL,51
1485YKMUSTARD-5XL,118
1485YKMUSTARD-6XL,15
1485YKMUSTARD-7XL,6
1485YKMUSTARD-8XL,27
1485YKMUSTARD-L,10
1485YKMUSTARD-M,32
1485YKMUSTARD-S,24
1485YKMUSTARD-XL,15
1485YKMUSTARD-XS,12
1485YKMUSTARD-XXL,25
1486YKPURPLE-3XL,16
1486YKPURPLE-4XL,0
1486YKPURPLE-5XL,0
1486YKPURPLE-6XL,0
1486YKPURPLE-7XL,5
1486YKPURPLE-8XL,1
1486YKPURPLE-L,3
1486YKPURPLE-M,8
1486YKPURPLE-S,8
1486YKPURPLE-XL,0
1486YKPURPLE-XS,16
1486YKPURPLE-XXL,8
1488YKWHITE-3XL,25
1488YKWHITE-3XL-4XL,1
1488YKWHITE-4XL,20
1488YKWHITE-5XL,17
1488YKWHITE-5XL-6XL,6
1488YKWHITE-6XL,29
1488YKWHITE-7XL,15
1488YKWHITE-7XL-8XL,24
1488YKWHITE-8XL,15
1488YKWHITE-L,247
1488YKWHITE-M,268
1488YKWHITE-M-L,472
1488YKWHITE-S,105
1488YKWHITE-XL,120
1488YKWHITE-XL-XXL,501
1488YKWHITE-XS,19
1488YKWHITE-XS-S,400
1488YKWHITE-XXL,130
1491YKMAROON-3XL,88
1491YKMAROON-4XL,88
1491YKMAROON-5XL,101
1491YKMAROON-6XL,4
1491YKMAROON-7XL,120
1491YKMAROON-8XL,15
1491YKMAROON-L,36
1491YKMAROON-M,37
1491YKMAROON-S,44
1491YKMAROON-XL,34
1491YKMAROON-XXL,119
1492YKINDIGO-L,1
1492YKINDIGO-M,2
1492YKINDIGO-S,3
1492YKINDIGO-XL,0
1492YKINDIGO-XXL,1
1493YKMAROON-L,30
1493YKMAROON-M,47
1493YKMAROON-S,12
1493YKMAROON-XL,32
1494YKGREY-3XL,7
1494YKGREY-4XL,7
1494YKGREY-5XL,0
1494YKGREY-6XL,0
1494YKGREY-L,24
1494YKGREY-M,16
1494YKGREY-S,21
1494YKGREY-XL,2
1494YKGREY-XXL,27
1495YKGREEN-3XL,4
1495YKGREEN-4XL,1
1495YKGREEN-L,2
1495YKGREEN-M,1
1495YKGREEN-S,3
1495YKGREEN-XL,5
1495YKGREEN-XXL,8
1496YKPINK-L,36
1496YKPINK-M,30
1496YKPINK-S,12
1496YKPINK-XL,19
1496YKPINK-XS,0
1497YKWHITE-L,0
1497YKWHITE-M,0
1497YKWHITE-S,0
1497YKWHITE-XL,0
1497YKWHITE-XXL,0
1498YKGREEN-3XL,31
1498YKGREEN-4XL,54
1498YKGREEN-5XL,46
1498YKGREEN-6XL,17
1498YKGREEN-7XL,9
1498YKGREEN-8XL,13
1498YKGREEN-L,30
1498YKGREEN-M,47
1498YKGREEN-S,18
1498YKGREEN-XL,19
1498YKGREEN-XS,16
1498YKGREEN-XXL,39
1499YKGREEN-3XL,6
1499YKGREEN-4XL,15
1499YKGREEN-5XL,24
1499YKGREEN-L,26
1499YKGREEN-M,46
1499YKGREEN-S,38
1499YKGREEN-XL,20
1499YKGREEN-XS,13
1499YKGREEN-XXL,6
149YK148RED-3XL,0
149YK148RED-4XL,0
149YK148RED-5XL,-1
149YK148RED-L,0
149YK148RED-M,0
149YK148RED-S,0
149YK148RED-XL,0
149YK148RED-XS,0
149YK148RED-XXL,0
1500YKMAROON-3XL,1
1500YKMAROON-4XL,5
1500YKMAROON-5XL,11
1500YKMAROON-6XL,4
1500YKMAROON-7XL,7
1500YKMAROON-8XL,1
1500YKMAROON-L,6
1500YKMAROON-M,3
1500YKMAROON-S,12
1500YKMAROON-XL,7
1500YKMAROON-XS,17
1500YKMAROON-XXL,1
1501YKDENIM-L,0
1501YKDENIM-M,0
1501YKDENIM-S,0
1501YKDENIM-XL,0
1504YKBLUE-L,3
1504YKBLUE-M,25
1504YKBLUE-S,21
1504YKBLUE-XL,3
1504YKBLUE-XXL,1
1505YKORANGE-L,24
1505YKORANGE-M,10
1505YKORANGE-S,3
1505YKORANGE-XL,6
1506YKINDIGO-3XL,0
1506YKINDIGO-4XL,0
1506YKINDIGO-5XL,0
1506YKINDIGO-L,0
1506YKINDIGO-M,0
1506YKINDIGO-S,1
1506YKINDIGO-XL,0
1506YKINDIGO-XS,2
1506YKINDIGO-XXL,2
1507YKPINK-3XL,96
1507YKPINK-4XL,70
1507YKPINK-5XL,103
1507YKPINK-6XL,20
1507YKPINK-7XL,54
1507YKPINK-8XL,36
1507YKPINK-L,40
1507YKPINK-M,4
1507YKPINK-S,8
1507YKPINK-XL,26
1507YKPINK-XS,2
1507YKPINK-XXL,78
1508YKBLACK-3XL,0
1508YKBLACK-4XL,0
1508YKBLACK-5XL,1
1508YKBLACK-6XL,2
1508YKBLACK-7XL,2
1508YKBLACK-8XL,1
1508YKBLACK-L,2
1508YKBLACK-M,5
1508YKBLACK-S,10
1508YKBLACK-XL,3
1508YKBLACK-XXL,1
1509YKPINK-3XL,9
1509YKPINK-4XL,6
1509YKPINK-5XL,23
1509YKPINK-6XL,9
1509YKPINK-L,9
1509YKPINK-M,7
1509YKPINK-S,13
1509YKPINK-XL,2
1509YKPINK-XXL,4
150YK262BLUE-3XL,0
150YK262BLUE-4XL,0
150YK262BLUE-5XL,0
150YK262BLUE-L,0
150YK262BLUE-M,2
150YK262BLUE-S,7
150YK262BLUE-XL,2
150YK262BLUE-XXL,2
1510YKGREEN-3XL,0
1510YKGREEN-4XL,0
1510YKGREEN-5XL,0
1510YKGREEN-L,0
1510YKGREEN-M,0
1510YKGREEN-S,0
1510YKGREEN-XL,0
1510YKGREEN-XXL,0
1511YKBLACK-L,1
1511YKBLACK-M,3
1511YKBLACK-S,15
1511YKBLACK-XL,1
1511YKBLACK-XXL,1
1512YKBLACK-L,1
1512YKBLACK-M,7
1512YKBLACK-S,14
1512YKBLACK-XL,1
1513YKTEAL-3XL,2
1513YKTEAL-4XL,3
1513YKTEAL-5XL,0
1513YKTEAL-6XL,3
1513YKTEAL-7XL,2
1513YKTEAL-8XL,5
1513YKTEAL-L,1
1513YKTEAL-M,3
1513YKTEAL-S,4
1513YKTEAL-XL,1
1513YKTEAL-XXL,0
1514YKBLUE-L,1
1514YKBLUE-M,1
1514YKBLUE-S,2
1514YKBLUE-XL,2
1515YKBLACK-3XL,21
1515YKBLACK-4XL,38
1515YKBLACK-5XL,27
1515YKBLACK-6XL,23
1515YKBLACK-7XL,27
1515YKBLACK-8XL,25
1515YKBLACK-L,21
1515YKBLACK-M,35
1515YKBLACK-S,20
1515YKBLACK-XL,44
1515YKBLACK-XS,15
1515YKBLACK-XXL,32
1516YKRED-3XL,64
1516YKRED-4XL,6
1516YKRED-5XL,2
1516YKRED-6XL,5
1516YKRED-7XL,1
1516YKRED-8XL,-1
1516YKRED-L,59
1516YKRED-M,39
1516YKRED-S,31
1516YKRED-XL,79
1516YKRED-XS,5
1516YKRED-XXL,111
1517YKBLACK-3XL,1
1517YKBLACK-4XL,0
1517YKBLACK-5XL,0
1517YKBLACK-L,23
1517YKBLACK-M,23
1517YKBLACK-S,35
1517YKBLACK-XL,10
1517YKBLACK-XXL,22
1518YKPINK-3XL,0
1518YKPINK-4XL,0
1518YKPINK-5XL,0
1518YKPINK-L,0
1518YKPINK-M,0
1518YKPINK-XL,0
1518YKPINK-XXL,0
1519YKBLACK-3XL,0
1519YKBLACK-5XL,0
1519YKBLACK-L,26
1519YKBLACK-M,34
1519YKBLACK-S,58
1519YKBLACK-XL,39
1519YKBLACK-XS,4
1519YKBLACK-XXL,22
1520YKSKYBLUE-3XL,11
1520YKSKYBLUE-4XL,3
1520YKSKYBLUE-5XL,3
1520YKSKYBLUE-6XL,1
1520YKSKYBLUE-7XL,3
1520YKSKYBLUE-8XL,1
1520YKSKYBLUE-L,20
1520YKSKYBLUE-M,2
1520YKSKYBLUE-XL,2
1520YKSKYBLUE-XXL,18
1522YKMUSTARD-3XL,7
1522YKMUSTARD-4XL,18
1522YKMUSTARD-5XL,2
1522YKMUSTARD-6XL,2
1522YKMUSTARD-7XL,15
1522YKMUSTARD-8XL,1
1522YKMUSTARD-L,4
1522YKMUSTARD-M,15
1522YKMUSTARD-S,18
1522YKMUSTARD-XL,4
1522YKMUSTARD-XS,0
1522YKMUSTARD-XXL,2
1523YKGREEN-3XL,0
1523YKGREEN-4XL,1
1523YKGREEN-5XL,0
1523YKGREEN-L,0
1523YKGREEN-M,4
1523YKGREEN-S,1
1523YKGREEN-XL,0
1523YKGREEN-XS,0
1523YKGREEN-XXL,0
1523YKYELLOW-L,0
1523YKYELLOW-M,0
1523YKYELLOW-XL,0
1523YKYELLOW-XXL,0
1524YKMAROON-3XL,0
1524YKMAROON-4XL,0
1524YKMAROON-5XL,1
1524YKMAROON-6XL,0
1524YKMAROON-7XL,0
1524YKMAROON-8XL,0
1524YKMAROON-L,0
1524YKMAROON-M,5
1524YKMAROON-S,5
1524YKMAROON-XL,1
1524YKMAROON-XS,1
1524YKMAROON-XXL,4
1525YKGREEN-3XL,0
1525YKGREEN-4XL,0
1525YKGREEN-5XL,0
1525YKGREEN-L,15
1525YKGREEN-S,0
1525YKGREEN-XL,0
1525YKGREEN-XXL,2
1526YKMAROON-3XL,0
1526YKMAROON-L,0
1526YKMAROON-M,0
1526YKMAROON-S,0
1526YKMAROON-XL,0
1526YKMAROON-XXL,0
1527YKBLUE-3XL,1
1527YKBLUE-4XL,0
1527YKBLUE-5XL,0
1527YKBLUE-L,29
1527YKBLUE-M,13
1527YKBLUE-S,7
1527YKBLUE-XL,14
1527YKBLUE-XXL,3
1528YKMULTI-3XL,5
1528YKMULTI-4XL,2
1528YKMULTI-5XL,6
1528YKMULTI-6XL,3
1528YKMULTI-7XL,3
1528YKMULTI-8XL,2
1528YKMULTI-L,10
1528YKMULTI-M,5
1528YKMULTI-S,6
1528YKMULTI-XL,5
1528YKMULTI-XXL,17
1529DPT11WINE-3XL,120
1529DPT11WINE-4XL,67
1529DPT11WINE-5XL,175
1529DPT11WINE-6XL,100
1529DPT11WINE-7XL,56
1529DPT11WINE-8XL,86
1529DPT11WINE-L,99
1529DPT11WINE-M,79
1529DPT11WINE-S,38
1529DPT11WINE-XL,93
1529DPT11WINE-XS,39
1529DPT11WINE-XXL,170
1529KDWINE-11-12,1
1529KDWINE-13-14,20
1529KDWINE-7-8,41
1529KDWINE-9-10,130
1529YKWINE-3XL,128
1529YKWINE-4XL,75
1529YKWINE-5XL,182
1529YKWINE-6XL,108
1529YKWINE-7XL,60
1529YKWINE-8XL,94
1529YKWINE-L,108
1529YKWINE-M,85
1529YKWINE-S,42
1529YKWINE-XL,102
1529YKWINE-XS,43
1529YKWINE-XXL,177
152YK263BROWN-L,0
152YK263BROWN-S,0
1530YKWINE-3XL,116
1530YKWINE-4XL,78
1530YKWINE-5XL,47
1530YKWINE-L,106
1530YKWINE-M,116
1530YKWINE-S,43
1530YKWINE-XL,101
1530YKWINE-XS,39
1530YKWINE-XXL,90
1531KBLUE-L,0
1531KBLUE-S,0
1531YKBLUE-5XL,0
1531YKBLUE-L,2
1531YKBLUE-M,1
1531YKBLUE-S,18
1531YKBLUE-XL,0
1531YKBLUE-XXL,0
1532YKBLUE-3XL,19
1532YKBLUE-4XL,8
1532YKBLUE-5XL,11
1532YKBLUE-6XL,9
1532YKBLUE-7XL,19
1532YKBLUE-8XL,56
1532YKBLUE-L,42
1532YKBLUE-M,15
1532YKBLUE-S,12
1532YKBLUE-XL,21
1532YKBLUE-XS,6
1532YKBLUE-XXL,12
1533YKBLUE-3XL,0
1533YKBLUE-L,1
1533YKBLUE-M,1
1533YKBLUE-S,3
1533YKBLUE-XL,1
1533YKBLUE-XS,14
1533YKBLUE-XXL,0
1535YKMULTI-3XL,1
1535YKMULTI-4XL,0
1535YKMULTI-5XL,0
1535YKMULTI-6XL,3
1535YKMULTI-7XL,0
1535YKMULTI-8XL,0
1535YKMULTI-L,1
1535YKMULTI-M,4
1535YKMULTI-S,23
1535YKMULTI-XL,3
1535YKMULTI-XXL,0
1536YKBLACK-3XL,0
1536YKBLACK-4XL,1
1536YKBLACK-5XL,2
1536YKBLACK-6XL,2
1536YKBLACK-7XL,2
1536YKBLACK-8XL,0
1536YKBLACK-L,0
1536YKBLACK-M,7
1536YKBLACK-S,8
1536YKBLACK-XL,0
1536YKBLACK-XXL,0
1537YKRED-3XL,17
1537YKRED-4XL,30
1537YKRED-5XL,7
1537YKRED-6XL,17
1537YKRED-7XL,20
1537YKRED-8XL,12
1537YKRED-L,42
1537YKRED-M,29
1537YKRED-S,17
1537YKRED-XL,30
1537YKRED-XXL,21
1538YKGREY-3XL,0
1538YKGREY-4XL,0
1538YKGREY-5XL,0
1538YKGREY-L,2
1538YKGREY-M,0
1538YKGREY-XL,2
1538YKGREY-XXL,0
1539YKBLACK-L,1
1539YKBLACK-M,5
1539YKBLACK-S,5
1539YKBLACK-XL,3
1539YKBLACK-XXL,1
153YK267TURQ-S,1
1540YKGREEN-3XL,76
1540YKGREEN-4XL,65
1540YKGREEN-5XL,104
1540YKGREEN-6XL,71
1540YKGREEN-7XL,31
1540YKGREEN-8XL,25
1540YKGREEN-L,18
1540YKGREEN-M,44
1540YKGREEN-S,28
1540YKGREEN-XL,25
1540YKGREEN-XS,8
1540YKGREEN-XXL,44
1541YKBLUE-3XL,5
1541YKBLUE-4XL,0
1541YKBLUE-5XL,2
1541YKBLUE-L,9
1541YKBLUE-M,2
1541YKBLUE-S,2
1541YKBLUE-XL,18
1541YKBLUE-XXL,0
1542YKBLUE-L,14
1542YKBLUE-M,14
1542YKBLUE-S,21
1542YKBLUE-XL,23
1543YKBLUE-3XL,0
1543YKBLUE-4XL,2
1543YKBLUE-5XL,1
1543YKBLUE-L,3
1543YKBLUE-M,13
1543YKBLUE-S,3
1543YKBLUE-XL,1
1543YKBLUE-XS,6
1543YKBLUE-XXL,1
1545YKBLACK-3XL,0
1545YKBLACK-4XL,0
1545YKBLACK-5XL,1
1545YKBLACK-6XL,0
1545YKBLACK-7XL,5
1545YKBLACK-8XL,5
1545YKBLACK-L,44
1545YKBLACK-M,59
1545YKBLACK-S,37
1545YKBLACK-XL,22
1545YKBLACK-XXL,2
1547YKBLACK-L,0
1547YKBLACK-M,0
1547YKBLACK-S,3
1547YKBLACK-XL,0
1547YKBLACK-XXL,0
1548YKPINK-3XL,1
1548YKPINK-4XL,3
1548YKPINK-5XL,3
1548YKPINK-6XL,0
1548YKPINK-7XL,1
1548YKPINK-8XL,0
1548YKPINK-L,12
1548YKPINK-M,9
1548YKPINK-S,11
1548YKPINK-XL,1
1548YKPINK-XS,12
1548YKPINK-XXL,1
1549YKWINE-L,6
1549YKWINE-M,1
1549YKWINE-S,10
1549YKWINE-XL,1
1549YKWINE-XXL,7
1550YKGREEN-3XL,14
1550YKGREEN-4XL,15
1550YKGREEN-5XL,4
1550YKGREEN-6XL,21
1550YKGREEN-7XL,10
1550YKGREEN-8XL,6
1550YKGREEN-L,27
1550YKGREEN-M,24
1550YKGREEN-S,29
1550YKGREEN-XL,2
1550YKGREEN-XXL,23
1551YKGREEN-5XL,0
1551YKGREEN-L,2
1551YKGREEN-M,10
1551YKGREEN-S,7
1551YKGREEN-XL,1
1551YKGREEN-XXL,0
1552YKRED-3XL,2
1552YKRED-4XL,1
1552YKRED-5XL,0
1552YKRED-6XL,2
1552YKRED-7XL,3
1552YKRED-8XL,3
1552YKRED-L,5
1552YKRED-M,10
1552YKRED-S,8
1552YKRED-XL,0
1552YKRED-XXL,7
1553YKBLUE-L,0
1553YKBLUE-M,9
1553YKBLUE-S,4
1553YKBLUE-XL,0
1553YKBLUE-XXL,1
1554YKBLUE-5XL,0
1554YKBLUE-L,27
1554YKBLUE-M,60
1554YKBLUE-S,62
1554YKBLUE-XL,10
1555YKGREEN-L,92
1555YKGREEN-M,82
1555YKGREEN-S,35
1555YKGREEN-XL,69
1555YKGREEN-XS,10
1555YKGREEN-XXL,50
1556YKGREEN-3XL,216
1556YKGREEN-4XL,68
1556YKGREEN-5XL,146
1556YKGREEN-6XL,20
1556YKGREEN-7XL,64
1556YKGREEN-8XL,69
1556YKGREEN-L,41
1556YKGREEN-M,144
1556YKGREEN-S,85
1556YKGREEN-XL,118
1556YKGREEN-XS,79
1556YKGREEN-XXL,223
1557YKRED-3XL,65
1557YKRED-4XL,9
1557YKRED-5XL,32
1557YKRED-6XL,21
1557YKRED-7XL,4
1557YKRED-8XL,21
1557YKRED-L,17
1557YKRED-M,35
1557YKRED-S,14
1557YKRED-XL,24
1557YKRED-XS,9
1557YKRED-XXL,139
1558YKWINE-3XL,0
1558YKWINE-4XL,0
1558YKWINE-L,1
1558YKWINE-M,5
1558YKWINE-S,11
1558YKWINE-XL,1
1558YKWINE-XXL,0
155YK264BLUE-M,0
155YK264BLUE-S,0
155YK264BLUE-XXL,0
1561YKWHITE-L,20
1561YKWHITE-M,14
1561YKWHITE-S,21
1561YKWHITE-XL,43
1561YKWHITE-XXL,29
1562YKGREEN-3XL,74
1562YKGREEN-4XL,64
1562YKGREEN-5XL,56
1562YKGREEN-L,58
1562YKGREEN-M,36
1562YKGREEN-S,21
1562YKGREEN-XL,26
1562YKGREEN-XS,19
1562YKGREEN-XXL,48
1563YKWHITE-L,0
1563YKWHITE-M,0
1563YKWHITE-S,11
1563YKWHITE-XL,1
1563YKWHITE-XXL,0
1564YKMULTI-3XL,1
1564YKMULTI-L,0
1564YKMULTI-M,0
1564YKMULTI-S,0
1564YKMULTI-XL,1
1564YKMULTI-XXL,0
1564YKWHITE-L,0
1564YKWHITE-M,0
1564YKWHITE-S,0
1564YKWHITE-XL,0
1564YKWHITE-XXL,0
1565KDBLUE-11-12,42
1565KDBLUE-13-14,41
1565KDBLUE-7-8,39
1565KDBLUE-9-10,31
1565YKBLUE-L,0
1565YKBLUE-M,1
1565YKBLUE-S,15
1565YKBLUE-XL,1
1565YKBLUE-XS,0
1565YKBLUE-XXL,2
1566YKGREEN-3XL,0
1566YKGREEN-4XL,0
1566YKGREEN-5XL,0
1566YKGREEN-L,3
1566YKGREEN-M,4
1566YKGREEN-S,4
1566YKGREEN-XL,0
1566YKGREEN-XXL,1
1568YKORANGE-L,1
1568YKORANGE-M,2
1568YKORANGE-S,4
1568YKORANGE-XL,0
1568YKORANGE-XXL,0
1569YKBLUE-3XL,0
1569YKBLUE-4XL,2
1569YKBLUE-5XL,2
1569YKBLUE-6XL,1
1569YKBLUE-7XL,0
1569YKBLUE-8XL,0
1569YKBLUE-L,1
1569YKBLUE-M,18
1569YKBLUE-S,5
1569YKBLUE-XL,2
1569YKBLUE-XXL,0
156YK148PEACH-M,0
156YK148PEACH-S,0
1570YKPEACH-3XL,0
1570YKPEACH-4XL,3
1570YKPEACH-5XL,70
1570YKPEACH-L,138
1570YKPEACH-M,15
1570YKPEACH-S,81
1570YKPEACH-XL,0
1570YKPEACH-XS,68
1570YKPEACH-XXL,63
1572YKBLUE-3XL,0
1572YKBLUE-4XL,0
1572YKBLUE-5XL,3
1572YKBLUE-6XL,1
1572YKBLUE-7XL,0
1572YKBLUE-8XL,1
1572YKBLUE-L,0
1572YKBLUE-M,4
1572YKBLUE-S,5
1572YKBLUE-XL,0
1572YKBLUE-XS,7
1572YKBLUE-XXL,1
1573YKPINK-3XL,0
1573YKPINK-L,0
1573YKPINK-M,6
1573YKPINK-S,10
1573YKPINK-XL,0
1573YKPINK-XXL,1
1574YKGREEN-L,6
1574YKGREEN-M,5
1574YKGREEN-S,29
1574YKGREEN-XL,1
1576YKGREEN-3XL,23
1576YKGREEN-4XL,36
1576YKGREEN-5XL,47
1576YKGREEN-6XL,16
1576YKGREEN-7XL,37
1576YKGREEN-8XL,13
1576YKGREEN-L,0
1576YKGREEN-M,2
1576YKGREEN-S,0
1576YKGREEN-XL,0
1576YKGREEN-XXL,8
1577YKPINK-3XL,0
1577YKPINK-4XL,11
1577YKPINK-5XL,6
1577YKPINK-6XL,20
1577YKPINK-7XL,21
1577YKPINK-8XL,10
1577YKPINK-L,3
1577YKPINK-M,3
1577YKPINK-S,0
1577YKPINK-XL,1
1577YKPINK-XXL,11
1578YKWINE-L,17
1578YKWINE-M,9
1578YKWINE-S,13
1578YKWINE-XL,7
1578YKWINE-XXL,7
1579YKGREEN-L,3
1579YKGREEN-M,4
1579YKGREEN-S,2
1579YKGREEN-XL,5
1579YKGREEN-XXL,9
1580YKMULTI-L,1
1580YKMULTI-M,3
1580YKMULTI-S,6
1580YKMULTI-XL,0
1581YKBLUE-L,2
1581YKBLUE-M,1
1581YKBLUE-S,0
1581YKBLUE-XL,11
1582YKGREEN-L,1
1582YKGREEN-M,1
1582YKGREEN-S,4
1582YKGREEN-XL,0
1582YKGREEN-XXL,0
1583YKBLACK-L,0
1583YKBLACK-M,0
1583YKBLACK-S,0
1583YKBLACK-XL,0
1583YKBLACK-XXL,0
1584YKBLUE-L,1
1584YKBLUE-M,3
1584YKBLUE-S,1
1584YKBLUE-XL,0
1584YKBLUE-XXL,0
1585YKPINK-3XL,14
1585YKPINK-4XL,71
1585YKPINK-5XL,100
1585YKPINK-6XL,8
1585YKPINK-7XL,15
1585YKPINK-8XL,7
1585YKPINK-L,31
1585YKPINK-M,128
1585YKPINK-S,32
1585YKPINK-XL,38
1585YKPINK-XXL,107
1586YKPINK-L,20
1586YKPINK-M,40
1586YKPINK-S,34
1586YKPINK-XL,24
1586YKPINK-XXL,17
1587YKBLACK-L,1
1587YKBLACK-M,3
1587YKBLACK-S,23
1587YKBLACK-XL,2
1587YKBLACK-XXL,0
1588YKBLACK-3XL,0
1588YKBLACK-4XL,0
1588YKBLUE-3XL,5
1588YKBLUE-4XL,4
1588YKBLUE-5XL,93
1588YKBLUE-6XL,39
1588YKBLUE-7XL,46
1588YKBLUE-8XL,50
1588YKBLUE-L,17
1588YKBLUE-M,29
1588YKBLUE-S,21
1588YKBLUE-XL,34
1588YKBLUE-XS,6
1588YKBLUE-XXL,40
1589YKORANGE-3XL,40
1589YKORANGE-4XL,62
1589YKORANGE-5XL,42
1589YKORANGE-L,59
1589YKORANGE-M,45
1589YKORANGE-S,64
1589YKORANGE-XL,60
1589YKORANGE-XS,42
1589YKORANGE-XXL,77
158YK276BLUE-M,0
1590YKBLUE-L,18
1590YKBLUE-M,70
1590YKBLUE-S,39
1590YKBLUE-XL,23
1590YKBLUE-XXL,33
1591YKBLUE-3XL,4
1591YKBLUE-4XL,1
1591YKBLUE-5XL,1
1591YKBLUE-6XL,1
1591YKBLUE-7XL,4
1591YKBLUE-8XL,2
1591YKBLUE-L,36
1591YKBLUE-M,48
1591YKBLUE-S,40
1591YKBLUE-XL,15
1591YKBLUE-XXL,27
1592DPT34BLUE-3XL,0
1592DPT34BLUE-4XL,0
1592DPT34BLUE-5XL,0
1592DPT34BLUE-6XL,0
1592DPT34BLUE-7XL,0
1592DPT34BLUE-8XL,0
1592DPT34BLUE-L,0
1592DPT34BLUE-M,0
1592DPT34BLUE-S,0
1592DPT34BLUE-XL,0
1592DPT34BLUE-XS,0
1592DPT34BLUE-XXL,0
1592YKBLUE-3XL,155
1592YKBLUE-4XL,205
1592YKBLUE-5XL,259
1592YKBLUE-6XL,141
1592YKBLUE-7XL,62
1592YKBLUE-8XL,80
1592YKBLUE-L,133
1592YKBLUE-M,67
1592YKBLUE-S,39
1592YKBLUE-XL,133
1592YKBLUE-XS,40
1592YKBLUE-XXL,128
1593YKGREEN-3XL,0
1593YKGREEN-4XL,1
1593YKGREEN-5XL,10
1593YKGREEN-6XL,4
1593YKGREEN-7XL,1
1593YKGREEN-8XL,3
1593YKGREEN-L,15
1593YKGREEN-M,4
1593YKGREEN-S,9
1593YKGREEN-XL,5
1593YKGREEN-XS,8
1593YKGREEN-XXL,2
1594YKYELLOW-3XL,45
1594YKYELLOW-4XL,1
1594YKYELLOW-5XL,4
1594YKYELLOW-6XL,2
1594YKYELLOW-7XL,12
1594YKYELLOW-8XL,8
1594YKYELLOW-L,36
1594YKYELLOW-M,12
1594YKYELLOW-S,45
1594YKYELLOW-XL,13
1594YKYELLOW-XXL,28
1595YKBLUE-3XL,47
1595YKBLUE-4XL,11
1595YKBLUE-5XL,3
1595YKBLUE-L,3
1595YKBLUE-M,3
1595YKBLUE-S,20
1595YKBLUE-XL,0
1595YKBLUE-XXL,3
1596YKTIEDYE-3XL,0
1596YKTIEDYE-4XL,0
1596YKTIEDYE-L,0
1596YKTIEDYE-M,0
1596YKTIEDYE-S,0
1596YKTIEDYE-XL,0
1596YKTIEDYE-XS,0
1596YKTIEDYE-XXL,0
1597YKBLUE-3XL,1
1597YKBLUE-4XL,0
1597YKBLUE-5XL,1
1597YKBLUE-6XL,3
1597YKBLUE-7XL,14
1597YKBLUE-8XL,15
1597YKBLUE-L,1
1597YKBLUE-M,3
1597YKBLUE-S,2
1597YKBLUE-XL,0
1597YKBLUE-XS,9
1597YKBLUE-XXL,0
1598YKBLUE-3XL,3
1598YKBLUE-4XL,5
1598YKBLUE-5XL,3
1598YKBLUE-6XL,9
1598YKBLUE-7XL,7
1598YKBLUE-8XL,2
1598YKBLUE-L,3
1598YKBLUE-M,16
1598YKBLUE-S,36
1598YKBLUE-XL,4
1598YKBLUE-XXL,9
1599YKMULTI-L,0
1599YKMULTI-M,4
1599YKMULTI-S,9
1599YKMULTI-XL,3
1599YKMULTI-XS,0
1599YKMULTI-XXL,2
159YK271MEHROON-S,0
15YK120BROWN-XL,0
1600YKGREEN-5XL,0
1600YKGREEN-L,49
1600YKGREEN-M,60
1600YKGREEN-S,22
1600YKGREEN-XL,33
1600YKGREEN-XS,13
1600YKGREEN-XXL,4
1601YKGREEN-3XL,0
1601YKGREEN-4XL,1
1601YKGREEN-5XL,0
1601YKGREEN-6XL,1
1601YKGREEN-7XL,1
1601YKGREEN-8XL,2
1601YKGREEN-L,1
1601YKGREEN-M,0
1601YKGREEN-S,0
1601YKGREEN-XL,1
1601YKGREEN-XS,0
1601YKGREEN-XXL,2
1602YKLAVENDER-3XL,259
1602YKLAVENDER-4XL,269
1602YKLAVENDER-5XL,198
1602YKLAVENDER-6XL,73
1602YKLAVENDER-7XL,85
1602YKLAVENDER-8XL,56
1602YKLAVENDER-L,120
1602YKLAVENDER-M,77
1602YKLAVENDER-S,71
1602YKLAVENDER-XL,125
1602YKLAVENDER-XS,8
1602YKLAVENDER-XXL,201
1604YKPINK-3XL,2
1604YKPINK-4XL,0
1604YKPINK-5XL,0
1604YKPINK-L,1
1604YKPINK-M,1
1604YKPINK-S,4
1604YKPINK-XL,2
1604YKPINK-XXL,1
1605YKBLUE-3XL,312
1605YKBLUE-4XL,168
1605YKBLUE-5XL,141
1605YKBLUE-6XL,61
1605YKBLUE-7XL,72
1605YKBLUE-8XL,76
1605YKBLUE-L,236
1605YKBLUE-M,88
1605YKBLUE-S,55
1605YKBLUE-XL,146
1605YKBLUE-XXL,188
1606YKMULTI-L,0
1606YKMULTI-XXL,0
1607YKBLUE-3XL,0
1607YKBLUE-4XL,0
1607YKBLUE-5XL,1
1607YKBLUE-L,0
1607YKBLUE-M,0
1607YKBLUE-S,3
1607YKBLUE-XL,2
1607YKBLUE-XXL,3
1609YKWINE-L,10
1609YKWINE-M,11
1609YKWINE-S,23
1609YKWINE-XL,14
1609YKWINE-XXL,8
160YK282BLUE-L,4
160YK282BLUE-M,0
160YK282BLUE-S,0
160YK282BLUE-XL,6
160YK282BLUE-XXL,2
1611YKBLUE-L,0
1611YKBLUE-M,0
1611YKBLUE-XL,0
1611YKBLUE-XXL,0
1612YKBLACK-L,4
1612YKBLACK-M,9
1612YKBLACK-XL,3
1612YKBLACK-XXL,4
1613YKPINK-L,11
1613YKPINK-M,9
1613YKPINK-XL,15
1613YKPINK-XXL,5
1614YKWHITE-L,15
1614YKWHITE-M,11
1614YKWHITE-XL,12
1614YKWHITE-XXL,13
1615YKMUSTARD-L,0
1615YKMUSTARD-M,0
1615YKMUSTARD-XL,0
1615YKMUSTARD-XXL,1
1616YKRED-L,0
1616YKRED-M,0
1616YKRED-S,0
1616YKRED-XL,0
1616YKRED-XXL,0
1617YKYELLOW-3XL,0
1617YKYELLOW-L,0
1617YKYELLOW-M,0
1617YKYELLOW-XL,0
1617YKYELLOW-XXL,0
1619YKRED-L,0
1619YKRED-M,0
1619YKRED-XL,0
1619YKRED-XXL,0
161YK272YELLOW-L,0
161YK272YELLOW-M,0
161YK272YELLOW-S,0
1620YKGREEN-L,0
1620YKGREEN-M,0
1620YKGREEN-XL,0
1620YKGREEN-XXL,0
1621YKPINK-L,1
1621YKPINK-M,1
1621YKPINK-XL,0
1621YKPINK-XXL,0
1622YKSKYBLUE-L,6
1622YKSKYBLUE-M,1
1622YKSKYBLUE-XL,7
1622YKSKYBLUE-XXL,1
1623YKYELLOW-L,0
1623YKYELLOW-M,0
1623YKYELLOW-XL,0
1623YKYELLOW-XXL,1
1624YKBLUE-L,0
1624YKBLUE-M,0
1624YKBLUE-XL,0
1624YKBLUE-XXL,0
1625YKBLACK-3XL,7
1625YKBLACK-4XL,4
1625YKBLACK-5XL,1
1625YKBLACK-6XL,1
1625YKBLACK-7XL,0
1625YKBLACK-8XL,0
1625YKBLACK-L,1
1625YKBLACK-M,4
1625YKBLACK-S,3
1625YKBLACK-XL,2
1625YKBLACK-XXL,1
1626YKGREEN-L,28
1626YKGREEN-M,30
1626YKGREEN-S,22
1626YKGREEN-XL,23
1626YKGREEN-XXL,17
1627YKSKYBLUE-L,4
1627YKSKYBLUE-M,1
1627YKSKYBLUE-S,1
1627YKSKYBLUE-XL,6
1627YKSKYBLUE-XXL,0
1628YKBLUE-L,0
1628YKBLUE-M,0
1628YKBLUE-S,0
1628YKBLUE-XL,0
1628YKBLUE-XXL,0
1629YKGREEN-3XL,1
1629YKGREEN-L,0
1629YKGREEN-M,0
1629YKGREEN-XL,0
162YK273BLACK-S,1
1630YKMULTI-L,0
1630YKMULTI-M,0
1630YKMULTI-S,0
1630YKMULTI-XL,0
1630YKMULTI-XXL,0
1636YKBLUE-3XL,21
1636YKBLUE-4XL,47
1636YKBLUE-5XL,4
1636YKBLUE-L,9
1636YKBLUE-M,32
1636YKBLUE-S,6
1636YKBLUE-XL,1
1636YKBLUE-XXL,17
1637YKMAROON-3XL,1
1637YKMAROON-4XL,1
1637YKMAROON-5XL,3
1637YKMAROON-6XL,6
1637YKMAROON-7XL,5
1637YKMAROON-8XL,0
1637YKMAROON-L,0
1637YKMAROON-M,2
1637YKMAROON-S,1
1637YKMAROON-XL,0
1637YKMAROON-XXL,1
1638YKGREEN-L,10
1638YKGREEN-M,7
1638YKGREEN-S,24
1638YKGREEN-XL,23
1638YKGREEN-XXL,17
1639YKBLUE-3XL,1
1639YKBLUE-4XL,0
1639YKBLUE-5XL,0
1639YKBLUE-L,0
1639YKBLUE-XL,0
1639YKBLUE-XXL,1
163YK273PINKRAY-M,0
1640YKMULTI-L,0
1640YKMULTI-M,0
1640YKMULTI-S,0
1641YKMULTI-L,3
1641YKMULTI-M,3
1641YKMULTI-S,4
1641YKMULTI-XL,3
1641YKMULTI-XXL,3
1642YKBLACK-L,5
1642YKBLACK-M,5
1642YKBLACK-S,5
1642YKBLACK-XL,4
1642YKBLACK-XXL,5
1643YKBLUE-L,18
1643YKBLUE-M,12
1643YKBLUE-S,19
1643YKBLUE-XL,17
1643YKBLUE-XXL,12
1644YKMULTI-L,12
1644YKMULTI-M,11
1644YKMULTI-S,21
1644YKMULTI-XL,12
1644YKMULTI-XXL,18
1645YKBLACK-L,13
1645YKBLACK-M,22
1645YKBLACK-S,16
1645YKBLACK-XL,10
1645YKBLACK-XXL,5
1646YKWHITE-L,22
1646YKWHITE-M,19
1646YKWHITE-S,6
1646YKWHITE-XL,8
1646YKWHITE-XXL,21
1647YKMULTI-L,17
1647YKMULTI-M,14
1647YKMULTI-S,12
1647YKMULTI-XL,15
1647YKMULTI-XXL,5
1648YKMULTI-L,0
1648YKMULTI-M,1
1648YKMULTI-S,1
1648YKMULTI-XL,1
1648YKMULTI-XXL,2
1649YKMULTI-L,3
1649YKMULTI-M,7
1649YKMULTI-S,8
1649YKMULTI-XL,3
1649YKMULTI-XXL,9
164YK280BLACK-L,0
164YK280BLACK-M,0
164YK280BLACK-S,0
164YK280BLACK-XL,0
164YK280BLACK-XXL,0
1650YKMULTI-3XL,0
1650YKMULTI-L,22
1650YKMULTI-M,15
1650YKMULTI-S,10
1650YKMULTI-XL,11
1650YKMULTI-XXL,7
1651YKMULTI-L,2
1651YKMULTI-M,0
1651YKMULTI-S,1
1651YKMULTI-XL,1
1651YKMULTI-XXL,0
1652YKMULTI-4XL,0
1652YKMULTI-5XL,0
1652YKMULTI-L,1
1652YKMULTI-M,2
1652YKMULTI-S,2
1652YKMULTI-XL,2
1652YKMULTI-XXL,1
1653YKBLACK-L,44
1653YKBLACK-M,44
1653YKBLACK-S,75
1653YKBLACK-XL,45
1653YKBLACK-XXL,43
1654YKBLACK-5XL,0
1654YKBLACK-L,3
1654YKBLACK-M,3
1654YKBLACK-S,8
1654YKBLACK-XL,2
1654YKBLACK-XS,0
1654YKBLACK-XXL,4
1655YKMULTI-L,6
1655YKMULTI-M,5
1655YKMULTI-S,4
1655YKMULTI-XL,2
1655YKMULTI-XXL,3
1656YKBLUE-4XL,0
1656YKBLUE-L,0
1656YKBLUE-M,0
1656YKBLUE-S,1
1656YKBLUE-XL,0
1656YKBLUE-XXL,0
1657YKMULTI-3XL,1
1657YKMULTI-L,48
1657YKMULTI-M,45
1657YKMULTI-S,52
1657YKMULTI-XL,55
1657YKMULTI-XXL,49
1658YKMULTI-L,47
1658YKMULTI-M,29
1658YKMULTI-S,49
1658YKMULTI-XL,56
1658YKMULTI-XXL,46
1659YKMULTI-L,3
1659YKMULTI-M,2
1659YKMULTI-S,6
1659YKMULTI-XL,5
1659YKMULTI-XXL,0
165YK251MUSTRAD-3XL,109
165YK251MUSTRAD-4XL,147
165YK251MUSTRAD-5XL,60
165YK251MUSTRAD-6XL,43
165YK251MUSTRAD-7XL,30
165YK251MUSTRAD-8XL,36
165YK251MUSTRAD-L,474
165YK251MUSTRAD-M,491
165YK251MUSTRAD-S,259
165YK251MUSTRAD-XL,400
165YK251MUSTRAD-XS,184
165YK251MUSTRAD-XXL,518
1660YKMULTI-L,21
1660YKMULTI-M,18
1660YKMULTI-S,21
1660YKMULTI-XL,15
1660YKMULTI-XXL,21
1661YKMULTI-L,4
1661YKMULTI-M,6
1661YKMULTI-S,18
1661YKMULTI-XL,5
1661YKMULTI-XXL,4
1662YKBLACK-3XL,2
1662YKBLACK-4XL,2
1662YKBLACK-5XL,0
1662YKBLACK-6XL,0
1662YKBLACK-7XL,0
1662YKBLACK-8XL,1
1662YKBLACK-L,7
1662YKBLACK-M,31
1662YKBLACK-S,15
1662YKBLACK-XL,0
1662YKBLACK-XS,6
1662YKBLACK-XXL,1
1663YKMAROON-L,55
1663YKMAROON-M,51
1663YKMAROON-S,52
1663YKMAROON-XL,54
1663YKMAROON-XXL,55
1664YKPINK-L,16
1664YKPINK-M,16
1664YKPINK-S,20
1664YKPINK-XL,26
1664YKPINK-XXL,17
1665YKMULTI-L,8
1665YKMULTI-M,11
1665YKMULTI-S,19
1665YKMULTI-XL,27
1665YKMULTI-XXL,20
1666YKMULTI-L,66
1666YKMULTI-M,69
1666YKMULTI-S,75
1666YKMULTI-XL,68
1666YKMULTI-XXL,66
1667YKMULTI-L,51
1667YKMULTI-M,53
1667YKMULTI-S,53
1667YKMULTI-XL,52
1667YKMULTI-XXL,55
1668YKBLUE-L,0
1668YKBLUE-M,0
1668YKBLUE-S,0
1668YKBLUE-XL,0
1668YKBLUE-XXL,0
1669YKMULTI-L,2
1669YKMULTI-M,2
1669YKMULTI-S,5
1669YKMULTI-XL,4
1669YKMULTI-XXL,0
166YK251BLUE-3XL,10
166YK251BLUE-4XL,13
166YK251BLUE-5XL,65
166YK251BLUE-L,38
166YK251BLUE-M,29
166YK251BLUE-S,120
166YK251BLUE-XL,64
166YK251BLUE-XS,25
166YK251BLUE-XXL,48
1670YKMULTI-L,3
1670YKMULTI-M,4
1670YKMULTI-S,6
1670YKMULTI-XL,1
1670YKMULTI-XS,0
1670YKMULTI-XXL,8
1671YKMULTI-L,2
1671YKMULTI-M,7
1671YKMULTI-S,4
1671YKMULTI-XL,0
1671YKMULTI-XXL,0
1672YKBLACK-L,39
1672YKBLACK-M,38
1672YKBLACK-S,27
1672YKBLACK-XL,36
1672YKBLACK-XXL,37
1673YKMAROON-L,14
1673YKMAROON-M,9
1673YKMAROON-S,12
1673YKMAROON-XL,14
1673YKMAROON-XXL,13
1674YKMULTI-L,11
1674YKMULTI-M,24
1674YKMULTI-S,10
1674YKMULTI-XL,5
1674YKMULTI-XXL,9
1675YKBLUE-3XL,3
1675YKBLUE-4XL,6
1675YKBLUE-5XL,3
1675YKBLUE-6XL,2
1675YKBLUE-7XL,4
1675YKBLUE-8XL,16
1675YKBLUE-L,10
1675YKBLUE-M,23
1675YKBLUE-S,10
1675YKBLUE-XL,5
1675YKBLUE-XS,7
1675YKBLUE-XXL,5
1676YKRED-3XL,40
1676YKRED-4XL,18
1676YKRED-5XL,10
1676YKRED-6XL,10
1676YKRED-7XL,17
1676YKRED-8XL,17
1676YKRED-L,35
1676YKRED-M,68
1676YKRED-S,38
1676YKRED-XL,10
1676YKRED-XXL,29
1677YKORANGE-L,5
1677YKORANGE-M,3
1677YKORANGE-S,12
1677YKORANGE-XL,1
1677YKORANGE-XXL,1
1678YKWINE-F,11
1679YKGREEN-F,12
167YK251BLACK-3XL,67
167YK251BLACK-4XL,19
167YK251BLACK-5XL,134
167YK251BLACK-6XL,70
167YK251BLACK-7XL,34
167YK251BLACK-8XL,19
167YK251BLACK-L,245
167YK251BLACK-M,162
167YK251BLACK-S,31
167YK251BLACK-XL,260
167YK251BLACK-XS,50
167YK251BLACK-XXL,93
1680YKBLUE-F,9
1681YKBLACK-F,11
1682YKMULTI-L,10
1682YKMULTI-M,1
1682YKMULTI-S,3
1682YKMULTI-XL,8
1683YKBLUE-3XL,23
1683YKBLUE-4XL,74
1683YKBLUE-5XL,44
1683YKBLUE-6XL,0
1683YKBLUE-7XL,2
1683YKBLUE-8XL,1
1683YKBLUE-L,33
1683YKBLUE-M,64
1683YKBLUE-S,16
1683YKBLUE-XL,35
1683YKBLUE-XXL,82
1684YKMULTI-L,6
1684YKMULTI-M,6
1684YKMULTI-S,7
1684YKMULTI-XL,2
1685YKPURPLE-3XL,37
1685YKPURPLE-4XL,53
1685YKPURPLE-5XL,29
1685YKPURPLE-L,29
1685YKPURPLE-M,63
1685YKPURPLE-S,35
1685YKPURPLE-XL,69
1685YKPURPLE-XXL,17
1686YKWHITE-L,13
1686YKWHITE-M,4
1686YKWHITE-S,11
1686YKWHITE-XL,9
1687YKPINK-3XL,2
1687YKPINK-4XL,4
1687YKPINK-5XL,1
1687YKPINK-L,1
1687YKPINK-M,5
1687YKPINK-S,21
1687YKPINK-XL,0
1687YKPINK-XXL,5
1688YKMUSTARD-3XL,18
1688YKMUSTARD-4XL,7
1688YKMUSTARD-5XL,10
1688YKMUSTARD-L,2
1688YKMUSTARD-M,21
1688YKMUSTARD-S,25
1688YKMUSTARD-XL,2
1688YKMUSTARD-XXL,35
1689YKPINK-3XL,0
1689YKPINK-4XL,0
1689YKPINK-L,1
1689YKPINK-M,0
1689YKPINK-XL,0
1689YKPINK-XXL,0
168YK148BGDY-M,0
168YK148BGDY-S,4
1690YKOFFWHITE-L,0
1690YKOFFWHITE-M,0
1690YKOFFWHITE-XL,0
1690YKOFFWHITE-XXL,0
1691YKBLUE-3XL,46
1691YKBLUE-4XL,56
1691YKBLUE-5XL,54
1691YKBLUE-6XL,31
1691YKBLUE-7XL,27
1691YKBLUE-8XL,29
1691YKBLUE-L,53
1691YKBLUE-M,56
1691YKBLUE-S,26
1691YKBLUE-XL,51
1691YKBLUE-XXL,51
1692YKMAROON-3XL,56
1692YKMAROON-4XL,58
1692YKMAROON-5XL,47
1692YKMAROON-6XL,24
1692YKMAROON-7XL,22
1692YKMAROON-8XL,17
1692YKMAROON-L,53
1692YKMAROON-M,75
1692YKMAROON-S,25
1692YKMAROON-XL,59
1692YKMAROON-XXL,53
1693YKMAROON-3XL,1
1693YKMAROON-4XL,0
1693YKMAROON-5XL,0
1693YKMAROON-L,1
1693YKMAROON-M,4
1693YKMAROON-S,1
1693YKMAROON-XL,0
1693YKMAROON-XS,1
1693YKMAROON-XXL,0
1694YKMAROON-L,1
1694YKMAROON-M,1
1694YKMAROON-S,3
1694YKMAROON-XL,0
1694YKMAROON-XXL,1
1695YKMAROON-3XL,0
1695YKMAROON-4XL,0
1695YKMAROON-5XL,1
1695YKMAROON-6XL,5
1695YKMAROON-7XL,6
1695YKMAROON-8XL,17
1695YKMAROON-L,0
1695YKMAROON-M,5
1695YKMAROON-S,6
1695YKMAROON-XL,0
1695YKMAROON-XXL,0
1696YKLAVENDER-L,76
1696YKLAVENDER-M,38
1696YKLAVENDER-S,42
1696YKLAVENDER-XL,58
1696YKLAVENDER-XXL,61
1697YKPINK-L,0
1697YKPINK-M,0
1697YKPINK-XL,0
1697YKPINK-XXL,0
1698YKGREEN-L,1
1698YKGREEN-M,1
1698YKGREEN-XL,3
1698YKGREEN-XXL,3
1699YKLEVENDEAR-L,0
1699YKLEVENDEAR-M,0
1699YKLEVENDEAR-XL,2
1699YKLEVENDEAR-XXL,0
169YK148TEAL-M,0
169YK148TEAL-S,8
169YK148TEAL-XL,0
16YK134WHITE-S,0
1700YKGREEN-L,4
1700YKGREEN-M,0
1700YKGREEN-XL,2
1700YKGREEN-XXL,2
1700YKWHITE-L,0
1700YKWHITE-M,0
1700YKWHITE-XL,0
1700YKWHITE-XXL,0
1701YKMULTI-L,2
1701YKMULTI-M,0
1701YKMULTI-XL,0
1701YKMULTI-XXL,0
1702YKWHITE-L,0
1702YKWHITE-M,0
1702YKWHITE-XL,0
1702YKWHITE-XXL,0
1703YKWHITE-L,0
1703YKWHITE-M,0
1703YKWHITE-XL,0
1703YKWHITE-XXL,0
1704YKMULTI-L,0
1704YKMULTI-M,0
1704YKMULTI-XL,0
1704YKMULTI-XXL,0
1705YKMULTI-L,0
1705YKMULTI-M,0
1705YKMULTI-XL,0
1705YKMULTI-XXL,0
1706YKMULTI-L,0
1706YKMULTI-M,0
1706YKMULTI-XL,0
1706YKMULTI-XXL,0
1707YKMULTI-L,0
1707YKMULTI-M,0
1707YKMULTI-XL,0
1707YKMULTI-XXL,0
1708YKMULTI-L,0
1708YKMULTI-M,0
1708YKMULTI-XL,0
1708YKMULTI-XXL,0
1709YKMULTI-L,0
1709YKMULTI-M,0
1709YKMULTI-XL,0
1709YKMULTI-XXL,0
170YK184RED-M,0
170YK184RED-S,0
1710YKMULTI-L,0
1710YKMULTI-M,0
1710YKMULTI-XL,0
1710YKMULTI-XXL,0
1711YKMULTI-L,0
1711YKMULTI-M,0
1711YKMULTI-XL,0
1711YKMULTI-XXL,0
1712YKBLUE-L,0
1712YKBLUE-M,1
1712YKBLUE-XL,1
1712YKBLUE-XXL,1
1713YKGREEN-L,0
1713YKGREEN-M,1
1713YKGREEN-XL,1
1713YKGREEN-XXL,0
1714YKPINK-L,1
1714YKPINK-M,2
1714YKPINK-XL,2
1714YKPINK-XXL,0
1715YKPINK-L,1
1715YKPINK-M,0
1715YKPINK-XL,1
1715YKPINK-XXL,0
1716YKPURPLE-L,0
1716YKPURPLE-M,2
1716YKPURPLE-XL,2
1716YKPURPLE-XXL,1
1717YKBLUE-L,7
1717YKBLUE-M,4
1717YKBLUE-XL,9
1717YKBLUE-XXL,6
1718YKPINK-L,3
1718YKPINK-M,0
1718YKPINK-XL,0
1718YKPINK-XXL,2
1719YKWHITE-L,0
1719YKWHITE-M,0
1719YKWHITE-XL,0
1719YKWHITE-XXL,0
171YK184MEHROON-M,1
171YK184MEHROON-S,0
1720YKBEIGE-L,0
1720YKBEIGE-M,0
1720YKBEIGE-XL,0
1720YKBEIGE-XXL,0
1722YKWHITE-L,40
1722YKWHITE-M,36
1722YKWHITE-S,18
1722YKWHITE-XL,41
1722YKWHITE-XXL,23
1724YKMULTI-L,44
1724YKMULTI-M,44
1724YKMULTI-S,16
1724YKMULTI-XL,41
1726YKGREY-3XL,0
1726YKGREY-4XL,3
1726YKGREY-5XL,0
1726YKGREY-L,2
1726YKGREY-M,0
1726YKGREY-S,3
1726YKGREY-XL,8
1726YKGREY-XXL,6
1728YKGREEN-L,36
1728YKGREEN-M,25
1728YKGREEN-S,23
1728YKGREEN-XL,19
1728YKGREEN-XS,40
1729YKGREEN-5XL,0
1729YKGREEN-L,21
1729YKGREEN-M,8
1729YKGREEN-S,14
1729YKGREEN-XL,12
1729YKGREEN-XXL,5
172YK184PEACH-L,0
172YK184PEACH-M,0
172YK184PEACH-XXL,0
1730YKPINK-L,0
1730YKPINK-M,0
1730YKPINK-S,0
1730YKPINK-XL,0
1730YKPINK-XXL,0
1731YKMULTI-L,0
1731YKMULTI-M,0
1731YKMULTI-XL,0
1731YKMULTI-XXL,0
1732YKMULTI-L,0
1732YKMULTI-M,0
1732YKMULTI-XL,0
1732YKMULTI-XXL,0
1733YKGREEN-L,62
1733YKGREEN-M,69
1733YKGREEN-S,52
1733YKGREEN-XL,67
1733YKGREEN-XXL,63
1734YKBLUE-3XL,1
1734YKBLUE-4XL,0
1734YKBLUE-5XL,0
1734YKBLUE-L,1
1734YKBLUE-XL,0
1734YKBLUE-XXL,1
1735YKPINK-L,40
1735YKPINK-M,40
1735YKPINK-S,21
1735YKPINK-XL,50
1735YKPINK-XXL,19
1736YKBLACK-3XL,37
1736YKBLACK-4XL,39
1736YKBLACK-5XL,26
1736YKBLACK-6XL,1
1736YKBLACK-7XL,4
1736YKBLACK-8XL,0
1736YKBLACK-L,36
1736YKBLACK-M,38
1736YKBLACK-S,8
1736YKBLACK-XL,24
1736YKBLACK-XXL,38
1737YKPINK-L,0
1737YKPINK-M,4
1737YKPINK-S,6
1737YKPINK-XL,0
1737YKPINK-XXL,0
1738YKDWHITE-3XL,27
1738YKDWHITE-4XL,44
1738YKDWHITE-5XL,14
1738YKDWHITE-L,47
1738YKDWHITE-M,52
1738YKDWHITE-S,30
1738YKDWHITE-XL,27
1738YKDWHITE-XXL,31
1739YKDMULTI-3XL,40
1739YKDMULTI-4XL,50
1739YKDMULTI-5XL,42
1739YKDMULTI-6XL,13
1739YKDMULTI-7XL,14
1739YKDMULTI-8XL,16
1739YKDMULTI-L,32
1739YKDMULTI-M,57
1739YKDMULTI-S,25
1739YKDMULTI-XL,51
1739YKDMULTI-XS,18
1739YKDMULTI-XXL,43
173YK291GREEN-L,0
173YK291GREEN-S,0
1741YKMAROON-3XL,0
1741YKMAROON-4XL,1
1741YKMAROON-5XL,0
1741YKMAROON-L,0
1741YKMAROON-M,2
1741YKMAROON-S,3
1741YKMAROON-XL,-1
1741YKMAROON-XXL,2
1742YKBLUE-3XL,8
1742YKBLUE-4XL,29
1742YKBLUE-5XL,13
1742YKBLUE-6XL,1
1742YKBLUE-7XL,5
1742YKBLUE-8XL,0
1742YKBLUE-L,40
1742YKBLUE-M,2
1742YKBLUE-S,6
1742YKBLUE-XL,8
1742YKBLUE-XXL,22
1743YKYELLOW-3XL,1
1743YKYELLOW-4XL,10
1743YKYELLOW-5XL,0
1743YKYELLOW-L,3
1743YKYELLOW-M,15
1743YKYELLOW-S,29
1743YKYELLOW-XL,1
1743YKYELLOW-XXL,0
1744YKMULTI-3XL,3
1744YKMULTI-4XL,2
1744YKMULTI-5XL,2
1744YKMULTI-L,3
1744YKMULTI-M,30
1744YKMULTI-S,4
1744YKMULTI-XL,1
1744YKMULTI-XXL,11
1746YKYELLOW-3XL,15
1746YKYELLOW-4XL,11
1746YKYELLOW-5XL,0
1746YKYELLOW-L,44
1746YKYELLOW-M,50
1746YKYELLOW-S,4
1746YKYELLOW-XL,28
1746YKYELLOW-XXL,28
1748YKMULTI-3XL,40
1748YKMULTI-4XL,34
1748YKMULTI-5XL,10
1748YKMULTI-L,75
1748YKMULTI-M,75
1748YKMULTI-S,16
1748YKMULTI-XL,63
1748YKMULTI-XXL,67
1749YKPINK-L,5
1749YKPINK-XL,0
174YK228GREY-M,0
174YK228GREY-XL,0
174YK228GREY-XXL,0
1750YKPURPLE-3XL,61
1750YKPURPLE-4XL,37
1750YKPURPLE-5XL,28
1750YKPURPLE-L,61
1750YKPURPLE-M,82
1750YKPURPLE-S,57
1750YKPURPLE-XL,60
1750YKPURPLE-XXL,64
1751YKMUSTARD-3XL,8
1751YKMUSTARD-4XL,8
1751YKMUSTARD-5XL,9
1751YKMUSTARD-L,0
1751YKMUSTARD-M,3
1751YKMUSTARD-S,2
1751YKMUSTARD-XL,1
1751YKMUSTARD-XXL,1
1752YKMULT-6XL,2
1752YKMULT-7XL,2
1752YKMULT-8XL,2
1752YKMULTI-3XL,1
1752YKMULTI-4XL,1
1752YKMULTI-5XL,0
1752YKMULTI-6XL,3
1752YKMULTI-7XL,1
1752YKMULTI-8XL,2
1752YKMULTI-L,1
1752YKMULTI-M,4
1752YKMULTI-S,33
1752YKMULTI-XL,1
1752YKMULTI-XXL,3
1753YKGREEN-3XL,19
1753YKGREEN-4XL,15
1753YKGREEN-5XL,8
1753YKGREEN-L,5
1753YKGREEN-M,15
1753YKGREEN-S,29
1753YKGREEN-XL,2
1753YKGREEN-XXL,3
1755YKBLUE-3XL,5
1755YKBLUE-4XL,0
1755YKBLUE-5XL,0
1755YKBLUE-L,26
1755YKBLUE-M,17
1755YKBLUE-S,19
1755YKBLUE-XL,18
1755YKBLUE-XXL,8
1756YKWHITE-3XL,3
1756YKWHITE-4XL,43
1756YKWHITE-5XL,25
1756YKWHITE-6XL,0
1756YKWHITE-7XL,3
1756YKWHITE-8XL,0
1756YKWHITE-L,23
1756YKWHITE-M,27
1756YKWHITE-S,12
1756YKWHITE-XL,30
1756YKWHITE-XXL,19
1758YKPINK-3XL,12
1758YKPINK-4XL,11
1758YKPINK-5XL,8
1758YKPINK-L,9
1758YKPINK-M,8
1758YKPINK-S,12
1758YKPINK-XL,11
1758YKPINK-XXL,9
1759YKMULTI-L,17
1759YKMULTI-M,3
1759YKMULTI-S,21
1759YKMULTI-XL,11
1759YKMULTI-XXL,7
1760YKPINK-3XL,0
1760YKPINK-4XL,0
1760YKPINK-5XL,0
1760YKPINK-6XL,0
1760YKPINK-7XL,0
1760YKPINK-8XL,1
1760YKPINK-L,1
1760YKPINK-M,1
1760YKPINK-S,2
1760YKPINK-XL,1
1760YKPINK-XS,2
1760YKPINK-XXL,0
1761YKLAVENDER-3XL,0
1761YKLAVENDER-4XL,0
1761YKLAVENDER-5XL,0
1761YKLAVENDER-L,0
1761YKLAVENDER-M,0
1761YKLAVENDER-S,0
1761YKLAVENDER-XL,0
1761YKLAVENDER-XXL,0
1763YKPINK-L,21
1763YKPINK-M,23
1763YKPINK-S,17
1763YKPINK-XL,14
1763YKPINK-XXL,17
1764YKBLUE-L,10
1764YKBLUE-M,47
1764YKBLUE-S,24
1764YKBLUE-XL,47
1764YKBLUE-XXL,37
1765YKBLUE-L,66
1765YKBLUE-M,67
1765YKBLUE-S,47
1765YKBLUE-XL,69
1765YKBLUE-XXL,65
1766YKMULTI-L,3
1766YKMULTI-M,0
1766YKMULTI-S,2
1766YKMULTI-XL,3
1767YKBLUE-L,1
1767YKBLUE-M,2
1767YKBLUE-S,1
1767YKBLUE-XL,2
1767YKBLUE-XXL,0
1768YKBLACK-L,2
1768YKBLACK-M,7
1768YKBLACK-S,33
1768YKBLACK-XL,1
1768YKBLACK-XXL,0
1769YKBLACK-L,28
1769YKBLACK-M,40
1769YKBLACK-S,45
1769YKBLACK-XL,34
1769YKBLACK-XXL,33
176YK275GREY-L,0
176YK275GREY-XXL,0
1771YKDGREEN-3XL,11
1771YKDGREEN-4XL,0
1771YKDGREEN-5XL,0
1771YKDGREEN-L,47
1771YKDGREEN-M,47
1771YKDGREEN-S,32
1771YKDGREEN-XL,38
1771YKDGREEN-XXL,34
1772YKDMULTI-3XL,73
1772YKDMULTI-4XL,73
1772YKDMULTI-5XL,41
1772YKDMULTI-L,72
1772YKDMULTI-M,72
1772YKDMULTI-S,39
1772YKDMULTI-XL,60
1772YKDMULTI-XXL,72
1774YKMULTI-5XL,0
1774YKMULTI-L,3
1774YKMULTI-M,1
1774YKMULTI-S,15
1774YKMULTI-XL,4
1775YKBLUE-3XL,83
1775YKBLUE-4XL,65
1775YKBLUE-5XL,55
1775YKBLUE-6XL,14
1775YKBLUE-7XL,21
1775YKBLUE-8XL,22
1775YKBLUE-L,32
1775YKBLUE-M,39
1775YKBLUE-S,12
1775YKBLUE-XL,92
1775YKBLUE-XS,16
1775YKBLUE-XXL,81
1777YKOFFWHITE-3XL,82
1777YKOFFWHITE-4XL,124
1777YKOFFWHITE-5XL,98
1777YKOFFWHITE-L,309
1777YKOFFWHITE-M,264
1777YKOFFWHITE-S,88
1777YKOFFWHITE-XL,103
1777YKOFFWHITE-XS,3
1777YKOFFWHITE-XXL,147
1778YKBLUE-L,7
1778YKBLUE-M,2
1778YKBLUE-S,19
1778YKBLUE-XL,2
1778YKBLUE-XXL,9
1779YKMULTI-L,2
1779YKMULTI-M,6
1779YKMULTI-S,10
1779YKMULTI-XL,0
1779YKMULTI-XS,35
177YK293BLACK-XL,0
177YK293BLACK-XXL,0
1780YKBLACK-L,0
1780YKBLACK-M,0
1780YKBLACK-S,3
1780YKBLACK-XL,0
1780YKBLACK-XS,2
1782YKDMUSTARD-3XL,47
1782YKDMUSTARD-4XL,43
1782YKDMUSTARD-5XL,41
1782YKDMUSTARD-6XL,18
1782YKDMUSTARD-7XL,19
1782YKDMUSTARD-8XL,4
1782YKDMUSTARD-L,47
1782YKDMUSTARD-M,43
1782YKDMUSTARD-S,18
1782YKDMUSTARD-XL,44
1782YKDMUSTARD-XS,1
1782YKDMUSTARD-XXL,46
1784YKDPINK-3XL,98
1784YKDPINK-4XL,35
1784YKDPINK-5XL,64
1784YKDPINK-L,94
1784YKDPINK-M,110
1784YKDPINK-S,109
1784YKDPINK-XL,140
1784YKDPINK-XXL,79
1785YKRED-3XL,84
1785YKRED-4XL,95
1785YKRED-5XL,53
1785YKRED-6XL,31
1785YKRED-7XL,59
1785YKRED-8XL,30
1785YKRED-L,66
1785YKRED-M,26
1785YKRED-S,53
1785YKRED-XL,89
1785YKRED-XXL,98
1786YKDBLUE-3XL,1
1786YKDBLUE-4XL,0
1786YKDBLUE-5XL,0
1786YKDBLUE-L,22
1786YKDBLUE-M,25
1786YKDBLUE-S,12
1786YKDBLUE-XL,17
1786YKDBLUE-XXL,12
1788YKDPINK-3XL,0
1788YKDPINK-4XL,0
1788YKDPINK-5XL,0
1788YKDPINK-L,11
1788YKDPINK-M,25
1788YKDPINK-S,15
1788YKDPINK-XL,5
1788YKDPINK-XXL,2
1789YKDLAVENDER-3XL,0
1789YKDLAVENDER-4XL,0
1789YKDLAVENDER-5XL,0
1789YKDLAVENDER-L,2
1789YKDLAVENDER-M,13
1789YKDLAVENDER-S,21
1789YKDLAVENDER-XL,0
1789YKDLAVENDER-XXL,9
178YK294YELLOW-3XL,0
178YK294YELLOW-4XL,0
178YK294YELLOW-5XL,0
178YK294YELLOW-L,0
178YK294YELLOW-M,0
178YK294YELLOW-S,0
178YK294YELLOW-XL,0
178YK294YELLOW-XXL,0
1790YKDGREY-3XL,32
1790YKDGREY-4XL,42
1790YKDGREY-5XL,30
1790YKDGREY-L,40
1790YKDGREY-M,52
1790YKDGREY-S,2
1790YKDGREY-XL,38
1790YKDGREY-XXL,34
1793YKDLAVENDER-3XL,6
1793YKDLAVENDER-4XL,18
1793YKDLAVENDER-5XL,8
1793YKDLAVENDER-XXL,35
1795YKDBLACK-L,5
1795YKDBLACK-M,1
1795YKDBLACK-S,3
1795YKDBLACK-XL,7
1795YKDBLACK-XS,14
1796YKBLACK-3XL,3
1796YKBLACK-4XL,2
1796YKBLACK-5XL,0
1796YKBLACK-XXL,12
1797YKBROWN-3XL,13
1797YKBROWN-4XL,11
1797YKBROWN-5XL,10
1797YKBROWN-L,1
1797YKBROWN-M,22
1797YKBROWN-S,24
1797YKBROWN-XL,4
1797YKBROWN-XXL,11
1798YKBLACK-3XL,8
1798YKBLACK-4XL,17
1798YKBLACK-5XL,30
1798YKBLACK-L,4
1798YKBLACK-M,19
1798YKBLACK-S,17
1798YKBLACK-XL,13
1798YKBLACK-XXL,7
179YK295MULTI-3XL,142
179YK295MULTI-4XL,157
179YK295MULTI-5XL,76
179YK295MULTI-6XL,72
179YK295MULTI-7XL,82
179YK295MULTI-8XL,52
179YK295MULTI-L,129
179YK295MULTI-M,72
179YK295MULTI-S,55
179YK295MULTI-XL,52
179YK295MULTI-XS,30
179YK295MULTI-XXL,100
1800YKDBLUE-3XL,54
1800YKDBLUE-4XL,78
1800YKDBLUE-5XL,45
1800YKDBLUE-L,44
1800YKDBLUE-M,36
1800YKDBLUE-S,24
1800YKDBLUE-XL,34
1800YKDBLUE-XXL,40
1803YKBLUE-L,1
1803YKBLUE-M,0
1803YKBLUE-S,4
1803YKBLUE-XL,0
1803YKBLUE-XS,1
1806YKPINK-3XL,4
1806YKPINK-4XL,19
1806YKPINK-5XL,0
1806YKPINK-L,0
1806YKPINK-M,2
1806YKPINK-S,15
1806YKPINK-XL,1
1806YKPINK-XS,0
1806YKPINK-XXL,3
1808YKDGREEN-L,0
1808YKDGREEN-M,2
1808YKDGREEN-S,1
1808YKDGREEN-XL,0
1808YKDGREEN-XXL,0
1809YKDYELLOW-3XL,5
1809YKDYELLOW-4XL,4
1809YKDYELLOW-5XL,9
1809YKDYELLOW-6XL,7
1809YKDYELLOW-7XL,8
1809YKDYELLOW-8XL,11
1809YKDYELLOW-L,4
1809YKDYELLOW-M,8
1809YKDYELLOW-S,38
1809YKDYELLOW-XL,1
1809YKDYELLOW-XS,17
1809YKDYELLOW-XXL,3
180YK296BLUE-S,0
1812YKGREEN-L,0
1812YKGREEN-M,0
1812YKGREEN-S,0
1812YKGREEN-XL,0
1812YKGREEN-XS,0
1812YKGREEN-XXL,0
1813YKMULTI-L,0
1813YKMULTI-M,0
1813YKMULTI-S,0
1813YKMULTI-XL,0
1813YKMULTI-XXL,0
1815YKBLACK-3XL,89
1815YKBLACK-4XL,66
1815YKBLACK-5XL,70
1815YKBLACK-6XL,15
1815YKBLACK-7XL,24
1815YKBLACK-8XL,21
1815YKBLACK-L,32
1815YKBLACK-M,41
1815YKBLACK-S,32
1815YKBLACK-XL,30
1815YKBLACK-XS,23
1815YKBLACK-XXL,68
1817YKPURPLE-3XL,24
1817YKPURPLE-4XL,64
1817YKPURPLE-5XL,83
1817YKPURPLE-6XL,24
1817YKPURPLE-7XL,23
1817YKPURPLE-8XL,8
1817YKPURPLE-L,90
1817YKPURPLE-M,89
1817YKPURPLE-S,27
1817YKPURPLE-XL,66
1817YKPURPLE-XXL,40
1819YKNAVY-3XL,35
1819YKNAVY-4XL,46
1819YKNAVY-5XL,19
1819YKNAVY-L,2
1819YKNAVY-M,46
1819YKNAVY-S,19
1819YKNAVY-XL,19
1819YKNAVY-XXL,30
181YK297YELLOW-L,0
181YK297YELLOW-M,0
181YK297YELLOW-S,0
181YK297YELLOW-XXL,0
1820YKGREY-3XL,0
1820YKGREY-4XL,0
1820YKGREY-5XL,1
1820YKGREY-6XL,0
1820YKGREY-L,0
1820YKGREY-M,0
1820YKGREY-XL,0
1820YKGREY-XXL,0
1821YKMULTI-L,0
1821YKMULTI-M,2
1821YKMULTI-XL,0
1821YKMULTI-XXL,0
1822YKYELLOW-3XL,0
1822YKYELLOW-4XL,0
1822YKYELLOW-5XL,0
1822YKYELLOW-6XL,1
1822YKYELLOW-L,6
1822YKYELLOW-M,7
1822YKYELLOW-XL,0
1822YKYELLOW-XXL,5
1823YKRED-L,0
1823YKRED-M,0
1823YKRED-XL,0
1823YKRED-XXL,0
1824YKMULTI-L,0
1824YKMULTI-M,0
1824YKMULTI-XL,0
1824YKMULTI-XXL,1
1825YKGREY-L,1
1825YKGREY-M,4
1825YKGREY-XL,0
1825YKGREY-XXL,0
1826YKMULTI-L,0
1826YKMULTI-M,0
1826YKMULTI-XL,0
1826YKMULTI-XXL,0
1827YKPINK-3XL,1
1827YKPINK-4XL,0
1827YKPINK-5XL,2
1827YKPINK-6XL,1
1827YKPINK-7XL,0
1827YKPINK-L,0
1827YKPINK-M,0
1827YKPINK-XL,2
1827YKPINK-XXL,0
1828YKBLUE-3XL,1
1828YKBLUE-4XL,0
1828YKBLUE-5XL,1
1828YKBLUE-6XL,0
1828YKBLUE-L,6
1828YKBLUE-M,5
1828YKBLUE-XL,2
1828YKBLUE-XXL,2
1829YKORANGE-L,1
1829YKORANGE-M,2
1829YKORANGE-XL,0
1829YKORANGE-XXL,0
182YK305MUSTARD-3XL,0
182YK305MUSTARD-4XL,0
182YK305MUSTARD-5XL,0
182YK305MUSTARD-L,0
182YK305MUSTARD-M,1
182YK305MUSTARD-S,3
182YK305MUSTARD-XL,0
182YK305MUSTARD-XXL,0
1830YKRED-L,0
1830YKRED-M,0
1830YKRED-XL,0
1830YKRED-XXL,0
1831YKRED-L,3
1831YKRED-M,6
1831YKRED-XL,4
1831YKRED-XXL,2
1832YKGREEN-L,0
1832YKGREEN-M,3
1832YKGREEN-XL,0
1832YKGREEN-XXL,0
1834YKPINK-L,33
1834YKPINK-M,29
1834YKPINK-S,33
1834YKPINK-XS,28
1836YKORANGE-3XL,3
1836YKORANGE-4XL,0
1836YKORANGE-5XL,0
1836YKORANGE-L,17
1836YKORANGE-M,12
1836YKORANGE-S,2
1836YKORANGE-XL,1
1836YKORANGE-XXL,22
1841YKBLACK-L,1
1841YKBLACK-M,1
1841YKBLACK-S,1
1841YKBLACK-XL,0
1841YKBLACK-XS,36
1843YKOFFWHITE-L,30
1843YKOFFWHITE-M,46
1843YKOFFWHITE-S,42
1843YKOFFWHITE-XL,5
1843YKOFFWHITE-XS,53
1844YKMULTI-L,2
1844YKMULTI-M,4
1844YKMULTI-S,11
1844YKMULTI-XL,1
1844YKMULTI-XS,24
1846YKWHITE-L,50
1846YKWHITE-M,60
1846YKWHITE-S,45
1846YKWHITE-XL,15
1846YKWHITE-XS,62
1849YKMULTI-L,0
1849YKMULTI-M,2
1849YKMULTI-S,14
1849YKMULTI-XL,1
1849YKMULTI-XXL,1
184YK300BLACK-M,1
184YK300BLACK-S,1
184YK300BLACK-XL,0
1851YKBROWN-L,0
1851YKBROWN-M,0
1851YKBROWN-S,1
1851YKBROWN-XL,0
1852YKGREY-L,56
1852YKGREY-M,59
1852YKGREY-S,64
1852YKGREY-XL,19
1852YKGREY-XS,65
1853YKBLUE-3XL,0
1853YKBLUE-4XL,0
1853YKBLUE-5XL,0
1853YKBLUE-6XL,0
1854YKYELLOW-L,1
1854YKYELLOW-M,0
1854YKYELLOW-XL,0
1854YKYELLOW-XXL,0
1855YKPINK-L,1
1855YKPINK-M,1
1855YKPINK-XL,2
1855YKPINK-XXL,1
1856YKPEACH-3XL,0
1856YKPEACH-4XL,0
1856YKPEACH-5XL,0
1856YKPEACH-6XL,0
1856YKPEACH-L,0
1856YKPEACH-M,0
1856YKPEACH-XL,0
1856YKPEACH-XXL,0
1857YKGREEN-3XL,1
1857YKGREEN-4XL,2
1857YKGREEN-5XL,1
1857YKGREEN-6XL,0
1857YKGREEN-L,1
1857YKGREEN-M,4
1857YKGREEN-XL,0
1857YKGREEN-XXL,2
1858YKBLUE-L,1
1858YKBLUE-M,3
1858YKBLUE-XL,1
1858YKBLUE-XXL,2
1859YKPINK-3XL,0
1859YKPINK-4XL,0
1859YKPINK-5XL,0
1859YKPINK-6XL,0
1859YKPINK-L,0
185YK302BLUE-3XL,17
185YK302BLUE-4XL,22
185YK302BLUE-5XL,7
185YK302BLUE-6XL,10
185YK302BLUE-7XL,24
185YK302BLUE-8XL,27
185YK302BLUE-L,4
185YK302BLUE-M,11
185YK302BLUE-S,43
185YK302BLUE-XL,18
185YK302BLUE-XS,15
185YK302BLUE-XXL,29
1860YKGREEN-L,1
1860YKGREEN-M,2
1860YKGREEN-XL,0
1860YKGREEN-XXL,0
1861YKPINK-3XL,0
1861YKPINK-4XL,0
1861YKPINK-5XL,0
1861YKPINK-6XL,0
1862YKLAVENDER-L,67
1862YKLAVENDER-M,71
1862YKLAVENDER-S,28
1862YKLAVENDER-XL,64
1862YKLAVENDER-XXL,75
1863YKMAROON-L,3
1863YKMAROON-M,7
1863YKMAROON-S,69
1863YKMAROON-XL,9
1863YKMAROON-XXL,36
1865YKSKYBLUE-L,0
1865YKSKYBLUE-M,0
1865YKSKYBLUE-S,3
1865YKSKYBLUE-XL,0
1865YKSKYBLUE-XXL,0
1866YKGREEN-L,0
1866YKGREEN-M,0
1866YKGREEN-S,28
1866YKGREEN-XL,0
1866YKGREEN-XXL,1
1867YKRED-L,12
1867YKRED-M,20
1867YKRED-S,19
1867YKRED-XL,0
1867YKRED-XXL,9
1868YKBROWN-L,1
1868YKBROWN-M,2
1868YKBROWN-S,1
1868YKBROWN-XL,0
1868YKBROWN-XXL,1
1869YKNAVYBLUE-L,0
1869YKNAVYBLUE-M,2
1869YKNAVYBLUE-S,2
1869YKNAVYBLUE-XL,0
1869YKNAVYBLUE-XXL,0
186YK303YELLOW-3XL,0
186YK303YELLOW-L,0
186YK303YELLOW-M,0
186YK303YELLOW-XL,0
186YK303YELLOW-XXL,1
1870YKBLUE-L,0
1870YKBLUE-M,1
1870YKBLUE-S,1
1870YKBLUE-XL,0
1870YKBLUE-XXL,0
1871YKBLUE-L,0
1871YKBLUE-M,6
1871YKBLUE-S,12
1871YKBLUE-XL,0
1871YKBLUE-XXL,1
1873YKSKYBLUE-F,13
1874YKMUSTARD-3XL,0
1874YKMUSTARD-4XL,0
1874YKMUSTARD-5XL,0
1874YKMUSTARD-L,0
1874YKMUSTARD-M,5
1874YKMUSTARD-S,1
1874YKMUSTARD-XL,0
1874YKMUSTARD-XXL,0
1875YKDWHITE-3XL,0
1875YKDWHITE-4XL,0
1875YKDWHITE-5XL,0
1875YKDWHITE-6XL,0
1875YKDWHITE-7XL,0
1875YKDWHITE-8XL,1
1875YKDWHITE-L,0
1875YKDWHITE-M,1
1875YKDWHITE-S,3
1875YKDWHITE-XL,0
1875YKDWHITE-XXL,0
1875YKMAROON-6XL,3
1875YKMAROON-7XL,5
1875YKMAROON-8XL,5
1875YKMAROON-XXL,4
1876YKMAROON-L,49
1876YKMAROON-M,46
1876YKMAROON-S,21
1876YKMAROON-XL,43
1876YKMAROON-XXL,41
1877YKSKYBLUE-L,26
1877YKSKYBLUE-M,27
1877YKSKYBLUE-S,38
1877YKSKYBLUE-XL,16
1877YKSKYBLUE-XXL,22
1878YKPINK-3XL,36
1878YKPINK-4XL,7
1878YKPINK-5XL,0
1878YKPINK-XXL,43
1879YKSKYBLUE-3XL,42
1879YKSKYBLUE-4XL,21
1879YKSKYBLUE-5XL,8
1879YKSKYBLUE-XXL,50
187YK304PINK-L,1
187YK304PINK-M,0
187YK304PINK-S,1
1881YKMAROON-3XL,2
1881YKMAROON-4XL,0
1881YKMAROON-5XL,1
1881YKMAROON-6XL,6
1881YKMAROON-7XL,5
1881YKMAROON-8XL,9
1881YKMAROON-L,17
1881YKMAROON-M,42
1881YKMAROON-S,45
1881YKMAROON-XL,1
1881YKMAROON-XXL,1
1882YKBROWN-3XL,5
1882YKBROWN-4XL,2
1882YKBROWN-5XL,0
1882YKBROWN-L,7
1882YKBROWN-M,0
1882YKBROWN-S,3
1882YKBROWN-XL,2
1882YKBROWN-XXL,4
1883YKPURPLE-3XL,118
1883YKPURPLE-4XL,90
1883YKPURPLE-5XL,134
1883YKPURPLE-6XL,62
1883YKPURPLE-7XL,53
1883YKPURPLE-8XL,72
1883YKPURPLE-L,73
1883YKPURPLE-M,37
1883YKPURPLE-S,58
1883YKPURPLE-XL,96
1883YKPURPLE-XXL,99
1885YKPISTAGREEN-3XL,0
1885YKPISTAGREEN-4XL,6
1885YKPISTAGREEN-5XL,3
1885YKPISTAGREEN-6XL,5
1885YKPISTAGREEN-L,8
1885YKPISTAGREEN-M,19
1885YKPISTAGREEN-S,1
1885YKPISTAGREEN-XL,1
1885YKPISTAGREEN-XS,0
1885YKPISTAGREEN-XXL,3
1886YKLAVENDER-3XL,8
1886YKLAVENDER-4XL,1
1886YKLAVENDER-5XL,6
1886YKLAVENDER-6XL,1
1886YKLAVENDER-7XL,2
1886YKLAVENDER-8XL,0
1886YKLAVENDER-L,13
1886YKLAVENDER-M,35
1886YKLAVENDER-S,12
1886YKLAVENDER-XL,3
1886YKLAVENDER-XS,8
1886YKLAVENDER-XXL,0
1887YKBLACK-3XL,34
1887YKBLACK-4XL,83
1887YKBLACK-5XL,28
1887YKBLACK-6XL,19
1887YKBLACK-7XL,23
1887YKBLACK-8XL,44
1887YKBLACK-L,20
1887YKBLACK-M,77
1887YKBLACK-S,4
1887YKBLACK-XL,26
1887YKBLACK-XS,7
1887YKBLACK-XXL,42
1888YKPURPLE-3XL,12
1888YKPURPLE-4XL,31
1888YKPURPLE-5XL,17
1888YKPURPLE-6XL,7
1888YKPURPLE-7XL,19
1888YKPURPLE-8XL,13
1888YKPURPLE-L,3
1888YKPURPLE-M,14
1888YKPURPLE-S,16
1888YKPURPLE-XL,1
1888YKPURPLE-XXL,6
1889YKWHITE-3XL,11
1889YKWHITE-4XL,0
1889YKWHITE-5XL,0
1889YKWHITE-L,2
1889YKWHITE-M,6
1889YKWHITE-S,3
1889YKWHITE-XL,0
1889YKWHITE-XS,0
1889YKWHITE-XXL,1
188YK83NAVY-L,13
188YK83NAVY-M,8
188YK83NAVY-S,25
188YK83NAVY-XL,24
188YK83NAVY-XS,18
188YK83NAVY-XXL,8
1890YKMULTI-L,204
1890YKMULTI-M,180
1890YKMULTI-S,65
1890YKMULTI-XL,139
1890YKMULTI-XS,20
1891YKWHITE-L,10
1891YKWHITE-M,13
1891YKWHITE-S,19
1891YKWHITE-XS,15
1892YKMULTI-3XL,14
1892YKMULTI-4XL,21
1892YKMULTI-5XL,3
1892YKMULTI-6XL,5
1892YKMULTI-7XL,25
1892YKMULTI-8XL,18
1892YKMULTI-M,0
1892YKMULTI-S,0
1892YKMULTI-XL,21
1892YKMULTI-XXL,9
1893YKBLUE-3XL,0
1893YKBLUE-4XL,3
1893YKBLUE-5XL,0
1893YKBLUE-6XL,0
1893YKBLUE-L,0
1893YKBLUE-M,0
1893YKBLUE-S,3
1893YKBLUE-XL,2
1893YKBLUE-XXL,1
1894YKGREEN-3XL,11
1894YKGREEN-4XL,8
1894YKGREEN-5XL,7
1894YKGREEN-L,11
1894YKGREEN-M,14
1894YKGREEN-S,10
1894YKGREEN-XL,3
1894YKGREEN-XXL,13
1895YKDGREY-3XL,25
1895YKDGREY-4XL,8
1895YKDGREY-5XL,11
1895YKDGREY-L,53
1895YKDGREY-M,44
1895YKDGREY-S,30
1895YKDGREY-XL,29
1895YKDGREY-XXL,4
1896YKBLUE-L,58
1896YKBLUE-M,53
1896YKBLUE-S,56
1896YKBLUE-XS,53
1897YKBLUE-3XL,43
1897YKBLUE-4XL,34
1897YKBLUE-5XL,28
1897YKBLUE-6XL,16
1897YKBLUE-7XL,13
1897YKBLUE-8XL,11
1897YKBLUE-M,1
1897YKBLUE-XL,12
1897YKBLUE-XXL,41
1898YKYELLOW-3XL,53
1898YKYELLOW-4XL,33
1898YKYELLOW-5XL,41
1898YKYELLOW-6XL,40
1898YKYELLOW-7XL,22
1898YKYELLOW-8XL,20
1898YKYELLOW-L,109
1898YKYELLOW-M,101
1898YKYELLOW-S,66
1898YKYELLOW-XL,152
1898YKYELLOW-XS,16
1898YKYELLOW-XXL,83
1899YKOFFWHITE-3XL,41
1899YKOFFWHITE-4XL,0
1899YKOFFWHITE-5XL,28
1899YKOFFWHITE-6XL,8
1899YKOFFWHITE-7XL,24
1899YKOFFWHITE-8XL,23
1899YKOFFWHITE-L,45
1899YKOFFWHITE-M,21
1899YKOFFWHITE-S,20
1899YKOFFWHITE-XL,63
1899YKOFFWHITE-XS,28
1899YKOFFWHITE-XXL,31
189YK214RED-3XL,0
189YK214RED-L,0
189YK214RED-M,0
189YK214RED-S,0
189YK214RED-XL,0
189YK214RED-XXL,0
1900YKYELLOW-3XL,56
1900YKYELLOW-4XL,54
1900YKYELLOW-5XL,48
1900YKYELLOW-6XL,0
1900YKYELLOW-L,41
1900YKYELLOW-M,42
1900YKYELLOW-S,23
1900YKYELLOW-XL,37
1900YKYELLOW-XS,16
1900YKYELLOW-XXL,68
1901YKBLUE-3XL,25
1901YKBLUE-4XL,2
1901YKBLUE-5XL,17
1901YKBLUE-L,5
1901YKBLUE-M,5
1901YKBLUE-S,12
1901YKBLUE-XL,12
1901YKBLUE-XS,0
1901YKBLUE-XXL,14
1902YKGREEN-3XL,28
1902YKGREEN-4XL,2
1902YKGREEN-5XL,1
1902YKGREEN-6XL,0
1902YKGREEN-L,6
1902YKGREEN-M,7
1902YKGREEN-S,15
1902YKGREEN-XL,16
1902YKGREEN-XS,15
1902YKGREEN-XXL,13
1903YKPISTAGREEN-3XL-4XL,3
1903YKPISTAGREEN-5XL-6XL,0
1903YKPISTAGREEN-7XL-8XL,2
1903YKPISTAGREEN-M-L,70
1903YKPISTAGREEN-XL-XXL,6
1903YKPISTAGREEN-XS-S,61
1904YKPINK-3XL-4XL,4
1904YKPINK-5XL-6XL,11
1904YKPINK-7XL-8XL,16
1904YKPINK-M-L,12
1904YKPINK-XL-XXL,17
1904YKPINK-XS-S,45
1905YKTEAL-3XL,22
1905YKTEAL-4XL,32
1905YKTEAL-5XL,0
1905YKTEAL-6XL,4
1905YKTEAL-7XL,0
1905YKTEAL-8XL,4
1905YKTEAL-L,58
1905YKTEAL-M,66
1905YKTEAL-S,49
1905YKTEAL-XL,37
1905YKTEAL-XS,18
1905YKTEAL-XXL,29
1906YKWINE-3XL,3
1906YKWINE-4XL,0
1906YKWINE-5XL,1
1906YKWINE-6XL,1
1906YKWINE-7XL,2
1906YKWINE-8XL,2
1906YKWINE-L,0
1906YKWINE-M,1
1906YKWINE-S,11
1906YKWINE-XL,1
1906YKWINE-XS,7
1906YKWINE-XXL,3
1907YKBEIGE-3XL,0
1907YKBEIGE-4XL,1
1907YKBEIGE-5XL,0
1907YKBEIGE-XL,0
1907YKBEIGE-XXL,4
1908YKMUAVE-3XL,9
1908YKMUAVE-4XL,0
1908YKMUAVE-5XL,0
1908YKMUAVE-L,5
1908YKMUAVE-XL,7
1908YKMUAVE-XXL,11
1909YKGREEN-3XL,13
1909YKGREEN-4XL,8
1909YKGREEN-5XL,1
1909YKGREEN-6XL,23
1909YKGREEN-7XL,46
1909YKGREEN-8XL,47
1909YKGREEN-L,64
1909YKGREEN-M,65
1909YKGREEN-S,42
1909YKGREEN-XL,55
1909YKGREEN-XS,19
1909YKGREEN-XXL,32
190YK214MEHROON-3XL,8
190YK214MEHROON-4XL,29
190YK214MEHROON-5XL,21
190YK214MEHROON-6XL,42
190YK214MEHROON-7XL,28
190YK214MEHROON-8XL,18
190YK214MEHROON-L,25
190YK214MEHROON-M,17
190YK214MEHROON-S,9
190YK214MEHROON-XL,11
190YK214MEHROON-XS,156
190YK214MEHROON-XXL,14
1911YKMULTI-3XL,1
1911YKMULTI-4XL,1
1911YKMULTI-5XL,1
1911YKMULTI-6XL,0
1911YKMULTI-7XL,0
1911YKMULTI-8XL,2
1911YKMULTI-L,2
1911YKMULTI-M,18
1911YKMULTI-S,48
1911YKMULTI-XL,2
1911YKMULTI-XS,42
1911YKMULTI-XXL,4
1912YKSKYBLUE-3XL-4XL,0
1912YKSKYBLUE-5XL-6XL,0
1912YKSKYBLUE-7XL-8XL,0
1912YKSKYBLUE-M-L,36
1912YKSKYBLUE-XL-XXL,7
1912YKSKYBLUE-XS-S,109
1913YKBEIGE-3XL,13
1913YKBEIGE-4XL,3
1913YKBEIGE-5XL,3
1913YKBEIGE-6XL,1
1913YKBEIGE-7XL,3
1913YKBEIGE-8XL,16
1913YKBEIGE-L,70
1913YKBEIGE-M,70
1913YKBEIGE-S,46
1913YKBEIGE-XL,53
1913YKBEIGE-XS,7
1913YKBEIGE-XXL,23
1914YKYELLOW-3XL,2
1914YKYELLOW-4XL,4
1914YKYELLOW-5XL,3
1914YKYELLOW-6XL,4
1914YKYELLOW-7XL,5
1914YKYELLOW-8XL,6
1914YKYELLOW-L,2
1914YKYELLOW-M,2
1914YKYELLOW-S,1
1914YKYELLOW-XL,0
1914YKYELLOW-XS,6
1914YKYELLOW-XXL,4
1915YKBLACK-4XL-5XL,0
1915YKBLACK-L-XL,1
1915YKBLACK-S-M,1
1915YKBLACK-XXL-3XL,0
1916YKRED-4XL-5XL,2
1916YKRED-L-XL,5
1916YKRED-S-M,39
1916YKRED-XXL-3XL,0
1917YKBLUE-4XL-5XL,2
1917YKBLUE-L-XL,8
1917YKBLUE-S-M,5
1917YKBLUE-XXL-3XL,0
1918YKYELLOW-4XL-5XL,0
1918YKYELLOW-L-XL,44
1918YKYELLOW-S-M,54
1918YKYELLOW-XXL-3XL,32
1919YKBLUE-3XL,7
1919YKBLUE-4XL,1
1919YKBLUE-5XL,0
1919YKBLUE-6XL,0
1919YKBLUE-L,1
1919YKBLUE-M,17
1919YKBLUE-S,8
1919YKBLUE-XL,7
1919YKBLUE-XXL,4
191YK214PEACH-5XL,0
191YK214PEACH-L,0
191YK214PEACH-M,0
191YK214PEACH-S,0
191YK214PEACH-XL,0
191YK214PEACH-XXL,0
1920YKYELLOW-3XL,2
1920YKYELLOW-4XL,0
1920YKYELLOW-5XL,0
1920YKYELLOW-L,13
1920YKYELLOW-M,14
1920YKYELLOW-S,10
1920YKYELLOW-XL,20
1920YKYELLOW-XXL,15
1921YKOFFWHITE-3XL,0
1921YKOFFWHITE-4XL,0
1921YKOFFWHITE-5XL,1
1921YKOFFWHITE-L,0
1921YKOFFWHITE-M,1
1921YKOFFWHITE-S,3
1921YKOFFWHITE-XL,1
1921YKOFFWHITE-XXL,3
1922YKBLUE-3XL,0
1922YKBLUE-4XL,0
1922YKBLUE-XL,0
1922YKBLUE-XXL,0
1923YKMAROON-3XL,0
1923YKMAROON-4XL,0
1923YKMAROON-5XL,0
1923YKMAROON-XL,3
1923YKMAROON-XXL,0
1924YKMULTI-3XL,0
1924YKMULTI-4XL,0
1924YKMULTI-5XL,0
1924YKMULTI-XL,1
1924YKMULTI-XXL,1
1925YKGREY-3XL,0
1925YKGREY-4XL,0
1925YKGREY-XL,5
1925YKGREY-XXL,5
1926YKRED-3XL,25
1926YKRED-4XL,26
1926YKRED-5XL,10
1926YKRED-L,37
1926YKRED-M,32
1926YKRED-S,5
1926YKRED-XL,31
1926YKRED-XS,10
1926YKRED-XXL,29
1927YKORANGE-3XL,1
1927YKORANGE-4XL,0
1927YKORANGE-5XL,0
1927YKORANGE-XL,0
1927YKORANGE-XXL,0
1928YKBLUE-3XL,17
1928YKBLUE-4XL,26
1928YKBLUE-5XL,5
1928YKBLUE-6XL,6
1928YKBLUE-7XL,3
1928YKBLUE-8XL,1
1928YKBLUE-L,20
1928YKBLUE-M,30
1928YKBLUE-S,27
1928YKBLUE-XL,10
1928YKBLUE-XS,19
1928YKBLUE-XXL,32
1929YKBLACK-L,0
1929YKBLACK-M,1
1929YKBLACK-S,1
1929YKBLACK-XL,3
1929YKBLACK-XXL,0
192YK251GREEN-3XL,10
192YK251GREEN-4XL,11
192YK251GREEN-5XL,13
192YK251GREEN-6XL,1
192YK251GREEN-7XL,20
192YK251GREEN-8XL,11
192YK251GREEN-L,13
192YK251GREEN-M,44
192YK251GREEN-S,24
192YK251GREEN-XL,50
192YK251GREEN-XS,5
192YK251GREEN-XXL,21
1930YKBLUE-3XL,2
1930YKBLUE-4XL,0
1930YKBLUE-5XL,0
1930YKBLUE-XL,8
1930YKBLUE-XXL,4
1931YKMULTI-L,4
1931YKMULTI-M,3
1931YKMULTI-S,13
1931YKMULTI-XL,0
1932YKBLACK-3XL,2
1932YKBLACK-4XL,4
1932YKBLACK-5XL,0
1932YKBLACK-L,4
1932YKBLACK-M,8
1932YKBLACK-S,1
1932YKBLACK-XL,0
1932YKBLACK-XXL,1
1934YKPINK-3XL,30
1934YKPINK-4XL,13
1934YKPINK-5XL,15
1934YKPINK-6XL,16
1934YKPINK-7XL,17
1934YKPINK-8XL,28
1934YKPINK-L,57
1934YKPINK-M,60
1934YKPINK-S,76
1934YKPINK-XL,50
1934YKPINK-XS,15
1934YKPINK-XXL,24
1935YKMULTI-L,0
1935YKMULTI-M,0
1935YKMULTI-S,0
1935YKMULTI-XL,0
1935YKMULTI-XS,4
1936YKOFFWHITE-3XL,95
1936YKOFFWHITE-4XL,60
1936YKOFFWHITE-5XL,73
1936YKOFFWHITE-6XL,46
1936YKOFFWHITE-7XL,40
1936YKOFFWHITE-8XL,40
1936YKOFFWHITE-L,28
1936YKOFFWHITE-M,33
1936YKOFFWHITE-S,27
1936YKOFFWHITE-XL,10
1936YKOFFWHITE-XS,2
1936YKOFFWHITE-XXL,56
1937YKPURPLE-3XL,18
1937YKPURPLE-4XL,7
1937YKPURPLE-5XL,32
1937YKPURPLE-L,24
1937YKPURPLE-M,8
1937YKPURPLE-S,0
1937YKPURPLE-XL,73
1937YKPURPLE-XS,9
1937YKPURPLE-XXL,76
1938YKBLACK-3XL,45
1938YKBLACK-4XL,44
1938YKBLACK-5XL,19
1938YKBLACK-6XL,16
1938YKBLACK-7XL,24
1938YKBLACK-8XL,17
1938YKBLACK-L,21
1938YKBLACK-M,22
1938YKBLACK-S,6
1938YKBLACK-XL,15
1938YKBLACK-XS,9
1938YKBLACK-XXL,39
1939YKBLUE-L,0
1939YKBLUE-M,0
1939YKBLUE-S,0
1939YKBLUE-XS,0
193YK251FIROZI-3XL,1
193YK251FIROZI-4XL,4
193YK251FIROZI-5XL,10
193YK251FIROZI-6XL,7
193YK251FIROZI-7XL,12
193YK251FIROZI-8XL,4
193YK251FIROZI-L,0
193YK251FIROZI-M,3
193YK251FIROZI-S,28
193YK251FIROZI-XL,1
193YK251FIROZI-XS,8
193YK251FIROZI-XXL,7
1940YKSKYBLUE-L,2
1940YKSKYBLUE-M,0
1940YKSKYBLUE-S,4
1940YKSKYBLUE-XS,4
1941YKMUSTARD-3XL,4
1941YKMUSTARD-4XL,36
1941YKMUSTARD-5XL,46
1941YKMUSTARD-6XL,25
1941YKMUSTARD-7XL,21
1941YKMUSTARD-8XL,22
1941YKMUSTARD-L,52
1941YKMUSTARD-M,45
1941YKMUSTARD-S,9
1941YKMUSTARD-XL,24
1941YKMUSTARD-XS,6
1941YKMUSTARD-XXL,37
1942YKMULTI-3XL,0
1942YKMULTI-4XL,0
1942YKMULTI-5XL,0
1942YKMULTI-L,7
1942YKMULTI-M,7
1942YKMULTI-S,4
1942YKMULTI-XL,2
1942YKMULTI-XXL,1
1943YKGREEN-3XL,32
1943YKGREEN-4XL,12
1943YKGREEN-5XL,33
1943YKGREEN-6XL,2
1943YKGREEN-L,4
1943YKGREEN-M,21
1943YKGREEN-S,17
1943YKGREEN-XL,42
1943YKGREEN-XXL,6
1946YKGREEN-3XL,48
1946YKGREEN-4XL,63
1946YKGREEN-5XL,77
1946YKGREEN-6XL,21
1946YKGREEN-7XL,55
1946YKGREEN-8XL,19
1946YKGREEN-L,67
1946YKGREEN-M,13
1946YKGREEN-S,18
1946YKGREEN-XL,193
1946YKGREEN-XS,3
1946YKGREEN-XXL,81
1947YKGREEN-3XL,65
1947YKGREEN-4XL,10
1947YKGREEN-5XL,55
1947YKGREEN-6XL,42
1947YKGREEN-7XL,9
1947YKGREEN-8XL,16
1947YKGREEN-L,45
1947YKGREEN-M,24
1947YKGREEN-S,27
1947YKGREEN-XL,47
1947YKGREEN-XS,28
1947YKGREEN-XXL,68
1948YKORANGE-L,0
1948YKORANGE-M,0
1948YKORANGE-S,0
1948YKORANGE-XL,0
1948YKORANGE-XS,0
1948YKORANGE-XXL,0
1949YKPINK-L,0
1949YKPINK-M,0
1949YKPINK-S,2
1949YKPINK-XL,1
1949YKPINK-XS,0
1949YKPINK-XXL,0
194YK313MAROON-M,0
1950YKGREY-L,12
1950YKGREY-M,20
1950YKGREY-S,17
1950YKGREY-XL,16
1950YKGREY-XXL,5
1953YKGREY-L,29
1953YKGREY-M,25
1953YKGREY-S,10
1953YKGREY-XL,22
1953YKGREY-XS,17
1954YKBLUE-3XL,0
1954YKBLUE-4XL,0
1954YKBLUE-5XL,0
1954YKBLUE-L,0
1954YKBLUE-M,4
1954YKBLUE-S,3
1954YKBLUE-XL,0
1954YKBLUE-XS,13
1954YKBLUE-XXL,0
1955YKTEAL-3XL,9
1955YKTEAL-4XL,7
1955YKTEAL-5XL,4
1955YKTEAL-6XL,0
1955YKTEAL-7XL,3
1955YKTEAL-8XL,1
1955YKTEAL-L,11
1955YKTEAL-M,21
1955YKTEAL-S,9
1955YKTEAL-XL,5
1955YKTEAL-XS,4
1955YKTEAL-XXL,8
1956YKBLACK-3XL,32
1956YKBLACK-4XL,24
1956YKBLACK-5XL,23
1956YKBLACK-6XL,23
1956YKBLACK-7XL,19
1956YKBLACK-8XL,28
1956YKBLACK-L,13
1956YKBLACK-M,16
1956YKBLACK-S,16
1956YKBLACK-XL,22
1956YKBLACK-XS,9
1956YKBLACK-XXL,47
1957YKMULTI-3XL,0
1957YKMULTI-4XL,1
1957YKMULTI-5XL,0
1957YKMULTI-L,2
1957YKMULTI-M,4
1957YKMULTI-S,3
1957YKMULTI-XL,0
1957YKMULTI-XXL,2
1958YKPINK-3XL,1
1958YKPINK-4XL,1
1958YKPINK-5XL,0
1958YKPINK-L,0
1958YKPINK-M,2
1958YKPINK-S,9
1958YKPINK-XL,2
1958YKPINK-XS,3
1958YKPINK-XXL,5
1959YKBLACK-3XL,17
1959YKBLACK-4XL,11
1959YKBLACK-5XL,28
1959YKBLACK-L,24
1959YKBLACK-M,28
1959YKBLACK-S,9
1959YKBLACK-XL,32
1959YKBLACK-XXL,32
195YK314MULTI-5XL,0
195YK314MULTI-M,0
195YK314MULTI-S,0
1960YKTEAL-3XL,13
1960YKTEAL-4XL,18
1960YKTEAL-5XL,30
1960YKTEAL-L,18
1960YKTEAL-M,12
1960YKTEAL-S,24
1960YKTEAL-XL,11
1960YKTEAL-XXL,38
1961YKBROWN-3XL,16
1961YKBROWN-4XL,14
1961YKBROWN-5XL,9
1961YKBROWN-L,24
1961YKBROWN-M,8
1961YKBROWN-S,36
1961YKBROWN-XL,14
1961YKBROWN-XXL,10
1964YKMAROON-3XL,13
1964YKMAROON-4XL,1
1964YKMAROON-5XL,9
1964YKMAROON-6XL,6
1964YKMAROON-7XL,10
1964YKMAROON-8XL,7
1964YKMAROON-L,16
1964YKMAROON-M,25
1964YKMAROON-S,20
1964YKMAROON-XL,8
1964YKMAROON-XXL,14
1966YKYELLOW-3XL,40
1966YKYELLOW-4XL,45
1966YKYELLOW-5XL,41
1966YKYELLOW-6XL,20
1966YKYELLOW-7XL,25
1966YKYELLOW-8XL,20
1966YKYELLOW-L,38
1966YKYELLOW-M,44
1966YKYELLOW-S,26
1966YKYELLOW-XL,33
1966YKYELLOW-XS,23
1966YKYELLOW-XXL,42
1967YKPINK-3XL,43
1967YKPINK-4XL,48
1967YKPINK-5XL,49
1967YKPINK-6XL,31
1967YKPINK-7XL,32
1967YKPINK-8XL,31
1967YKPINK-L,34
1967YKPINK-M,45
1967YKPINK-S,24
1967YKPINK-XL,37
1967YKPINK-XS,29
1967YKPINK-XXL,39
1968YKBLACK-3XL,26
1968YKBLACK-4XL,39
1968YKBLACK-5XL,39
1968YKBLACK-6XL,12
1968YKBLACK-7XL,19
1968YKBLACK-8XL,17
1968YKBLACK-L,29
1968YKBLACK-M,40
1968YKBLACK-S,17
1968YKBLACK-XL,26
1968YKBLACK-XS,20
1968YKBLACK-XXL,39
196YK315MUSTARD-L,1
196YK315MUSTARD-M,0
196YK315MUSTARD-S,0
196YK315MUSTARD-XL,8
196YK315MUSTARD-XXL,5
1975YKGREY-3XL,26
1975YKGREY-4XL,27
1975YKGREY-5XL,19
1975YKGREY-XL,23
1975YKGREY-XXL,26
1977YKMUSTARD-3XL,44
1977YKMUSTARD-4XL,43
1977YKMUSTARD-5XL,42
1977YKMUSTARD-L,38
1977YKMUSTARD-M,43
1977YKMUSTARD-S,44
1977YKMUSTARD-XL,48
1977YKMUSTARD-XXL,45
1979YKBLACK-3XL,34
1979YKBLACK-4XL,28
1979YKBLACK-5XL,83
1979YKBLACK-6XL,30
1979YKBLACK-7XL,58
1979YKBLACK-8XL,38
1979YKBLACK-L,10
1979YKBLACK-M,42
1979YKBLACK-S,34
1979YKBLACK-XL,13
1979YKBLACK-XXL,22
197YK316GREY-L,1
197YK316GREY-M,0
197YK316GREY-S,2
197YK316GREY-XL,2
197YK316GREY-XXL,2
1984YKMUSTARD-3XL,0
1984YKMUSTARD-5XL,0
1984YKMUSTARD-XL,0
1984YKMUSTARD-XXL,0
1985YKOFFWHITE-L,29
1985YKOFFWHITE-M,31
1985YKOFFWHITE-S,32
1985YKOFFWHITE-XL,31
1989YKBLACK-M-L,48
1989YKBLACK-XL-XXL,49
1989YKBLACK-XS-S,22
198YK317NAVY-S,0
198YK317NAVY-XL,1
198YK317NAVY-XXL,1
1990YKWHITE-M-L,26
1990YKWHITE-XL-XXL,21
1990YKWHITE-XS-S,18
1992YKOFFWHITE-3XL,0
1992YKOFFWHITE-4XL,0
1992YKOFFWHITE-4XL-5XL,70
1992YKOFFWHITE-5XL,0
1992YKOFFWHITE-L,0
1992YKOFFWHITE-L-XL,76
1992YKOFFWHITE-M,0
1992YKOFFWHITE-S,0
1992YKOFFWHITE-S-M,38
1992YKOFFWHITE-XL,0
1992YKOFFWHITE-XXL,0
1992YKOFFWHITE-XXL-3XL,75
1992YKWHITE-4XL-5XL,0
1992YKWHITE-L-XL,0
1992YKWHITE-S-M,0
1992YKWHITE-XXL-3XL,0
1994YKOFFWHITE-L,57
1994YKOFFWHITE-M,53
1994YKOFFWHITE-S,38
1994YKOFFWHITE-XL,55
1995YKBLACK-L,44
1995YKBLACK-M,41
1995YKBLACK-S,32
1995YKBLACK-XL,39
1996YKMULTI-L,58
1996YKMULTI-M,58
1996YKMULTI-S,55
1996YKMULTI-XL,59
199YK318AQUA-L,0
199YK318AQUA-M,0
199YK318AQUA-S,0
19YK185ORANGE-L,0
19YK185ORANGE-S,0
2000YKGREEN-4XL-5XL,62
2000YKGREEN-L-XL,62
2000YKGREEN-S-M,48
2000YKGREEN-XXL-3XL,61
2001YKNAVY-L,48
2001YKNAVY-M,45
2001YKNAVY-S,47
2001YKNAVY-XL,44
2001YKNAVY-XS,20
200YK319YELLOW-S,1
200YK319YELLOW-XL,0
201YK320WHITE-L,0
201YK320WHITE-M,0
201YK320WHITE-S,1
202YK321BLUE-L,0
202YK321BLUE-M,-1
202YK321BLUE-XL,0
202YK321BLUE-XXL,1
203YK312MUSTARD-4XL,0
203YK312MUSTARD-XL,0
204YK216BLUE-L,0
204YK216BLUE-M,0
204YK216BLUE-S,0
204YK216BLUE-XL,0
204YK216BLUE-XXL,0
205YK323WHITE-L,0
205YK323WHITE-M,0
205YK323WHITE-S,0
205YK323WHITE-XL,0
206YK324MUSTARD-3XL,282
206YK324MUSTARD-4XL,191
206YK324MUSTARD-5XL,199
206YK324MUSTARD-6XL,92
206YK324MUSTARD-7XL,127
206YK324MUSTARD-8XL,31
206YK324MUSTARD-L,375
206YK324MUSTARD-M,304
206YK324MUSTARD-S,150
206YK324MUSTARD-XL,381
206YK324MUSTARD-XS,53
206YK324MUSTARD-XXL,417
207YK325BLACK-L,0
207YK325BLACK-M,0
207YK325BLACK-XL,0
208YK322YELLOW-L,0
208YK322YELLOW-M,1
208YK322YELLOW-S,0
208YK322YELLOW-XL,0
209YK148BLACK-M,0
209YK148BLACK-XL,0
212YK148TRUQ-L,0
213YK231ORANGE-L,3
213YK231ORANGE-M,0
213YK231ORANGE-S,2
213YK231ORANGE-XL,0
213YK231ORANGE-XXL,0
214YK332MULTI-L,0
214YK332MULTI-S,0
214YK332MULTI-XL,0
214YK332MULTI-XXL,0
215YK204TEAL-L,3
215YK204TEAL-M,0
215YK204TEAL-S,0
215YK204TEAL-XL,1
215YK204TEAL-XXL,5
216YK321BLUE-5XL,0
216YK321BLUE-L,0
216YK321BLUE-S,0
216YK321BLUE-XL,1
216YK321BLUE-XXL,2
217YK252PINK-L,0
217YK252PINK-M,0
217YK252PINK-S,0
217YK252PINK-XL,4
217YK252PINK-XXL,1
218YK200GREEN-L,0
218YK200GREEN-S,0
218YK200GREEN-XL,2
218YK200GREEN-XXL,1
219YK333MEHROON-L,0
219YK333MEHROON-M,0
219YK333MEHROON-XXL,0
220YK200PINK-L,1
220YK200PINK-M,0
220YK200PINK-S,0
220YK200PINK-XL,0
220YK200PINK-XXL,0
221YK207N BLUE-L,0
221YK207N BLUE-M,0
221YK207N BLUE-S,0
221YK207N BLUE-XL,0
221YK207N BLUE-XXL,2
222YK192BLUE-L,0
222YK192BLUE-S,0
223YK320PINK-3XL,0
223YK320PINK-L,0
223YK320PINK-S,0
224KD148BNDJ-11-12,1
224KD148BNDJ-13-14,0
224KD148BNDJ-7-8,15
224KD148BNDJ-9-10,7
224YK148BNDJ-3XL,72
224YK148BNDJ-4XL,70
224YK148BNDJ-5XL,72
224YK148BNDJ-6XL,42
224YK148BNDJ-7XL,8
224YK148BNDJ-8XL,21
224YK148BNDJ-L,8
224YK148BNDJ-M,23
224YK148BNDJ-S,32
224YK148BNDJ-XL,20
224YK148BNDJ-XS,18
224YK148BNDJ-XXL,116
225KD148OWHTE-13-14,0
225KD148OWHTE-7-8,1
225YK148OWHTE-3XL,0
225YK148OWHTE-4XL,0
225YK148OWHTE-5XL,0
225YK148OWHTE-8XL,0
225YK148OWHTE-L,2
225YK148OWHTE-M,0
225YK148OWHTE-S,3
225YK148OWHTE-XL,2
225YK148OWHTE-XXL,0
226YK346GREEN-3XL,15
226YK346GREEN-4XL,1
226YK346GREEN-5XL,13
226YK346GREEN-6XL,7
226YK346GREEN-7XL,8
226YK346GREEN-8XL,17
226YK346GREEN-L,4
226YK346GREEN-M,19
226YK346GREEN-S,19
226YK346GREEN-XL,9
226YK346GREEN-XS,32
226YK346GREEN-XXL,34
227YK302GREEN-XL,0
230YK323GREEN-L,0
230YK323GREEN-M,0
231YK336BLUE-L,0
231YK336BLUE-M,0
231YK336BLUE-S,0
231YK336BLUE-XL,0
233YK338MULTI-L,0
233YK338MULTI-M,1
233YK338MULTI-S,1
234YK340FIROZI-3XL,47
234YK340FIROZI-4XL,59
234YK340FIROZI-5XL,39
234YK340FIROZI-L,2
234YK340FIROZI-M,1
234YK340FIROZI-S,47
234YK340FIROZI-XL,1
234YK340FIROZI-XS,20
234YK340FIROZI-XXL,10
235YK341GREY-4XL,0
235YK341GREY-M,0
235YK341GREY-S,0
235YK341GREY-XXL,0
237YK345PINK-3XL,28
237YK345PINK-4XL,56
237YK345PINK-5XL,28
237YK345PINK-6XL,27
237YK345PINK-7XL,14
237YK345PINK-8XL,24
237YK345PINK-L,130
237YK345PINK-M,131
237YK345PINK-S,53
237YK345PINK-XL,22
237YK345PINK-XS,12
237YK345PINK-XXL,65
238YK343PINK-L,3
238YK343PINK-M,0
238YK343PINK-S,1
238YK343PINK-XL,2
239YK344WHITE-5XL,0
239YK344WHITE-L,0
239YK344WHITE-M,0
239YK344WHITE-S,0
241YK287BLACKRAY-3XL,2
241YK287BLACKRAY-4XL,41
241YK287BLACKRAY-5XL,54
241YK287BLACKRAY-6XL,16
241YK287BLACKRAY-7XL,0
241YK287BLACKRAY-8XL,1
241YK287BLACKRAY-L,36
241YK287BLACKRAY-M,37
241YK287BLACKRAY-S,55
241YK287BLACKRAY-XL,16
241YK287BLACKRAY-XS,27
241YK287BLACKRAY-XXL,66
242YK287MEHROON-3XL,0
242YK287MEHROON-4XL,0
242YK287MEHROON-5XL,0
242YK287MEHROON-L,3
242YK287MEHROON-M,0
242YK287MEHROON-S,1
242YK287MEHROON-XL,2
242YK287MEHROON-XS,0
242YK287MEHROON-XXL,0
244YK295MULTI-7XL,0
244YK295MULTI-L,0
244YK295MULTI-M,0
244YK295MULTI-S,0
244YK295MULTI-XL,0
245YK330GREY-XXL,0
247YK358DANGRI-L,1
247YK358DANGRI-S,0
247YK358DANGRI-XL,0
248YK360POLKA-L,1
248YK360POLKA-M,5
248YK360POLKA-S,7
248YK360POLKA-XL,0
248YK360POLKA-XXL,0
249YK361WHITE-L,1
249YK361WHITE-M,1
249YK361WHITE-S,1
249YK361WHITE-XL,1
249YK361WHITE-XXL,0
250YK366GREEN-L,1
250YK366GREEN-M,0
250YK366GREEN-S,1
250YK366GREEN-XL,1
250YK366GREEN-XXL,1
251YK366PINK-L,0
251YK366PINK-XL,1
251YK366PINK-XXL,0
252YK366MUSTARD-L,0
252YK366MUSTARD-M,0
252YK366MUSTARD-XL,0
252YK366MUSTARD-XXL,0
253YK362RED-M,0
253YK362RED-S,0
255YK364OWHITE-L,0
255YK364OWHITE-M,0
255YK364OWHITE-S,0
255YK364OWHITE-XL,1
256YK365PINK-L,2
256YK365PINK-M,2
256YK365PINK-S,4
256YK365PINK-XL,0
258YK368LGREEN-L,0
258YK368LGREEN-M,0
258YK368LGREEN-S,2
258YK368LGREEN-XL,0
259YK340PINK-L,0
259YK340PINK-M,0
259YK340PINK-S,4
259YK340PINK-XL,0
260YK340GREEN-L,0
260YK340GREEN-M,1
260YK340GREEN-S,0
260YK340GREEN-XL,0
260YK340GREEN-XS,0
260YK340GREEN-XXL,0
261YK380ORANGE-L,0
261YK380ORANGE-S,0
262YK380FIROZI-S,0
262YK380FIROZI-XXL,0
263YK294TEAL-S,1
264YK346TEAL-3XL,13
264YK346TEAL-4XL,3
264YK346TEAL-5XL,1
264YK346TEAL-L,10
264YK346TEAL-M,4
264YK346TEAL-S,11
264YK346TEAL-XL,2
264YK346TEAL-XS,16
264YK346TEAL-XXL,2
265YK346YELLOW-3XL,0
265YK346YELLOW-4XL,0
265YK346YELLOW-5XL,0
265YK346YELLOW-L,0
265YK346YELLOW-M,0
265YK346YELLOW-S,0
265YK346YELLOW-XL,0
265YK346YELLOW-XS,0
265YK346YELLOW-XXL,0
266YK372BLACK-3XL,1
266YK372BLACK-4XL,1
266YK372BLACK-5XL,7
266YK372BLACK-6XL,1
266YK372BLACK-7XL,6
266YK372BLACK-8XL,16
266YK372BLACK-L,2
266YK372BLACK-M,28
266YK372BLACK-S,2
266YK372BLACK-XL,13
266YK372BLACK-XXL,4
267YK373LBLUE-L,0
267YK373LBLUE-S,2
268YK370PINK-M,1
268YK370PINK-S,1
269YK349MUSTARD-L,0
269YK349MUSTARD-M,0
269YK349MUSTARD-S,0
269YK349MUSTARD-XL,1
269YK349MUSTARD-XXL,0
26YK148BROWN-3XL,0
26YK148BROWN-4XL,0
26YK148BROWN-5XL,0
26YK148BROWN-L,0
26YK148BROWN-M,0
26YK148BROWN-S,0
26YK148BROWN-XL,0
26YK148BROWN-XXL,0
270YK350BLACK-S,0
271YK348GREEN-3XL,0
271YK348GREEN-4XL,9
271YK348GREEN-5XL,0
271YK348GREEN-L,1
271YK348GREEN-M,4
271YK348GREEN-S,3
271YK348GREEN-XL,1
271YK348GREEN-XS,9
271YK348GREEN-XXL,1
272YK294PINK-L,0
272YK294PINK-M,0
272YK294PINK-S,0
272YK294PINK-XL,0
272YK294PINK-XXL,0
273YK377MULTI-L,0
273YK377MULTI-M,0
273YK377MULTI-XL,0
274YK159MUSTARD-L,0
274YK159MUSTARD-M,0
274YK159MUSTARD-S,0
274YK159MUSTARD-XL,0
274YK159MUSTARD-XXL,0
275YK146MULTI-3XL,112
275YK146MULTI-4XL,60
275YK146MULTI-5XL,113
275YK146MULTI-6XL,42
275YK146MULTI-7XL,10
275YK146MULTI-8XL,18
275YK146MULTI-L,76
275YK146MULTI-M,79
275YK146MULTI-S,24
275YK146MULTI-XL,70
275YK146MULTI-XS,23
275YK146MULTI-XXL,74
276YK238BLUE-L,0
276YK238BLUE-S,0
276YK238BLUE-XXL,0
277YK162BLUE-L,2
277YK162BLUE-M,1
277YK162BLUE-S,1
277YK162BLUE-XL,0
278YK241NAVY-3XL,0
278YK241NAVY-4XL,0
278YK241NAVY-5XL,0
278YK241NAVY-L,0
278YK241NAVY-M,0
278YK241NAVY-S,0
278YK241NAVY-XL,0
278YK241NAVY-XS,0
278YK241NAVY-XXL,0
279YK58WHITE-L,0
279YK58WHITE-M,1
279YK58WHITE-S,0
279YK58WHITE-XL,0
281YK364OWHITE-M,0
281YK364OWHITE-XL,0
283YK367BLACK-L,0
283YK367BLACK-M,0
283YK367BLACK-S,1
283YK367BLACK-XL,0
284YK199WHITE-L,0
284YK199WHITE-M,0
284YK199WHITE-XXL,0
286YK228PINK-L,0
286YK228PINK-M,0
286YK228PINK-S,0
286YK228PINK-XL,0
286YK228PINK-XXL,0
287YK253GREEN-3XL,0
287YK253GREEN-4XL,0
287YK253GREEN-5XL,0
287YK253GREEN-L,-1
287YK253GREEN-M,0
287YK253GREEN-S,0
287YK253GREEN-XL,0
287YK253GREEN-XXL,0
288YK395MUSTARD-3XL,12
288YK395MUSTARD-4XL,0
288YK395MUSTARD-5XL,63
288YK395MUSTARD-L,1
288YK395MUSTARD-M,0
288YK395MUSTARD-S,5
288YK395MUSTARD-XL,20
288YK395MUSTARD-XS,17
288YK395MUSTARD-XXL,4
289YK345YELLOW-3XL,26
289YK345YELLOW-4XL,16
289YK345YELLOW-5XL,22
289YK345YELLOW-6XL,17
289YK345YELLOW-7XL,12
289YK345YELLOW-8XL,20
289YK345YELLOW-L,16
289YK345YELLOW-M,13
289YK345YELLOW-S,2
289YK345YELLOW-XL,20
289YK345YELLOW-XS,3
289YK345YELLOW-XXL,13
290YK371WHITE-L,0
290YK371WHITE-M,0
290YK371WHITE-S,0
290YK371WHITE-XL,0
290YK371WHITE-XXL,0
291YK376OFFWHITE-L,0
291YK376OFFWHITE-M,0
291YK376OFFWHITE-S,0
291YK376OFFWHITE-XL,0
291YK376OFFWHITE-XXL,0
292YK392MAROON-3XL,0
292YK392MAROON-4XL,0
292YK392MAROON-5XL,0
292YK392MAROON-L,0
292YK392MAROON-M,0
292YK392MAROON-S,1
292YK392MAROON-XL,0
292YK392MAROON-XXL,0
293YK393GREEN-3XL,1
293YK393GREEN-4XL,0
293YK393GREEN-5XL,4
293YK393GREEN-L,8
293YK393GREEN-M,8
293YK393GREEN-S,29
293YK393GREEN-XL,10
293YK393GREEN-XS,2
293YK393GREEN-XXL,0
294YK394BLACK-S,0
294YK394BLACK-XS,0
294YK394BLACK-XXL,0
295KD148CHECKS-11-12,0
295KD148CHECKS-13-14,0
295KD148CHECKS-7-8,2
295KD148CHECKS-9-10,1
295YK148CHECKS-3XL,0
295YK148CHECKS-4XL,0
295YK148CHECKS-5XL,1
295YK148CHECKS-6XL,1
295YK148CHECKS-7XL,6
295YK148CHECKS-8XL,0
295YK148CHECKS-L,0
295YK148CHECKS-M,4
295YK148CHECKS-S,5
295YK148CHECKS-XL,1
295YK148CHECKS-XS,11
295YK148CHECKS-XXL,0
297YK340BLUE-L,0
297YK340BLUE-M,0
297YK340BLUE-S,0
297YK340BLUE-XL,0
298YK340MEHROON-L,0
298YK340MEHROON-M,-1
298YK340MEHROON-S,0
298YK340MEHROON-XL,0
298YK340MEHROON-XS,0
298YK340MEHROON-XXL,1
299YK340MUSTARD-L,1
299YK340MUSTARD-M,0
299YK340MUSTARD-S,2
299YK340MUSTARD-XL,1
300YK340TEAL-L,2
300YK340TEAL-M,3
300YK340TEAL-S,27
300YK340TEAL-XL,2
301YK340TYEDYE-3XL,128
301YK340TYEDYE-4XL,13
301YK340TYEDYE-5XL,71
301YK340TYEDYE-6XL,9
301YK340TYEDYE-7XL,2
301YK340TYEDYE-8XL,0
301YK340TYEDYE-L,146
301YK340TYEDYE-M,346
301YK340TYEDYE-S,176
301YK340TYEDYE-XL,238
301YK340TYEDYE-XS,33
301YK340TYEDYE-XXL,138
302YK340YELLOW-L,6
302YK340YELLOW-M,4
302YK340YELLOW-S,2
302YK340YELLOW-XL,0
303YK403BLACK-3XL,1
303YK403BLACK-4XL,0
303YK403BLACK-5XL,0
303YK403BLACK-L,4
303YK403BLACK-M,4
303YK403BLACK-S,19
303YK403BLACK-XL,0
303YK403BLACK-XS,8
303YK403BLACK-XXL,1
305YK397BEIGE-3XL,0
305YK397BEIGE-4XL,2
305YK397BEIGE-5XL,1
305YK397BEIGE-L,14
305YK397BEIGE-M,4
305YK397BEIGE-S,8
305YK397BEIGE-XL,10
305YK397BEIGE-XS,1
305YK397BEIGE-XXL,1
306YK398BLUE-L,0
306YK398BLUE-M,1
306YK398BLUE-S,3
306YK398BLUE-XL,1
306YK398BLUE-XXL,7
308YK400BLUE-M,0
311KD148BBNDJ-11-12,3
311KD148BBNDJ-13-14,4
311KD148BBNDJ-7-8,26
311KD148BBNDJ-9-10,24
311YK148BBNDJ-3XL,106
311YK148BBNDJ-4XL,118
311YK148BBNDJ-5XL,32
311YK148BBNDJ-6XL,21
311YK148BBNDJ-7XL,23
311YK148BBNDJ-8XL,15
311YK148BBNDJ-L,108
311YK148BBNDJ-M,49
311YK148BBNDJ-S,60
311YK148BBNDJ-XL,145
311YK148BBNDJ-XS,15
311YK148BBNDJ-XXL,215
312YK261BLACK-M,0
313DPT38BLUE-3XL,0
313DPT38BLUE-4XL,0
313DPT38BLUE-5XL,0
313DPT38BLUE-6XL,1
313DPT38BLUE-7XL,20
313DPT38BLUE-8XL,3
313DPT38BLUE-L,17
313DPT38BLUE-M,18
313DPT38BLUE-S,25
313DPT38BLUE-XL,0
313DPT38BLUE-XS,7
313DPT38BLUE-XXL,8
313KD411BLUE-11-12,3
313KD411BLUE-13-14,1
313KD411BLUE-7-8,0
313KD411BLUE-9-10,11
313YK411BLUE-3XL,2
313YK411BLUE-4XL,8
313YK411BLUE-5XL,0
313YK411BLUE-6XL,1
313YK411BLUE-7XL,26
313YK411BLUE-8XL,6
313YK411BLUE-L,25
313YK411BLUE-M,25
313YK411BLUE-S,31
313YK411BLUE-XL,2
313YK411BLUE-XS,12
313YK411BLUE-XXL,19
314DPT37RED-3XL,42
314DPT37RED-4XL,42
314DPT37RED-5XL,42
314DPT37RED-6XL,11
314DPT37RED-7XL,32
314DPT37RED-8XL,42
314DPT37RED-L,42
314DPT37RED-M,42
314DPT37RED-S,42
314DPT37RED-XL,42
314DPT37RED-XS,36
314DPT37RED-XXL,42
314KD411RED-11-12,6
314KD411RED-13-14,2
314KD411RED-7-8,3
314KD411RED-9-10,2
314YK411RED-3XL,124
314YK411RED-4XL,76
314YK411RED-5XL,164
314YK411RED-6XL,16
314YK411RED-7XL,38
314YK411RED-8XL,62
314YK411RED-L,96
314YK411RED-M,247
314YK411RED-S,88
314YK411RED-XL,239
314YK411RED-XS,42
314YK411RED-XXL,169
315YK251TEAL-3XL,61
315YK251TEAL-4XL,70
315YK251TEAL-5XL,57
315YK251TEAL-L,71
315YK251TEAL-M,105
315YK251TEAL-S,36
315YK251TEAL-XL,72
315YK251TEAL-XS,51
315YK251TEAL-XXL,80
316YK251YELLOW-3XL,0
316YK251YELLOW-4XL,0
316YK251YELLOW-5XL,0
316YK251YELLOW-L,0
316YK251YELLOW-M,0
316YK251YELLOW-S,0
316YK251YELLOW-XL,0
316YK251YELLOW-XXL,0
317YK405PINK-L,0
317YK405PINK-M,0
317YK405PINK-S,0
317YK405PINK-XL,0
317YK405PINK-XS,0
318YK406YELLOW-3XL,7
318YK406YELLOW-4XL,8
318YK406YELLOW-5XL,38
318YK406YELLOW-L,24
318YK406YELLOW-M,38
318YK406YELLOW-S,23
318YK406YELLOW-XL,45
318YK406YELLOW-XS,18
318YK406YELLOW-XXL,7
322YK300PINK-L,0
322YK300PINK-M,0
322YK300PINK-S,0
322YK300PINK-XL,2
322YK300PINK-XXL,0
323YK350BLACK-L,0
323YK350BLACK-M,0
323YK350BLACK-S,0
323YK350BLACK-XL,0
323YK350BLACK-XXL,0
324YK393RANI-3XL,2
324YK393RANI-4XL,2
324YK393RANI-5XL,0
324YK393RANI-6XL,0
324YK393RANI-7XL,1
324YK393RANI-8XL,1
324YK393RANI-L,1
324YK393RANI-M,33
324YK393RANI-S,6
324YK393RANI-XL,1
324YK393RANI-XS,13
324YK393RANI-XXL,9
325YK399TEAL-3XL,2
325YK399TEAL-4XL,1
325YK399TEAL-5XL,0
325YK399TEAL-L,1
325YK399TEAL-M,4
325YK399TEAL-S,2
325YK399TEAL-XL,3
325YK399TEAL-XS,4
325YK399TEAL-XXL,0
327YK409PBLUE-L,0
327YK409PBLUE-M,0
327YK409PBLUE-S,0
327YK409PBLUE-XL,0
327YK409PBLUE-XXL,1
328YK410GREY-XL,-1
329YK83FIROZI-L,7
329YK83FIROZI-M,4
329YK83FIROZI-S,18
329YK83FIROZI-XL,15
329YK83FIROZI-XXL,8
330YK408GREEN-L,0
330YK408GREEN-M,0
330YK408GREEN-S,0
330YK408GREEN-XL,0
34YK150MAROON-L,0
34YK150MAROON-M,0
34YK150MAROON-XL,0
38YK150BLACK-L,0
38YK150BLACK-XL,0
38YK150BLACK-XXL,0
3YK144INDIGO-M,0
3YK144INDIGO-S,0
4001DRSRED-L,85
4001DRSRED-M,75
4001DRSRED-S,29
4001DRSRED-XL,75
4001DRSRED-XXL,76
4002DRSYELLOW-L,34
4002DRSYELLOW-M,1
4002DRSYELLOW-S,1
4002DRSYELLOW-XL,44
4002DRSYELLOW-XXL,55
4003DRSBLACK-XS,8
4003DRSGREEN-3XL,19
4003DRSGREEN-4XL,11
4003DRSGREEN-5XL,9
4003DRSGREEN-L,2
4003DRSGREEN-M,25
4003DRSGREEN-S,4
4003DRSGREEN-XL,13
4003DRSGREEN-XS,4
4003DRSGREEN-XXL,15
4003DRSMULTI-L,0
4003DRSMULTI-M,0
4004DRSBLACK-L,4
4004DRSBLACK-M,13
4004DRSBLACK-S,23
4004DRSBLACK-XS,29
4005DRSBROWN-3XL,2
4005DRSBROWN-L,16
4005DRSBROWN-M,16
4005DRSBROWN-S,26
4005DRSBROWN-XL,3
4005DRSBROWN-XS,26
4005DRSBROWN-XXL,4
4006DRSRED-3XL,57
4006DRSRED-4XL,73
4006DRSRED-5XL,63
4006DRSRED-L,62
4006DRSRED-M,103
4006DRSRED-S,55
4006DRSRED-XL,51
4006DRSRED-XS,39
4006DRSRED-XXL,77
4007DRSBLACK-3XL,63
4007DRSBLACK-4XL,67
4007DRSBLACK-5XL,69
4007DRSBLACK-L,61
4007DRSBLACK-M,131
4007DRSBLACK-S,59
4007DRSBLACK-XL,54
4007DRSBLACK-XXL,64
4008DRSMAROON-L,0
4008DRSMAROON-M,0
4008DRSMAROON-S,1
4008DRSMAROON-XL,0
4009DRSGREEN-L,0
4009DRSGREEN-M,0
4009DRSGREEN-S,0
4009DRSGREEN-XL,0
4010DRSMULTI-L,207
4010DRSMULTI-M,266
4010DRSMULTI-S,207
4010DRSMULTI-XL,129
4010DRSMULTI-XS,136
4011DRSBLUE-L,11
4011DRSBLUE-M,14
4011DRSBLUE-S,5
4011DRSBLUE-XL,11
4012DRSWHITE-L,0
4012DRSWHITE-M,0
4012DRSWHITE-S,0
4012DRSWHITE-XL,0
4012DRSWHITE-XS,1
4013DRSWHITE-3XL,1
4013DRSWHITE-4XL,0
4013DRSWHITE-5XL,5
4013DRSWHITE-L,5
4013DRSWHITE-M,3
4013DRSWHITE-S,5
4013DRSWHITE-XL,2
4013DRSWHITE-XS,14
4013DRSWHITE-XXL,4
4014DRSBLUE-3XL,0
4014DRSBLUE-4XL,1
4014DRSBLUE-5XL,2
4014DRSBLUE-L,2
4014DRSBLUE-M,0
4014DRSBLUE-S,1
4014DRSBLUE-XL,2
4014DRSBLUE-XXL,2
4015DRSBLUE-L,2
4015DRSBLUE-M,4
4015DRSBLUE-S,8
4015DRSBLUE-XL,2
4015DRSBLUE-XS,11
4016DRSWHITE-L,2
4016DRSWHITE-M,6
4016DRSWHITE-S,6
4016DRSWHITE-XL,1
4017DRSBLUE-3XL,45
4017DRSBLUE-4XL,45
4017DRSBLUE-5XL,45
4017DRSBLUE-L,158
4017DRSBLUE-M,106
4017DRSBLUE-S,72
4017DRSBLUE-XL,68
4017DRSBLUE-XXL,105
4018DRSBLUE-L,92
4018DRSBLUE-M,114
4018DRSBLUE-S,150
4018DRSBLUE-XL,16
4018DRSBLUE-XS,205
4019DRSWHITE-L,0
4019DRSWHITE-M,2
4019DRSWHITE-S,1
4019DRSWHITE-XL,3
4020DRSWHITE-3XL,0
4020DRSWHITE-4XL,0
4020DRSWHITE-5XL,0
4020DRSWHITE-L,0
4020DRSWHITE-M,0
4020DRSWHITE-S,0
4020DRSWHITE-XL,0
4020DRSWHITE-XXL,0
4021DRSGREEN-L,2
4021DRSGREEN-M,1
4021DRSGREEN-S,18
4021DRSGREEN-XL,3
4022DRSGREEN-L,0
4022DRSGREEN-M,0
4022DRSGREEN-S,5
4022DRSGREEN-XL,6
4022DRSGREEN-XS,0
4022DRSGREEN-XXL,5
4026DRSGREEN-L,0
4026DRSGREEN-M,0
4026DRSGREEN-S,0
4026DRSGREEN-XL,0
4026DRSGREEN-XS,0
4027DRSGREY-L,21
4027DRSGREY-M,22
4027DRSGREY-S,33
4027DRSGREY-XS,28
4028DRSPINK-3XL,0
4028DRSPINK-4XL,0
4028DRSPINK-5XL,1
4028DRSPINK-6XL,3
4028DRSPINK-7XL,4
4028DRSPINK-8XL,5
4028DRSPINK-L,25
4028DRSPINK-M,11
4028DRSPINK-S,32
4028DRSPINK-XL,21
4028DRSPINK-XXL,1
4029DRSWHITE-L,2
4029DRSWHITE-M,16
4029DRSWHITE-S,20
4029DRSWHITE-XL,0
4029DRSWHITE-XS,21
4031DRSBLUE-L,12
4031DRSBLUE-M,26
4031DRSBLUE-S,40
4031DRSBLUE-XL,75
4032DRSGREEN-L,0
4032DRSGREEN-M,2
4032DRSGREEN-S,1
4032DRSGREEN-XL,0
4032DRSGREEN-XS,2
4032DRSGREEN-XXL,0
4033DRSBLUE-3XL,3
4033DRSBLUE-4XL,2
4033DRSBLUE-5XL,1
4033DRSBLUE-6XL,3
4033DRSBLUE-7XL,7
4033DRSBLUE-8XL,4
4033DRSBLUE-L,8
4033DRSBLUE-M,18
4033DRSBLUE-S,22
4033DRSBLUE-XL,9
4033DRSBLUE-XXL,4
4034DRSNAVY-L,14
4034DRSNAVY-M,22
4034DRSNAVY-S,27
4034DRSNAVY-XL,24
4034DRSNAVY-XS,29
4035DRSMULTI-L,5
4035DRSMULTI-M,12
4035DRSMULTI-S,28
4035DRSMULTI-XS,33
4036DRSMULTI-L,20
4036DRSMULTI-M,45
4036DRSMULTI-S,20
4036DRSMULTI-XL,36
4036DRSMULTI-XS,8
4038DRSBLACK-L,8
4038DRSBLACK-M,10
4038DRSBLACK-S,6
4038DRSBLACK-XL,8
4038DRSBLACK-XS,1
4038DRSBLACK-XXL,2
4042DRSPINK-3XL-4XL,25
4042DRSPINK-5XL-6XL,25
4042DRSPINK-7XL-8XL,13
4042DRSPINK-M-L,10
4042DRSPINK-XL-XXL,26
4042DRSPINK-XS-S,13
4043DRSMULTI-L,23
4043DRSMULTI-M,22
4043DRSMULTI-S,23
4043DRSMULTI-XL,21
42YK187WHITE-L,0
42YK187WHITE-M,4
42YK187WHITE-S,8
42YK187WHITE-XL,0
42YK187WHITE-XS,2
42YK187WHITE-XXL,0
43YK128BLUE-M,0
43YK128BLUE-S,0
48YK151NAVY-L,0
49YK151MAROON-L,0
49YK151MAROON-S,2
49YK151MAROON-XL,0
49YK151MAROON-XXL,0
5001YK363BLACK-L,0
5001YK363BLACK-M,0
5002YK364PINK-L,0
5002YK364PINK-M,0
5002YK364PINK-S,0
5002YK364PINK-XL,0
5003YK364BLACK-L,0
5003YK364BLACK-M,0
5003YK364BLACK-S,0
5003YK364BLACK-XL,0
5004YK364WHITE-L,0
5004YK364WHITE-M,0
5004YK364WHITE-S,0
5004YK364WHITE-XL,0
5005YKBROWN-3XL,30
5005YKBROWN-4XL,34
5005YKBROWN-5XL,46
5005YKBROWN-6XL,58
5005YKBROWN-7XL,60
5005YKBROWN-8XL,23
5005YKBROWN-L,46
5005YKBROWN-M,4
5005YKBROWN-S,39
5005YKBROWN-XL,10
5005YKBROWN-XXL,30
5006YKBLUE-3XL,21
5006YKBLUE-4XL,3
5006YKBLUE-5XL,3
5006YKBLUE-6XL,14
5006YKBLUE-7XL,15
5006YKBLUE-8XL,10
5006YKBLUE-L,0
5006YKBLUE-M,3
5006YKBLUE-S,1
5006YKBLUE-XL,0
5006YKBLUE-XXL,7
5007YKBLACK-3XL,14
5007YKBLACK-4XL,26
5007YKBLACK-5XL,19
5007YKBLACK-6XL,10
5007YKBLACK-7XL,23
5007YKBLACK-8XL,27
5007YKBLACK-L,58
5007YKBLACK-M,42
5007YKBLACK-S,28
5007YKBLACK-XL,49
5007YKBLACK-XS,27
5007YKBLACK-XXL,114
5008YKGREEN-3XL,46
5008YKGREEN-4XL,5
5008YKGREEN-5XL,8
5008YKGREEN-6XL,16
5008YKGREEN-7XL,13
5008YKGREEN-8XL,13
5008YKGREEN-L,1
5008YKGREEN-M,33
5008YKGREEN-S,0
5008YKGREEN-XL,37
5008YKGREEN-XS,20
5008YKGREEN-XXL,26
5009YKGREY-3XL,37
5009YKGREY-4XL,13
5009YKGREY-5XL,13
5009YKGREY-6XL,14
5009YKGREY-7XL,17
5009YKGREY-8XL,6
5009YKGREY-L,3
5009YKGREY-M,11
5009YKGREY-S,37
5009YKGREY-XL,26
5009YKGREY-XXL,6
5010YKWHITE-3XL,149
5010YKWHITE-4XL,188
5010YKWHITE-5XL,241
5010YKWHITE-6XL,12
5010YKWHITE-7XL,51
5010YKWHITE-8XL,33
5010YKWHITE-L,349
5010YKWHITE-M,381
5010YKWHITE-S,110
5010YKWHITE-XL,432
5010YKWHITE-XS,71
5010YKWHITE-XXL,301
5011YKOWHITE-3XL,23
5011YKOWHITE-4XL,64
5011YKOWHITE-5XL,49
5011YKOWHITE-6XL,67
5011YKOWHITE-7XL,29
5011YKOWHITE-8XL,47
5011YKOWHITE-L,63
5011YKOWHITE-M,150
5011YKOWHITE-S,40
5011YKOWHITE-XL,83
5011YKOWHITE-XS,14
5011YKOWHITE-XXL,100
5012YKPINK-3XL,54
5012YKPINK-4XL,14
5012YKPINK-5XL,49
5012YKPINK-L,11
5012YKPINK-M,71
5012YKPINK-S,56
5012YKPINK-XL,40
5012YKPINK-XS,28
5012YKPINK-XXL,47
5013YKRED-3XL,201
5013YKRED-4XL,209
5013YKRED-5XL,183
5013YKRED-6XL,54
5013YKRED-7XL,19
5013YKRED-8XL,53
5013YKRED-L,164
5013YKRED-M,212
5013YKRED-S,45
5013YKRED-XL,180
5013YKRED-XS,44
5013YKRED-XXL,186
5014YKMAROON-3XL,2
5014YKMAROON-4XL,27
5014YKMAROON-5XL,107
5014YKMAROON-6XL,4
5014YKMAROON-7XL,2
5014YKMAROON-8XL,18
5014YKMAROON-L,1
5014YKMAROON-M,0
5014YKMAROON-S,0
5014YKMAROON-XL,5
5014YKMAROON-XS,0
5014YKMAROON-XXL,2
5015YKMUSTARD-3XL,6
5015YKMUSTARD-4XL,7
5015YKMUSTARD-5XL,22
5015YKMUSTARD-6XL,23
5015YKMUSTARD-7XL,15
5015YKMUSTARD-8XL,16
5015YKMUSTARD-L,11
5015YKMUSTARD-M,7
5015YKMUSTARD-S,10
5015YKMUSTARD-XL,1
5015YKMUSTARD-XS,0
5015YKMUSTARD-XXL,3
5016YKBLUE-L,0
5016YKBLUE-M,0
5016YKBLUE-S,0
5016YKBLUE-XL,0
5016YKBLUE-XXL,0
5017YKSHARARA-3XL,1
5017YKSHARARA-4XL,0
5017YKSHARARA-5XL,0
5017YKSHARARA-L,0
5017YKSHARARA-M,0
5017YKSHARARA-S,0
5017YKSHARARA-XL,6
5017YKSHARARA-XXL,0
5018YKRED-3XL,0
5018YKRED-4XL,0
5018YKRED-5XL,0
5018YKRED-L,1
5018YKRED-M,0
5018YKRED-S,0
5018YKRED-XL,0
5018YKRED-XXL,4
5019YKDENIM-3XL,1
5019YKDENIM-4XL,20
5019YKDENIM-5XL,1
5019YKDENIM-L,1
5019YKDENIM-M,10
5019YKDENIM-S,11
5019YKDENIM-XL,43
5019YKDENIM-XS,5
5019YKDENIM-XXL,2
5020YKYELLOW-L,0
5020YKYELLOW-M,8
5020YKYELLOW-S,7
5020YKYELLOW-XL,0
5020YKYELLOW-XS,0
5020YKYELLOW-XXL,0
5021YKBLUE-S,0
5022YKWHITE-L,0
5022YKWHITE-M,4
5022YKWHITE-S,27
5022YKWHITE-XL,0
5022YKWHITE-XXL,0
5023YKBLUE-3XL,0
5023YKBLUE-4XL,0
5023YKBLUE-5XL,3
5023YKBLUE-L,1
5023YKBLUE-M,2
5023YKBLUE-S,1
5023YKBLUE-XL,1
5023YKBLUE-XS,1
5023YKBLUE-XXL,1
5024YKBLACK-3XL,1
5024YKBLACK-4XL,0
5024YKBLACK-5XL,1
5024YKBLACK-L,0
5024YKBLACK-M,1
5024YKBLACK-S,0
5024YKBLACK-XL,1
5024YKBLACK-XXL,9
5025YKTEAL-3XL,18
5025YKTEAL-4XL,20
5025YKTEAL-5XL,14
5025YKTEAL-L,0
5025YKTEAL-M,13
5025YKTEAL-S,6
5025YKTEAL-XL,23
5025YKTEAL-XXL,42
5026YKYELLOW-L,38
5026YKYELLOW-M,21
5026YKYELLOW-S,12
5026YKYELLOW-XL,30
5026YKYELLOW-XS,0
5026YKYELLOW-XXL,28
5027YKMULTI-3XL,0
5027YKMULTI-L,16
5027YKMULTI-M,18
5027YKMULTI-S,19
5027YKMULTI-XL,17
5027YKMULTI-XXL,7
5028YKMUSTARD-L,40
5028YKMUSTARD-M,29
5028YKMUSTARD-S,12
5028YKMUSTARD-XL,13
5028YKMUSTARD-XXL,13
5029YKMULTI-L,6
5029YKMULTI-M,9
5029YKMULTI-S,24
5029YKMULTI-XL,18
5029YKMULTI-XXL,8
5030YKMULTI-S,0
5030YKMULTI-XL,0
5031YKMAROON-L-XL,19
5031YKMAROON-S-M,48
5031YKMAROON-XXL-3XL,34
5032YKBLACK-L-XL,28
5032YKBLACK-S-M,51
5032YKBLACK-XXL-3XL,45
5033YKBEIGE-3XL,19
5033YKBEIGE-4XL,8
5033YKBEIGE-5XL,10
5033YKBEIGE-6XL,11
5033YKBEIGE-7XL,0
5033YKBEIGE-8XL,23
5033YKBEIGE-L,8
5033YKBEIGE-M,26
5033YKBEIGE-S,39
5033YKBEIGE-XL,34
5033YKBEIGE-XXL,16
5034YKOFFWHITE-3XL,135
5034YKOFFWHITE-4XL,102
5034YKOFFWHITE-5XL,109
5034YKOFFWHITE-6XL,65
5034YKOFFWHITE-7XL,53
5034YKOFFWHITE-8XL,68
5034YKOFFWHITE-L,219
5034YKOFFWHITE-M,160
5034YKOFFWHITE-S,112
5034YKOFFWHITE-XL,238
5034YKOFFWHITE-XS,63
5034YKOFFWHITE-XXL,177
5035YKBLACK-3XL,48
5035YKBLACK-4XL,47
5035YKBLACK-5XL,44
5035YKBLACK-L,45
5035YKBLACK-M,58
5035YKBLACK-S,1
5035YKBLACK-XL,7
5035YKBLACK-XXL,7
5036YKGREY-L,53
5036YKGREY-M,76
5036YKGREY-S,22
5036YKGREY-XL,8
5036YKGREY-XXL,66
5037YKBEIGE-5XL,0
5037YKPINK-3XL,107
5037YKPINK-4XL,72
5037YKPINK-5XL,62
5037YKPINK-6XL,45
5037YKPINK-7XL,37
5037YKPINK-8XL,32
5037YKPINK-L,320
5037YKPINK-M,162
5037YKPINK-S,129
5037YKPINK-XL,222
5037YKPINK-XXL,113
5038YKPOWDERBLUE-3XL,35
5038YKPOWDERBLUE-4XL,14
5038YKPOWDERBLUE-5XL,46
5038YKPOWDERBLUE-L,51
5038YKPOWDERBLUE-M,39
5038YKPOWDERBLUE-S,14
5038YKPOWDERBLUE-XL,85
5038YKPOWDERBLUE-XXL,35
5039YKTEAL-3XL,6
5039YKTEAL-4XL,10
5039YKTEAL-5XL,3
5039YKTEAL-6XL,12
5039YKTEAL-7XL,31
5039YKTEAL-8XL,23
5039YKTEAL-L,8
5039YKTEAL-M,36
5039YKTEAL-S,5
5039YKTEAL-XL,43
5039YKTEAL-XXL,22
5040YKBEIGE-3XL,118
5040YKBEIGE-4XL,28
5040YKBEIGE-5XL,118
5040YKBEIGE-L,187
5040YKBEIGE-M,56
5040YKBEIGE-S,57
5040YKBEIGE-XL,83
5040YKBEIGE-XXL,54
5041YKBOTTELGREEN-3XL,6
5041YKBOTTELGREEN-4XL,3
5041YKBOTTELGREEN-5XL,11
5041YKBOTTELGREEN-6XL,26
5041YKBOTTELGREEN-7XL,24
5041YKBOTTELGREEN-8XL,39
5041YKBOTTELGREEN-L,3
5041YKBOTTELGREEN-M,3
5041YKBOTTELGREEN-S,26
5041YKBOTTELGREEN-XL,7
5041YKBOTTELGREEN-XXL,10
5041YKBOTTLEGREEN-3XL,0
5041YKBOTTLEGREEN-4XL,0
5041YKBOTTLEGREEN-5XL,0
5041YKBOTTLEGREEN-6XL,0
5041YKBOTTLEGREEN-7XL,0
5041YKBOTTLEGREEN-8XL,0
5041YKBOTTLEGREEN-L,0
5041YKBOTTLEGREEN-M,0
5041YKBOTTLEGREEN-S,0
5041YKBOTTLEGREEN-XL,0
5041YKBOTTLEGREEN-XXL,0
5042YKHUNTERGREEN-3XL,19
5042YKHUNTERGREEN-4XL,18
5042YKHUNTERGREEN-5XL,14
5042YKHUNTERGREEN-6XL,4
5042YKHUNTERGREEN-7XL,8
5042YKHUNTERGREEN-8XL,13
5042YKHUNTERGREEN-L,12
5042YKHUNTERGREEN-M,16
5042YKHUNTERGREEN-S,20
5042YKHUNTERGREEN-XL,12
5042YKHUNTERGREEN-XXL,16
5043YKCRYSTALTEAL-3XL,39
5043YKRYSTALTEAL-4XL,0
5043YKRYSTALTEAL-5XL,0
5043YKRYSTALTEAL-6XL,0
5043YKRYSTALTEAL-7XL,0
5043YKRYSTALTEAL-8XL,0
5043YKRYSTALTEAL-L,0
5043YKRYSTALTEAL-M,0
5043YKRYSTALTEAL-S,0
5043YKRYSTALTEAL-XL,0
5043YKRYSTALTEAL-XXL,0
5044YKBROWN-3XL,20
5044YKBROWN-4XL,16
5044YKBROWN-5XL,9
5044YKBROWN-6XL,1
5044YKBROWN-7XL,0
5044YKBROWN-8XL,4
5044YKBROWN-L,22
5044YKBROWN-M,27
5044YKBROWN-S,14
5044YKBROWN-XL,14
5044YKBROWN-XXL,19
5045YKBUBBLEGUMPINK-3XL,20
5045YKBUBBLEGUMPINK-4XL,18
5045YKBUBBLEGUMPINK-5XL,39
5045YKBUBBLEGUMPINK-6XL,10
5045YKBUBBLEGUMPINK-7XL,14
5045YKBUBBLEGUMPINK-8XL,6
5045YKBUBBLEGUMPINK-L,8
5045YKBUBBLEGUMPINK-M,17
5045YKBUBBLEGUMPINK-S,19
5045YKBUBBLEGUMPINK-XL,4
5045YKBUBBLEGUMPINK-XXL,7
5046HOTPINK-3XL,0
5046HOTPINK-4XL,0
5046HOTPINK-5XL,0
5046HOTPINK-L,0
5046HOTPINK-M,0
5046HOTPINK-S,0
5046HOTPINK-XL,0
5046HOTPINK-XXL,0
5046YKHOTPINK-3XL,31
5046YKHOTPINK-4XL,21
5046YKHOTPINK-5XL,29
5046YKHOTPINK-L,34
5046YKHOTPINK-M,30
5046YKHOTPINK-S,30
5046YKHOTPINK-XL,31
5046YKHOTPINK-XXL,30
5047YKPASTELBLUE-3XL,36
5047YKPASTELBLUE-4XL,39
5047YKPASTELBLUE-5XL,34
5047YKPASTELBLUE-6XL,20
5047YKPASTELBLUE-7XL,33
5047YKPASTELBLUE-8XL,27
5047YKPASTELBLUE-L,26
5047YKPASTELBLUE-M,38
5047YKPASTELBLUE-S,27
5047YKPASTELBLUE-XL,37
5047YKPASTELBLUE-XXL,33
5048YKDEEPGREEN-3XL,42
5048YKDEEPGREEN-4XL,35
5048YKDEEPGREEN-5XL,33
5048YKDEEPGREEN-6XL,12
5048YKDEEPGREEN-7XL,11
5048YKDEEPGREEN-8XL,10
5048YKDEEPGREEN-L,28
5048YKDEEPGREEN-M,41
5048YKDEEPGREEN-S,15
5048YKDEEPGREEN-XL,32
5048YKDEEPGREEN-XXL,40
5049YKMAROON-3XL,33
5049YKMAROON-4XL,41
5049YKMAROON-5XL,25
5049YKMAROON-6XL,0
5049YKMAROON-7XL,4
5049YKMAROON-8XL,2
5049YKMAROON-L,35
5049YKMAROON-M,41
5049YKMAROON-S,14
5049YKMAROON-XL,43
5049YKMAROON-XXL,33
5050YKTEAL-L,17
5050YKTEAL-M,36
5050YKTEAL-S,8
5050YKTEAL-XL,23
5050YKTEAL-XXL,6
54YK148AJARAKH-L,0
54YK148AJARAKH-M,0
54YK148AJARAKH-S,0
56YK117MUSTARD-L,0
56YK117MUSTARD-M,0
56YK117MUSTARD-S,0
56YK117MUSTARD-XL,1
56YK117MUSTARD-XXL,2
57YK184AJARAKH-L,0
57YK184AJARAKH-M,0
57YK184AJARAKH-S,0
57YK184AJARAKH-XL,0
57YK184AJARAKH-XXL,0
6001YK365BLUE-L,0
6002YK367MULTI-M,0
6002YK367MULTI-S,2
6003SKDGREEN-3XL,33
6003SKDGREEN-4XL,5
6003SKDGREEN-5XL,1
6003SKDGREEN-L,0
6003SKDGREEN-XXL,15
6004SKDRED-3XL,44
6004SKDRED-4XL,35
6004SKDRED-5XL,45
6004SKDRED-XXL,33
6005SKDBLUE-3XL,3
6005SKDBLUE-4XL,0
6005SKDBLUE-5XL,1
6005SKDBLUE-XXL,2
6006SKDPURPLE-3XL,0
6006SKDPURPLE-4XL,1
6006SKDPURPLE-5XL,0
6006SKDPURPLE-XXL,2
6007SKDBLUE-3XL,12
6007SKDBLUE-4XL,11
6007SKDBLUE-5XL,15
6007SKDBLUE-L,8
6007SKDBLUE-M,26
6007SKDBLUE-S,20
6007SKDBLUE-XL,5
6007SKDBLUE-XXL,18
6008SKDORANGE-3XL,1
6008SKDORANGE-4XL,1
6008SKDORANGE-5XL,0
6008SKDORANGE-S,0
6008SKDORANGE-XXL,1
6009SKDINDIGO-3XL,22
6009SKDINDIGO-4XL,13
6009SKDINDIGO-5XL,2
6009SKDINDIGO-L,30
6009SKDINDIGO-M,41
6009SKDINDIGO-S,17
6009SKDINDIGO-XL,13
6009SKDINDIGO-XXL,12
6012SKDMAROON-3XL,14
6012SKDMAROON-4XL,5
6012SKDMAROON-5XL,12
6012SKDMAROON-6XL,47
6012SKDMAROON-7XL,26
6012SKDMAROON-8XL,6
6012SKDMAROON-L,24
6012SKDMAROON-M,7
6012SKDMAROON-S,44
6012SKDMAROON-XL,26
6012SKDMAROON-XXL,9
6013SKDWHITE-3XL,13
6013SKDWHITE-4XL,9
6013SKDWHITE-5XL,0
6013SKDWHITE-L,50
6013SKDWHITE-M,56
6013SKDWHITE-S,63
6013SKDWHITE-XL,26
6013SKDWHITE-XXL,30
6015SKDBLACK-3XL,1
6015SKDBLACK-4XL,1
6015SKDBLACK-5XL,0
6015SKDBLACK-L,2
6015SKDBLACK-M,8
6015SKDBLACK-S,22
6015SKDBLACK-XL,3
6015SKDBLACK-XS,2
6015SKDBLACK-XXL,2
6016SKDBLUE-3XL,81
6016SKDBLUE-4XL,54
6016SKDBLUE-5XL,73
6016SKDBLUE-L,45
6016SKDBLUE-M,54
6016SKDBLUE-S,23
6016SKDBLUE-XL,70
6016SKDBLUE-XS,25
6016SKDBLUE-XXL,73
6017SKDRED-3XL,99
6017SKDRED-4XL,71
6017SKDRED-5XL,70
6017SKDRED-L,120
6017SKDRED-M,95
6017SKDRED-S,100
6017SKDRED-XL,137
6017SKDRED-XS,45
6017SKDRED-XXL,138
6018SKDYELLOW-3XL,62
6018SKDYELLOW-4XL,4
6018SKDYELLOW-5XL,37
6018SKDYELLOW-L,89
6018SKDYELLOW-M,1
6018SKDYELLOW-S,5
6018SKDYELLOW-XL,15
6018SKDYELLOW-XS,43
6018SKDYELLOW-XXL,108
6019SKDWHITE-3XL,18
6019SKDWHITE-4XL,1
6019SKDWHITE-5XL,0
6019SKDWHITE-L,22
6019SKDWHITE-M,17
6019SKDWHITE-S,5
6019SKDWHITE-XL,9
6019SKDWHITE-XXL,2
6020SKDOFFWHITE-3XL,30
6020SKDOFFWHITE-4XL,20
6020SKDOFFWHITE-5XL,24
6020SKDOFFWHITE-L,30
6020SKDOFFWHITE-M,31
6020SKDOFFWHITE-S,16
6020SKDOFFWHITE-XL,16
6020SKDOFFWHITE-XXL,27
6021SKDNPINK-6XL,0
6021SKDNPINK-7XL,0
6021SKDNPINK-8XL,0
6021SKDPINK-3XL,0
6021SKDPINK-4XL,0
6021SKDPINK-5XL,0
6021SKDPINK-6XL,0
6021SKDPINK-7XL,0
6021SKDPINK-8XL,1
6021SKDPINK-L,0
6021SKDPINK-M,0
6021SKDPINK-S,0
6021SKDPINK-XL,0
6021SKDPINK-XXL,0
6022SKDGREEN-3XL,20
6022SKDGREEN-4XL,20
6022SKDGREEN-5XL,24
6022SKDGREEN-6XL,8
6022SKDGREEN-7XL,7
6022SKDGREEN-8XL,5
6022SKDGREEN-L,25
6022SKDGREEN-M,37
6022SKDGREEN-S,18
6022SKDGREEN-XL,1
6022SKDGREEN-XXL,23
6023SKDBLUE-L,13
6023SKDBLUE-M,9
6023SKDBLUE-S,14
6023SKDBLUE-XL,12
6024SKD5010-L,5
6024SKD5010-M,8
6024SKD5010-S,23
6024SKD5010-XL,4
6024SKDPURPLE-L,5
6024SKDPURPLE-M,13
6024SKDPURPLE-S,23
6024SKDPURPLE-XL,4
6025SKDPURPLE-3XL,20
6025SKDPURPLE-4XL,73
6025SKDPURPLE-5XL,32
6025SKDPURPLE-6XL,46
6025SKDPURPLE-7XL,12
6025SKDPURPLE-8XL,73
6025SKDPURPLE-L,69
6025SKDPURPLE-M,32
6025SKDPURPLE-S,19
6025SKDPURPLE-XL,14
6025SKDPURPLE-XXL,71
6026SKDNWINE-7XL,0
6026SKDWINE-3XL,1
6026SKDWINE-4XL,1
6026SKDWINE-5XL,0
6026SKDWINE-6XL,0
6026SKDWINE-7XL,0
6026SKDWINE-8XL,0
6026SKDWINE-L,0
6026SKDWINE-M,1
6026SKDWINE-S,1
6026SKDWINE-XL,1
6026SKDWINE-XXL,1
6027SKDBLACK-3XL,54
6027SKDBLACK-4XL,30
6027SKDBLACK-5XL,17
6027SKDBLACK-6XL,3
6027SKDBLACK-7XL,12
6027SKDBLACK-8XL,2
6027SKDBLACK-L,17
6027SKDBLACK-M,52
6027SKDBLACK-S,5
6027SKDBLACK-XL,8
6027SKDBLACK-XXL,19
6028SKDMAROON-3XL,0
6028SKDMAROON-4XL,0
6028SKDMAROON-5XL,0
6028SKDMAROON-L,35
6028SKDMAROON-M,41
6028SKDMAROON-S,17
6028SKDMAROON-XL,12
6028SKDMAROON-XS,14
6028SKDMAROON-XXL,2
61YK148GREY-L,0
61YK148GREY-S,0
61YK148GREY-XXL,0
678KL5008PLYKGREEN-XXL,0
679KL5008YKGREEN-M,0
679KL5008YKGREEN-S,0
679KL5008YKGREEN-XL,0
67YK83INDIGO-L,183
67YK83INDIGO-M,293
67YK83INDIGO-S,311
67YK83INDIGO-XL,259
67YK83INDIGO-XS,102
67YK83INDIGO-XXL,178
683KL5010YKWHITE-L,0
683KL5010YKWHITE-M,0
683KL5010YKWHITE-S,0
683KL5010YKWHITE-XL,0
685KL5011YKOWHITE-M,0
685KL5011YKOWHITE-S,0
68YK83BLACK-M,1
68YK83BLACK-S,1
690KL5014PLYKMAROON-4XL,0
690KL5014PLYKMAROON-5XL,0
690KL5014PLYKMAROON-XXL,0
691KL5014YKMAROON-M,0
691KL5014YKMAROON-S,0
694KL5019PLYKDENIM-4XL,0
695KL5019YKDENIM-M,0
695KL5019YKDENIM-XL,0
69YK83BLUE-S,0
6YK167WHITE-L,0
6YK167WHITE-M,0
6YK167WHITE-XXL,0
7003YKBLSRED-L-XL,2
7003YKBLSRED-S-M,1
7004YKBLSMULTI-L-XL,0
7004YKBLSMULTI-S-M,3
7005YKBLSMULTI-4XL-5XL,18
7005YKBLSMULTI-L-XL,30
7005YKBLSMULTI-S-M,147
7005YKBLSMULTI-XXL-3XL,10
7006YKBLSBLUE-3XL,0
7006YKBLSBLUE-4XL-5XL,1
7006YKBLSBLUE-L-XL,3
7006YKBLSBLUE-S-M,217
7006YKBLSBLUE-XXL-3XL,32
7007YKBLS-L-XL,3
7007YKBLS-S-M,14
7008YKBLSBLUE-4XL-5XL,21
7008YKBLSBLUE-L-XL,4
7008YKBLSBLUE-S-M,21
7008YKBLSBLUE-XXL-3XL,4
7009YKBLSGREEN-L-XL,0
7009YKBLSGREEN-S-M,1
7010YKBLSMUSTARD-L-XL,0
7010YKBLSMUSTARD-S-M,0
7011YKBLSMAROON-L-XL,8
7011YKBLSMAROON-S-M,2
7012YKBLSGREY-L-XL,1
7012YKBLSGREY-S-M,0
7014YKBLSMAROON-4XL-5XL,62
7014YKBLSMAROON-L-XL,262
7014YKBLSMAROON-S-M,82
7014YKBLSMAROON-XXL-3XL,45
7015YKBLSBLACK-L-XL,104
7015YKBLSBLACK-S-M,1
7016YKBLS-F,0
7017YKBLS-F,0
7018YKBLS-F,0
7019YKBLS-F,0
7020YKBLS-F,0
7021YKBLS-F,0
7022YKBLS-F,2
7023YKBLS-F,0
7024YKBLS-F,0
7025YKBLS-F,0
7026YKBLS-F,0
7027YKBLS-F,0
7028YKBLS-L-XL,0
7028YKBLS-S-M,11
7029YKBLS-L-XL,1
7029YKBLS-S-M,16
7030YKBLS-L-XL,0
7030YKBLS-S-M,0
7031YKBLS-L-XL,0
7031YKBLS-S-M,2
7032YKBLS-L-XL,2
7032YKBLS-S-M,5
7033YKBLS-L-XL,0
7033YKBLS-S-M,1
7034YKBLS-L-XL,1
7034YKBLS-S-M,2
7035YKBLS-L-XL,0
7035YKBLS-S-M,2
7036YKBLS-L-XL,-1
7036YKBLS-S-M,6
7037YKBLS-L-XL,1
7037YKBLS-S-M,12
7038YKBLS-L-XL,0
7038YKBLS-S-M,0
7039YKBLS-L-XL,1
7039YKBLS-S-M,2
7040YKBLS-L-XL,8
7040YKBLS-S-M,10
7041YKBLS-4XL-5XL,14
7041YKBLS-L-XL,1
7041YKBLS-S-M,0
7041YKBLS-XXL-3XL,7
7042YKBLS-L-XL,2
7042YKBLS-S-M,0
7043YKBLS-L-XL,0
7043YKBLS-S-M,0
7044YKBLS-4XL-5XL,3
7044YKBLS-L-XL,0
7044YKBLS-S-M,0
7044YKBLS-XXL-3XL,2
7045YKBLS-L-XL,0
7045YKBLS-S-M,1
7046YKBLS-L-XL,1
7046YKBLS-S-M,3
7047YKBLS-L-XL,0
7047YKBLS-S-M,0
7048YKBLS-L-XL,0
7048YKBLS-S-M,8
7049YKBLS-4XL-5XL,35
7049YKBLS-L-XL,15
7049YKBLS-S-M,27
7049YKBLS-XXL-3XL,38
7050YKBLS-L-XL,1
7050YKBLS-S-M,13
7051YKBLS-4XL-5XL,47
7051YKBLS-L-XL,74
7051YKBLS-S-M,93
7051YKBLS-XXL-3XL,49
7052YKBLS-L-XL,1
7052YKBLS-S-M,0
7053YKBLS-L-XL,74
7053YKBLS-S-M,49
7054YKBLS-L-XL,0
7054YKBLS-S-M,4
7057YKBLS-L-XL,0
7057YKBLS-S-M,2
7058YKBLS-L-XL,0
7058YKBLS-S-M,2
7059YKBLS-L-XL,4
7059YKBLS-S-M,4
7060YKBLSBLUE-F,1
7061YKBLSMAROON-F,9
7062YKBLSMULTI-F,2
7063YKBLSBROWN-F,0
7064YKBLSMAROON-F,17
7065YKBLSMULTI-F,0
7066YKBLSGREEN-F,23
7067YKBLSGREY-F,0
7068YKBLSMAROON-F,2
7069YKBLSBROWN-F,7
7070YKBLSMAROON-F,1
7071YKBLSMULTI-F,1
7072YKBLSMAROON-F,10
7073YKBLSBLUE-F,63
7074YKBLSBLUE-F,10
7075YKBLSBLACK-F,0
7076YKBLUE-F,1
7077YKMEHROON-4XL-5XL,32
7077YKMEHROON-L-XL,0
7077YKMEHROON-S-M-L,3
7077YKMEHROON-XL-XXL-3XL,0
7078YKBROWN-4XL-5XL,18
7078YKBROWN-S-M-L,44
7078YKBROWN-XL-XXL-3XL,14
7079YKWHITE-L-XL,18
7079YKWHITE-S-M,24
7079YKWHITE-XXL-3XL,9
7080YKBEIGE-4XL-5XL,40
7080YKBEIGE-L-XL,33
7080YKBEIGE-S-M,2
7080YKBEIGE-XXL-3XL,7
7081YKPINK-4XL-5XL,78
7081YKPINK-L-XL,2
7081YKPINK-S-M,1
7081YKPINK-XXL-3XL,4
7082YKMULTI-4XL-5XL,0
7082YKMULTI-L-XL,3
7082YKMULTI-S-M,14
7082YKMULTI-XXL-3XL,1
7083YKTEAL-L-XL,37
7083YKTEAL-S-M,49
7083YKTEAL-XXL-3XL,29
7084YKBLUE-L-XL,0
7084YKBLUE-S-M,1
7084YKBLUE-XXL-3XL,0
7085YKBLACK-4XL-5XL,2
7085YKBLACK-L-XL,0
7085YKBLACK-S-M,5
7085YKBLACK-XXL-3XL,1
7086YKMULTI-L-XL,20
7086YKMULTI-S-M,32
7086YKMULTI-XXL-3XL,7
7087YKMUSTARD-L-XL,1
7087YKMUSTARD-S-M,6
7087YKMUSTARD-XXL-3XL,1
7088YKBLUE-4XL-5XL,1
7088YKBLUE-L-XL,12
7088YKBLUE-S-M,39
7088YKBLUE-XXL-3XL,0
7089YKNAVY-4XL-5XL,2
7089YKNAVY-L-XL,14
7089YKNAVY-S-M,60
7089YKNAVY-XXL-3XL,2
7090YKWHITE-L-XL,7
7090YKWHITE-S-M,44
7090YKWHITE-XXL-3XL,0
7091YKMULTI-F,3
7092YKBLUE-F,46
7093YKBROWN-F,79
7094YKPINK-F,8
7095YKBLUE-F,100
7096YKBOTTELGREEN-4XL-5XL,1
7096YKBOTTELGREEN-L-XL,1
7096YKBOTTELGREEN-S-M,1
7096YKBOTTELGREEN-XXL-3XL,0
7096YKBOTTLEGREEN-4XL-5XL,0
7096YKBOTTLEGREEN-L-XL,0
7096YKBOTTLEGREEN-S,0
7096YKBOTTLEGREEN-S-M,0
7096YKBOTTLEGREEN-XXL-3XL,0
7097YKBLUE-4XL-5XL,33
7097YKBLUE-L-XL,121
7097YKBLUE-S-M,32
7097YKBLUE-XXL-3XL,60
7098YKPINK-4XL-5XL,47
7098YKPINK-L-XL,11
7098YKPINK-S-M,5
7098YKPINK-XXL-3XL,2
7099YKBROWN-4XL-5XL,67
7099YKBROWN-L-XL,5
7099YKBROWN-S-M,4
7099YKBROWN-XXL-3XL,12
7100YKTEAL-4XL-5XL,49
7100YKTEAL-L-XL,99
7100YKTEAL-S-M,119
7100YKTEAL-XXL-3XL,66
7100YKYEAL-4XL-5XL,19
7100YKYEAL-L-XL,26
7100YKYEAL-S-M,10
7100YKYEAL-XXL-3XL,6
7101YKGREEN-4XL-5XL,9
7101YKGREEN-L-XL,92
7101YKGREEN-S-M,158
7101YKGREEN-XXL-3XL,9
7102YKMAROON-4XL-5XL,33
7102YKMAROON-L-XL,4
7102YKMAROON-S-M,18
7102YKMAROON-XXL-3XL,8
7103YKBLACK-4XL-5XL,91
7103YKBLACK-L-XL,2
7103YKBLACK-S-M,0
7103YKBLACK-XXL-3XL,1
7104YKOFFWHITE-4XL-5XL,5
7104YKOFFWHITE-L-XL,0
7104YKOFFWHITE-S-M,1
7104YKOFFWHITE-XXL-3XL,2
7105YKORANGE-L-XL,7
7105YKORANGE-S-M,18
7106YKGREY-F,25
7107YKBROWN-F,166
7108YKBLUE-F,72
7109YKTEAL-F,55
7110YKMULTI-F,113
7111YKOFFWHITE-F,146
7112YKWHITE-F,95
7113YKSKYBLUE-F,77
7114YKPOWDERBLUE-F,0
7115YKBLUE-F,80
7116YKGREEN-F,96
7117YKWHITE-F,82
7118YKBROWN-F,142
7119YKOFFWHITE-F,195
7120YKBLUE-F,104
7121YKRED-F,201
7154YKBLACK-F,170
7155YKGREEN-F,247
7158YKWHITE-F,148
7160YKMULTI-4XL-5XL,0
7160YKMULTI-XXL-3XL,11
7174YKBLUE-F,59
73YK25RED-L,9
73YK25RED-M,2
73YK25RED-S,0
73YK25RED-XL,9
73YK25RED-XXL,4
74YK79BLACK-XL,0
79YKYELLOW-L,0
79YKYELLOW-M,0
79YKYELLOW-S,2
79YKYELLOW-XL,0
7YK169INDIGO-L,2
7YK169INDIGO-M,0
7YK169INDIGO-S,1
7YK169INDIGO-XL,4
7YK169INDIGO-XXL,2
8001MWRED-4XL,0
8001MWRED-L,10
8001MWRED-M,7
8001MWRED-S,33
8001MWRED-XL,6
8001MWRED-XXL,21
8003MWMAROON-L,35
8003MWMAROON-M,55
8003MWMAROON-S,47
8003MWMAROON-XL,42
8003MWMAROON-XXL,47
8005MWMINT-L,7
8005MWMINT-M,8
8005MWMINT-S,10
8005MWMINT-XL,12
8005MWMINT-XXL,8
8005MWMIT-5XL,1
8006MWGREEN-L,1
8006MWGREEN-M,12
8006MWGREEN-S,32
8006MWGREEN-XL,1
8006MWGREEN-XXL,0
8007MWPINK-L,0
8007MWPINK-M,2
8007MWPINK-S,10
8007MWPINK-XL,2
8007MWPINK-XXL,0
8009MWWHITE-L,15
8009MWWHITE-M,18
8009MWWHITE-S,32
8009MWWHITE-XL,15
8009MWWHITE-XXL,19
8010MWMULTI-3XL,0
8010MWMULTI-L,61
8010MWMULTI-M,63
8010MWMULTI-S,41
8010MWMULTI-XL,41
8010MWMULTI-XXL,28
8011MWBLUE-L,33
8011MWBLUE-M,24
8011MWBLUE-S,74
8011MWBLUE-XL,48
8011MWBLUE-XXL,15
8012MWGREEN-L,0
8012MWGREEN-M,0
8012MWGREEN-S,4
8012MWGREEN-XL,0
8012MWGREEN-XXL,1
8014MWSKYBLUE-L,34
8014MWSKYBLUE-M,36
8014MWSKYBLUE-S,32
8014MWSKYBLUE-XL,48
8014MWSKYBLUE-XXL,36
8015MWMULTI-L,1
8015MWMULTI-M,10
8015MWMULTI-S,22
8015MWMULTI-XL,14
8015MWMULTI-XXL,19
8017MWWHITE-XL,0
8017MWWHITE-XXL,0
8018MWBLUE-L,62
8018MWBLUE-M,63
8018MWBLUE-S,67
8018MWBLUE-XL,64
8018MWBLUE-XXL,60
8019MWBLACK-L,58
8019MWBLACK-M,57
8019MWBLACK-S,64
8019MWBLACK-XL,70
8019MWBLACK-XXL,69
8020MWOFFWHITE-L,18
8020MWOFFWHITE-M,18
8020MWOFFWHITE-S,20
8020MWOFFWHITE-XL,14
8020MWOFFWHITE-XXL,20
82YK218MUSTARD-S,0
84YK214MUSTARD-S,0
84YK214MUSTARD-XXL,0
87YK216BROWN-L,0
87YK216BROWN-M,2
87YK216BROWN-S,8
87YK216BROWN-XL,0
87YK216BROWN-XXL,0
89YK197BROWN-XXL,0
8YK183BLUE-M,0
91YK217BROWN-L,0
91YK217BROWN-XL,0
91YK217BROWN-XXL,0
94YK218BROWN-L,0
95YK215BROWN-L,5
95YK215BROWN-M,2
95YK215BROWN-S,1
95YK215BROWN-XL,4
95YK215BROWN-XXL,2
9KD148BLACK-11-12,1
9KD148BLACK-13-14,2
9KD148BLACK-7-8,4
9KD148BLACK-9-10,10
9YK148BLACK-3XL,25
9YK148BLACK-4XL,27
9YK148BLACK-5XL,22
9YK148BLACK-6XL,5
9YK148BLACK-7XL,28
9YK148BLACK-8XL,7
9YK148BLACK-L,67
9YK148BLACK-M,10
9YK148BLACK-S,29
9YK148BLACK-XL,44
9YK148BLACK-XS,6
9YK148BLACK-XXL,18
AB001BLUE,8
AB002GREEN,8
AB003YELLOW,0
AB004PINK,8
AB007RED,8
AB008BLACK,8
AB009BLUE,8
AB010BLUE,7
AB011OFFWHITE,8
AK-101BEIGE-M,0
AK-102BROWN-L,0
AK-102BROWN-M,1
AK-102BROWN-XL,0
AK-102BROWN-XXL,0
AK-103BLUE-L,1
AK-103BLUE-M,0
AK-103BLUE-XL,0
AK-103BLUE-XXL,0
AK-104BLUE-L,0
AK-104BLUE-M,2
AK-104BLUE-S,0
AK-104BLUE-XL,0
AK-104YKBLUE-S,1
AK-105MUSTARD-L,2
AK-105MUSTARD-M,1
AK-105MUSTARD-XL,1
AK-105MUSTARD-XXL,0
AK-106MULTI-L,0
AK-106MULTI-M,0
AK-106MULTI-S,0
AK-106MULTI-XL,0
AK-106MULTI-XXL,0
AK-107WHITE-L,0
AK-107WHITE-M,1
AK-107WHITE-S,7
AK-107WHITE-XL,3
AK-107WHITE-XS,7
AK-108MULTI-L,0
AK-108MULTI-M,0
AK-108MULTI-XL,2
AK-109MUSTARD-L,0
AK-109MUSTARD-M,2
AK-109MUSTARD-S,0
AK-109MUSTARD-XL,1
AK-109MUSTARD-XXL,0
AK-110WHITE-L,0
AK-110WHITE-M,1
AK-110WHITE-S,0
AK-110WHITE-XL,0
AK-111PURPLE-L,0
AK-111PURPLE-M,0
AK-111PURPLE-S,0
AK-111PURPLE-XL,0
AK-111PURPLE-XXL,0
AK-112BLUE-L,0
AK-112BLUE-M,0
AK-112BLUE-XL,0
AK-112BLUE-XXL,0
AK-113MULTI-3XL,0
AK-113MULTI-L,0
AK-113MULTI-M,0
AK-113MULTI-S,0
AK-113MULTI-XL,0
AK-113MULTI-XXL,0
AK-114PURPLE-L,0
AK-114PURPLE-M,0
AK-114PURPLE-XL,0
AK-114PURPLE-XXL,0
AK-115-M,0
AK-116GREEN-3XL,0
AK-116GREEN-L,0
AK-116GREEN-M,0
AK-116GREEN-S,0
AK-116GREEN-XL,0
AK-116GREEN-XXL,0
AK-117BLUE-L,1
AK-117BLUE-M,1
AK-117BLUE-S,3
AK-117BLUE-XL,0
AK-117BLUE-XXL,0
AK-118RED-3XL,0
AK-118RED-L,0
AK-118RED-M,0
AK-118RED-S,0
AK-118RED-XL,0
AK-118RED-XXL,0
AK-119LAVENDER-L,0
AK-119LAVENDER-M,0
AK-119LAVENDER-S,0
AK-119LAVENDER-XL,0
AK-120BLACK-3XL,0
AK-120BLACK-4XL,0
AK-120BLACK-5XL,0
AK-120BLACK-L,1
AK-120BLACK-M,0
AK-120BLACK-S,1
AK-120BLACK-XL,0
AK-120BLACK-XXL,0
AK-121WHITE-L,0
AK-121WHITE-S,0
AK-121WHITE-XL,0
AK-122YELLOW-L,0
AK-122YELLOW-M,0
AK-122YELLOW-XL,0
AK-122YELLOW-XXL,0
AK-123BLUE-L,0
AK-123BLUE-M,0
AK-123BLUE-XL,0
AK-123BLUE-XXL,0
AK-124WHITE-L,22
AK-124WHITE-M,18
AK-124WHITE-S,27
AK-124WHITE-XL,17
AK-124WHITE-XXL,15
AK-125BLACK-L,0
AK-125BLACK-M,0
AK-125BLACK-S,0
AK-125BLACK-XL,0
AK-125BLACK-XXL,1
AK-126BLACK-L,20
AK-126BLACK-M,23
AK-126BLACK-S,18
AK-126BLACK-XL,30
AK-126BLACK-XXL,32
AK-126-L,0
AK-126-M,0
AK-126-S,0
AK-126-XL,0
AK-126-XXL,0
AK-127WHITE-3XL,0
AK-127WHITE-5XL,0
AK-127WHITE-L,11
AK-127WHITE-M,17
AK-127WHITE-S,19
AK-127WHITE-XL,6
AK-127WHITE-XXL,5
AK-128GREEN-L,9
AK-128GREEN-M,14
AK-128GREEN-S,17
AK-128GREEN-XL,12
AK-128GREEN-XXL,12
AK-129BLACK-L,39
AK-129BLACK-M,36
AK-129BLACK-S,34
AK-129BLACK-XL,35
AK-129BLACK-XXL,30
AK-130MULTI-L,17
AK-130MULTI-M,22
AK-130MULTI-S,20
AK-130MULTI-XL,21
AK-130MULTI-XXL,20
AK-131MULTI-L,9
AK-131MULTI-M,4
AK-131MULTI-S,5
AK-131MULTI-XL,5
AK-131MULTI-XXL,6
AK-132MULTI-L,14
AK-132MULTI-M,16
AK-132MULTI-S,11
AK-132MULTI-XL,13
AK-132MULTI-XXL,13
AK-133BLUE-L,0
AK-133BLUE-S,0
AK-133BLUE-XL,0
AK-134BROWN-L,0
AK-134BROWN-M,0
AK-134BROWN-XL,1
AK-134BROWN-XXL,1
AK-135BEIGE-L,1
AK-135BEIGE-XL,1
AK-135BEIGE-XXL,0
AK-136-M,0
AK-136MULTI-L,0
AK-136MULTI-M,2
AK-136MULTI-XL,2
AK-136MULTI-XXL,0
AK-137BROWN-3XL,0
AK-137BROWN-4XL,0
AK-137BROWN-5XL,0
AK-137BROWN-XXL,0
AK-138YELLOW-3XL,7
AK-138YELLOW-4XL,1
AK-138YELLOW-5XL,0
AK-138YELLOW-L,0
AK-138YELLOW-XXL,10
AK-139BROWN-3XL,119
AK-139BROWN-4XL,20
AK-139BROWN-5XL,20
AK-139BROWN-6XL,19
AK-139BROWN-7XL,11
AK-139BROWN-8XL,14
AK-139BROWN-L,21
AK-139BROWN-M,12
AK-139BROWN-S,20
AK-139BROWN-XL,26
AK-139BROWN-XXL,16
AK-140YELLOW-3XL,27
AK-140YELLOW-4XL,16
AK-140YELLOW-5XL,70
AK-140YELLOW-6XL,13
AK-140YELLOW-7XL,9
AK-140YELLOW-8XL,10
AK-140YELLOW-L,19
AK-140YELLOW-M,20
AK-140YELLOW-S,19
AK-140YELLOW-XL,31
AK-140YELLOW-XXL,35
AK-141PINK-3XL,130
AK-141PINK-4XL,88
AK-141PINK-5XL,113
AK-141PINK-6XL,139
AK-141PINK-7XL,58
AK-141PINK-8XL,76
AK-141PINK-L,20
AK-141PINK-M,20
AK-141PINK-S,15
AK-141PINK-XL,2
AK-141PINK-XS,18
AK-141PINK-XXL,86
AK-142BLACK-3XL,14
AK-142BLACK-4XL,2
AK-142BLACK-5XL,2
AK-142BLACK-6XL,1
AK-142BLACK-7XL,2
AK-142BLACK-8XL,2
AK-142BLACK-L,19
AK-142BLACK-M,16
AK-142BLACK-S,21
AK-142BLACK-XL,24
AK-142BLACK-XXL,36
AK-144BLACK-3XL,8
AK-144BLACK-4XL,6
AK-144BLACK-5XL,0
AK-144BLACK-XXL,15
AK-145GREEN-F,1
AK-146MULTI-F,0
AK-147BLACK-3XL,1
AK-147BLACK-4XL,0
AK-147BLACK-5XL,0
AK-147BLACK-S,0
AK-147BLACK-XXL,7
AK-148BLACK-3XL,1
AK-148BLACK-4XL,1
AK-148BLACK-5XL,0
AK-148BLACK-L,0
AK-148BLACK-XXL,10
AK-149BLUE-F,12
AK-150BLUE-F,27
AK-151PINK-L,13
AK-151PINK-M,13
AK-151PINK-S,19
AK-151PINK-XL,7
AK-152MAROON-3XL,2
AK-152MAROON-4XL,1
AK-152MAROON-5XL,1
AK-152MAROON-XXL,3
AK-153BLUE-L,0
AK-153BLUE-M,0
AK-153BLUE-S,0
AK-153BLUE-XL,3
AK-153BLUE-XXL,3
AK-154MULTI-L,0
AK-154MULTI-M,0
AK-154MULTI-S,0
AK-154MULTI-XL,0
AK-154MULTI-XXL,1
AK-155SKYBLUE-3XL,12
AK-155SKYBLUE-4XL,3
AK-155SKYBLUE-5XL,0
AK-155SKYBLUE-XXL,17
AK-156MULTI-F,2
AK-157GREEN-L,0
AK-157GREEN-M,0
AK-157GREEN-S,0
AK-157GREEN-XL,0
AK-158RED-L,0
AK-158RED-M,0
AK-158RED-S,0
AK-158RED-XL,0
AK-159BLACK-3XL,14
AK-159BLACK-4XL,13
AK-159BLACK-5XL,8
AK-159BLACK-XXL,10
AK-160BLACK-3XL,8
AK-160BLACK-4XL,6
AK-160BLACK-5XL,2
AK-160BLACK-XXL,14
AK-161BLACK-3XL,4
AK-161BLACK-4XL,8
AK-161BLACK-5XL,5
AK-161BLACK-XXL,13
AK-163-F,0
AK-163MULTI-F-S/XXL,11
AK-164GREEN-F-3XL/5XL,11
AK-164GREEN-F-S/XXL,56
AK-177PINK-L,0
AK-177PINK-M,0
AK-177PINK-S,0
AK-177PINK-XL,0
AK-178MULTI-3XL,0
AK-178MULTI-4XL,0
AK-178MULTI-5XL,0
AK-178MULTI-XXL,0
AK-179BLACK-L,0
AK-179BLACK-M,1
AK-179BLACK-S,1
AK-179BLACK-XL,0
AK-179BLACK-XXL,0
AK-180BLACK-L,8
AK-180BLACK-M,5
AK-180BLACK-S,7
AK-180BLACK-XL,5
AK-181BLUE-L,0
AK-181BLUE-M,0
AK-181BLUE-S,0
AK-181BLUE-XL,0
AK-182BROWN-L,5
AK-182BROWN-M,5
AK-182BROWN-S,2
AK-182BROWN-XL,2
AK-184MULTI-L,0
AK-184MULTI-M,0
AK-184MULTI-S,0
AK-184MULTI-XL,0
AK-185BLUE-L,0
AK-185BLUE-M,0
AK-185BLUE-S,1
AK-185BLUE-XL,0
AK-186MULTI-F,74
AK-187BLACK-F,68
AK-188PINK-3XL,2
AK-188PINK-4XL,0
AK-188PINK-5XL,0
AK-188PINK-XXL,0
AK-189BLUE-L,1
AK-189BLUE-M,3
AK-189BLUE-S,3
AK-189BLUE-XL,0
AK-190MAROON-L,22
AK-190MAROON-M,37
AK-190MAROON-S,23
AK-190MAROON-XL,37
AK-190MAROON-XXL,23
AK-190YK5011-L,17
AK-190YK5011-M,33
AK-190YK5011-S,19
AK-190YK5011-XL,32
AK-190YK5011-XXL,15
AK-191BROWN-3XL,202
AK-191BROWN-4XL,90
AK-191BROWN-5XL,198
AK-191BROWN-6XL,53
AK-191BROWN-7XL,43
AK-191BROWN-8XL,60
AK-191BROWN-L,87
AK-191BROWN-M,85
AK-191BROWN-S,67
AK-191BROWN-XL,238
AK-191BROWN-XXL,278
AK-192BLUE-F,87
AK-193GREENLEHRIYA-3XL,11
AK-193GREENLEHRIYA-4XL,14
AK-193GREENLEHRIYA-5XL,13
AK-194YELLOW-3XL,0
AK-194YELLOW-4XL,0
AK-194YELLOW-5XL,0
AK-194YELLOW-XXL,0
AK-195WINE-3XL,0
AK-195WINE-4XL,0
AK-195WINE-5XL,0
AK-195WINE-XXL,5
AK-196GREEN-3XL,35
AK-196GREEN-4XL,15
AK-196GREEN-5XL,11
AK-196GREEN-XXL,24
AK-200SKDMULTI-3XL,63
AK-200SKDMULTI-4XL,59
AK-200SKDMULTI-5XL,58
AK-200SKDMULTI-XXL,48
AK-201ORANGE-3XL,4
AK-201ORANGE-4XL,1
AK-201ORANGE-5XL,1
AK-201ORANGE-XXL,6
AK-202BLUE-3XL,23
AK-202BLUE-4XL,20
AK-202BLUE-5XL,17
AK-203BLUE-3XL,46
AK-203BLUE-4XL,57
AK-203BLUE-5XL,54
AK-203BLUE-XL,58
AK-203BLUE-XXL,62
AK-204SKDPINK-3XL,45
AK-204SKDPINK-4XL,46
AK-204SKDPINK-5XL,47
AK-204SKDPINK-XL,43
AK-204SKDPINK-XXL,43
AK-204YK5007DPT29-3XL,7
AK-204YK5007DPT29-4XL,16
AK-204YK5007DPT29-5XL,11
AK-204YK5007DPT29-XL,38
AK-204YK5007DPT29-XXL,43
AK-205SKDGREEN-3XL,39
AK-205SKDGREEN-4XL,46
AK-205SKDGREEN-5XL,25
AK-205SKDGREEN-XL,46
AK-205SKDGREEN-XXL,46
AK-205YK5007-3XL,7
AK-205YK5007-4XL,16
AK-205YK5007-5XL,11
AK-205YK5007-XL,38
AK-205YK5007-XXL,46
AK-206WHITE-L,45
AK-206WHITE-M,37
AK-206WHITE-S,43
AK-206WHITE-XL,41
AK-208MUSTARD-3XL,37
AK-208MUSTARD-4XL,43
AK-208MUSTARD-5XL,45
AK-208MUSTARD-XL,33
AK-208MUSTARD-XXL,37
AK-209NAVY-3XL,0
AK-209NAVY-4XL,0
AK-209NAVY-5XL,1
AK-209NAVY-XL,1
AK-209NAVY-XXL,1
AK-210SKDORANGE-3XL,43
AK-210SKDORANGE-4XL,62
AK-210SKDORANGE-5XL,62
AK-210SKDORANGE-6XL,44
AK-210SKDORANGE-7XL,35
AK-210SKDORANGE-8XL,37
AK-210SKDORANGE-XL,41
AK-210SKDORANGE-XXL,48
AK-211ORANGE-L,11
AK-211ORANGE-M,10
AK-211ORANGE-S,8
AK-211ORANGE-XL,5
AK-211ORANGE-XXL,5
AK-212NAVYBLUE-3XL,0
AK-212NAVYBLUE-4XL,0
AK-212NAVYBLUE-5XL,0
AK-212NAVYBLUE-L,3
AK-212NAVYBLUE-M,2
AK-212NAVYBLUE-S,18
AK-212NAVYBLUE-XL,0
AK-212NAVYBLUE-XS,3
AK-212NAVYBLUE-XXL,0
AK-213BROWN-3XL,1
AK-213BROWN-4XL,0
AK-213BROWN-5XL,0
AK-213BROWN-L,1
AK-213BROWN-M,0
AK-213BROWN-S,1
AK-213BROWN-XL,1
AK-213BROWN-XXL,3
AK-214GREY-3XL,18
AK-214GREY-4XL,16
AK-214GREY-5XL,5
AK-214GREY-XXL,42
AK-215BOTTELGREEN-3XL,16
AK-215BOTTELGREEN-4XL,3
AK-215BOTTELGREEN-5XL,0
AK-215BOTTELGREEN-XXL,83
AK-215BOTTLEGREEN-3XL,0
AK-215BOTTLEGREEN-4XL,0
AK-215BOTTLEGREEN-5XL,0
AK-215BOTTLEGREEN-XXL,0
AK-216BLUE-3XL,39
AK-216BLUE-4XL,3
AK-216BLUE-5XL,0
AK-216BLUE-XXL,28
AK-217WHITE-3XL,12
AK-217WHITE-4XL,0
AK-217WHITE-5XL,0
AK-217WHITE-XXL,8
AK-218BLUE-3XL,14
AK-218BLUE-4XL,7
AK-218BLUE-5XL,15
AK-218BLUE-XXL,13
AK-219BLUE-3XL,1
AK-219BLUE-4XL,1
AK-219BLUE-5XL,1
AK-219BLUE-XL,9
AK-219BLUE-XXL,0
AK-220GREEN-3XL,20
AK-220GREEN-4XL,10
AK-220GREEN-5XL,23
AK-220GREEN-XL,26
AK-220GREEN-XXL,27
AK-221PURPLE-3XL,33
AK-221PURPLE-4XL,10
AK-221PURPLE-5XL,3
AK-221PURPLE-6XL,5
AK-221PURPLE-L,55
AK-221PURPLE-M,62
AK-221PURPLE-S,34
AK-221PURPLE-XL,54
AK-221PURPLE-XS,14
AK-221PURPLE-XXL,48
AK-224GREEN-3XL,2
AK-224GREEN-4XL,2
AK-224GREEN-5XL,1
AK-224GREEN-6XL,3
AK-224GREEN-7XL,5
AK-224GREEN-8XL,8
AK-224GREEN-XL,12
AK-224GREEN-XXL,6
AK-225PINK-3XL,17
AK-225PINK-4XL,21
AK-225PINK-5XL,8
AK-225PINK-XL,30
AK-225PINK-XXL,32
AK-226INDIGO-3XL,26
AK-226INDIGO-4XL,18
AK-226INDIGO-5XL,10
AK-226INDIGO-XL,34
AK-226INDIGO-XXL,38
AK-228BLACK-3XL,6
AK-228BLACK-4XL,4
AK-228BLACK-5XL,6
AK-228BLACK-L,6
AK-228BLACK-M,4
AK-228BLACK-S,29
AK-228BLACK-XL,15
AK-228BLACK-XXL,10
AK-229MAUVE-3XL,5
AK-229MAUVE-4XL,0
AK-229MAUVE-5XL,0
AK-229MAUVE-XXL,4
AK-230BLUE-3XL,26
AK-230BLUE-4XL,5
AK-230BLUE-5XL,1
AK-230BLUE-XXL,7
AK-231PINK-3XL,54
AK-231PINK-4XL,53
AK-231PINK-5XL,32
AK-231PINK-XXL,50
AK-232WHITE-L-XL-XXL,13
AK-232WHITE-XS-S-M,16
AK-233GREEN-L-XL,25
AK-233GREEN-S-M,27
AK-234BROWN-L-XL,19
AK-234BROWN-S-M,23
AK-235RED-L-XL,18
AK-235RED-S-M,23
AK-236WHITE-L-XL,22
AK-236WHITE-S-M,0
AK-236WHITE-XS-S-M,21
AK-237MULTI-3XL,3
AK-237MULTI-4XL,3
AK-237MULTI-5XL,2
AK-237MULTI-XXL,6
AK-238MULTI-3XL,0
AK-238MULTI-4XL,2
AK-238MULTI-5XL,2
AK-238MULTI-XXL,9
AK-239YELLOW-3XL,34
AK-239YELLOW-4XL,15
AK-239YELLOW-5XL,17
AK-239YELLOW-XXL,27
AK-240MAUVE-L-XL,11
AK-240MAUVE-S-M,5
AK-242BLSRED-2XL-3XL,2
AK-242BLSRED-L-XL,20
AK-242BLSRED-S-M,12
AK-246MAROON-3XL,20
AK-246MAROON-4XL,6
AK-246MAROON-5XL,0
AK-246MAROON-XXL,27
AK-250BLUE-3XL,0
AK-250BLUE-4XL,3
AK-250BLUE-5XL,8
AK-250BLUE-6XL,3
AK-250BLUE-7XL,4
AK-250BLUE-8XL,4
AK-250BLUE-L,12
AK-250BLUE-M,12
AK-250BLUE-S,6
AK-250BLUE-XL,2
AK-250BLUE-XXL,0
AK-255OFFWHITE-3XL,26
AK-255OFFWHITE-4XL,26
AK-255OFFWHITE-5XL,27
AK-255OFFWHITE-XL,12
AK-255OFFWHITE-XXL,27
AK-256PINK-3XL,48
AK-256PINK-4XL,45
AK-256PINK-5XL,40
AK-256PINK-XL,49
AK-256PINK-XXL,53
AK-257TEAL-3XL,21
AK-257TEAL-4XL,20
AK-257TEAL-5XL,20
AK-257TEAL-L,20
AK-257TEAL-M,20
AK-257TEAL-S,19
AK-257TEAL-XL,24
AK-257TEAL-XXL,25
AK-258GREEN-3XL,28
AK-258GREEN-4XL,29
AK-258GREEN-5XL,26
AK-258GREEN-L,37
AK-258GREEN-M,24
AK-258GREEN-S,24
AK-258GREEN-XL,37
AK-258GREEN-XXL,38
CR4_YAGPL,183
DB_4010DRSMULTI-L,0
DB_4010DRSMULTI-M,0
DB_4010DRSMULTI-S,0
DB_4010DRSMULTI-XL,0
DB_4010DRSMULTI-XS,0
DB_4018DRSBLUE-L,0
DB_4018DRSBLUE-M,0
DB_4018DRSBLUE-S,0
DB_4018DRSBLUE-XS,0
DB_7064YKBLSMAROON-F,0
DB_7066YKBLSGREEN-F,0
DB_7069YKBLSBROWN-F,0
DB_7073YKBLSBLUE-F,0
DB_7074YKBLSBLUE-F,0
DB_7092YKBLUE-F,0
DB_7093YKBROWN-F,0
DB_7095YKBLUE-F,0
DB_7107YKBROWN-F,0
DB_7108YKBLUE-F,0
DB_7109YKTEAL-F,0
DB_7110YKMULTI-F,0
DB_7111YKOFFWHITE,0
DB_7112YKWHITE,0
DB_7113YKSKYBLUE,0
DB_7115YKBLUE,0
DB_7116YKGREEN,0
DB_7117YKWHITE,0
DB_7119YKOFFWHITE,0
DB_7120YKBLUE,0
DB_7121YKRED,0
DPT11 WINE,0
DPT11WINE,281
DPT19WHITE,98
DPT20WHITE,251
DPT21MULTI,1463
DPT23BLUE,116
DPT24MAROON,28
DPT27TEAL,308
DPT28GREEN,171
DPT29PINK,215
DPT30GREEN,221
DPT34BLUE,0
DPT35WHITE,204
DPT37RED,58
DPT38BLUE,73
DPT6MULTI,29
DPT9 BLACK,0
DPT9BLACK,56
K2372PINK-XL,0
KD0010PINK-11-12,0
KD0010PINK-13-14,0
KD0010PINK-7-8,19
KD0010PINK-9-10,18
KD0018GREEN-11-12,0
KD0018GREEN-7-8,53
KD0018GREEN-9-10,5
KD0019PINK-11-12,3
KD0019PINK-13-14,3
KD0019PINK-7-8,12
KD0019PINK-9-10,3
KD0021YELLOW-11-12,5
KD0021YELLOW-13-14,1
KD0021YELLOW-7-8,3
KD0021YELLOW-9-10,5
KD0022GREEN-11-12,2
KD0022GREEN-13-14,0
KD0022GREEN-7-8,11
KD0022GREEN-9-10,1
KD0023PINK-11-12,2
KD0023PINK-13-14,0
KD0023PINK-7-8,4
KD0023PINK-9-10,2
KD0024BEIGE-7-8,29
KD0024BEIGE-9-10,14
KD0028SKYBLUE-11-12,20
KD0028SKYBLUE-13-14,9
KD0028SKYBLUE-7-8,23
KD0028SKYBLUE-9-10,23
KD0029GREEN-7-8,35
KD0029GREEN-9-10,37
KD0030GREY-7-8,37
KD0030GREY-9-10,31
KD004PINK-11-12,4
KD004PINK-13-14,31
KD004PINK-7-8,56
KD004PINK-9-10,21
KD006PINK-11-12,10
KD006PINK-13-14,7
KD006PINK-7-8,12
KD006PINK-9-10,9
KD007MAROON-11-12,3
KD007MAROON-13-14,0
KD007MAROON-7-8,13
KD007MAROON-9-10,7
KD008GREEN-11-12,0
KD008GREEN-13-14,0
KD008GREEN-7-8,0
KD008GREEN-9-10,0
KL_5037PLYKPINK-3XL,0
KL_5037PLYKPINK-4XL,0
KL_5037PLYKPINK-5XL,0
KL_5037PLYKPINK-XXL,0
KL_7098YKPINK-4XL,0
KL_7098YKPINK-5XL,0
PB12GREEN,0
PB13GREY,0
PS-120-L,0
PS-120-M,0
PS-120-S,0
PS-120-XL,0
PS-120-XXL,0
SKU-DEL,0
TB10YKBLUE,7
TB11YKMAROON,0
TB13BLACK,84
TB14PINK,13
TB15BLUE,17
TB16TEAL,0
TB17NAVYBLUE,0
TB18MAROON,11
TB19PINK,39
TB1YKLAVENDER,0
TB20BLUE,0
TB21MAROON,16
TB22GREEN,7
TB23GREEN,11
TB26BLUE,29
TB27BROWN,12
TB28MULTI,22
TB29NAVYBLUE,6
TB2YKWHITE,0
TB30BEIGE,23
TB31BLACK,63
TB32YELLOW,6
TB33PINK,0
TB34OFFWHITE,39
TB35BLUE,0
TB35SKYBLUE,12
TB36GREY,0
TB37OFFWHITE,62
TB38BLUE,14
TB39BLACK,0
TB3YKBLACK,0
TB40BLACK,99
TB4YKBLUE,0
TB5YKPINK,0
TB6YKPURPLE,0
TB7YKBEIGE,0
TB8YKPURPLE,0
TB9YKPINK,0
WB032WHITE-L,0
WD001-346YK-3XL,0
WD001-346YK-4XL,0
WD001-346YK-5XL,0
